higress-wasmplugin-test (RUST)	UNKNOWN STEP	﻿2026-09-23T08:16:30.4979471Z Current runner version: '2.337.0'
higress-wasmplugin-test (RUST)	UNKNOWN STEP	2026-09-23T08:16:30.5001433Z ##[group]Runner Image Provisioner
higress-wasmplugin-test (RUST)	UNKNOWN STEP	2026-09-23T08:16:30.5002560Z Hosted Compute Agent
higress-wasmplugin-test (RUST)	UNKNOWN STEP	2026-09-23T08:16:30.5003097Z Version: 20260828.587
higress-wasmplugin-test (RUST)	UNKNOWN STEP	2026-09-23T08:16:30.5003680Z Commit: abac92662cab4cc7352de4f9f9d2e2419aad9c29
higress-wasmplugin-test (RUST)	UNKNOWN STEP	2026-09-23T08:16:30.5004652Z Build Date: 2026-08-28T16:44:25Z
higress-wasmplugin-test (RUST)	UNKNOWN STEP	2026-09-23T08:16:30.5005284Z Worker ID: {c32522dd-f41f-482c-a92d-5fa848ad3a3d}
higress-wasmplugin-test (RUST)	UNKNOWN STEP	2026-09-23T08:16:30.5005963Z Azure Region: centralus
higress-wasmplugin-test (RUST)	UNKNOWN STEP	2026-09-23T08:16:30.5006496Z ##[endgroup]
higress-wasmplugin-test (RUST)	UNKNOWN STEP	2026-09-23T08:16:30.5007748Z ##[group]Operating System
higress-wasmplugin-test (RUST)	UNKNOWN STEP	2026-09-23T08:16:30.5008372Z Ubuntu
higress-wasmplugin-test (RUST)	UNKNOWN STEP	2026-09-23T08:16:30.5008888Z 22.04.5
higress-wasmplugin-test (RUST)	UNKNOWN STEP	2026-09-23T08:16:30.5009390Z LTS
higress-wasmplugin-test (RUST)	UNKNOWN STEP	2026-09-23T08:16:30.5009916Z ##[endgroup]
higress-wasmplugin-test (RUST)	UNKNOWN STEP	2026-09-23T08:16:30.5010441Z ##[group]Runner Image
higress-wasmplugin-test (RUST)	UNKNOWN STEP	2026-09-23T08:16:30.5011060Z Image: ubuntu-22.04
higress-wasmplugin-test (RUST)	UNKNOWN STEP	2026-09-23T08:16:30.5011567Z Version: 20260907.292.1
higress-wasmplugin-test (RUST)	UNKNOWN STEP	2026-09-23T08:16:30.5012640Z Included Software: https://github.com/actions/runner-images/blob/ubuntu22/20260907.292/images/ubuntu/Ubuntu2204-Readme.md
higress-wasmplugin-test (RUST)	UNKNOWN STEP	2026-09-23T08:16:30.5014009Z Image Release: https://github.com/actions/runner-images/releases/tag/ubuntu22%2F20260907.292
higress-wasmplugin-test (RUST)	UNKNOWN STEP	2026-09-23T08:16:30.5014864Z ##[endgroup]
higress-wasmplugin-test (RUST)	UNKNOWN STEP	2026-09-23T08:16:30.5017179Z ##[group]GITHUB_TOKEN Permissions
higress-wasmplugin-test (RUST)	UNKNOWN STEP	2026-09-23T08:16:30.5019382Z Actions: read
higress-wasmplugin-test (RUST)	UNKNOWN STEP	2026-09-23T08:16:30.5019934Z ArtifactMetadata: read
higress-wasmplugin-test (RUST)	UNKNOWN STEP	2026-09-23T08:16:30.5020555Z Attestations: read
higress-wasmplugin-test (RUST)	UNKNOWN STEP	2026-09-23T08:16:30.5021083Z Checks: read
higress-wasmplugin-test (RUST)	UNKNOWN STEP	2026-09-23T08:16:30.5021586Z CodeQuality: read
higress-wasmplugin-test (RUST)	UNKNOWN STEP	2026-09-23T08:16:30.5022158Z Contents: read
higress-wasmplugin-test (RUST)	UNKNOWN STEP	2026-09-23T08:16:30.5022649Z Deployments: read
higress-wasmplugin-test (RUST)	UNKNOWN STEP	2026-09-23T08:16:30.5023141Z Discussions: read
higress-wasmplugin-test (RUST)	UNKNOWN STEP	2026-09-23T08:16:30.5023677Z Drives: read
higress-wasmplugin-test (RUST)	UNKNOWN STEP	2026-09-23T08:16:30.5024342Z Issues: read
higress-wasmplugin-test (RUST)	UNKNOWN STEP	2026-09-23T08:16:30.5024926Z Metadata: read
higress-wasmplugin-test (RUST)	UNKNOWN STEP	2026-09-23T08:16:30.5025408Z Models: read
higress-wasmplugin-test (RUST)	UNKNOWN STEP	2026-09-23T08:16:30.5026547Z Packages: read
higress-wasmplugin-test (RUST)	UNKNOWN STEP	2026-09-23T08:16:30.5027206Z Pages: read
higress-wasmplugin-test (RUST)	UNKNOWN STEP	2026-09-23T08:16:30.5028035Z PullRequests: read
higress-wasmplugin-test (RUST)	UNKNOWN STEP	2026-09-23T08:16:30.5028880Z RepositoryProjects: read
higress-wasmplugin-test (RUST)	UNKNOWN STEP	2026-09-23T08:16:30.5029533Z SecurityEvents: read
higress-wasmplugin-test (RUST)	UNKNOWN STEP	2026-09-23T08:16:30.5030110Z Statuses: read
higress-wasmplugin-test (RUST)	UNKNOWN STEP	2026-09-23T08:16:30.5030656Z VulnerabilityAlerts: read
higress-wasmplugin-test (RUST)	UNKNOWN STEP	2026-09-23T08:16:30.5031238Z ##[endgroup]
higress-wasmplugin-test (RUST)	UNKNOWN STEP	2026-09-23T08:16:30.5033424Z Secret source: None
higress-wasmplugin-test (RUST)	UNKNOWN STEP	2026-09-23T08:16:30.5034505Z Cache mode: write
higress-wasmplugin-test (RUST)	UNKNOWN STEP	2026-09-23T08:16:30.5035133Z Prepare workflow directory
higress-wasmplugin-test (RUST)	UNKNOWN STEP	2026-09-23T08:16:30.6022030Z Prepare all required actions
higress-wasmplugin-test (RUST)	UNKNOWN STEP	2026-09-23T08:16:30.6064816Z Getting action download info
higress-wasmplugin-test (RUST)	UNKNOWN STEP	2026-09-23T08:16:30.9124340Z Download action repository 'actions/checkout@v4' (SHA:11d5960a326750d5838078e36cf38b85af677262)
higress-wasmplugin-test (RUST)	UNKNOWN STEP	2026-09-23T08:16:31.0146254Z Download action repository 'jlumbroso/free-disk-space@main' (SHA:36e9a5af4eddb91fc11aec4c6f6f79b3cc0cb523)
higress-wasmplugin-test (RUST)	UNKNOWN STEP	2026-09-23T08:16:31.2319386Z Download action repository 'actions/setup-go@v5' (SHA:40f1582b2485089dde7abd97c1529aa768e1baff)
higress-wasmplugin-test (RUST)	UNKNOWN STEP	2026-09-23T08:16:31.6601967Z Download action repository 'actions-rs/toolchain@v1' (SHA:16499b5e05bf2e26879000db0c1d13f7e13fa3af)
higress-wasmplugin-test (RUST)	UNKNOWN STEP	2026-09-23T08:16:32.0107915Z Download action repository 'nick-fields/retry@v3' (SHA:ce71cc2ab81d554ebbe88c79ab5975992d79ba08)
higress-wasmplugin-test (RUST)	UNKNOWN STEP	2026-09-23T08:16:32.7918091Z Complete job name: higress-wasmplugin-test (RUST)
higress-wasmplugin-test (RUST)	UNKNOWN STEP	2026-09-23T08:16:33.2546125Z Node 20 is being deprecated. This workflow is running with Node 24 by default. If you need to temporarily use Node 20, you can set the ACTIONS_ALLOW_USE_UNSECURE_NODE_VERSION=true environment variable. For more information see: https://github.blog/changelog/2025-09-19-deprecation-of-node-20-on-github-actions-runners/
higress-wasmplugin-test (RUST)	UNKNOWN STEP	2026-09-23T08:16:33.2555139Z ##[group]Run actions/checkout@v4
higress-wasmplugin-test (RUST)	UNKNOWN STEP	2026-09-23T08:16:33.2556080Z with:
higress-wasmplugin-test (RUST)	UNKNOWN STEP	2026-09-23T08:16:33.2556754Z   repository: higress-group/higress
higress-wasmplugin-test (RUST)	UNKNOWN STEP	2026-09-23T08:16:33.2563690Z   token: ***
higress-wasmplugin-test (RUST)	UNKNOWN STEP	2026-09-23T08:16:33.2564520Z   ssh-strict: true
higress-wasmplugin-test (RUST)	UNKNOWN STEP	2026-09-23T08:16:33.2565180Z   ssh-user: git
higress-wasmplugin-test (RUST)	UNKNOWN STEP	2026-09-23T08:16:33.2565849Z   persist-credentials: true
higress-wasmplugin-test (RUST)	UNKNOWN STEP	2026-09-23T08:16:33.2566577Z   clean: true
higress-wasmplugin-test (RUST)	UNKNOWN STEP	2026-09-23T08:16:33.2567245Z   sparse-checkout-cone-mode: true
higress-wasmplugin-test (RUST)	UNKNOWN STEP	2026-09-23T08:16:33.2568020Z   fetch-depth: 1
higress-wasmplugin-test (RUST)	UNKNOWN STEP	2026-09-23T08:16:33.2568681Z   fetch-tags: false
higress-wasmplugin-test (RUST)	UNKNOWN STEP	2026-09-23T08:16:33.2569364Z   show-progress: true
higress-wasmplugin-test (RUST)	UNKNOWN STEP	2026-09-23T08:16:33.2570351Z   lfs: false
higress-wasmplugin-test (RUST)	UNKNOWN STEP	2026-09-23T08:16:33.2571016Z   submodules: false
higress-wasmplugin-test (RUST)	UNKNOWN STEP	2026-09-23T08:16:33.2571699Z   set-safe-directory: true
higress-wasmplugin-test (RUST)	UNKNOWN STEP	2026-09-23T08:16:33.2572476Z   allow-unsafe-pr-checkout: false
higress-wasmplugin-test (RUST)	UNKNOWN STEP	2026-09-23T08:16:33.2573441Z ##[endgroup]
higress-wasmplugin-test (RUST)	UNKNOWN STEP	2026-09-23T08:16:33.3479879Z Syncing repository: higress-group/higress
higress-wasmplugin-test (RUST)	UNKNOWN STEP	2026-09-23T08:16:33.3481960Z ##[group]Getting Git version info
higress-wasmplugin-test (RUST)	UNKNOWN STEP	2026-09-23T08:16:33.3482956Z Working directory is '/home/runner/work/higress/higress'
higress-wasmplugin-test (RUST)	UNKNOWN STEP	2026-09-23T08:16:33.3484671Z [command]/usr/bin/git version
higress-wasmplugin-test (RUST)	UNKNOWN STEP	2026-09-23T08:16:33.3504791Z git version 2.55.0
higress-wasmplugin-test (RUST)	UNKNOWN STEP	2026-09-23T08:16:33.3528121Z ##[endgroup]
higress-wasmplugin-test (RUST)	UNKNOWN STEP	2026-09-23T08:16:33.3535162Z Temporarily overriding HOME='/home/runner/work/_temp/ddb15b79-0df2-4b43-bbe3-8ed51ebd0288' before making global git config changes
higress-wasmplugin-test (RUST)	UNKNOWN STEP	2026-09-23T08:16:33.3537609Z Adding repository directory to the temporary git global config as a safe directory
higress-wasmplugin-test (RUST)	UNKNOWN STEP	2026-09-23T08:16:33.3540049Z [command]/usr/bin/git config --global --add safe.directory /home/runner/work/higress/higress
higress-wasmplugin-test (RUST)	UNKNOWN STEP	2026-09-23T08:16:33.3568382Z Deleting the contents of '/home/runner/work/higress/higress'
higress-wasmplugin-test (RUST)	UNKNOWN STEP	2026-09-23T08:16:33.3572276Z ##[group]Initializing the repository
higress-wasmplugin-test (RUST)	UNKNOWN STEP	2026-09-23T08:16:33.3575692Z [command]/usr/bin/git init /home/runner/work/higress/higress
higress-wasmplugin-test (RUST)	UNKNOWN STEP	2026-09-23T08:16:33.3652583Z hint: Using 'master' as the name for the initial branch. This default branch name
higress-wasmplugin-test (RUST)	UNKNOWN STEP	2026-09-23T08:16:33.3655204Z hint: will change to "main" in Git 3.0. To configure the initial branch name
higress-wasmplugin-test (RUST)	UNKNOWN STEP	2026-09-23T08:16:33.3657519Z hint: to use in all of your new repositories, which will suppress this warning,
higress-wasmplugin-test (RUST)	UNKNOWN STEP	2026-09-23T08:16:33.3659178Z hint: call:
higress-wasmplugin-test (RUST)	UNKNOWN STEP	2026-09-23T08:16:33.3660066Z hint:
higress-wasmplugin-test (RUST)	UNKNOWN STEP	2026-09-23T08:16:33.3661224Z hint: 	git config --global init.defaultBranch <name>
higress-wasmplugin-test (RUST)	UNKNOWN STEP	2026-09-23T08:16:33.3662518Z hint:
higress-wasmplugin-test (RUST)	UNKNOWN STEP	2026-09-23T08:16:33.3663740Z hint: Names commonly chosen instead of 'master' are 'main', 'trunk' and
higress-wasmplugin-test (RUST)	UNKNOWN STEP	2026-09-23T08:16:33.3665859Z hint: 'development'. The just-created branch can be renamed via this command:
higress-wasmplugin-test (RUST)	UNKNOWN STEP	2026-09-23T08:16:33.3667354Z hint:
higress-wasmplugin-test (RUST)	UNKNOWN STEP	2026-09-23T08:16:33.3668175Z hint: 	git branch -m <name>
higress-wasmplugin-test (RUST)	UNKNOWN STEP	2026-09-23T08:16:33.3668889Z hint:
higress-wasmplugin-test (RUST)	UNKNOWN STEP	2026-09-23T08:16:33.3669849Z hint: Disable this message with "git config set advice.defaultBranchName false"
higress-wasmplugin-test (RUST)	UNKNOWN STEP	2026-09-23T08:16:33.3671445Z Initialized empty Git repository in /home/runner/work/higress/higress/.git/
higress-wasmplugin-test (RUST)	UNKNOWN STEP	2026-09-23T08:16:33.3674903Z [command]/usr/bin/git remote add origin https://github.com/higress-group/higress
higress-wasmplugin-test (RUST)	UNKNOWN STEP	2026-09-23T08:16:33.3688357Z ##[endgroup]
higress-wasmplugin-test (RUST)	UNKNOWN STEP	2026-09-23T08:16:33.3690077Z ##[group]Disabling automatic garbage collection
higress-wasmplugin-test (RUST)	UNKNOWN STEP	2026-09-23T08:16:33.3691456Z [command]/usr/bin/git config --local gc.auto 0
higress-wasmplugin-test (RUST)	UNKNOWN STEP	2026-09-23T08:16:33.3714489Z ##[endgroup]
higress-wasmplugin-test (RUST)	UNKNOWN STEP	2026-09-23T08:16:33.3715640Z ##[group]Setting up auth
higress-wasmplugin-test (RUST)	UNKNOWN STEP	2026-09-23T08:16:33.3719431Z [command]/usr/bin/git config --local --name-only --get-regexp core\.sshCommand
higress-wasmplugin-test (RUST)	UNKNOWN STEP	2026-09-23T08:16:33.3743225Z [command]/usr/bin/git submodule foreach --recursive sh -c "git config --local --name-only --get-regexp 'core\.sshCommand' && git config --local --unset-all 'core.sshCommand' || :"
higress-wasmplugin-test (RUST)	UNKNOWN STEP	2026-09-23T08:16:33.3985618Z [command]/usr/bin/git config --local --name-only --get-regexp http\.https\:\/\/github\.com\/\.extraheader
higress-wasmplugin-test (RUST)	UNKNOWN STEP	2026-09-23T08:16:33.4010379Z [command]/usr/bin/git submodule foreach --recursive sh -c "git config --local --name-only --get-regexp 'http\.https\:\/\/github\.com\/\.extraheader' && git config --local --unset-all 'http.https://github.com/.extraheader' || :"
higress-wasmplugin-test (RUST)	UNKNOWN STEP	2026-09-23T08:16:33.4178280Z [command]/usr/bin/git config --local --name-only --get-regexp ^includeIf\.gitdir:
higress-wasmplugin-test (RUST)	UNKNOWN STEP	2026-09-23T08:16:33.4200723Z [command]/usr/bin/git submodule foreach --recursive git config --local --show-origin --name-only --get-regexp remote.origin.url
higress-wasmplugin-test (RUST)	UNKNOWN STEP	2026-09-23T08:16:33.4369462Z [command]/usr/bin/git config --local http.https://github.com/.extraheader AUTHORIZATION: basic ***
higress-wasmplugin-test (RUST)	UNKNOWN STEP	2026-09-23T08:16:33.4395294Z ##[endgroup]
higress-wasmplugin-test (RUST)	UNKNOWN STEP	2026-09-23T08:16:33.4396667Z ##[group]Fetching the repository
higress-wasmplugin-test (RUST)	UNKNOWN STEP	2026-09-23T08:16:33.4411346Z [command]/usr/bin/git -c protocol.version=2 fetch --no-tags --prune --no-recurse-submodules --depth=1 origin +a01636191d45d3bda350611b95f6d2363482dac2:refs/remotes/pull/4685/merge
higress-wasmplugin-test (RUST)	UNKNOWN STEP	2026-09-23T08:16:35.2252474Z From https://github.com/higress-group/higress
higress-wasmplugin-test (RUST)	UNKNOWN STEP	2026-09-23T08:16:35.2253173Z  * [new ref]         a01636191d45d3bda350611b95f6d2363482dac2 -> pull/4685/merge
higress-wasmplugin-test (RUST)	UNKNOWN STEP	2026-09-23T08:16:35.2255425Z ##[endgroup]
higress-wasmplugin-test (RUST)	UNKNOWN STEP	2026-09-23T08:16:35.2255997Z ##[group]Determining the checkout info
higress-wasmplugin-test (RUST)	UNKNOWN STEP	2026-09-23T08:16:35.2258355Z ##[endgroup]
higress-wasmplugin-test (RUST)	UNKNOWN STEP	2026-09-23T08:16:35.2263233Z [command]/usr/bin/git sparse-checkout disable
higress-wasmplugin-test (RUST)	UNKNOWN STEP	2026-09-23T08:16:35.2294544Z [command]/usr/bin/git config --local --unset-all extensions.worktreeConfig
higress-wasmplugin-test (RUST)	UNKNOWN STEP	2026-09-23T08:16:35.2316011Z ##[group]Checking out the ref
higress-wasmplugin-test (RUST)	UNKNOWN STEP	2026-09-23T08:16:35.2320269Z [command]/usr/bin/git checkout --progress --force refs/remotes/pull/4685/merge
higress-wasmplugin-test (RUST)	UNKNOWN STEP	2026-09-23T08:16:35.6713528Z Note: switching to 'refs/remotes/pull/4685/merge'.
higress-wasmplugin-test (RUST)	UNKNOWN STEP	2026-09-23T08:16:35.6714227Z 
higress-wasmplugin-test (RUST)	UNKNOWN STEP	2026-09-23T08:16:35.6714701Z You are in 'detached HEAD' state. You can look around, make experimental
higress-wasmplugin-test (RUST)	UNKNOWN STEP	2026-09-23T08:16:35.6715330Z changes and commit them, and you can discard any commits you make in this
higress-wasmplugin-test (RUST)	UNKNOWN STEP	2026-09-23T08:16:35.6716045Z state without impacting any branches by switching back to a branch.
higress-wasmplugin-test (RUST)	UNKNOWN STEP	2026-09-23T08:16:35.6716439Z 
higress-wasmplugin-test (RUST)	UNKNOWN STEP	2026-09-23T08:16:35.6716740Z If you want to create a new branch to retain commits you create, you may
higress-wasmplugin-test (RUST)	UNKNOWN STEP	2026-09-23T08:16:35.6717293Z do so (now or later) by using -c with the switch command. Example:
higress-wasmplugin-test (RUST)	UNKNOWN STEP	2026-09-23T08:16:35.6717630Z 
higress-wasmplugin-test (RUST)	UNKNOWN STEP	2026-09-23T08:16:35.6717787Z   git switch -c <new-branch-name>
higress-wasmplugin-test (RUST)	UNKNOWN STEP	2026-09-23T08:16:35.6718036Z 
higress-wasmplugin-test (RUST)	UNKNOWN STEP	2026-09-23T08:16:35.6718201Z Or undo this operation with:
higress-wasmplugin-test (RUST)	UNKNOWN STEP	2026-09-23T08:16:35.6718442Z 
higress-wasmplugin-test (RUST)	UNKNOWN STEP	2026-09-23T08:16:35.6718562Z   git switch -
higress-wasmplugin-test (RUST)	UNKNOWN STEP	2026-09-23T08:16:35.6718773Z 
higress-wasmplugin-test (RUST)	UNKNOWN STEP	2026-09-23T08:16:35.6719044Z Turn off this advice by setting config variable advice.detachedHead to false
higress-wasmplugin-test (RUST)	UNKNOWN STEP	2026-09-23T08:16:35.6719426Z 
higress-wasmplugin-test (RUST)	UNKNOWN STEP	2026-09-23T08:16:35.6719844Z HEAD is now at a016361 Merge 06f864dc1eba5fbb8bf42a54c938c74abcb4ee88 into a42482341eb199b2c1553a560c81137ebad14441
higress-wasmplugin-test (RUST)	UNKNOWN STEP	2026-09-23T08:16:35.6731813Z ##[endgroup]
higress-wasmplugin-test (RUST)	UNKNOWN STEP	2026-09-23T08:16:35.6767605Z [command]/usr/bin/git log -1 --format=%H
higress-wasmplugin-test (RUST)	UNKNOWN STEP	2026-09-23T08:16:35.6788842Z a01636191d45d3bda350611b95f6d2363482dac2
higress-wasmplugin-test (RUST)	UNKNOWN STEP	2026-09-23T08:16:35.8058715Z ##[group]Run sudo bash -c 'cat > /etc/docker/daemon.json << EOF
higress-wasmplugin-test (RUST)	UNKNOWN STEP	2026-09-23T08:16:35.8059186Z ^[[36;1msudo bash -c 'cat > /etc/docker/daemon.json << EOF^[[0m
higress-wasmplugin-test (RUST)	UNKNOWN STEP	2026-09-23T08:16:35.8059462Z ^[[36;1m{^[[0m
higress-wasmplugin-test (RUST)	UNKNOWN STEP	2026-09-23T08:16:35.8059660Z ^[[36;1m  "features": {^[[0m
higress-wasmplugin-test (RUST)	UNKNOWN STEP	2026-09-23T08:16:35.8059893Z ^[[36;1m    "containerd-snapshotter": false^[[0m
higress-wasmplugin-test (RUST)	UNKNOWN STEP	2026-09-23T08:16:35.8060130Z ^[[36;1m  }^[[0m
higress-wasmplugin-test (RUST)	UNKNOWN STEP	2026-09-23T08:16:35.8060302Z ^[[36;1m}^[[0m
higress-wasmplugin-test (RUST)	UNKNOWN STEP	2026-09-23T08:16:35.8060497Z ^[[36;1mEOF'^[[0m
higress-wasmplugin-test (RUST)	UNKNOWN STEP	2026-09-23T08:16:35.8060684Z ^[[36;1msudo systemctl restart docker^[[0m
higress-wasmplugin-test (RUST)	UNKNOWN STEP	2026-09-23T08:16:35.8060933Z ^[[36;1mdocker info -f '{{ .DriverStatus }}'^[[0m
higress-wasmplugin-test (RUST)	UNKNOWN STEP	2026-09-23T08:16:35.8501102Z shell: /usr/bin/bash -e {0}
higress-wasmplugin-test (RUST)	UNKNOWN STEP	2026-09-23T08:16:35.8501424Z ##[endgroup]
higress-wasmplugin-test (RUST)	UNKNOWN STEP	2026-09-23T08:16:37.4624314Z [[Backing Filesystem extfs] [Supports d_type true] [Using metacopy false] [Native Overlay Diff false] [userxattr false]]
higress-wasmplugin-test (RUST)	UNKNOWN STEP	2026-09-23T08:16:37.5210246Z ##[group]Run jlumbroso/free-disk-space@main
higress-wasmplugin-test (RUST)	UNKNOWN STEP	2026-09-23T08:16:37.5210523Z with:
higress-wasmplugin-test (RUST)	UNKNOWN STEP	2026-09-23T08:16:37.5210708Z   tool-cache: false
higress-wasmplugin-test (RUST)	UNKNOWN STEP	2026-09-23T08:16:37.5210887Z   android: true
higress-wasmplugin-test (RUST)	UNKNOWN STEP	2026-09-23T08:16:37.5211059Z   dotnet: true
higress-wasmplugin-test (RUST)	UNKNOWN STEP	2026-09-23T08:16:37.5211228Z   haskell: true
higress-wasmplugin-test (RUST)	UNKNOWN STEP	2026-09-23T08:16:37.5211403Z   large-packages: true
higress-wasmplugin-test (RUST)	UNKNOWN STEP	2026-09-23T08:16:37.5211587Z   swap-storage: true
higress-wasmplugin-test (RUST)	UNKNOWN STEP	2026-09-23T08:16:37.5211766Z   docker-images: true
higress-wasmplugin-test (RUST)	UNKNOWN STEP	2026-09-23T08:16:37.5211963Z   preinstalled-runtimes: false
higress-wasmplugin-test (RUST)	UNKNOWN STEP	2026-09-23T08:16:37.5212184Z ##[endgroup]
higress-wasmplugin-test (RUST)	UNKNOWN STEP	2026-09-23T08:16:37.5372150Z ##[start-action display=Run # ======;id=__jlumbroso_free-disk-space.__run]
higress-wasmplugin-test (RUST)	UNKNOWN STEP	2026-09-23T08:16:37.5508399Z ##[group]Run # ======
higress-wasmplugin-test (RUST)	UNKNOWN STEP	2026-09-23T08:16:37.5509073Z ^[[36;1m^[[0m
higress-wasmplugin-test (RUST)	UNKNOWN STEP	2026-09-23T08:16:37.5509254Z ^[[36;1m# ======^[[0m
higress-wasmplugin-test (RUST)	UNKNOWN STEP	2026-09-23T08:16:37.5509441Z ^[[36;1m# MACROS^[[0m
higress-wasmplugin-test (RUST)	UNKNOWN STEP	2026-09-23T08:16:37.5509622Z ^[[36;1m# ======^[[0m
higress-wasmplugin-test (RUST)	UNKNOWN STEP	2026-09-23T08:16:37.5509797Z ^[[36;1m^[[0m
higress-wasmplugin-test (RUST)	UNKNOWN STEP	2026-09-23T08:16:37.5509996Z ^[[36;1m# macro to print a line of equals^[[0m
higress-wasmplugin-test (RUST)	UNKNOWN STEP	2026-09-23T08:16:37.5510311Z ^[[36;1m# (silly but works)^[[0m
higress-wasmplugin-test (RUST)	UNKNOWN STEP	2026-09-23T08:16:37.5510728Z ^[[36;1mprintSeparationLine() {^[[0m
higress-wasmplugin-test (RUST)	UNKNOWN STEP	2026-09-23T08:16:37.5510969Z ^[[36;1m  str=${1:=}^[[0m
higress-wasmplugin-test (RUST)	UNKNOWN STEP	2026-09-23T08:16:37.5511168Z ^[[36;1m  num=${2:-80}^[[0m
higress-wasmplugin-test (RUST)	UNKNOWN STEP	2026-09-23T08:16:37.5511375Z ^[[36;1m  counter=1^[[0m
higress-wasmplugin-test (RUST)	UNKNOWN STEP	2026-09-23T08:16:37.5511574Z ^[[36;1m  output=""^[[0m
higress-wasmplugin-test (RUST)	UNKNOWN STEP	2026-09-23T08:16:37.5511792Z ^[[36;1m  while [ $counter -le $num ]^[[0m
higress-wasmplugin-test (RUST)	UNKNOWN STEP	2026-09-23T08:16:37.5512025Z ^[[36;1m  do^[[0m
higress-wasmplugin-test (RUST)	UNKNOWN STEP	2026-09-23T08:16:37.5512232Z ^[[36;1m     output="${output}${str}"^[[0m
higress-wasmplugin-test (RUST)	UNKNOWN STEP	2026-09-23T08:16:37.5512481Z ^[[36;1m     counter=$((counter+1))^[[0m
higress-wasmplugin-test (RUST)	UNKNOWN STEP	2026-09-23T08:16:37.5512702Z ^[[36;1m  done^[[0m
higress-wasmplugin-test (RUST)	UNKNOWN STEP	2026-09-23T08:16:37.5512893Z ^[[36;1m  echo "${output}"^[[0m
higress-wasmplugin-test (RUST)	UNKNOWN STEP	2026-09-23T08:16:37.5513099Z ^[[36;1m}^[[0m
higress-wasmplugin-test (RUST)	UNKNOWN STEP	2026-09-23T08:16:37.5513269Z ^[[36;1m^[[0m
higress-wasmplugin-test (RUST)	UNKNOWN STEP	2026-09-23T08:16:37.5513466Z ^[[36;1m# macro to compute available space^[[0m
higress-wasmplugin-test (RUST)	UNKNOWN STEP	2026-09-23T08:16:37.5513797Z ^[[36;1m# REF: https://unix.stackexchange.com/a/42049/60849^[[0m
higress-wasmplugin-test (RUST)	UNKNOWN STEP	2026-09-23T08:16:37.5514266Z ^[[36;1m# REF: https://stackoverflow.com/a/450821/408734^[[0m
higress-wasmplugin-test (RUST)	UNKNOWN STEP	2026-09-23T08:16:37.5514697Z ^[[36;1mgetAvailableSpace() { echo $(df -a $1 | awk 'NR > 1 {avail+=$4} END {print avail}'); }^[[0m
higress-wasmplugin-test (RUST)	UNKNOWN STEP	2026-09-23T08:16:37.5515068Z ^[[36;1m^[[0m
higress-wasmplugin-test (RUST)	UNKNOWN STEP	2026-09-23T08:16:37.5515309Z ^[[36;1m# macro to make Kb human readable (assume the input is Kb)^[[0m
higress-wasmplugin-test (RUST)	UNKNOWN STEP	2026-09-23T08:16:37.5515661Z ^[[36;1m# REF: https://unix.stackexchange.com/a/44087/60849^[[0m
higress-wasmplugin-test (RUST)	UNKNOWN STEP	2026-09-23T08:16:37.5516053Z ^[[36;1mformatByteCount() { echo $(numfmt --to=iec-i --suffix=B --padding=7 $1'000'); }^[[0m
higress-wasmplugin-test (RUST)	UNKNOWN STEP	2026-09-23T08:16:37.5516388Z ^[[36;1m^[[0m
higress-wasmplugin-test (RUST)	UNKNOWN STEP	2026-09-23T08:16:37.5516573Z ^[[36;1m# macro to output saved space^[[0m
higress-wasmplugin-test (RUST)	UNKNOWN STEP	2026-09-23T08:16:37.5516811Z ^[[36;1mprintSavedSpace() {^[[0m
higress-wasmplugin-test (RUST)	UNKNOWN STEP	2026-09-23T08:16:37.5517024Z ^[[36;1m  saved=${1}^[[0m
higress-wasmplugin-test (RUST)	UNKNOWN STEP	2026-09-23T08:16:37.5517217Z ^[[36;1m  title=${2:-}^[[0m
higress-wasmplugin-test (RUST)	UNKNOWN STEP	2026-09-23T08:16:37.5517410Z ^[[36;1m^[[0m
higress-wasmplugin-test (RUST)	UNKNOWN STEP	2026-09-23T08:16:37.5517573Z ^[[36;1m  echo ""^[[0m
higress-wasmplugin-test (RUST)	UNKNOWN STEP	2026-09-23T08:16:37.5517772Z ^[[36;1m  printSeparationLine '*' 80^[[0m
higress-wasmplugin-test (RUST)	UNKNOWN STEP	2026-09-23T08:16:37.5518009Z ^[[36;1m  if [ ! -z "${title}" ]; then^[[0m
higress-wasmplugin-test (RUST)	UNKNOWN STEP	2026-09-23T08:16:37.5518295Z ^[[36;1m    echo "=> ${title}: Saved $(formatByteCount $saved)"^[[0m
higress-wasmplugin-test (RUST)	UNKNOWN STEP	2026-09-23T08:16:37.5518568Z ^[[36;1m  else^[[0m
higress-wasmplugin-test (RUST)	UNKNOWN STEP	2026-09-23T08:16:37.5518787Z ^[[36;1m    echo "=> Saved $(formatByteCount $saved)"^[[0m
higress-wasmplugin-test (RUST)	UNKNOWN STEP	2026-09-23T08:16:37.5519034Z ^[[36;1m  fi^[[0m
higress-wasmplugin-test (RUST)	UNKNOWN STEP	2026-09-23T08:16:37.5519226Z ^[[36;1m  printSeparationLine '*' 80^[[0m
higress-wasmplugin-test (RUST)	UNKNOWN STEP	2026-09-23T08:16:37.5519449Z ^[[36;1m  echo ""^[[0m
higress-wasmplugin-test (RUST)	UNKNOWN STEP	2026-09-23T08:16:37.5519625Z ^[[36;1m}^[[0m
higress-wasmplugin-test (RUST)	UNKNOWN STEP	2026-09-23T08:16:37.5519787Z ^[[36;1m^[[0m
higress-wasmplugin-test (RUST)	UNKNOWN STEP	2026-09-23T08:16:37.5519988Z ^[[36;1m# macro to print output of dh with caption^[[0m
higress-wasmplugin-test (RUST)	UNKNOWN STEP	2026-09-23T08:16:37.5520238Z ^[[36;1mprintDH() {^[[0m
higress-wasmplugin-test (RUST)	UNKNOWN STEP	2026-09-23T08:16:37.5520432Z ^[[36;1m  caption=${1:-}^[[0m
higress-wasmplugin-test (RUST)	UNKNOWN STEP	2026-09-23T08:16:37.5520626Z ^[[36;1m^[[0m
higress-wasmplugin-test (RUST)	UNKNOWN STEP	2026-09-23T08:16:37.5520799Z ^[[36;1m  printSeparationLine '=' 80^[[0m
higress-wasmplugin-test (RUST)	UNKNOWN STEP	2026-09-23T08:16:37.5521028Z ^[[36;1m  echo "${caption}"^[[0m
higress-wasmplugin-test (RUST)	UNKNOWN STEP	2026-09-23T08:16:37.5521232Z ^[[36;1m  echo ""^[[0m
higress-wasmplugin-test (RUST)	UNKNOWN STEP	2026-09-23T08:16:37.5521427Z ^[[36;1m  echo "$ dh -h /"^[[0m
higress-wasmplugin-test (RUST)	UNKNOWN STEP	2026-09-23T08:16:37.5521638Z ^[[36;1m  echo ""^[[0m
higress-wasmplugin-test (RUST)	UNKNOWN STEP	2026-09-23T08:16:37.5521823Z ^[[36;1m  df -h /^[[0m
higress-wasmplugin-test (RUST)	UNKNOWN STEP	2026-09-23T08:16:37.5522136Z ^[[36;1m  echo "$ dh -a /"^[[0m
higress-wasmplugin-test (RUST)	UNKNOWN STEP	2026-09-23T08:16:37.5522353Z ^[[36;1m  echo ""^[[0m
higress-wasmplugin-test (RUST)	UNKNOWN STEP	2026-09-23T08:16:37.5522544Z ^[[36;1m  df -a /^[[0m
higress-wasmplugin-test (RUST)	UNKNOWN STEP	2026-09-23T08:16:37.5522732Z ^[[36;1m  echo "$ dh -a"^[[0m
higress-wasmplugin-test (RUST)	UNKNOWN STEP	2026-09-23T08:16:37.5522932Z ^[[36;1m  echo ""^[[0m
higress-wasmplugin-test (RUST)	UNKNOWN STEP	2026-09-23T08:16:37.5523117Z ^[[36;1m  df -a^[[0m
higress-wasmplugin-test (RUST)	UNKNOWN STEP	2026-09-23T08:16:37.5523321Z ^[[36;1m  printSeparationLine '=' 80^[[0m
higress-wasmplugin-test (RUST)	UNKNOWN STEP	2026-09-23T08:16:37.5523548Z ^[[36;1m}^[[0m
higress-wasmplugin-test (RUST)	UNKNOWN STEP	2026-09-23T08:16:37.5523722Z ^[[36;1m^[[0m
higress-wasmplugin-test (RUST)	UNKNOWN STEP	2026-09-23T08:16:37.5524017Z ^[[36;1m^[[0m
higress-wasmplugin-test (RUST)	UNKNOWN STEP	2026-09-23T08:16:37.5524228Z ^[[36;1m^[[0m
higress-wasmplugin-test (RUST)	UNKNOWN STEP	2026-09-23T08:16:37.5524396Z ^[[36;1m# ======^[[0m
higress-wasmplugin-test (RUST)	UNKNOWN STEP	2026-09-23T08:16:37.5524585Z ^[[36;1m# SCRIPT^[[0m
higress-wasmplugin-test (RUST)	UNKNOWN STEP	2026-09-23T08:16:37.5524765Z ^[[36;1m# ======^[[0m
higress-wasmplugin-test (RUST)	UNKNOWN STEP	2026-09-23T08:16:37.5524936Z ^[[36;1m^[[0m
higress-wasmplugin-test (RUST)	UNKNOWN STEP	2026-09-23T08:16:37.5525127Z ^[[36;1m# Display initial disk space stats^[[0m
higress-wasmplugin-test (RUST)	UNKNOWN STEP	2026-09-23T08:16:37.5525366Z ^[[36;1m^[[0m
higress-wasmplugin-test (RUST)	UNKNOWN STEP	2026-09-23T08:16:37.5525580Z ^[[36;1mAVAILABLE_INITIAL=$(getAvailableSpace)^[[0m
higress-wasmplugin-test (RUST)	UNKNOWN STEP	2026-09-23T08:16:37.5525897Z ^[[36;1mAVAILABLE_ROOT_INITIAL=$(getAvailableSpace '/')^[[0m
higress-wasmplugin-test (RUST)	UNKNOWN STEP	2026-09-23T08:16:37.5526172Z ^[[36;1m^[[0m
higress-wasmplugin-test (RUST)	UNKNOWN STEP	2026-09-23T08:16:37.5526359Z ^[[36;1mprintDH "BEFORE CLEAN-UP:"^[[0m
higress-wasmplugin-test (RUST)	UNKNOWN STEP	2026-09-23T08:16:37.5526670Z ^[[36;1mecho ""^[[0m
higress-wasmplugin-test (RUST)	UNKNOWN STEP	2026-09-23T08:16:37.5526848Z ^[[36;1m^[[0m
higress-wasmplugin-test (RUST)	UNKNOWN STEP	2026-09-23T08:16:37.5527008Z ^[[36;1m^[[0m
higress-wasmplugin-test (RUST)	UNKNOWN STEP	2026-09-23T08:16:37.5527208Z ^[[36;1m# Option: Remove Android library^[[0m
higress-wasmplugin-test (RUST)	UNKNOWN STEP	2026-09-23T08:16:37.5527439Z ^[[36;1m^[[0m
higress-wasmplugin-test (RUST)	UNKNOWN STEP	2026-09-23T08:16:37.5527632Z ^[[36;1mif [[ "$ANDROID" == 'true' ]]; then^[[0m
higress-wasmplugin-test (RUST)	UNKNOWN STEP	2026-09-23T08:16:37.5527890Z ^[[36;1m  BEFORE=$(getAvailableSpace)^[[0m
higress-wasmplugin-test (RUST)	UNKNOWN STEP	2026-09-23T08:16:37.5528126Z ^[[36;1m  ^[[0m
higress-wasmplugin-test (RUST)	UNKNOWN STEP	2026-09-23T08:16:37.5528349Z ^[[36;1m  sudo rm -rf /usr/local/lib/android || true^[[0m
higress-wasmplugin-test (RUST)	UNKNOWN STEP	2026-09-23T08:16:37.5528599Z ^[[36;1m^[[0m
higress-wasmplugin-test (RUST)	UNKNOWN STEP	2026-09-23T08:16:37.5528785Z ^[[36;1m  AFTER=$(getAvailableSpace)^[[0m
higress-wasmplugin-test (RUST)	UNKNOWN STEP	2026-09-23T08:16:37.5529027Z ^[[36;1m  SAVED=$((AFTER-BEFORE))^[[0m
higress-wasmplugin-test (RUST)	UNKNOWN STEP	2026-09-23T08:16:37.5529291Z ^[[36;1m  printSavedSpace $SAVED "Android library"^[[0m
higress-wasmplugin-test (RUST)	UNKNOWN STEP	2026-09-23T08:16:37.5529538Z ^[[36;1mfi^[[0m
higress-wasmplugin-test (RUST)	UNKNOWN STEP	2026-09-23T08:16:37.5529705Z ^[[36;1m^[[0m
higress-wasmplugin-test (RUST)	UNKNOWN STEP	2026-09-23T08:16:37.5529884Z ^[[36;1m# Option: Remove .NET runtime^[[0m
higress-wasmplugin-test (RUST)	UNKNOWN STEP	2026-09-23T08:16:37.5530110Z ^[[36;1m^[[0m
higress-wasmplugin-test (RUST)	UNKNOWN STEP	2026-09-23T08:16:37.5530308Z ^[[36;1mif [[ "$DOTNET" == 'true' ]]; then^[[0m
higress-wasmplugin-test (RUST)	UNKNOWN STEP	2026-09-23T08:16:37.5530558Z ^[[36;1m  BEFORE=$(getAvailableSpace)^[[0m
higress-wasmplugin-test (RUST)	UNKNOWN STEP	2026-09-23T08:16:37.5530780Z ^[[36;1m^[[0m
higress-wasmplugin-test (RUST)	UNKNOWN STEP	2026-09-23T08:16:37.5531108Z ^[[36;1m  # https://github.community/t/bigger-github-hosted-runners-disk-space/17267/11^[[0m
higress-wasmplugin-test (RUST)	UNKNOWN STEP	2026-09-23T08:16:37.5531510Z ^[[36;1m  sudo rm -rf /usr/share/dotnet || true^[[0m
higress-wasmplugin-test (RUST)	UNKNOWN STEP	2026-09-23T08:16:37.5531755Z ^[[36;1m  ^[[0m
higress-wasmplugin-test (RUST)	UNKNOWN STEP	2026-09-23T08:16:37.5531945Z ^[[36;1m  AFTER=$(getAvailableSpace)^[[0m
higress-wasmplugin-test (RUST)	UNKNOWN STEP	2026-09-23T08:16:37.5532184Z ^[[36;1m  SAVED=$((AFTER-BEFORE))^[[0m
higress-wasmplugin-test (RUST)	UNKNOWN STEP	2026-09-23T08:16:37.5532437Z ^[[36;1m  printSavedSpace $SAVED ".NET runtime"^[[0m
higress-wasmplugin-test (RUST)	UNKNOWN STEP	2026-09-23T08:16:37.5532689Z ^[[36;1mfi^[[0m
higress-wasmplugin-test (RUST)	UNKNOWN STEP	2026-09-23T08:16:37.5532859Z ^[[36;1m^[[0m
higress-wasmplugin-test (RUST)	UNKNOWN STEP	2026-09-23T08:16:37.5533042Z ^[[36;1m# Option: Remove Haskell runtime^[[0m
higress-wasmplugin-test (RUST)	UNKNOWN STEP	2026-09-23T08:16:37.5533272Z ^[[36;1m^[[0m
higress-wasmplugin-test (RUST)	UNKNOWN STEP	2026-09-23T08:16:37.5533458Z ^[[36;1mif [[ "$HASKELL" == 'true' ]]; then^[[0m
higress-wasmplugin-test (RUST)	UNKNOWN STEP	2026-09-23T08:16:37.5533710Z ^[[36;1m  BEFORE=$(getAvailableSpace)^[[0m
higress-wasmplugin-test (RUST)	UNKNOWN STEP	2026-09-23T08:16:37.5534102Z ^[[36;1m^[[0m
higress-wasmplugin-test (RUST)	UNKNOWN STEP	2026-09-23T08:16:37.5534301Z ^[[36;1m  sudo rm -rf /opt/ghc || true^[[0m
higress-wasmplugin-test (RUST)	UNKNOWN STEP	2026-09-23T08:16:37.5534563Z ^[[36;1m  sudo rm -rf /usr/local/.ghcup || true^[[0m
higress-wasmplugin-test (RUST)	UNKNOWN STEP	2026-09-23T08:16:37.5534804Z ^[[36;1m  ^[[0m
higress-wasmplugin-test (RUST)	UNKNOWN STEP	2026-09-23T08:16:37.5535006Z ^[[36;1m  AFTER=$(getAvailableSpace)^[[0m
higress-wasmplugin-test (RUST)	UNKNOWN STEP	2026-09-23T08:16:37.5535243Z ^[[36;1m  SAVED=$((AFTER-BEFORE))^[[0m
higress-wasmplugin-test (RUST)	UNKNOWN STEP	2026-09-23T08:16:37.5535509Z ^[[36;1m  printSavedSpace $SAVED "Haskell runtime"^[[0m
higress-wasmplugin-test (RUST)	UNKNOWN STEP	2026-09-23T08:16:37.5535761Z ^[[36;1mfi^[[0m
higress-wasmplugin-test (RUST)	UNKNOWN STEP	2026-09-23T08:16:37.5535928Z ^[[36;1m^[[0m
higress-wasmplugin-test (RUST)	UNKNOWN STEP	2026-09-23T08:16:37.5536113Z ^[[36;1m# Option: Remove large packages^[[0m
higress-wasmplugin-test (RUST)	UNKNOWN STEP	2026-09-23T08:16:37.5536511Z ^[[36;1m# REF: https://github.com/apache/flink/blob/master/tools/azure-pipelines/free_disk_space.sh^[[0m
higress-wasmplugin-test (RUST)	UNKNOWN STEP	2026-09-23T08:16:37.5536892Z ^[[36;1m^[[0m
higress-wasmplugin-test (RUST)	UNKNOWN STEP	2026-09-23T08:16:37.5537095Z ^[[36;1mif [[ "$LARGE_PACKAGES" == 'true' ]]; then^[[0m
higress-wasmplugin-test (RUST)	UNKNOWN STEP	2026-09-23T08:16:37.5537358Z ^[[36;1m  BEFORE=$(getAvailableSpace)^[[0m
higress-wasmplugin-test (RUST)	UNKNOWN STEP	2026-09-23T08:16:37.5537588Z ^[[36;1m^[[0m
higress-wasmplugin-test (RUST)	UNKNOWN STEP	2026-09-23T08:16:37.5537957Z ^[[36;1m  # PRECEDENCE: a specific subject-toggle outranks this general category.^[[0m
higress-wasmplugin-test (RUST)	UNKNOWN STEP	2026-09-23T08:16:37.5538395Z ^[[36;1m  # Setting `dotnet: false` keeps .NET everywhere, including the apt^[[0m
higress-wasmplugin-test (RUST)	UNKNOWN STEP	2026-09-23T08:16:37.5538759Z ^[[36;1m  # packages this block would otherwise sweep up.^[[0m
higress-wasmplugin-test (RUST)	UNKNOWN STEP	2026-09-23T08:16:37.5539025Z ^[[36;1m  #^[[0m
higress-wasmplugin-test (RUST)	UNKNOWN STEP	2026-09-23T08:16:37.5539284Z ^[[36;1m  # Reported by @gmij in #6 (2023), again by @ashleney in #33 (2024), and^[[0m
higress-wasmplugin-test (RUST)	UNKNOWN STEP	2026-09-23T08:16:37.5539649Z ^[[36;1m  # diagnosed with a workaround by @ax3l in #33 (2025).^[[0m
higress-wasmplugin-test (RUST)	UNKNOWN STEP	2026-09-23T08:16:37.5539929Z ^[[36;1m  #^[[0m
higress-wasmplugin-test (RUST)	UNKNOWN STEP	2026-09-23T08:16:37.5540209Z ^[[36;1m  # The policy is explicit; this applies it to .NET. A future subject^[[0m
higress-wasmplugin-test (RUST)	UNKNOWN STEP	2026-09-23T08:16:37.5540616Z ^[[36;1m  # option must add and test its own exemption here — there is no general^[[0m
higress-wasmplugin-test (RUST)	UNKNOWN STEP	2026-09-23T08:16:37.5540963Z ^[[36;1m  # mechanism that does it automatically.^[[0m
higress-wasmplugin-test (RUST)	UNKNOWN STEP	2026-09-23T08:16:37.5541232Z ^[[36;1m  if [[ "$DOTNET" == 'true' ]]; then^[[0m
higress-wasmplugin-test (RUST)	UNKNOWN STEP	2026-09-23T08:16:37.5541798Z ^[[36;1m    sudo apt-get remove -y '^aspnetcore-.*' || echo "::warning::The command [sudo apt-get remove -y '^aspnetcore-.*'] failed to complete successfully. Proceeding..."^[[0m
higress-wasmplugin-test (RUST)	UNKNOWN STEP	2026-09-23T08:16:37.5542748Z ^[[36;1m    sudo apt-get remove -y '^dotnet-.*' --fix-missing || echo "::warning::The command [sudo apt-get remove -y '^dotnet-.*' --fix-missing] failed to complete successfully. Proceeding..."^[[0m
higress-wasmplugin-test (RUST)	UNKNOWN STEP	2026-09-23T08:16:37.5543320Z ^[[36;1m  else^[[0m
higress-wasmplugin-test (RUST)	UNKNOWN STEP	2026-09-23T08:16:37.5543690Z ^[[36;1m    echo "::notice::dotnet: false — .NET packages exempted from large-packages (dotnet-*, aspnetcore-*)."^[[0m
higress-wasmplugin-test (RUST)	UNKNOWN STEP	2026-09-23T08:16:37.5544189Z ^[[36;1m  fi^[[0m
higress-wasmplugin-test (RUST)	UNKNOWN STEP	2026-09-23T08:16:37.5544374Z ^[[36;1m^[[0m
higress-wasmplugin-test (RUST)	UNKNOWN STEP	2026-09-23T08:16:37.5544885Z ^[[36;1m  sudo apt-get remove -y '^llvm-.*' --fix-missing || echo "::warning::The command [sudo apt-get remove -y '^llvm-.*' --fix-missing] failed to complete successfully. Proceeding..."^[[0m
higress-wasmplugin-test (RUST)	UNKNOWN STEP	2026-09-23T08:16:37.5545759Z ^[[36;1m  sudo apt-get remove -y 'php.*' --fix-missing || echo "::warning::The command [sudo apt-get remove -y 'php.*' --fix-missing] failed to complete successfully. Proceeding..."^[[0m
higress-wasmplugin-test (RUST)	UNKNOWN STEP	2026-09-23T08:16:37.5546653Z ^[[36;1m  sudo apt-get remove -y '^mongodb-.*' --fix-missing || echo "::warning::The command [sudo apt-get remove -y '^mongodb-.*' --fix-missing] failed to complete successfully. Proceeding..."^[[0m
higress-wasmplugin-test (RUST)	UNKNOWN STEP	2026-09-23T08:16:37.5547544Z ^[[36;1m  sudo apt-get remove -y '^mysql-.*' --fix-missing || echo "::warning::The command [sudo apt-get remove -y '^mysql-.*' --fix-missing] failed to complete successfully. Proceeding..."^[[0m
higress-wasmplugin-test (RUST)	UNKNOWN STEP	2026-09-23T08:16:37.5548820Z ^[[36;1m  sudo apt-get remove -y azure-cli google-chrome-stable firefox powershell mono-devel libgl1-mesa-dri --fix-missing || echo "::warning::The command [sudo apt-get remove -y azure-cli google-chrome-stable firefox powershell mono-devel libgl1-mesa-dri --fix-missing] failed to complete successfully. Proceeding..."^[[0m
higress-wasmplugin-test (RUST)	UNKNOWN STEP	2026-09-23T08:16:37.5550152Z ^[[36;1m  sudo apt-get remove -y google-cloud-sdk --fix-missing || echo "::debug::The command [sudo apt-get remove -y google-cloud-sdk --fix-missing] failed to complete successfully. Proceeding..."^[[0m
higress-wasmplugin-test (RUST)	UNKNOWN STEP	2026-09-23T08:16:37.5551110Z ^[[36;1m  sudo apt-get remove -y google-cloud-cli --fix-missing || echo "::debug::The command [sudo apt-get remove -y google-cloud-cli --fix-missing] failed to complete successfully. Proceeding..."^[[0m
higress-wasmplugin-test (RUST)	UNKNOWN STEP	2026-09-23T08:16:37.5551952Z ^[[36;1m  sudo apt-get autoremove -y || echo "::warning::The command [sudo apt-get autoremove -y] failed to complete successfully. Proceeding..."^[[0m
higress-wasmplugin-test (RUST)	UNKNOWN STEP	2026-09-23T08:16:37.5552625Z ^[[36;1m  sudo apt-get clean || echo "::warning::The command [sudo apt-get clean] failed to complete successfully. Proceeding..."^[[0m
higress-wasmplugin-test (RUST)	UNKNOWN STEP	2026-09-23T08:16:37.5553059Z ^[[36;1m^[[0m
higress-wasmplugin-test (RUST)	UNKNOWN STEP	2026-09-23T08:16:37.5553249Z ^[[36;1m  AFTER=$(getAvailableSpace)^[[0m
higress-wasmplugin-test (RUST)	UNKNOWN STEP	2026-09-23T08:16:37.5553498Z ^[[36;1m  SAVED=$((AFTER-BEFORE))^[[0m
higress-wasmplugin-test (RUST)	UNKNOWN STEP	2026-09-23T08:16:37.5553775Z ^[[36;1m  printSavedSpace $SAVED "Large misc. packages"^[[0m
higress-wasmplugin-test (RUST)	UNKNOWN STEP	2026-09-23T08:16:37.5554119Z ^[[36;1mfi^[[0m
higress-wasmplugin-test (RUST)	UNKNOWN STEP	2026-09-23T08:16:37.5554303Z ^[[36;1m^[[0m
higress-wasmplugin-test (RUST)	UNKNOWN STEP	2026-09-23T08:16:37.5554550Z ^[[36;1m# Option: Remove Docker images^[[0m
higress-wasmplugin-test (RUST)	UNKNOWN STEP	2026-09-23T08:16:37.5554779Z ^[[36;1m^[[0m
higress-wasmplugin-test (RUST)	UNKNOWN STEP	2026-09-23T08:16:37.5554983Z ^[[36;1mif [[ "$DOCKER_IMAGES" == 'true' ]]; then^[[0m
higress-wasmplugin-test (RUST)	UNKNOWN STEP	2026-09-23T08:16:37.5555246Z ^[[36;1m  BEFORE=$(getAvailableSpace)^[[0m
higress-wasmplugin-test (RUST)	UNKNOWN STEP	2026-09-23T08:16:37.5555467Z ^[[36;1m^[[0m
higress-wasmplugin-test (RUST)	UNKNOWN STEP	2026-09-23T08:16:37.5555684Z ^[[36;1m  sudo docker image prune --all --force || true^[[0m
higress-wasmplugin-test (RUST)	UNKNOWN STEP	2026-09-23T08:16:37.5555939Z ^[[36;1m^[[0m
higress-wasmplugin-test (RUST)	UNKNOWN STEP	2026-09-23T08:16:37.5556119Z ^[[36;1m  AFTER=$(getAvailableSpace)^[[0m
higress-wasmplugin-test (RUST)	UNKNOWN STEP	2026-09-23T08:16:37.5556356Z ^[[36;1m  SAVED=$((AFTER-BEFORE))^[[0m
higress-wasmplugin-test (RUST)	UNKNOWN STEP	2026-09-23T08:16:37.5556617Z ^[[36;1m  printSavedSpace $SAVED "Docker images"^[[0m
higress-wasmplugin-test (RUST)	UNKNOWN STEP	2026-09-23T08:16:37.5556857Z ^[[36;1mfi^[[0m
higress-wasmplugin-test (RUST)	UNKNOWN STEP	2026-09-23T08:16:37.5557023Z ^[[36;1m^[[0m
higress-wasmplugin-test (RUST)	UNKNOWN STEP	2026-09-23T08:16:37.5557205Z ^[[36;1m# Option: Remove tool cache^[[0m
higress-wasmplugin-test (RUST)	UNKNOWN STEP	2026-09-23T08:16:37.5557595Z ^[[36;1m# REF: https://github.com/actions/virtual-environments/issues/2875#issuecomment-1163392159^[[0m
higress-wasmplugin-test (RUST)	UNKNOWN STEP	2026-09-23T08:16:37.5557968Z ^[[36;1m^[[0m
higress-wasmplugin-test (RUST)	UNKNOWN STEP	2026-09-23T08:16:37.5558233Z ^[[36;1m# `tool-cache` was renamed `preinstalled-runtimes` in v2.0.0. The old^[[0m
higress-wasmplugin-test (RUST)	UNKNOWN STEP	2026-09-23T08:16:37.5558642Z ^[[36;1m# input is still honoured so no existing workflow breaks; either one^[[0m
higress-wasmplugin-test (RUST)	UNKNOWN STEP	2026-09-23T08:16:37.5559110Z ^[[36;1m# being true removes the directory. The warning fires only when someone^[[0m
higress-wasmplugin-test (RUST)	UNKNOWN STEP	2026-09-23T08:16:37.5559517Z ^[[36;1m# actually relies on the old name — an expected-absence stays quiet,^[[0m
higress-wasmplugin-test (RUST)	UNKNOWN STEP	2026-09-23T08:16:37.5559872Z ^[[36;1m# per the severity convention in docs/adr/0004.^[[0m
higress-wasmplugin-test (RUST)	UNKNOWN STEP	2026-09-23T08:16:37.5560162Z ^[[36;1mif [[ "$TOOL_CACHE" == 'true' ]]; then^[[0m
higress-wasmplugin-test (RUST)	UNKNOWN STEP	2026-09-23T08:16:37.5560792Z ^[[36;1m  echo "::warning::The 'tool-cache' input is deprecated; it was renamed to 'preinstalled-runtimes'. It still works and will keep working until v3.0.0 — please rename it when convenient."^[[0m
higress-wasmplugin-test (RUST)	UNKNOWN STEP	2026-09-23T08:16:37.5561381Z ^[[36;1mfi^[[0m
higress-wasmplugin-test (RUST)	UNKNOWN STEP	2026-09-23T08:16:37.5561552Z ^[[36;1m^[[0m
higress-wasmplugin-test (RUST)	UNKNOWN STEP	2026-09-23T08:16:37.5561825Z ^[[36;1mif [[ "$PREINSTALLED_RUNTIMES" == 'true' || "$TOOL_CACHE" == 'true' ]]; then^[[0m
higress-wasmplugin-test (RUST)	UNKNOWN STEP	2026-09-23T08:16:37.5562182Z ^[[36;1m  BEFORE=$(getAvailableSpace)^[[0m
higress-wasmplugin-test (RUST)	UNKNOWN STEP	2026-09-23T08:16:37.5562415Z ^[[36;1m^[[0m
higress-wasmplugin-test (RUST)	UNKNOWN STEP	2026-09-23T08:16:37.5562632Z ^[[36;1m  sudo rm -rf "$AGENT_TOOLSDIRECTORY" || true^[[0m
higress-wasmplugin-test (RUST)	UNKNOWN STEP	2026-09-23T08:16:37.5562891Z ^[[36;1m^[[0m
higress-wasmplugin-test (RUST)	UNKNOWN STEP	2026-09-23T08:16:37.5563076Z ^[[36;1m  AFTER=$(getAvailableSpace)^[[0m
higress-wasmplugin-test (RUST)	UNKNOWN STEP	2026-09-23T08:16:37.5563313Z ^[[36;1m  SAVED=$((AFTER-BEFORE))^[[0m
higress-wasmplugin-test (RUST)	UNKNOWN STEP	2026-09-23T08:16:37.5563587Z ^[[36;1m  printSavedSpace $SAVED "Pre-installed runtimes"^[[0m
higress-wasmplugin-test (RUST)	UNKNOWN STEP	2026-09-23T08:16:37.5563917Z ^[[36;1mfi^[[0m
higress-wasmplugin-test (RUST)	UNKNOWN STEP	2026-09-23T08:16:37.5564095Z ^[[36;1m^[[0m
higress-wasmplugin-test (RUST)	UNKNOWN STEP	2026-09-23T08:16:37.5564277Z ^[[36;1m# Option: Remove Swap storage^[[0m
higress-wasmplugin-test (RUST)	UNKNOWN STEP	2026-09-23T08:16:37.5564502Z ^[[36;1m^[[0m
higress-wasmplugin-test (RUST)	UNKNOWN STEP	2026-09-23T08:16:37.5564693Z ^[[36;1mif [[ "$SWAP_STORAGE" == 'true' ]]; then^[[0m
higress-wasmplugin-test (RUST)	UNKNOWN STEP	2026-09-23T08:16:37.5564974Z ^[[36;1m  BEFORE=$(getAvailableSpace)^[[0m
higress-wasmplugin-test (RUST)	UNKNOWN STEP	2026-09-23T08:16:37.5565193Z ^[[36;1m^[[0m
higress-wasmplugin-test (RUST)	UNKNOWN STEP	2026-09-23T08:16:37.5565379Z ^[[36;1m  sudo swapoff -a || true^[[0m
higress-wasmplugin-test (RUST)	UNKNOWN STEP	2026-09-23T08:16:37.5565623Z ^[[36;1m  sudo rm -f /mnt/swapfile || true^[[0m
higress-wasmplugin-test (RUST)	UNKNOWN STEP	2026-09-23T08:16:37.5565860Z ^[[36;1m  free -h^[[0m
higress-wasmplugin-test (RUST)	UNKNOWN STEP	2026-09-23T08:16:37.5566044Z ^[[36;1m  ^[[0m
higress-wasmplugin-test (RUST)	UNKNOWN STEP	2026-09-23T08:16:37.5566236Z ^[[36;1m  AFTER=$(getAvailableSpace)^[[0m
higress-wasmplugin-test (RUST)	UNKNOWN STEP	2026-09-23T08:16:37.5566476Z ^[[36;1m  SAVED=$((AFTER-BEFORE))^[[0m
higress-wasmplugin-test (RUST)	UNKNOWN STEP	2026-09-23T08:16:37.5566730Z ^[[36;1m  printSavedSpace $SAVED "Swap storage"^[[0m
higress-wasmplugin-test (RUST)	UNKNOWN STEP	2026-09-23T08:16:37.5566975Z ^[[36;1mfi^[[0m
higress-wasmplugin-test (RUST)	UNKNOWN STEP	2026-09-23T08:16:37.5567137Z ^[[36;1m^[[0m
higress-wasmplugin-test (RUST)	UNKNOWN STEP	2026-09-23T08:16:37.5567296Z ^[[36;1m^[[0m
higress-wasmplugin-test (RUST)	UNKNOWN STEP	2026-09-23T08:16:37.5567455Z ^[[36;1m^[[0m
higress-wasmplugin-test (RUST)	UNKNOWN STEP	2026-09-23T08:16:37.5567650Z ^[[36;1m# Output saved space statistic^[[0m
higress-wasmplugin-test (RUST)	UNKNOWN STEP	2026-09-23T08:16:37.5567877Z ^[[36;1m^[[0m
higress-wasmplugin-test (RUST)	UNKNOWN STEP	2026-09-23T08:16:37.5568067Z ^[[36;1mAVAILABLE_END=$(getAvailableSpace)^[[0m
higress-wasmplugin-test (RUST)	UNKNOWN STEP	2026-09-23T08:16:37.5568362Z ^[[36;1mAVAILABLE_ROOT_END=$(getAvailableSpace '/')^[[0m
higress-wasmplugin-test (RUST)	UNKNOWN STEP	2026-09-23T08:16:37.5568612Z ^[[36;1m^[[0m
higress-wasmplugin-test (RUST)	UNKNOWN STEP	2026-09-23T08:16:37.5568778Z ^[[36;1mecho ""^[[0m
higress-wasmplugin-test (RUST)	UNKNOWN STEP	2026-09-23T08:16:37.5568977Z ^[[36;1mprintDH "AFTER CLEAN-UP:"^[[0m
higress-wasmplugin-test (RUST)	UNKNOWN STEP	2026-09-23T08:16:37.5569191Z ^[[36;1m^[[0m
higress-wasmplugin-test (RUST)	UNKNOWN STEP	2026-09-23T08:16:37.5569359Z ^[[36;1mecho ""^[[0m
higress-wasmplugin-test (RUST)	UNKNOWN STEP	2026-09-23T08:16:37.5569539Z ^[[36;1mecho ""^[[0m
higress-wasmplugin-test (RUST)	UNKNOWN STEP	2026-09-23T08:16:37.5569710Z ^[[36;1m^[[0m
higress-wasmplugin-test (RUST)	UNKNOWN STEP	2026-09-23T08:16:37.5569890Z ^[[36;1mecho "/dev/root:"^[[0m
higress-wasmplugin-test (RUST)	UNKNOWN STEP	2026-09-23T08:16:37.5570274Z ^[[36;1mprintSavedSpace $((AVAILABLE_ROOT_END - AVAILABLE_ROOT_INITIAL))^[[0m
higress-wasmplugin-test (RUST)	UNKNOWN STEP	2026-09-23T08:16:37.5570604Z ^[[36;1mecho "overall:"^[[0m
higress-wasmplugin-test (RUST)	UNKNOWN STEP	2026-09-23T08:16:37.5570871Z ^[[36;1mprintSavedSpace $((AVAILABLE_END - AVAILABLE_INITIAL))^[[0m
higress-wasmplugin-test (RUST)	UNKNOWN STEP	2026-09-23T08:16:37.5608451Z shell: /usr/bin/bash --noprofile --norc -e -o pipefail {0}
higress-wasmplugin-test (RUST)	UNKNOWN STEP	2026-09-23T08:16:37.5608738Z env:
higress-wasmplugin-test (RUST)	UNKNOWN STEP	2026-09-23T08:16:37.5608910Z   ANDROID: true
higress-wasmplugin-test (RUST)	UNKNOWN STEP	2026-09-23T08:16:37.5609082Z   DOTNET: true
higress-wasmplugin-test (RUST)	UNKNOWN STEP	2026-09-23T08:16:37.5609248Z   HASKELL: true
higress-wasmplugin-test (RUST)	UNKNOWN STEP	2026-09-23T08:16:37.5609420Z   LARGE_PACKAGES: true
higress-wasmplugin-test (RUST)	UNKNOWN STEP	2026-09-23T08:16:37.5609605Z   DOCKER_IMAGES: true
higress-wasmplugin-test (RUST)	UNKNOWN STEP	2026-09-23T08:16:37.5609795Z   PREINSTALLED_RUNTIMES: false
higress-wasmplugin-test (RUST)	UNKNOWN STEP	2026-09-23T08:16:37.5610009Z   TOOL_CACHE: false
higress-wasmplugin-test (RUST)	UNKNOWN STEP	2026-09-23T08:16:37.5610186Z   SWAP_STORAGE: true
higress-wasmplugin-test (RUST)	UNKNOWN STEP	2026-09-23T08:16:37.5610366Z ##[endgroup]
higress-wasmplugin-test (RUST)	UNKNOWN STEP	2026-09-23T08:16:37.5788184Z ================================================================================
higress-wasmplugin-test (RUST)	UNKNOWN STEP	2026-09-23T08:16:37.5788680Z BEFORE CLEAN-UP:
higress-wasmplugin-test (RUST)	UNKNOWN STEP	2026-09-23T08:16:37.5788867Z 
higress-wasmplugin-test (RUST)	UNKNOWN STEP	2026-09-23T08:16:37.5788969Z $ dh -h /
higress-wasmplugin-test (RUST)	UNKNOWN STEP	2026-09-23T08:16:37.5789096Z 
higress-wasmplugin-test (RUST)	UNKNOWN STEP	2026-09-23T08:16:37.5797275Z Filesystem      Size  Used Avail Use% Mounted on
higress-wasmplugin-test (RUST)	UNKNOWN STEP	2026-09-23T08:16:37.5797917Z /dev/root       146G   60G   87G  41% /
higress-wasmplugin-test (RUST)	UNKNOWN STEP	2026-09-23T08:16:37.5798422Z $ dh -a /
higress-wasmplugin-test (RUST)	UNKNOWN STEP	2026-09-23T08:16:37.5798791Z 
higress-wasmplugin-test (RUST)	UNKNOWN STEP	2026-09-23T08:16:37.5806439Z Filesystem     1K-blocks     Used Available Use% Mounted on
higress-wasmplugin-test (RUST)	UNKNOWN STEP	2026-09-23T08:16:37.5806777Z /dev/root      152243760 61888924  90338452  41% /
higress-wasmplugin-test (RUST)	UNKNOWN STEP	2026-09-23T08:16:37.5807384Z $ dh -a
higress-wasmplugin-test (RUST)	UNKNOWN STEP	2026-09-23T08:16:37.5807530Z 
higress-wasmplugin-test (RUST)	UNKNOWN STEP	2026-09-23T08:16:37.5817437Z Filesystem      1K-blocks     Used Available Use% Mounted on
higress-wasmplugin-test (RUST)	UNKNOWN STEP	2026-09-23T08:16:37.5817884Z /dev/root       152243760 61888924  90338452  41% /
higress-wasmplugin-test (RUST)	UNKNOWN STEP	2026-09-23T08:16:37.5818282Z devtmpfs          8166092        0   8166092   0% /dev
higress-wasmplugin-test (RUST)	UNKNOWN STEP	2026-09-23T08:16:37.5818691Z proc                    0        0         0    - /proc
higress-wasmplugin-test (RUST)	UNKNOWN STEP	2026-09-23T08:16:37.5819113Z sysfs                   0        0         0    - /sys
higress-wasmplugin-test (RUST)	UNKNOWN STEP	2026-09-23T08:16:37.5819587Z securityfs              0        0         0    - /sys/kernel/security
higress-wasmplugin-test (RUST)	UNKNOWN STEP	2026-09-23T08:16:37.5820096Z tmpfs             8185728      172   8185556   1% /dev/shm
higress-wasmplugin-test (RUST)	UNKNOWN STEP	2026-09-23T08:16:37.5820553Z devpts                  0        0         0    - /dev/pts
higress-wasmplugin-test (RUST)	UNKNOWN STEP	2026-09-23T08:16:37.5820981Z tmpfs             3274292     1020   3273272   1% /run
higress-wasmplugin-test (RUST)	UNKNOWN STEP	2026-09-23T08:16:37.5821405Z tmpfs                5120        0      5120   0% /run/lock
higress-wasmplugin-test (RUST)	UNKNOWN STEP	2026-09-23T08:16:37.5821868Z cgroup2                 0        0         0    - /sys/fs/cgroup
higress-wasmplugin-test (RUST)	UNKNOWN STEP	2026-09-23T08:16:37.5822364Z pstore                  0        0         0    - /sys/fs/pstore
higress-wasmplugin-test (RUST)	UNKNOWN STEP	2026-09-23T08:16:37.5822867Z efivarfs                0        0         0    - /sys/firmware/efi/efivars
higress-wasmplugin-test (RUST)	UNKNOWN STEP	2026-09-23T08:16:37.5823368Z bpf                     0        0         0    - /sys/fs/bpf
higress-wasmplugin-test (RUST)	UNKNOWN STEP	2026-09-23T08:16:37.5823980Z systemd-1               -        -         -    - /proc/sys/fs/binfmt_misc
higress-wasmplugin-test (RUST)	UNKNOWN STEP	2026-09-23T08:16:37.5824558Z hugetlbfs               0        0         0    - /dev/hugepages
higress-wasmplugin-test (RUST)	UNKNOWN STEP	2026-09-23T08:16:37.5825027Z mqueue                  0        0         0    - /dev/mqueue
higress-wasmplugin-test (RUST)	UNKNOWN STEP	2026-09-23T08:16:37.5827207Z debugfs                 0        0         0    - /sys/kernel/debug
higress-wasmplugin-test (RUST)	UNKNOWN STEP	2026-09-23T08:16:37.5827711Z tracefs                 0        0         0    - /sys/kernel/tracing
higress-wasmplugin-test (RUST)	UNKNOWN STEP	2026-09-23T08:16:37.5828115Z fusectl                 0        0         0    - /sys/fs/fuse/connections
higress-wasmplugin-test (RUST)	UNKNOWN STEP	2026-09-23T08:16:37.5828429Z configfs                0        0         0    - /sys/kernel/config
higress-wasmplugin-test (RUST)	UNKNOWN STEP	2026-09-23T08:16:37.5828758Z ramfs                   0        0         0    - /run/credentials/systemd-sysusers.service
higress-wasmplugin-test (RUST)	UNKNOWN STEP	2026-09-23T08:16:37.5829100Z /dev/loop0          75776    75776         0 100% /snap/core22/2411
higress-wasmplugin-test (RUST)	UNKNOWN STEP	2026-09-23T08:16:37.5829432Z /dev/loop1         118144   118144         0 100% /snap/lxd/40338
higress-wasmplugin-test (RUST)	UNKNOWN STEP	2026-09-23T08:16:37.5829863Z /dev/loop2          51328    51328         0 100% /snap/snapd/27591
higress-wasmplugin-test (RUST)	UNKNOWN STEP	2026-09-23T08:16:37.5830284Z /dev/nvme0n1p15    106832     6194    100638   6% /boot/efi
higress-wasmplugin-test (RUST)	UNKNOWN STEP	2026-09-23T08:16:37.5830742Z binfmt_misc             0        0         0    - /proc/sys/fs/binfmt_misc
higress-wasmplugin-test (RUST)	UNKNOWN STEP	2026-09-23T08:16:37.5831404Z tmpfs             3274292     1020   3273272   1% /run/snapd/ns
higress-wasmplugin-test (RUST)	UNKNOWN STEP	2026-09-23T08:16:37.5831800Z tmpfs             1637144       12   1637132   1% /run/user/1001
higress-wasmplugin-test (RUST)	UNKNOWN STEP	2026-09-23T08:16:37.5832199Z nsfs                    0        0         0    - /run/snapd/ns/lxd.mnt
higress-wasmplugin-test (RUST)	UNKNOWN STEP	2026-09-23T08:16:37.5832617Z ================================================================================
higress-wasmplugin-test (RUST)	UNKNOWN STEP	2026-09-23T08:16:37.5832886Z 
higress-wasmplugin-test (RUST)	UNKNOWN STEP	2026-09-23T08:16:55.2573017Z 
higress-wasmplugin-test (RUST)	UNKNOWN STEP	2026-09-23T08:16:55.2578341Z ********************************************************************************
higress-wasmplugin-test (RUST)	UNKNOWN STEP	2026-09-23T08:16:55.3162956Z => Android library: Saved 11GiB
higress-wasmplugin-test (RUST)	UNKNOWN STEP	2026-09-23T08:16:55.3167946Z ********************************************************************************
higress-wasmplugin-test (RUST)	UNKNOWN STEP	2026-09-23T08:16:55.3168227Z 
higress-wasmplugin-test (RUST)	UNKNOWN STEP	2026-09-23T08:16:58.3383779Z 
higress-wasmplugin-test (RUST)	UNKNOWN STEP	2026-09-23T08:16:58.3388327Z ********************************************************************************
higress-wasmplugin-test (RUST)	UNKNOWN STEP	2026-09-23T08:16:58.3402934Z => .NET runtime: Saved 5.4GiB
higress-wasmplugin-test (RUST)	UNKNOWN STEP	2026-09-23T08:16:58.3408222Z ********************************************************************************
higress-wasmplugin-test (RUST)	UNKNOWN STEP	2026-09-23T08:16:58.3408521Z 
higress-wasmplugin-test (RUST)	UNKNOWN STEP	2026-09-23T08:16:59.0716054Z 
higress-wasmplugin-test (RUST)	UNKNOWN STEP	2026-09-23T08:16:59.0721234Z ********************************************************************************
higress-wasmplugin-test (RUST)	UNKNOWN STEP	2026-09-23T08:16:59.0736638Z => Haskell runtime: Saved 3.6GiB
higress-wasmplugin-test (RUST)	UNKNOWN STEP	2026-09-23T08:16:59.0741504Z ********************************************************************************
higress-wasmplugin-test (RUST)	UNKNOWN STEP	2026-09-23T08:16:59.0741849Z 
higress-wasmplugin-test (RUST)	UNKNOWN STEP	2026-09-23T08:17:01.9718212Z Reading package lists...
higress-wasmplugin-test (RUST)	UNKNOWN STEP	2026-09-23T08:17:02.4135977Z Building dependency tree...
higress-wasmplugin-test (RUST)	UNKNOWN STEP	2026-09-23T08:17:02.4150482Z Reading state information...
higress-wasmplugin-test (RUST)	UNKNOWN STEP	2026-09-23T08:17:02.7005481Z Package 'aspnetcore-targeting-pack-3.1' is not installed, so not removed
higress-wasmplugin-test (RUST)	UNKNOWN STEP	2026-09-23T08:17:02.7006140Z Package 'aspnetcore-runtime-6.0' is not installed, so not removed
higress-wasmplugin-test (RUST)	UNKNOWN STEP	2026-09-23T08:17:02.7006561Z Package 'aspnetcore-targeting-pack-6.0' is not installed, so not removed
higress-wasmplugin-test (RUST)	UNKNOWN STEP	2026-09-23T08:17:02.7006981Z Package 'aspnetcore-runtime-7.0' is not installed, so not removed
higress-wasmplugin-test (RUST)	UNKNOWN STEP	2026-09-23T08:17:02.7007406Z Package 'aspnetcore-runtime-dbg-8.0' is not installed, so not removed
higress-wasmplugin-test (RUST)	UNKNOWN STEP	2026-09-23T08:17:02.7007811Z Package 'aspnetcore-targeting-pack-7.0' is not installed, so not removed
higress-wasmplugin-test (RUST)	UNKNOWN STEP	2026-09-23T08:17:02.7008225Z Package 'aspnetcore-runtime-3.1' is not installed, so not removed
higress-wasmplugin-test (RUST)	UNKNOWN STEP	2026-09-23T08:17:02.7008609Z Package 'aspnetcore-targeting-pack-9.0' is not installed, so not removed
higress-wasmplugin-test (RUST)	UNKNOWN STEP	2026-09-23T08:17:02.7009013Z Package 'aspnetcore-targeting-pack-8.0' is not installed, so not removed
higress-wasmplugin-test (RUST)	UNKNOWN STEP	2026-09-23T08:17:02.7009590Z Package 'aspnetcore-runtime-9.0' is not installed, so not removed
higress-wasmplugin-test (RUST)	UNKNOWN STEP	2026-09-23T08:17:02.7010032Z Package 'aspnetcore-runtime-8.0' is not installed, so not removed
higress-wasmplugin-test (RUST)	UNKNOWN STEP	2026-09-23T08:17:02.7010530Z 0 upgraded, 0 newly installed, 0 to remove and 8 not upgraded.
higress-wasmplugin-test (RUST)	UNKNOWN STEP	2026-09-23T08:17:02.7484739Z Reading package lists...
higress-wasmplugin-test (RUST)	UNKNOWN STEP	2026-09-23T08:17:02.9753720Z Building dependency tree...
higress-wasmplugin-test (RUST)	UNKNOWN STEP	2026-09-23T08:17:02.9764063Z Reading state information...
higress-wasmplugin-test (RUST)	UNKNOWN STEP	2026-09-23T08:17:03.2536391Z Package 'dotnet-nightly' is not installed, so not removed
higress-wasmplugin-test (RUST)	UNKNOWN STEP	2026-09-23T08:17:03.2536942Z Package 'dotnet-targeting-pack-3.1' is not installed, so not removed
higress-wasmplugin-test (RUST)	UNKNOWN STEP	2026-09-23T08:17:03.2537440Z Package 'dotnet-apphost-pack-6.0' is not installed, so not removed
higress-wasmplugin-test (RUST)	UNKNOWN STEP	2026-09-23T08:17:03.2537894Z Package 'dotnet-host-8.0' is not installed, so not removed
higress-wasmplugin-test (RUST)	UNKNOWN STEP	2026-09-23T08:17:03.2538319Z Package 'dotnet-hostfxr-6.0' is not installed, so not removed
higress-wasmplugin-test (RUST)	UNKNOWN STEP	2026-09-23T08:17:03.2538737Z Package 'dotnet-runtime-6.0' is not installed, so not removed
higress-wasmplugin-test (RUST)	UNKNOWN STEP	2026-09-23T08:17:03.2539230Z Package 'dotnet-sdk-6.0-source-built-artifacts' is not installed, so not removed
higress-wasmplugin-test (RUST)	UNKNOWN STEP	2026-09-23T08:17:03.2539786Z Package 'dotnet-sdk-8.0-source-built-artifacts' is not installed, so not removed
higress-wasmplugin-test (RUST)	UNKNOWN STEP	2026-09-23T08:17:03.2540297Z Package 'dotnet-targeting-pack-6.0' is not installed, so not removed
higress-wasmplugin-test (RUST)	UNKNOWN STEP	2026-09-23T08:17:03.2540820Z Package 'dotnet-templates-6.0' is not installed, so not removed
higress-wasmplugin-test (RUST)	UNKNOWN STEP	2026-09-23T08:17:03.2541270Z Package 'dotnet-templates-8.0' is not installed, so not removed
higress-wasmplugin-test (RUST)	UNKNOWN STEP	2026-09-23T08:17:03.2541729Z Package 'dotnet-apphost-pack-7.0' is not installed, so not removed
higress-wasmplugin-test (RUST)	UNKNOWN STEP	2026-09-23T08:17:03.2542702Z Package 'dotnet-host-7.0' is not installed, so not removed
higress-wasmplugin-test (RUST)	UNKNOWN STEP	2026-09-23T08:17:03.2543198Z Package 'dotnet-hostfxr-7.0' is not installed, so not removed
higress-wasmplugin-test (RUST)	UNKNOWN STEP	2026-09-23T08:17:03.2543709Z Package 'dotnet-runtime-7.0' is not installed, so not removed
higress-wasmplugin-test (RUST)	UNKNOWN STEP	2026-09-23T08:17:03.2544385Z Package 'dotnet-runtime-dbg-8.0' is not installed, so not removed
higress-wasmplugin-test (RUST)	UNKNOWN STEP	2026-09-23T08:17:03.2544959Z Package 'dotnet-sdk-7.0-source-built-artifacts' is not installed, so not removed
higress-wasmplugin-test (RUST)	UNKNOWN STEP	2026-09-23T08:17:03.2545550Z Package 'dotnet-sdk-dbg-8.0' is not installed, so not removed
higress-wasmplugin-test (RUST)	UNKNOWN STEP	2026-09-23T08:17:03.2546098Z Package 'dotnet-targeting-pack-7.0' is not installed, so not removed
higress-wasmplugin-test (RUST)	UNKNOWN STEP	2026-09-23T08:17:03.2546629Z Package 'dotnet-templates-7.0' is not installed, so not removed
higress-wasmplugin-test (RUST)	UNKNOWN STEP	2026-09-23T08:17:03.2547127Z Package 'dotnet-sdk-8.0' is not installed, so not removed
higress-wasmplugin-test (RUST)	UNKNOWN STEP	2026-09-23T08:17:03.2547603Z Package 'dotnet-runtime-3.1' is not installed, so not removed
higress-wasmplugin-test (RUST)	UNKNOWN STEP	2026-09-23T08:17:03.2548095Z Package 'dotnet-sdk-6.0' is not installed, so not removed
higress-wasmplugin-test (RUST)	UNKNOWN STEP	2026-09-23T08:17:03.2548565Z Package 'dotnet-runtime-deps-6.0' is not installed, so not removed
higress-wasmplugin-test (RUST)	UNKNOWN STEP	2026-09-23T08:17:03.2549509Z Package 'dotnet-apphost-pack-8.0' is not installed, so not removed
higress-wasmplugin-test (RUST)	UNKNOWN STEP	2026-09-23T08:17:03.2549999Z Package 'dotnet-sdk-7.0' is not installed, so not removed
higress-wasmplugin-test (RUST)	UNKNOWN STEP	2026-09-23T08:17:03.2550467Z Package 'dotnet-runtime-deps-7.0' is not installed, so not removed
higress-wasmplugin-test (RUST)	UNKNOWN STEP	2026-09-23T08:17:03.2550966Z Package 'dotnet-apphost-pack-9.0' is not installed, so not removed
higress-wasmplugin-test (RUST)	UNKNOWN STEP	2026-09-23T08:17:03.2551470Z Package 'dotnet-targeting-pack-9.0' is not installed, so not removed
higress-wasmplugin-test (RUST)	UNKNOWN STEP	2026-09-23T08:17:03.2551918Z Package 'dotnet-host' is not installed, so not removed
higress-wasmplugin-test (RUST)	UNKNOWN STEP	2026-09-23T08:17:03.2552253Z Package 'dotnet-runtime-deps-8.0' is not installed, so not removed
higress-wasmplugin-test (RUST)	UNKNOWN STEP	2026-09-23T08:17:03.2552592Z Package 'dotnet-sdk-3.1' is not installed, so not removed
higress-wasmplugin-test (RUST)	UNKNOWN STEP	2026-09-23T08:17:03.2552936Z Package 'dotnet-targeting-pack-8.0' is not installed, so not removed
higress-wasmplugin-test (RUST)	UNKNOWN STEP	2026-09-23T08:17:03.2553303Z Package 'dotnet-runtime-deps-3.1' is not installed, so not removed
higress-wasmplugin-test (RUST)	UNKNOWN STEP	2026-09-23T08:17:03.2553674Z Package 'dotnet-sdk-9.0' is not installed, so not removed
higress-wasmplugin-test (RUST)	UNKNOWN STEP	2026-09-23T08:17:03.2554279Z Package 'dotnet-apphost-pack-3.1' is not installed, so not removed
higress-wasmplugin-test (RUST)	UNKNOWN STEP	2026-09-23T08:17:03.2554643Z Package 'dotnet-runtime-deps-9.0' is not installed, so not removed
higress-wasmplugin-test (RUST)	UNKNOWN STEP	2026-09-23T08:17:03.2555004Z Package 'dotnet-runtime-8.0' is not installed, so not removed
higress-wasmplugin-test (RUST)	UNKNOWN STEP	2026-09-23T08:17:03.2555342Z Package 'dotnet-hostfxr-8.0' is not installed, so not removed
higress-wasmplugin-test (RUST)	UNKNOWN STEP	2026-09-23T08:17:03.2555678Z Package 'dotnet-hostfxr-3.1' is not installed, so not removed
higress-wasmplugin-test (RUST)	UNKNOWN STEP	2026-09-23T08:17:03.2556012Z Package 'dotnet-runtime-9.0' is not installed, so not removed
higress-wasmplugin-test (RUST)	UNKNOWN STEP	2026-09-23T08:17:03.2556337Z Package 'dotnet-hostfxr-9.0' is not installed, so not removed
higress-wasmplugin-test (RUST)	UNKNOWN STEP	2026-09-23T08:17:03.2556679Z 0 upgraded, 0 newly installed, 0 to remove and 8 not upgraded.
higress-wasmplugin-test (RUST)	UNKNOWN STEP	2026-09-23T08:17:03.3003708Z Reading package lists...
higress-wasmplugin-test (RUST)	UNKNOWN STEP	2026-09-23T08:17:03.5112083Z Building dependency tree...
higress-wasmplugin-test (RUST)	UNKNOWN STEP	2026-09-23T08:17:03.5120191Z Reading state information...
higress-wasmplugin-test (RUST)	UNKNOWN STEP	2026-09-23T08:17:03.7670147Z Package 'llvm-17' is not installed, so not removed
higress-wasmplugin-test (RUST)	UNKNOWN STEP	2026-09-23T08:17:03.7670686Z Package 'llvm-18' is not installed, so not removed
higress-wasmplugin-test (RUST)	UNKNOWN STEP	2026-09-23T08:17:03.7670994Z Package 'llvm-19' is not installed, so not removed
higress-wasmplugin-test (RUST)	UNKNOWN STEP	2026-09-23T08:17:03.7671629Z Package 'llvm-21' is not installed, so not removed
higress-wasmplugin-test (RUST)	UNKNOWN STEP	2026-09-23T08:17:03.7671996Z Package 'llvm-11' is not installed, so not removed
higress-wasmplugin-test (RUST)	UNKNOWN STEP	2026-09-23T08:17:03.7672745Z Package 'llvm-11-dev' is not installed, so not removed
higress-wasmplugin-test (RUST)	UNKNOWN STEP	2026-09-23T08:17:03.7673241Z Package 'llvm-11-doc' is not installed, so not removed
higress-wasmplugin-test (RUST)	UNKNOWN STEP	2026-09-23T08:17:03.7673637Z Package 'llvm-11-examples' is not installed, so not removed
higress-wasmplugin-test (RUST)	UNKNOWN STEP	2026-09-23T08:17:03.7674278Z Package 'llvm-11-linker-tools' is not installed, so not removed
higress-wasmplugin-test (RUST)	UNKNOWN STEP	2026-09-23T08:17:03.7674696Z Package 'llvm-11-runtime' is not installed, so not removed
higress-wasmplugin-test (RUST)	UNKNOWN STEP	2026-09-23T08:17:03.7675092Z Package 'llvm-11-tools' is not installed, so not removed
higress-wasmplugin-test (RUST)	UNKNOWN STEP	2026-09-23T08:17:03.7675450Z Package 'llvm-12' is not installed, so not removed
higress-wasmplugin-test (RUST)	UNKNOWN STEP	2026-09-23T08:17:03.7676281Z Package 'llvm-12-dev' is not installed, so not removed
higress-wasmplugin-test (RUST)	UNKNOWN STEP	2026-09-23T08:17:03.7676735Z Package 'llvm-12-doc' is not installed, so not removed
higress-wasmplugin-test (RUST)	UNKNOWN STEP	2026-09-23T08:17:03.7677249Z Package 'llvm-12-examples' is not installed, so not removed
higress-wasmplugin-test (RUST)	UNKNOWN STEP	2026-09-23T08:17:03.7677790Z Package 'llvm-12-linker-tools' is not installed, so not removed
higress-wasmplugin-test (RUST)	UNKNOWN STEP	2026-09-23T08:17:03.7678329Z Package 'llvm-12-runtime' is not installed, so not removed
higress-wasmplugin-test (RUST)	UNKNOWN STEP	2026-09-23T08:17:03.7678818Z Package 'llvm-12-tools' is not installed, so not removed
higress-wasmplugin-test (RUST)	UNKNOWN STEP	2026-09-23T08:17:03.7679280Z Package 'llvm-dev' is not installed, so not removed
higress-wasmplugin-test (RUST)	UNKNOWN STEP	2026-09-23T08:17:03.7679744Z Package 'llvm-runtime' is not installed, so not removed
higress-wasmplugin-test (RUST)	UNKNOWN STEP	2026-09-23T08:17:03.7680218Z Package 'llvm-spirv' is not installed, so not removed
higress-wasmplugin-test (RUST)	UNKNOWN STEP	2026-09-23T08:17:03.7680711Z Package 'llvm-spirv-12' is not installed, so not removed
higress-wasmplugin-test (RUST)	UNKNOWN STEP	2026-09-23T08:17:03.7681119Z Package 'llvm-15-doc' is not installed, so not removed
higress-wasmplugin-test (RUST)	UNKNOWN STEP	2026-09-23T08:17:03.7681433Z Package 'llvm-15-examples' is not installed, so not removed
higress-wasmplugin-test (RUST)	UNKNOWN STEP	2026-09-23T08:17:03.7681753Z Package 'llvm-13-doc' is not installed, so not removed
higress-wasmplugin-test (RUST)	UNKNOWN STEP	2026-09-23T08:17:03.7682072Z Package 'llvm-13-examples' is not installed, so not removed
higress-wasmplugin-test (RUST)	UNKNOWN STEP	2026-09-23T08:17:03.7682486Z Package 'llvm-14-doc' is not installed, so not removed
higress-wasmplugin-test (RUST)	UNKNOWN STEP	2026-09-23T08:17:03.7682795Z Package 'llvm-14-examples' is not installed, so not removed
higress-wasmplugin-test (RUST)	UNKNOWN STEP	2026-09-23T08:17:03.7683111Z Package 'llvm-spirv-14' is not installed, so not removed
higress-wasmplugin-test (RUST)	UNKNOWN STEP	2026-09-23T08:17:03.7683420Z Package 'llvm-spirv-15' is not installed, so not removed
higress-wasmplugin-test (RUST)	UNKNOWN STEP	2026-09-23T08:17:03.7683707Z The following packages will be REMOVED:
higress-wasmplugin-test (RUST)	UNKNOWN STEP	2026-09-23T08:17:03.7684263Z   clang-13 clang-14 clang-15 clang-tidy-13 clang-tidy-14 clang-tidy-15
higress-wasmplugin-test (RUST)	UNKNOWN STEP	2026-09-23T08:17:03.7684808Z   clang-tools-13 clang-tools-14 clang-tools-15 lldb-14 llvm-13 llvm-13-dev
higress-wasmplugin-test (RUST)	UNKNOWN STEP	2026-09-23T08:17:03.7685222Z   llvm-13-linker-tools llvm-13-runtime llvm-13-tools llvm-14 llvm-14-dev
higress-wasmplugin-test (RUST)	UNKNOWN STEP	2026-09-23T08:17:03.7685631Z   llvm-14-linker-tools llvm-14-runtime llvm-14-tools llvm-15 llvm-15-dev
higress-wasmplugin-test (RUST)	UNKNOWN STEP	2026-09-23T08:17:03.7685985Z   llvm-15-linker-tools llvm-15-runtime llvm-15-tools
higress-wasmplugin-test (RUST)	UNKNOWN STEP	2026-09-23T08:17:04.0291145Z 0 upgraded, 0 newly installed, 25 to remove and 8 not upgraded.
higress-wasmplugin-test (RUST)	UNKNOWN STEP	2026-09-23T08:17:04.0291726Z After this operation, 1150 MB disk space will be freed.
higress-wasmplugin-test (RUST)	UNKNOWN STEP	2026-09-23T08:17:04.0648433Z (Reading database ... 
higress-wasmplugin-test (RUST)	UNKNOWN STEP	2026-09-23T08:17:04.0648878Z (Reading database ... 5%
higress-wasmplugin-test (RUST)	UNKNOWN STEP	2026-09-23T08:17:04.0649191Z (Reading database ... 10%
higress-wasmplugin-test (RUST)	UNKNOWN STEP	2026-09-23T08:17:04.0649515Z (Reading database ... 15%
higress-wasmplugin-test (RUST)	UNKNOWN STEP	2026-09-23T08:17:04.0649854Z (Reading database ... 20%
higress-wasmplugin-test (RUST)	UNKNOWN STEP	2026-09-23T08:17:04.0650212Z (Reading database ... 25%
higress-wasmplugin-test (RUST)	UNKNOWN STEP	2026-09-23T08:17:04.0650564Z (Reading database ... 30%
higress-wasmplugin-test (RUST)	UNKNOWN STEP	2026-09-23T08:17:04.0650901Z (Reading database ... 35%
higress-wasmplugin-test (RUST)	UNKNOWN STEP	2026-09-23T08:17:04.0651226Z (Reading database ... 40%
higress-wasmplugin-test (RUST)	UNKNOWN STEP	2026-09-23T08:17:04.0651632Z (Reading database ... 45%
higress-wasmplugin-test (RUST)	UNKNOWN STEP	2026-09-23T08:17:04.0652062Z (Reading database ... 50%
higress-wasmplugin-test (RUST)	UNKNOWN STEP	2026-09-23T08:17:04.0952701Z (Reading database ... 55%
higress-wasmplugin-test (RUST)	UNKNOWN STEP	2026-09-23T08:17:04.3007924Z (Reading database ... 60%
higress-wasmplugin-test (RUST)	UNKNOWN STEP	2026-09-23T08:17:04.5482244Z (Reading database ... 65%
higress-wasmplugin-test (RUST)	UNKNOWN STEP	2026-09-23T08:17:04.8030837Z (Reading database ... 70%
higress-wasmplugin-test (RUST)	UNKNOWN STEP	2026-09-23T08:17:04.9864046Z (Reading database ... 75%
higress-wasmplugin-test (RUST)	UNKNOWN STEP	2026-09-23T08:17:05.1505920Z (Reading database ... 80%
higress-wasmplugin-test (RUST)	UNKNOWN STEP	2026-09-23T08:17:05.3966464Z (Reading database ... 85%
higress-wasmplugin-test (RUST)	UNKNOWN STEP	2026-09-23T08:17:05.6224909Z (Reading database ... 90%
higress-wasmplugin-test (RUST)	UNKNOWN STEP	2026-09-23T08:17:05.7938148Z (Reading database ... 95%
higress-wasmplugin-test (RUST)	UNKNOWN STEP	2026-09-23T08:17:05.7938615Z (Reading database ... 100%
higress-wasmplugin-test (RUST)	UNKNOWN STEP	2026-09-23T08:17:05.7939118Z (Reading database ... 262147 files and directories currently installed.)
higress-wasmplugin-test (RUST)	UNKNOWN STEP	2026-09-23T08:17:05.8002186Z Removing clang-tidy-13 (1:13.0.1-2ubuntu2.2) ...
higress-wasmplugin-test (RUST)	UNKNOWN STEP	2026-09-23T08:17:05.8311611Z Removing clang-tools-13 (1:13.0.1-2ubuntu2.2) ...
higress-wasmplugin-test (RUST)	UNKNOWN STEP	2026-09-23T08:17:05.8682355Z Removing clang-13 (1:13.0.1-2ubuntu2.2) ...
higress-wasmplugin-test (RUST)	UNKNOWN STEP	2026-09-23T08:17:05.8975649Z Removing clang-tidy-14 (1:14.0.0-1ubuntu1.1) ...
higress-wasmplugin-test (RUST)	UNKNOWN STEP	2026-09-23T08:17:05.9260170Z Removing clang-tools-14 (1:14.0.0-1ubuntu1.1) ...
higress-wasmplugin-test (RUST)	UNKNOWN STEP	2026-09-23T08:17:05.9607575Z Removing clang-14 (1:14.0.0-1ubuntu1.1) ...
higress-wasmplugin-test (RUST)	UNKNOWN STEP	2026-09-23T08:17:05.9858055Z Removing clang-tidy-15 (1:15.0.7-0ubuntu0.22.04.3) ...
higress-wasmplugin-test (RUST)	UNKNOWN STEP	2026-09-23T08:17:06.0253584Z Removing clang-tools-15 (1:15.0.7-0ubuntu0.22.04.3) ...
higress-wasmplugin-test (RUST)	UNKNOWN STEP	2026-09-23T08:17:06.0487776Z Removing clang-15 (1:15.0.7-0ubuntu0.22.04.3) ...
higress-wasmplugin-test (RUST)	UNKNOWN STEP	2026-09-23T08:17:06.0740189Z Removing lldb-14 (1:14.0.0-1ubuntu1.1) ...
higress-wasmplugin-test (RUST)	UNKNOWN STEP	2026-09-23T08:17:06.1039489Z Removing llvm-13-dev (1:13.0.1-2ubuntu2.2) ...
higress-wasmplugin-test (RUST)	UNKNOWN STEP	2026-09-23T08:17:06.2754275Z Removing llvm-13 (1:13.0.1-2ubuntu2.2) ...
higress-wasmplugin-test (RUST)	UNKNOWN STEP	2026-09-23T08:17:06.2965110Z Removing llvm-13-linker-tools (1:13.0.1-2ubuntu2.2) ...
higress-wasmplugin-test (RUST)	UNKNOWN STEP	2026-09-23T08:17:06.3185598Z Removing llvm-13-runtime (1:13.0.1-2ubuntu2.2) ...
higress-wasmplugin-test (RUST)	UNKNOWN STEP	2026-09-23T08:17:06.3514822Z Removing llvm-13-tools (1:13.0.1-2ubuntu2.2) ...
higress-wasmplugin-test (RUST)	UNKNOWN STEP	2026-09-23T08:17:06.4572522Z Removing llvm-14-dev (1:14.0.0-1ubuntu1.1) ...
higress-wasmplugin-test (RUST)	UNKNOWN STEP	2026-09-23T08:17:06.6695517Z Removing llvm-14 (1:14.0.0-1ubuntu1.1) ...
higress-wasmplugin-test (RUST)	UNKNOWN STEP	2026-09-23T08:17:06.6911571Z Removing llvm-14-linker-tools (1:14.0.0-1ubuntu1.1) ...
higress-wasmplugin-test (RUST)	UNKNOWN STEP	2026-09-23T08:17:06.7092007Z Removing llvm-14-runtime (1:14.0.0-1ubuntu1.1) ...
higress-wasmplugin-test (RUST)	UNKNOWN STEP	2026-09-23T08:17:06.7446478Z Removing llvm-14-tools (1:14.0.0-1ubuntu1.1) ...
higress-wasmplugin-test (RUST)	UNKNOWN STEP	2026-09-23T08:17:06.8531661Z Removing llvm-15-dev (1:15.0.7-0ubuntu0.22.04.3) ...
higress-wasmplugin-test (RUST)	UNKNOWN STEP	2026-09-23T08:17:07.0381607Z Removing llvm-15 (1:15.0.7-0ubuntu0.22.04.3) ...
higress-wasmplugin-test (RUST)	UNKNOWN STEP	2026-09-23T08:17:07.0619196Z Removing llvm-15-linker-tools (1:15.0.7-0ubuntu0.22.04.3) ...
higress-wasmplugin-test (RUST)	UNKNOWN STEP	2026-09-23T08:17:07.0812235Z Removing llvm-15-runtime (1:15.0.7-0ubuntu0.22.04.3) ...
higress-wasmplugin-test (RUST)	UNKNOWN STEP	2026-09-23T08:17:07.1170808Z Removing llvm-15-tools (1:15.0.7-0ubuntu0.22.04.3) ...
higress-wasmplugin-test (RUST)	UNKNOWN STEP	2026-09-23T08:17:07.2433373Z Processing triggers for man-db (2.10.2-1) ...
higress-wasmplugin-test (RUST)	UNKNOWN STEP	2026-09-23T08:17:07.2456552Z Not building database; man-db/auto-update is not 'true'.
higress-wasmplugin-test (RUST)	UNKNOWN STEP	2026-09-23T08:17:07.2470852Z Processing triggers for libc-bin (2.35-0ubuntu3.14) ...
higress-wasmplugin-test (RUST)	UNKNOWN STEP	2026-09-23T08:17:11.4134997Z Reading package lists...
higress-wasmplugin-test (RUST)	UNKNOWN STEP	2026-09-23T08:17:11.6332987Z Building dependency tree...
higress-wasmplugin-test (RUST)	UNKNOWN STEP	2026-09-23T08:17:11.6341247Z Reading state information...
higress-wasmplugin-test (RUST)	UNKNOWN STEP	2026-09-23T08:17:11.7445004Z Package 'php-lua' is not installed, so not removed
higress-wasmplugin-test (RUST)	UNKNOWN STEP	2026-09-23T08:17:11.7445922Z Package 'php-mysqlnd-ms' is not installed, so not removed
higress-wasmplugin-test (RUST)	UNKNOWN STEP	2026-09-23T08:17:11.7446376Z Package 'php-radius' is not installed, so not removed
higress-wasmplugin-test (RUST)	UNKNOWN STEP	2026-09-23T08:17:11.7447233Z Package 'php-stomp' is not installed, so not removed
higress-wasmplugin-test (RUST)	UNKNOWN STEP	2026-09-23T08:17:11.7447760Z Package 'php5.6-common' is not installed, so not removed
higress-wasmplugin-test (RUST)	UNKNOWN STEP	2026-09-23T08:17:11.7448189Z Package 'php5.6-json' is not installed, so not removed
higress-wasmplugin-test (RUST)	UNKNOWN STEP	2026-09-23T08:17:11.7448653Z Package 'php7.0-common' is not installed, so not removed
higress-wasmplugin-test (RUST)	UNKNOWN STEP	2026-09-23T08:17:11.7449132Z Package 'php7.1-common' is not installed, so not removed
higress-wasmplugin-test (RUST)	UNKNOWN STEP	2026-09-23T08:17:11.7449605Z Package 'php7.2-common' is not installed, so not removed
higress-wasmplugin-test (RUST)	UNKNOWN STEP	2026-09-23T08:17:11.7450078Z Package 'php7.3-common' is not installed, so not removed
higress-wasmplugin-test (RUST)	UNKNOWN STEP	2026-09-23T08:17:11.7450560Z Package 'php7.4-common' is not installed, so not removed
higress-wasmplugin-test (RUST)	UNKNOWN STEP	2026-09-23T08:17:11.7451027Z Package 'php8.0-common' is not installed, so not removed
higress-wasmplugin-test (RUST)	UNKNOWN STEP	2026-09-23T08:17:11.7451538Z Package 'php-pear-frontend-gtk' is not installed, so not removed
higress-wasmplugin-test (RUST)	UNKNOWN STEP	2026-09-23T08:17:11.7452115Z Package 'php-pear-frontend-web' is not installed, so not removed
higress-wasmplugin-test (RUST)	UNKNOWN STEP	2026-09-23T08:17:11.7452630Z Package 'php7.0-curl' is not installed, so not removed
higress-wasmplugin-test (RUST)	UNKNOWN STEP	2026-09-23T08:17:11.7453116Z Package 'php7.2-sodium' is not installed, so not removed
higress-wasmplugin-test (RUST)	UNKNOWN STEP	2026-09-23T08:17:11.7453576Z Package 'php5-cli' is not installed, so not removed
higress-wasmplugin-test (RUST)	UNKNOWN STEP	2026-09-23T08:17:11.7454144Z Package 'php5-curl' is not installed, so not removed
higress-wasmplugin-test (RUST)	UNKNOWN STEP	2026-09-23T08:17:11.7454640Z Package 'php-mcrypt' is not installed, so not removed
higress-wasmplugin-test (RUST)	UNKNOWN STEP	2026-09-23T08:17:11.7455099Z Package 'php5-mysql' is not installed, so not removed
higress-wasmplugin-test (RUST)	UNKNOWN STEP	2026-09-23T08:17:11.7455565Z Package 'php5-pgsql' is not installed, so not removed
higress-wasmplugin-test (RUST)	UNKNOWN STEP	2026-09-23T08:17:11.7455994Z Package 'php5-sqlite' is not installed, so not removed
higress-wasmplugin-test (RUST)	UNKNOWN STEP	2026-09-23T08:17:11.7456401Z Package 'php5' is not installed, so not removed
higress-wasmplugin-test (RUST)	UNKNOWN STEP	2026-09-23T08:17:11.7456796Z Package 'php5-ldap' is not installed, so not removed
higress-wasmplugin-test (RUST)	UNKNOWN STEP	2026-09-23T08:17:11.7457231Z Package 'php-mapscript' is not installed, so not removed
higress-wasmplugin-test (RUST)	UNKNOWN STEP	2026-09-23T08:17:11.7457651Z Package 'php-apc' is not installed, so not removed
higress-wasmplugin-test (RUST)	UNKNOWN STEP	2026-09-23T08:17:11.7458070Z Package 'php-suhosin' is not installed, so not removed
higress-wasmplugin-test (RUST)	UNKNOWN STEP	2026-09-23T08:17:11.7458982Z Package 'libapache2-mod-php5' is not installed, so not removed
higress-wasmplugin-test (RUST)	UNKNOWN STEP	2026-09-23T08:17:11.7459484Z Package 'php5-fpm' is not installed, so not removed
higress-wasmplugin-test (RUST)	UNKNOWN STEP	2026-09-23T08:17:11.7459962Z Package 'libapache2-mod-suphp' is not installed, so not removed
higress-wasmplugin-test (RUST)	UNKNOWN STEP	2026-09-23T08:17:11.7460456Z Package 'libgv-php5' is not installed, so not removed
higress-wasmplugin-test (RUST)	UNKNOWN STEP	2026-09-23T08:17:11.7460886Z Package 'libow-php5' is not installed, so not removed
higress-wasmplugin-test (RUST)	UNKNOWN STEP	2026-09-23T08:17:11.7461385Z Package 'php-hayageek-oauth2-yahoo' is not installed, so not removed
higress-wasmplugin-test (RUST)	UNKNOWN STEP	2026-09-23T08:17:11.7461954Z Package 'php-league-oauth2-google' is not installed, so not removed
higress-wasmplugin-test (RUST)	UNKNOWN STEP	2026-09-23T08:17:11.7462576Z Package 'php-stevenmaguire-oauth2-microsoft' is not installed, so not removed
higress-wasmplugin-test (RUST)	UNKNOWN STEP	2026-09-23T08:17:11.7463155Z Package 'phpphylotree' is not installed, so not removed
higress-wasmplugin-test (RUST)	UNKNOWN STEP	2026-09-23T08:17:11.7463608Z Package 'php-xcache' is not installed, so not removed
higress-wasmplugin-test (RUST)	UNKNOWN STEP	2026-09-23T08:17:11.7464217Z Package 'php-async-aws-s3' is not installed, so not removed
higress-wasmplugin-test (RUST)	UNKNOWN STEP	2026-09-23T08:17:11.7464716Z Package 'php-console-color2' is not installed, so not removed
higress-wasmplugin-test (RUST)	UNKNOWN STEP	2026-09-23T08:17:11.7465266Z Package 'php-alcaeus-mongo-php-adapter' is not installed, so not removed
higress-wasmplugin-test (RUST)	UNKNOWN STEP	2026-09-23T08:17:11.7466163Z Package 'php-doctrine-phpcr-odm' is not installed, so not removed
higress-wasmplugin-test (RUST)	UNKNOWN STEP	2026-09-23T08:17:11.7466709Z Package 'php-doctrine-mongodb-odm' is not installed, so not removed
higress-wasmplugin-test (RUST)	UNKNOWN STEP	2026-09-23T08:17:11.7467223Z Package 'php-ml-json-ld' is not installed, so not removed
higress-wasmplugin-test (RUST)	UNKNOWN STEP	2026-09-23T08:17:11.7467691Z Package 'php-semsol-arc2' is not installed, so not removed
higress-wasmplugin-test (RUST)	UNKNOWN STEP	2026-09-23T08:17:11.7468160Z Package 'php-com-dotnet' is not installed, so not removed
higress-wasmplugin-test (RUST)	UNKNOWN STEP	2026-09-23T08:17:11.7468600Z Package 'php-rar' is not installed, so not removed
higress-wasmplugin-test (RUST)	UNKNOWN STEP	2026-09-23T08:17:11.7469125Z Package 'php-laminas-httphandlerrunner' is not installed, so not removed
higress-wasmplugin-test (RUST)	UNKNOWN STEP	2026-09-23T08:17:11.7469752Z Package 'php-cordoval-hamcrest-php' is not installed, so not removed
higress-wasmplugin-test (RUST)	UNKNOWN STEP	2026-09-23T08:17:11.7470366Z Package 'php-davedevelopment-hamcrest-php' is not installed, so not removed
higress-wasmplugin-test (RUST)	UNKNOWN STEP	2026-09-23T08:17:11.7470987Z Package 'php-kodova-hamcrest-php' is not installed, so not removed
higress-wasmplugin-test (RUST)	UNKNOWN STEP	2026-09-23T08:17:11.7471539Z Package 'php-scrutinizer-ocular' is not installed, so not removed
higress-wasmplugin-test (RUST)	UNKNOWN STEP	2026-09-23T08:17:11.7472091Z Package 'php-league-flysystem-sftp' is not installed, so not removed
higress-wasmplugin-test (RUST)	UNKNOWN STEP	2026-09-23T08:17:11.7472737Z Package 'php-league-flysystem-eventable-filesystem' is not installed, so not removed
higress-wasmplugin-test (RUST)	UNKNOWN STEP	2026-09-23T08:17:11.7473422Z Package 'php-league-flysystem-rackspace' is not installed, so not removed
higress-wasmplugin-test (RUST)	UNKNOWN STEP	2026-09-23T08:17:11.7474148Z Package 'php-league-flysystem-azure' is not installed, so not removed
higress-wasmplugin-test (RUST)	UNKNOWN STEP	2026-09-23T08:17:11.7474740Z Package 'php-league-flysystem-webdav' is not installed, so not removed
higress-wasmplugin-test (RUST)	UNKNOWN STEP	2026-09-23T08:17:11.7475345Z Package 'php-league-flysystem-aws-s3-v2' is not installed, so not removed
higress-wasmplugin-test (RUST)	UNKNOWN STEP	2026-09-23T08:17:11.7475970Z Package 'php-league-flysystem-aws-s3-v3' is not installed, so not removed
higress-wasmplugin-test (RUST)	UNKNOWN STEP	2026-09-23T08:17:11.7476581Z Package 'php-spatie-flysystem-dropbox' is not installed, so not removed
higress-wasmplugin-test (RUST)	UNKNOWN STEP	2026-09-23T08:17:11.7477223Z Package 'php-srmklive-flysystem-dropbox-v2' is not installed, so not removed
higress-wasmplugin-test (RUST)	UNKNOWN STEP	2026-09-23T08:17:11.7477896Z Package 'php-league-flysystem-cached-adapter' is not installed, so not removed
higress-wasmplugin-test (RUST)	UNKNOWN STEP	2026-09-23T08:17:11.7478567Z Package 'php-league-flysystem-ziparchive' is not installed, so not removed
higress-wasmplugin-test (RUST)	UNKNOWN STEP	2026-09-23T08:17:11.7479109Z Package 'php-sqlite' is not installed, so not removed
higress-wasmplugin-test (RUST)	UNKNOWN STEP	2026-09-23T08:17:11.7479535Z Package 'php-lzf' is not installed, so not removed
higress-wasmplugin-test (RUST)	UNKNOWN STEP	2026-09-23T08:17:11.7479986Z Package 'php-pnctl' is not installed, so not removed
higress-wasmplugin-test (RUST)	UNKNOWN STEP	2026-09-23T08:17:11.7480463Z Package 'php-mdb2-driver-fbsql' is not installed, so not removed
higress-wasmplugin-test (RUST)	UNKNOWN STEP	2026-09-23T08:17:11.7480985Z Package 'php-mdb2-driver-ibase' is not installed, so not removed
higress-wasmplugin-test (RUST)	UNKNOWN STEP	2026-09-23T08:17:11.7481512Z Package 'php-mdb2-driver-mssql' is not installed, so not removed
higress-wasmplugin-test (RUST)	UNKNOWN STEP	2026-09-23T08:17:11.7482048Z Package 'php-mdb2-driver-mysqli' is not installed, so not removed
higress-wasmplugin-test (RUST)	UNKNOWN STEP	2026-09-23T08:17:11.7482574Z Package 'php-mdb2-driver-oci8' is not installed, so not removed
higress-wasmplugin-test (RUST)	UNKNOWN STEP	2026-09-23T08:17:11.7483283Z Package 'php-mdb2-driver-odbc' is not installed, so not removed
higress-wasmplugin-test (RUST)	UNKNOWN STEP	2026-09-23T08:17:11.7483936Z Package 'php-mdb2-driver-querysim' is not installed, so not removed
higress-wasmplugin-test (RUST)	UNKNOWN STEP	2026-09-23T08:17:11.7484496Z Package 'php-mdb2-driver-sqlite' is not installed, so not removed
higress-wasmplugin-test (RUST)	UNKNOWN STEP	2026-09-23T08:17:11.7485021Z Package 'php-mdb2-driver-sqlsrv' is not installed, so not removed
higress-wasmplugin-test (RUST)	UNKNOWN STEP	2026-09-23T08:17:11.7485588Z Package 'php-barnabywalters-mf-cleaner' is not installed, so not removed
higress-wasmplugin-test (RUST)	UNKNOWN STEP	2026-09-23T08:17:11.7486153Z Package 'php-php-mock-phpunit' is not installed, so not removed
higress-wasmplugin-test (RUST)	UNKNOWN STEP	2026-09-23T08:17:11.7486666Z Package 'php-graylog2-gelf-php' is not installed, so not removed
higress-wasmplugin-test (RUST)	UNKNOWN STEP	2026-09-23T08:17:11.7487177Z Package 'php-doctrine-couchdb' is not installed, so not removed
higress-wasmplugin-test (RUST)	UNKNOWN STEP	2026-09-23T08:17:11.7487692Z Package 'php-ruflin-elastica' is not installed, so not removed
higress-wasmplugin-test (RUST)	UNKNOWN STEP	2026-09-23T08:17:11.7488191Z Package 'php-elasticsearch' is not installed, so not removed
higress-wasmplugin-test (RUST)	UNKNOWN STEP	2026-09-23T08:17:11.7488660Z Package 'php-aws-sdk' is not installed, so not removed
higress-wasmplugin-test (RUST)	UNKNOWN STEP	2026-09-23T08:17:11.7489113Z Package 'php-rollbar' is not installed, so not removed
higress-wasmplugin-test (RUST)	UNKNOWN STEP	2026-09-23T08:17:11.7489547Z Package 'php-console' is not installed, so not removed
higress-wasmplugin-test (RUST)	UNKNOWN STEP	2026-09-23T08:17:11.7490109Z Package 'php-wfio' is not installed, so not removed
higress-wasmplugin-test (RUST)	UNKNOWN STEP	2026-09-23T08:17:11.7490528Z Package 'php-dbase' is not installed, so not removed
higress-wasmplugin-test (RUST)	UNKNOWN STEP	2026-09-23T08:17:11.7490964Z Package 'php-libsodium' is not installed, so not removed
higress-wasmplugin-test (RUST)	UNKNOWN STEP	2026-09-23T08:17:11.7491422Z Package 'libphp-predis' is not installed, so not removed
higress-wasmplugin-test (RUST)	UNKNOWN STEP	2026-09-23T08:17:11.7491882Z Package 'php-phpiredis' is not installed, so not removed
higress-wasmplugin-test (RUST)	UNKNOWN STEP	2026-09-23T08:17:11.7492392Z Package 'php-ocramius-proxy-manager' is not installed, so not removed
higress-wasmplugin-test (RUST)	UNKNOWN STEP	2026-09-23T08:17:11.7492997Z Package 'php-zendframework-zend-stdlib' is not installed, so not removed
higress-wasmplugin-test (RUST)	UNKNOWN STEP	2026-09-23T08:17:11.7493562Z Package 'php-rhumsaa-uuid' is not installed, so not removed
higress-wasmplugin-test (RUST)	UNKNOWN STEP	2026-09-23T08:17:11.7494219Z Package 'php-moontoast-math' is not installed, so not removed
higress-wasmplugin-test (RUST)	UNKNOWN STEP	2026-09-23T08:17:11.7494738Z Package 'php-ramsey-uuid-console' is not installed, so not removed
higress-wasmplugin-test (RUST)	UNKNOWN STEP	2026-09-23T08:17:11.7495293Z Package 'php-ramsey-uuid-doctrine' is not installed, so not removed
higress-wasmplugin-test (RUST)	UNKNOWN STEP	2026-09-23T08:17:11.7495855Z Package 'php-paragonie-random-lib' is not installed, so not removed
higress-wasmplugin-test (RUST)	UNKNOWN STEP	2026-09-23T08:17:11.7496383Z Package 'php-crypt-blowfish' is not installed, so not removed
higress-wasmplugin-test (RUST)	UNKNOWN STEP	2026-09-23T08:17:11.7496850Z Package 'php-compat' is not installed, so not removed
higress-wasmplugin-test (RUST)	UNKNOWN STEP	2026-09-23T08:17:11.7497271Z Package 'php-cache' is not installed, so not removed
higress-wasmplugin-test (RUST)	UNKNOWN STEP	2026-09-23T08:17:11.7497724Z Package 'php-xml-serializer' is not installed, so not removed
higress-wasmplugin-test (RUST)	UNKNOWN STEP	2026-09-23T08:17:11.7498196Z Package 'libssh2-php' is not installed, so not removed
higress-wasmplugin-test (RUST)	UNKNOWN STEP	2026-09-23T08:17:11.7498702Z Package 'php-enqueue-messenger-adapter' is not installed, so not removed
higress-wasmplugin-test (RUST)	UNKNOWN STEP	2026-09-23T08:17:11.7499244Z Package 'php-numbers-words' is not installed, so not removed
higress-wasmplugin-test (RUST)	UNKNOWN STEP	2026-09-23T08:17:11.7499708Z Package 'php7.0-thrift' is not installed, so not removed
higress-wasmplugin-test (RUST)	UNKNOWN STEP	2026-09-23T08:17:11.7500158Z Package 'php7.2-thrift' is not installed, so not removed
higress-wasmplugin-test (RUST)	UNKNOWN STEP	2026-09-23T08:17:11.7500612Z Package 'php-net-idna' is not installed, so not removed
higress-wasmplugin-test (RUST)	UNKNOWN STEP	2026-09-23T08:17:11.7501049Z Package 'php-phpstan' is not installed, so not removed
higress-wasmplugin-test (RUST)	UNKNOWN STEP	2026-09-23T08:17:11.7501548Z Package 'php-vimeo-psalm' is not installed, so not removed
higress-wasmplugin-test (RUST)	UNKNOWN STEP	2026-09-23T08:17:11.7502122Z Package 'php-zendframework-zend-eventmanager' is not installed, so not removed
higress-wasmplugin-test (RUST)	UNKNOWN STEP	2026-09-23T08:17:11.7502743Z Package 'php-container-interop' is not installed, so not removed
higress-wasmplugin-test (RUST)	UNKNOWN STEP	2026-09-23T08:17:11.7503227Z Package 'php-recode' is not installed, so not removed
higress-wasmplugin-test (RUST)	UNKNOWN STEP	2026-09-23T08:17:11.7503633Z Package 'php-gd2' is not installed, so not removed
higress-wasmplugin-test (RUST)	UNKNOWN STEP	2026-09-23T08:17:11.7504279Z Package 'php-pragmarx-google2fa-qrcode' is not installed, so not removed
higress-wasmplugin-test (RUST)	UNKNOWN STEP	2026-09-23T08:17:11.7504876Z Package 'php-samyoul-u2f-php-server' is not installed, so not removed
higress-wasmplugin-test (RUST)	UNKNOWN STEP	2026-09-23T08:17:11.7505382Z Package 'php5-xsl' is not installed, so not removed
higress-wasmplugin-test (RUST)	UNKNOWN STEP	2026-09-23T08:17:11.7505814Z Package 'php5-imagick' is not installed, so not removed
higress-wasmplugin-test (RUST)	UNKNOWN STEP	2026-09-23T08:17:11.7506284Z Package 'php-endroid-qr-code' is not installed, so not removed
higress-wasmplugin-test (RUST)	UNKNOWN STEP	2026-09-23T08:17:11.7507014Z Package 'php-guzzlehttp-guzzle' is not installed, so not removed
higress-wasmplugin-test (RUST)	UNKNOWN STEP	2026-09-23T08:17:11.7507568Z Package 'php-bjeavons-zxcvbn-php' is not installed, so not removed
higress-wasmplugin-test (RUST)	UNKNOWN STEP	2026-09-23T08:17:11.7508054Z Package 'php7.4-fpm' is not installed, so not removed
higress-wasmplugin-test (RUST)	UNKNOWN STEP	2026-09-23T08:17:11.7508517Z Package 'libapache2-mod-php' is not installed, so not removed
higress-wasmplugin-test (RUST)	UNKNOWN STEP	2026-09-23T08:17:11.7508962Z Package 'php' is not installed, so not removed
higress-wasmplugin-test (RUST)	UNKNOWN STEP	2026-09-23T08:17:11.7509371Z Package 'php-all-dev' is not installed, so not removed
higress-wasmplugin-test (RUST)	UNKNOWN STEP	2026-09-23T08:17:11.7509792Z Package 'php-cgi' is not installed, so not removed
higress-wasmplugin-test (RUST)	UNKNOWN STEP	2026-09-23T08:17:11.7510197Z Package 'php-cli' is not installed, so not removed
higress-wasmplugin-test (RUST)	UNKNOWN STEP	2026-09-23T08:17:11.7510608Z Package 'php-curl' is not installed, so not removed
higress-wasmplugin-test (RUST)	UNKNOWN STEP	2026-09-23T08:17:11.7511011Z Package 'php-dev' is not installed, so not removed
higress-wasmplugin-test (RUST)	UNKNOWN STEP	2026-09-23T08:17:11.7511420Z Package 'php-gd' is not installed, so not removed
higress-wasmplugin-test (RUST)	UNKNOWN STEP	2026-09-23T08:17:11.7511824Z Package 'php-gmp' is not installed, so not removed
higress-wasmplugin-test (RUST)	UNKNOWN STEP	2026-09-23T08:17:11.7512239Z Package 'php-json' is not installed, so not removed
higress-wasmplugin-test (RUST)	UNKNOWN STEP	2026-09-23T08:17:11.7512757Z Package 'php-ldap' is not installed, so not removed
higress-wasmplugin-test (RUST)	UNKNOWN STEP	2026-09-23T08:17:11.7513173Z Package 'php-mysql' is not installed, so not removed
higress-wasmplugin-test (RUST)	UNKNOWN STEP	2026-09-23T08:17:11.7513585Z Package 'php-odbc' is not installed, so not removed
higress-wasmplugin-test (RUST)	UNKNOWN STEP	2026-09-23T08:17:11.7514126Z Package 'php-pgsql' is not installed, so not removed
higress-wasmplugin-test (RUST)	UNKNOWN STEP	2026-09-23T08:17:11.7514556Z Package 'php-pspell' is not installed, so not removed
higress-wasmplugin-test (RUST)	UNKNOWN STEP	2026-09-23T08:17:11.7514972Z Package 'php-snmp' is not installed, so not removed
higress-wasmplugin-test (RUST)	UNKNOWN STEP	2026-09-23T08:17:11.7515407Z Package 'php-sqlite3' is not installed, so not removed
higress-wasmplugin-test (RUST)	UNKNOWN STEP	2026-09-23T08:17:11.7515823Z Package 'php-tidy' is not installed, so not removed
higress-wasmplugin-test (RUST)	UNKNOWN STEP	2026-09-23T08:17:11.7516229Z Package 'php-xml' is not installed, so not removed
higress-wasmplugin-test (RUST)	UNKNOWN STEP	2026-09-23T08:17:11.7516660Z Package 'pkg-php-tools' is not installed, so not removed
higress-wasmplugin-test (RUST)	UNKNOWN STEP	2026-09-23T08:17:11.7517092Z Package 'cakephp' is not installed, so not removed
higress-wasmplugin-test (RUST)	UNKNOWN STEP	2026-09-23T08:17:11.7517546Z Package 'cakephp-scripts' is not installed, so not removed
higress-wasmplugin-test (RUST)	UNKNOWN STEP	2026-09-23T08:17:11.7517982Z Package 'dh-php' is not installed, so not removed
higress-wasmplugin-test (RUST)	UNKNOWN STEP	2026-09-23T08:17:11.7518419Z Package 'elpa-php-mode' is not installed, so not removed
higress-wasmplugin-test (RUST)	UNKNOWN STEP	2026-09-23T08:17:11.7518986Z Package 'golang-github-phpdave11-gofpdi-dev' is not installed, so not removed
higress-wasmplugin-test (RUST)	UNKNOWN STEP	2026-09-23T08:17:11.7519593Z Package 'gosa-plugin-phpgw' is not installed, so not removed
higress-wasmplugin-test (RUST)	UNKNOWN STEP	2026-09-23T08:17:11.7520125Z Package 'gosa-plugin-phpgw-schema' is not installed, so not removed
higress-wasmplugin-test (RUST)	UNKNOWN STEP	2026-09-23T08:17:11.7520693Z Package 'gosa-plugin-phpscheduleit' is not installed, so not removed
higress-wasmplugin-test (RUST)	UNKNOWN STEP	2026-09-23T08:17:11.7521311Z Package 'gosa-plugin-phpscheduleit-schema' is not installed, so not removed
higress-wasmplugin-test (RUST)	UNKNOWN STEP	2026-09-23T08:17:11.7521914Z Package 'icinga-php-library' is not installed, so not removed
higress-wasmplugin-test (RUST)	UNKNOWN STEP	2026-09-23T08:17:11.7522443Z Package 'icinga-php-thirdparty' is not installed, so not removed
higress-wasmplugin-test (RUST)	UNKNOWN STEP	2026-09-23T08:17:11.7522945Z Package 'kdevelop-php' is not installed, so not removed
higress-wasmplugin-test (RUST)	UNKNOWN STEP	2026-09-23T08:17:11.7523422Z Package 'kdevelop-php-l10n' is not installed, so not removed
higress-wasmplugin-test (RUST)	UNKNOWN STEP	2026-09-23T08:17:11.7524019Z Package 'libawl-php' is not installed, so not removed
higress-wasmplugin-test (RUST)	UNKNOWN STEP	2026-09-23T08:17:11.7524610Z Package 'libhtml-wikiconverter-phpwiki-perl' is not installed, so not removed
higress-wasmplugin-test (RUST)	UNKNOWN STEP	2026-09-23T08:17:11.7525247Z Package 'libjs-php-date-formatter' is not installed, so not removed
higress-wasmplugin-test (RUST)	UNKNOWN STEP	2026-09-23T08:17:11.7525773Z Package 'libmarkdown-php' is not installed, so not removed
higress-wasmplugin-test (RUST)	UNKNOWN STEP	2026-09-23T08:17:11.7526195Z Package 'libnusoap-php' is not installed, so not removed
higress-wasmplugin-test (RUST)	UNKNOWN STEP	2026-09-23T08:17:11.7526622Z Package 'libow-php7' is not installed, so not removed
higress-wasmplugin-test (RUST)	UNKNOWN STEP	2026-09-23T08:17:11.7527035Z Package 'libownet-php' is not installed, so not removed
higress-wasmplugin-test (RUST)	UNKNOWN STEP	2026-09-23T08:17:11.7527452Z Package 'libphp-embed' is not installed, so not removed
higress-wasmplugin-test (RUST)	UNKNOWN STEP	2026-09-23T08:17:11.7527882Z Package 'libphp-jabber' is not installed, so not removed
higress-wasmplugin-test (RUST)	UNKNOWN STEP	2026-09-23T08:17:11.7528323Z Package 'libphp-jpgraph' is not installed, so not removed
higress-wasmplugin-test (RUST)	UNKNOWN STEP	2026-09-23T08:17:11.7528815Z Package 'libphp-jpgraph-examples' is not installed, so not removed
higress-wasmplugin-test (RUST)	UNKNOWN STEP	2026-09-23T08:17:11.7529485Z Package 'libphp-phpmailer' is not installed, so not removed
higress-wasmplugin-test (RUST)	UNKNOWN STEP	2026-09-23T08:17:11.7530005Z Package 'libphp-serialization-perl' is not installed, so not removed
higress-wasmplugin-test (RUST)	UNKNOWN STEP	2026-09-23T08:17:11.7530603Z Package 'libphp-simplepie' is not installed, so not removed
higress-wasmplugin-test (RUST)	UNKNOWN STEP	2026-09-23T08:17:11.7531062Z Package 'libphp-snoopy' is not installed, so not removed
higress-wasmplugin-test (RUST)	UNKNOWN STEP	2026-09-23T08:17:11.7531495Z Package 'libphpy-dev' is not installed, so not removed
higress-wasmplugin-test (RUST)	UNKNOWN STEP	2026-09-23T08:17:11.7531900Z Package 'libphpy1' is not installed, so not removed
higress-wasmplugin-test (RUST)	UNKNOWN STEP	2026-09-23T08:17:11.7532356Z Package 'libsparkline-php' is not installed, so not removed
higress-wasmplugin-test (RUST)	UNKNOWN STEP	2026-09-23T08:17:11.7532844Z Package 'libxrdcephposix0' is not installed, so not removed
higress-wasmplugin-test (RUST)	UNKNOWN STEP	2026-09-23T08:17:11.7533325Z Package 'mlmmj-php-web' is not installed, so not removed
higress-wasmplugin-test (RUST)	UNKNOWN STEP	2026-09-23T08:17:11.7533792Z Package 'mlmmj-php-web-admin' is not installed, so not removed
higress-wasmplugin-test (RUST)	UNKNOWN STEP	2026-09-23T08:17:11.7534431Z Package 'php-amqp' is not installed, so not removed
higress-wasmplugin-test (RUST)	UNKNOWN STEP	2026-09-23T08:17:11.7534892Z Package 'php-amqp-all-dev' is not installed, so not removed
higress-wasmplugin-test (RUST)	UNKNOWN STEP	2026-09-23T08:17:11.7535351Z Package 'php-amqplib' is not installed, so not removed
higress-wasmplugin-test (RUST)	UNKNOWN STEP	2026-09-23T08:17:11.7535915Z Package 'php-apcu' is not installed, so not removed
higress-wasmplugin-test (RUST)	UNKNOWN STEP	2026-09-23T08:17:11.7536346Z Package 'php-apcu-all-dev' is not installed, so not removed
higress-wasmplugin-test (RUST)	UNKNOWN STEP	2026-09-23T08:17:11.7536897Z Package 'php-arthurhoaro-web-thumbnailer' is not installed, so not removed
higress-wasmplugin-test (RUST)	UNKNOWN STEP	2026-09-23T08:17:11.7537415Z Package 'php-ast' is not installed, so not removed
higress-wasmplugin-test (RUST)	UNKNOWN STEP	2026-09-23T08:17:11.7537856Z Package 'php-ast-all-dev' is not installed, so not removed
higress-wasmplugin-test (RUST)	UNKNOWN STEP	2026-09-23T08:17:11.7538335Z Package 'php-async-aws-core' is not installed, so not removed
higress-wasmplugin-test (RUST)	UNKNOWN STEP	2026-09-23T08:17:11.7538813Z Package 'php-async-aws-ses' is not installed, so not removed
higress-wasmplugin-test (RUST)	UNKNOWN STEP	2026-09-23T08:17:11.7539290Z Package 'php-async-aws-sns' is not installed, so not removed
higress-wasmplugin-test (RUST)	UNKNOWN STEP	2026-09-23T08:17:11.7539774Z Package 'php-async-aws-sqs' is not installed, so not removed
higress-wasmplugin-test (RUST)	UNKNOWN STEP	2026-09-23T08:17:11.7540229Z Package 'php-auth-sasl' is not installed, so not removed
higress-wasmplugin-test (RUST)	UNKNOWN STEP	2026-09-23T08:17:11.7540690Z Package 'php-bacon-qr-code' is not installed, so not removed
higress-wasmplugin-test (RUST)	UNKNOWN STEP	2026-09-23T08:17:11.7541143Z Package 'php-bcmath' is not installed, so not removed
higress-wasmplugin-test (RUST)	UNKNOWN STEP	2026-09-23T08:17:11.7541546Z Package 'php-bz2' is not installed, so not removed
higress-wasmplugin-test (RUST)	UNKNOWN STEP	2026-09-23T08:17:11.7542034Z Package 'php-cache-integration-tests' is not installed, so not removed
higress-wasmplugin-test (RUST)	UNKNOWN STEP	2026-09-23T08:17:11.7542556Z Package 'php-cache-lite' is not installed, so not removed
higress-wasmplugin-test (RUST)	UNKNOWN STEP	2026-09-23T08:17:11.7543045Z Package 'php-cache-tag-interop' is not installed, so not removed
higress-wasmplugin-test (RUST)	UNKNOWN STEP	2026-09-23T08:17:11.7543546Z Package 'php-codecoverage' is not installed, so not removed
higress-wasmplugin-test (RUST)	UNKNOWN STEP	2026-09-23T08:17:11.7544215Z Package 'php-codesniffer' is not installed, so not removed
higress-wasmplugin-test (RUST)	UNKNOWN STEP	2026-09-23T08:17:11.7544715Z Package 'php-composer-ca-bundle' is not installed, so not removed
higress-wasmplugin-test (RUST)	UNKNOWN STEP	2026-09-23T08:17:11.7545259Z Package 'php-composer-metadata-minifier' is not installed, so not removed
higress-wasmplugin-test (RUST)	UNKNOWN STEP	2026-09-23T08:17:11.7545807Z Package 'php-composer-pcre' is not installed, so not removed
higress-wasmplugin-test (RUST)	UNKNOWN STEP	2026-09-23T08:17:11.7546295Z Package 'php-composer-semver' is not installed, so not removed
higress-wasmplugin-test (RUST)	UNKNOWN STEP	2026-09-23T08:17:11.7546803Z Package 'php-composer-spdx-licenses' is not installed, so not removed
higress-wasmplugin-test (RUST)	UNKNOWN STEP	2026-09-23T08:17:11.7547361Z Package 'php-composer-xdebug-handler' is not installed, so not removed
higress-wasmplugin-test (RUST)	UNKNOWN STEP	2026-09-23T08:17:11.7547891Z Package 'php-console-commandline' is not installed, so not removed
higress-wasmplugin-test (RUST)	UNKNOWN STEP	2026-09-23T08:17:11.7548368Z Package 'php-console-table' is not installed, so not removed
higress-wasmplugin-test (RUST)	UNKNOWN STEP	2026-09-23T08:17:11.7548830Z Package 'php-constant-time' is not installed, so not removed
higress-wasmplugin-test (RUST)	UNKNOWN STEP	2026-09-23T08:17:11.7549268Z Package 'php-crypt-gpg' is not installed, so not removed
higress-wasmplugin-test (RUST)	UNKNOWN STEP	2026-09-23T08:17:11.7549726Z Package 'php-dapphp-radius' is not installed, so not removed
higress-wasmplugin-test (RUST)	UNKNOWN STEP	2026-09-23T08:17:11.7550177Z Package 'php-dasprid-enum' is not installed, so not removed
higress-wasmplugin-test (RUST)	UNKNOWN STEP	2026-09-23T08:17:11.7550606Z Package 'php-date' is not installed, so not removed
higress-wasmplugin-test (RUST)	UNKNOWN STEP	2026-09-23T08:17:11.7550989Z Package 'php-db' is not installed, so not removed
higress-wasmplugin-test (RUST)	UNKNOWN STEP	2026-09-23T08:17:11.7551383Z Package 'php-deepcopy' is not installed, so not removed
higress-wasmplugin-test (RUST)	UNKNOWN STEP	2026-09-23T08:17:11.7552006Z Package 'php-directory-scanner' is not installed, so not removed
higress-wasmplugin-test (RUST)	UNKNOWN STEP	2026-09-23T08:17:11.7552558Z Package 'php-doctrine-annotations' is not installed, so not removed
higress-wasmplugin-test (RUST)	UNKNOWN STEP	2026-09-23T08:17:11.7553064Z Package 'php-doctrine-cache' is not installed, so not removed
higress-wasmplugin-test (RUST)	UNKNOWN STEP	2026-09-23T08:17:11.7553569Z Package 'php-doctrine-collections' is not installed, so not removed
higress-wasmplugin-test (RUST)	UNKNOWN STEP	2026-09-23T08:17:11.7554213Z Package 'php-doctrine-common' is not installed, so not removed
higress-wasmplugin-test (RUST)	UNKNOWN STEP	2026-09-23T08:17:11.7554741Z Package 'php-doctrine-data-fixtures' is not installed, so not removed
higress-wasmplugin-test (RUST)	UNKNOWN STEP	2026-09-23T08:17:11.7555271Z Package 'php-doctrine-dbal' is not installed, so not removed
higress-wasmplugin-test (RUST)	UNKNOWN STEP	2026-09-23T08:17:11.7555787Z Package 'php-doctrine-deprecations' is not installed, so not removed
higress-wasmplugin-test (RUST)	UNKNOWN STEP	2026-09-23T08:17:11.7556335Z Package 'php-doctrine-event-manager' is not installed, so not removed
higress-wasmplugin-test (RUST)	UNKNOWN STEP	2026-09-23T08:17:11.7556870Z Package 'php-doctrine-inflector' is not installed, so not removed
higress-wasmplugin-test (RUST)	UNKNOWN STEP	2026-09-23T08:17:11.7557405Z Package 'php-doctrine-instantiator' is not installed, so not removed
higress-wasmplugin-test (RUST)	UNKNOWN STEP	2026-09-23T08:17:11.7557942Z Package 'php-doctrine-lexer' is not installed, so not removed
higress-wasmplugin-test (RUST)	UNKNOWN STEP	2026-09-23T08:17:11.7558763Z Package 'php-doctrine-orm' is not installed, so not removed
higress-wasmplugin-test (RUST)	UNKNOWN STEP	2026-09-23T08:17:11.7559263Z Package 'php-doctrine-persistence' is not installed, so not removed
higress-wasmplugin-test (RUST)	UNKNOWN STEP	2026-09-23T08:17:11.7559799Z Package 'php-doctrine-reflection' is not installed, so not removed
higress-wasmplugin-test (RUST)	UNKNOWN STEP	2026-09-23T08:17:11.7560385Z Package 'php-dragonmantank-cron-expression' is not installed, so not removed
higress-wasmplugin-test (RUST)	UNKNOWN STEP	2026-09-23T08:17:11.7560910Z Package 'php-ds' is not installed, so not removed
higress-wasmplugin-test (RUST)	UNKNOWN STEP	2026-09-23T08:17:11.7561324Z Package 'php-ds-all-dev' is not installed, so not removed
higress-wasmplugin-test (RUST)	UNKNOWN STEP	2026-09-23T08:17:11.7561756Z Package 'php-easyrdf' is not installed, so not removed
higress-wasmplugin-test (RUST)	UNKNOWN STEP	2026-09-23T08:17:11.7562213Z Package 'php-email-validator' is not installed, so not removed
higress-wasmplugin-test (RUST)	UNKNOWN STEP	2026-09-23T08:17:11.7562665Z Package 'php-enchant' is not installed, so not removed
higress-wasmplugin-test (RUST)	UNKNOWN STEP	2026-09-23T08:17:11.7563083Z Package 'php-excimer' is not installed, so not removed
higress-wasmplugin-test (RUST)	UNKNOWN STEP	2026-09-23T08:17:11.7563526Z Package 'php-facedetect' is not installed, so not removed
higress-wasmplugin-test (RUST)	UNKNOWN STEP	2026-09-23T08:17:11.7564144Z Package 'php-fdomdocument' is not installed, so not removed
higress-wasmplugin-test (RUST)	UNKNOWN STEP	2026-09-23T08:17:11.7564620Z Package 'php-fig-link-util' is not installed, so not removed
higress-wasmplugin-test (RUST)	UNKNOWN STEP	2026-09-23T08:17:11.7565086Z Package 'php-file-iterator' is not installed, so not removed
higress-wasmplugin-test (RUST)	UNKNOWN STEP	2026-09-23T08:17:11.7565542Z Package 'php-finder-facade' is not installed, so not removed
higress-wasmplugin-test (RUST)	UNKNOWN STEP	2026-09-23T08:17:11.7566019Z Package 'php-finder-facade-doc' is not installed, so not removed
higress-wasmplugin-test (RUST)	UNKNOWN STEP	2026-09-23T08:17:11.7566488Z Package 'php-font-lib' is not installed, so not removed
higress-wasmplugin-test (RUST)	UNKNOWN STEP	2026-09-23T08:17:11.7566895Z Package 'php-fpdf' is not installed, so not removed
higress-wasmplugin-test (RUST)	UNKNOWN STEP	2026-09-23T08:17:11.7567281Z Package 'php-fpm' is not installed, so not removed
higress-wasmplugin-test (RUST)	UNKNOWN STEP	2026-09-23T08:17:11.7567666Z Package 'php-fxsl' is not installed, so not removed
higress-wasmplugin-test (RUST)	UNKNOWN STEP	2026-09-23T08:17:11.7568069Z Package 'php-gearman' is not installed, so not removed
higress-wasmplugin-test (RUST)	UNKNOWN STEP	2026-09-23T08:17:11.7568521Z Package 'php-gearman-all-dev' is not installed, so not removed
higress-wasmplugin-test (RUST)	UNKNOWN STEP	2026-09-23T08:17:11.7568962Z Package 'php-geos' is not installed, so not removed
higress-wasmplugin-test (RUST)	UNKNOWN STEP	2026-09-23T08:17:11.7569358Z Package 'php-geshi' is not installed, so not removed
higress-wasmplugin-test (RUST)	UNKNOWN STEP	2026-09-23T08:17:11.7569792Z Package 'php-getallheaders' is not installed, so not removed
higress-wasmplugin-test (RUST)	UNKNOWN STEP	2026-09-23T08:17:11.7570233Z Package 'php-getid3' is not installed, so not removed
higress-wasmplugin-test (RUST)	UNKNOWN STEP	2026-09-23T08:17:11.7570688Z Package 'php-gettext-languages' is not installed, so not removed
higress-wasmplugin-test (RUST)	UNKNOWN STEP	2026-09-23T08:17:11.7571147Z Package 'php-gmagick' is not installed, so not removed
higress-wasmplugin-test (RUST)	UNKNOWN STEP	2026-09-23T08:17:11.7571594Z Package 'php-gmagick-all-dev' is not installed, so not removed
higress-wasmplugin-test (RUST)	UNKNOWN STEP	2026-09-23T08:17:11.7572046Z Package 'php-gnupg' is not installed, so not removed
higress-wasmplugin-test (RUST)	UNKNOWN STEP	2026-09-23T08:17:11.7572477Z Package 'php-gnupg-all-dev' is not installed, so not removed
higress-wasmplugin-test (RUST)	UNKNOWN STEP	2026-09-23T08:17:11.7572952Z Package 'php-google-recaptcha' is not installed, so not removed
higress-wasmplugin-test (RUST)	UNKNOWN STEP	2026-09-23T08:17:11.7573410Z Package 'php-guestfs' is not installed, so not removed
higress-wasmplugin-test (RUST)	UNKNOWN STEP	2026-09-23T08:17:11.7574192Z Package 'php-guzzlehttp-promises' is not installed, so not removed
higress-wasmplugin-test (RUST)	UNKNOWN STEP	2026-09-23T08:17:11.7574738Z Package 'php-guzzlehttp-psr7' is not installed, so not removed
higress-wasmplugin-test (RUST)	UNKNOWN STEP	2026-09-23T08:17:11.7575206Z Package 'php-hamcrest' is not installed, so not removed
higress-wasmplugin-test (RUST)	UNKNOWN STEP	2026-09-23T08:17:11.7575843Z Package 'php-htmlawed' is not installed, so not removed
higress-wasmplugin-test (RUST)	UNKNOWN STEP	2026-09-23T08:17:11.7576287Z Package 'php-htmlpurifier' is not installed, so not removed
higress-wasmplugin-test (RUST)	UNKNOWN STEP	2026-09-23T08:17:11.7576729Z Package 'php-http' is not installed, so not removed
higress-wasmplugin-test (RUST)	UNKNOWN STEP	2026-09-23T08:17:11.7577154Z Package 'php-http-all-dev' is not installed, so not removed
higress-wasmplugin-test (RUST)	UNKNOWN STEP	2026-09-23T08:17:11.7577615Z Package 'php-http-httplug' is not installed, so not removed
higress-wasmplugin-test (RUST)	UNKNOWN STEP	2026-09-23T08:17:11.7578166Z Package 'php-http-interop-http-factory-tests' is not installed, so not removed
higress-wasmplugin-test (RUST)	UNKNOWN STEP	2026-09-23T08:17:11.7578760Z Package 'php-http-message-factory' is not installed, so not removed
higress-wasmplugin-test (RUST)	UNKNOWN STEP	2026-09-23T08:17:11.7579258Z Package 'php-http-promise' is not installed, so not removed
higress-wasmplugin-test (RUST)	UNKNOWN STEP	2026-09-23T08:17:11.7579796Z Package 'php-http-psr7-integration-tests' is not installed, so not removed
higress-wasmplugin-test (RUST)	UNKNOWN STEP	2026-09-23T08:17:11.7580325Z Package 'php-http-request' is not installed, so not removed
higress-wasmplugin-test (RUST)	UNKNOWN STEP	2026-09-23T08:17:11.7580947Z Package 'php-http-request2' is not installed, so not removed
higress-wasmplugin-test (RUST)	UNKNOWN STEP	2026-09-23T08:17:11.7581435Z Package 'php-http-webdav-server' is not installed, so not removed
higress-wasmplugin-test (RUST)	UNKNOWN STEP	2026-09-23T08:17:11.7581918Z Package 'php-httpful' is not installed, so not removed
higress-wasmplugin-test (RUST)	UNKNOWN STEP	2026-09-23T08:17:11.7582331Z Package 'php-icinga' is not installed, so not removed
higress-wasmplugin-test (RUST)	UNKNOWN STEP	2026-09-23T08:17:11.7582737Z Package 'php-igbinary' is not installed, so not removed
higress-wasmplugin-test (RUST)	UNKNOWN STEP	2026-09-23T08:17:11.7583191Z Package 'php-igbinary-all-dev' is not installed, so not removed
higress-wasmplugin-test (RUST)	UNKNOWN STEP	2026-09-23T08:17:11.7583652Z Package 'php-image-text' is not installed, so not removed
higress-wasmplugin-test (RUST)	UNKNOWN STEP	2026-09-23T08:17:11.7584225Z Package 'php-imagick' is not installed, so not removed
higress-wasmplugin-test (RUST)	UNKNOWN STEP	2026-09-23T08:17:11.7584692Z Package 'php-imagick-all-dev' is not installed, so not removed
higress-wasmplugin-test (RUST)	UNKNOWN STEP	2026-09-23T08:17:11.7585145Z Package 'php-imap' is not installed, so not removed
higress-wasmplugin-test (RUST)	UNKNOWN STEP	2026-09-23T08:17:11.7585589Z Package 'php-interbase' is not installed, so not removed
higress-wasmplugin-test (RUST)	UNKNOWN STEP	2026-09-23T08:17:11.7586007Z Package 'php-intl' is not installed, so not removed
higress-wasmplugin-test (RUST)	UNKNOWN STEP	2026-09-23T08:17:11.7586406Z Package 'php-invoker' is not installed, so not removed
higress-wasmplugin-test (RUST)	UNKNOWN STEP	2026-09-23T08:17:11.7586851Z Package 'php-json-schema' is not installed, so not removed
higress-wasmplugin-test (RUST)	UNKNOWN STEP	2026-09-23T08:17:11.7587294Z Package 'php-klogger' is not installed, so not removed
higress-wasmplugin-test (RUST)	UNKNOWN STEP	2026-09-23T08:17:11.7587745Z Package 'php-league-commonmark' is not installed, so not removed
higress-wasmplugin-test (RUST)	UNKNOWN STEP	2026-09-23T08:17:11.7588243Z Package 'php-league-flysystem' is not installed, so not removed
higress-wasmplugin-test (RUST)	UNKNOWN STEP	2026-09-23T08:17:11.7588762Z Package 'php-league-html-to-markdown' is not installed, so not removed
higress-wasmplugin-test (RUST)	UNKNOWN STEP	2026-09-23T08:17:11.7589333Z Package 'php-league-mime-type-detection' is not installed, so not removed
higress-wasmplugin-test (RUST)	UNKNOWN STEP	2026-09-23T08:17:11.7589870Z Package 'php-letodms-core' is not installed, so not removed
higress-wasmplugin-test (RUST)	UNKNOWN STEP	2026-09-23T08:17:11.7590328Z Package 'php-libvirt-php' is not installed, so not removed
higress-wasmplugin-test (RUST)	UNKNOWN STEP	2026-09-23T08:17:11.7590748Z Package 'php-log' is not installed, so not removed
higress-wasmplugin-test (RUST)	UNKNOWN STEP	2026-09-23T08:17:11.7591182Z Package 'php-lorenzo-pinky' is not installed, so not removed
higress-wasmplugin-test (RUST)	UNKNOWN STEP	2026-09-23T08:17:11.7591641Z Package 'php-luasandbox' is not installed, so not removed
higress-wasmplugin-test (RUST)	UNKNOWN STEP	2026-09-23T08:17:11.7592056Z Package 'php-mail' is not installed, so not removed
higress-wasmplugin-test (RUST)	UNKNOWN STEP	2026-09-23T08:17:11.7592463Z Package 'php-mail-mime' is not installed, so not removed
higress-wasmplugin-test (RUST)	UNKNOWN STEP	2026-09-23T08:17:11.7592897Z Package 'php-mailparse' is not installed, so not removed
higress-wasmplugin-test (RUST)	UNKNOWN STEP	2026-09-23T08:17:11.7593353Z Package 'php-mailparse-all-dev' is not installed, so not removed
higress-wasmplugin-test (RUST)	UNKNOWN STEP	2026-09-23T08:17:11.7593978Z Package 'php-malkusch-lock' is not installed, so not removed
higress-wasmplugin-test (RUST)	UNKNOWN STEP	2026-09-23T08:17:11.7594486Z Package 'php-mariadb-mysql-kbs' is not installed, so not removed
higress-wasmplugin-test (RUST)	UNKNOWN STEP	2026-09-23T08:17:11.7594994Z Package 'php-masterminds-html5' is not installed, so not removed
higress-wasmplugin-test (RUST)	UNKNOWN STEP	2026-09-23T08:17:11.7595467Z Package 'php-mbstring' is not installed, so not removed
higress-wasmplugin-test (RUST)	UNKNOWN STEP	2026-09-23T08:17:11.7595877Z Package 'php-mdb2' is not installed, so not removed
higress-wasmplugin-test (RUST)	UNKNOWN STEP	2026-09-23T08:17:11.7596560Z Package 'php-mdb2-driver-mysql' is not installed, so not removed
higress-wasmplugin-test (RUST)	UNKNOWN STEP	2026-09-23T08:17:11.7597069Z Package 'php-mdb2-driver-pgsql' is not installed, so not removed
higress-wasmplugin-test (RUST)	UNKNOWN STEP	2026-09-23T08:17:11.7597536Z Package 'php-memcache' is not installed, so not removed
higress-wasmplugin-test (RUST)	UNKNOWN STEP	2026-09-23T08:17:11.7598002Z Package 'php-memcache-all-dev' is not installed, so not removed
higress-wasmplugin-test (RUST)	UNKNOWN STEP	2026-09-23T08:17:11.7598477Z Package 'php-memcached' is not installed, so not removed
higress-wasmplugin-test (RUST)	UNKNOWN STEP	2026-09-23T08:17:11.7598940Z Package 'php-memcached-all-dev' is not installed, so not removed
higress-wasmplugin-test (RUST)	UNKNOWN STEP	2026-09-23T08:17:11.7599381Z Package 'php-mf2' is not installed, so not removed
higress-wasmplugin-test (RUST)	UNKNOWN STEP	2026-09-23T08:17:11.7599830Z Package 'php-mikey179-vfsstream' is not installed, so not removed
higress-wasmplugin-test (RUST)	UNKNOWN STEP	2026-09-23T08:17:11.7600309Z Package 'php-mime-type' is not installed, so not removed
higress-wasmplugin-test (RUST)	UNKNOWN STEP	2026-09-23T08:17:11.7600723Z Package 'php-mock' is not installed, so not removed
higress-wasmplugin-test (RUST)	UNKNOWN STEP	2026-09-23T08:17:11.7601178Z Package 'php-mock-integration' is not installed, so not removed
higress-wasmplugin-test (RUST)	UNKNOWN STEP	2026-09-23T08:17:11.7601655Z Package 'php-mock-phpunit' is not installed, so not removed
higress-wasmplugin-test (RUST)	UNKNOWN STEP	2026-09-23T08:17:11.7602118Z Package 'php-mockery' is not installed, so not removed
higress-wasmplugin-test (RUST)	UNKNOWN STEP	2026-09-23T08:17:11.7602697Z Package 'php-mockery-doc' is not installed, so not removed
higress-wasmplugin-test (RUST)	UNKNOWN STEP	2026-09-23T08:17:11.7603134Z Package 'php-mongodb' is not installed, so not removed
higress-wasmplugin-test (RUST)	UNKNOWN STEP	2026-09-23T08:17:11.7603589Z Package 'php-mongodb-all-dev' is not installed, so not removed
higress-wasmplugin-test (RUST)	UNKNOWN STEP	2026-09-23T08:17:11.7604190Z Package 'php-monolog' is not installed, so not removed
higress-wasmplugin-test (RUST)	UNKNOWN STEP	2026-09-23T08:17:11.7604615Z Package 'php-msgpack' is not installed, so not removed
higress-wasmplugin-test (RUST)	UNKNOWN STEP	2026-09-23T08:17:11.7605070Z Package 'php-msgpack-all-dev' is not installed, so not removed
higress-wasmplugin-test (RUST)	UNKNOWN STEP	2026-09-23T08:17:11.7605536Z Package 'php-net-dime' is not installed, so not removed
higress-wasmplugin-test (RUST)	UNKNOWN STEP	2026-09-23T08:17:11.7605959Z Package 'php-net-dns2' is not installed, so not removed
higress-wasmplugin-test (RUST)	UNKNOWN STEP	2026-09-23T08:17:11.7606387Z Package 'php-net-ftp' is not installed, so not removed
higress-wasmplugin-test (RUST)	UNKNOWN STEP	2026-09-23T08:17:11.7606803Z Package 'php-net-imap' is not installed, so not removed
higress-wasmplugin-test (RUST)	UNKNOWN STEP	2026-09-23T08:17:11.7607226Z Package 'php-net-ipv6' is not installed, so not removed
higress-wasmplugin-test (RUST)	UNKNOWN STEP	2026-09-23T08:17:11.7607668Z Package 'php-net-ldap2' is not installed, so not removed
higress-wasmplugin-test (RUST)	UNKNOWN STEP	2026-09-23T08:17:11.7608114Z Package 'php-net-ldap3' is not installed, so not removed
higress-wasmplugin-test (RUST)	UNKNOWN STEP	2026-09-23T08:17:11.7608551Z Package 'php-net-nntp' is not installed, so not removed
higress-wasmplugin-test (RUST)	UNKNOWN STEP	2026-09-23T08:17:11.7609011Z Package 'php-net-publicsuffix' is not installed, so not removed
higress-wasmplugin-test (RUST)	UNKNOWN STEP	2026-09-23T08:17:11.7609490Z Package 'php-net-sieve' is not installed, so not removed
higress-wasmplugin-test (RUST)	UNKNOWN STEP	2026-09-23T08:17:11.7609924Z Package 'php-net-smtp' is not installed, so not removed
higress-wasmplugin-test (RUST)	UNKNOWN STEP	2026-09-23T08:17:11.7610368Z Package 'php-net-socket' is not installed, so not removed
higress-wasmplugin-test (RUST)	UNKNOWN STEP	2026-09-23T08:17:11.7610826Z Package 'php-net-url' is not installed, so not removed
higress-wasmplugin-test (RUST)	UNKNOWN STEP	2026-09-23T08:17:11.7611257Z Package 'php-net-url2' is not installed, so not removed
higress-wasmplugin-test (RUST)	UNKNOWN STEP	2026-09-23T08:17:11.7611691Z Package 'php-net-whois' is not installed, so not removed
higress-wasmplugin-test (RUST)	UNKNOWN STEP	2026-09-23T08:17:11.7612208Z Package 'php-netscape-bookmark-parser' is not installed, so not removed
higress-wasmplugin-test (RUST)	UNKNOWN STEP	2026-09-23T08:17:11.7612769Z Package 'php-nikic-fast-route' is not installed, so not removed
higress-wasmplugin-test (RUST)	UNKNOWN STEP	2026-09-23T08:17:11.7613261Z Package 'php-nrk-predis' is not installed, so not removed
higress-wasmplugin-test (RUST)	UNKNOWN STEP	2026-09-23T08:17:11.7613741Z Package 'php-nyholm-psr7' is not installed, so not removed
higress-wasmplugin-test (RUST)	UNKNOWN STEP	2026-09-23T08:17:11.7614820Z Package 'php-oauth' is not installed, so not removed
higress-wasmplugin-test (RUST)	UNKNOWN STEP	2026-09-23T08:17:11.7615168Z Package 'php-oauth-all-dev' is not installed, so not removed
higress-wasmplugin-test (RUST)	UNKNOWN STEP	2026-09-23T08:17:11.7615511Z Package 'php-opis-closure' is not installed, so not removed
higress-wasmplugin-test (RUST)	UNKNOWN STEP	2026-09-23T08:17:11.7615829Z Package 'php-parsedown' is not installed, so not removed
higress-wasmplugin-test (RUST)	UNKNOWN STEP	2026-09-23T08:17:11.7616161Z Package 'php-parsedown-extra' is not installed, so not removed
higress-wasmplugin-test (RUST)	UNKNOWN STEP	2026-09-23T08:17:11.7616472Z Package 'php-parser' is not installed, so not removed
higress-wasmplugin-test (RUST)	UNKNOWN STEP	2026-09-23T08:17:11.7616776Z Package 'php-patchwork-utf8' is not installed, so not removed
higress-wasmplugin-test (RUST)	UNKNOWN STEP	2026-09-23T08:17:11.7617084Z Package 'php-pclzip' is not installed, so not removed
higress-wasmplugin-test (RUST)	UNKNOWN STEP	2026-09-23T08:17:11.7617362Z Package 'php-pcov' is not installed, so not removed
higress-wasmplugin-test (RUST)	UNKNOWN STEP	2026-09-23T08:17:11.7617909Z Package 'php-pcov-all-dev' is not installed, so not removed
higress-wasmplugin-test (RUST)	UNKNOWN STEP	2026-09-23T08:17:11.7618466Z Package 'php-pda-pheanstalk' is not installed, so not removed
higress-wasmplugin-test (RUST)	UNKNOWN STEP	2026-09-23T08:17:11.7618821Z Package 'php-phar-io-manifest' is not installed, so not removed
higress-wasmplugin-test (RUST)	UNKNOWN STEP	2026-09-23T08:17:11.7619181Z Package 'php-phar-io-version' is not installed, so not removed
higress-wasmplugin-test (RUST)	UNKNOWN STEP	2026-09-23T08:17:11.7619521Z Package 'php-php-gettext' is not installed, so not removed
higress-wasmplugin-test (RUST)	UNKNOWN STEP	2026-09-23T08:17:11.7619852Z Package 'php-phpdbg' is not installed, so not removed
higress-wasmplugin-test (RUST)	UNKNOWN STEP	2026-09-23T08:17:11.7620268Z Package 'php-phpdocumentor-reflection-common' is not installed, so not removed
higress-wasmplugin-test (RUST)	UNKNOWN STEP	2026-09-23T08:17:11.7620768Z Package 'php-phpdocumentor-reflection-docblock' is not installed, so not removed
higress-wasmplugin-test (RUST)	UNKNOWN STEP	2026-09-23T08:17:11.7621461Z Package 'php-phpdocumentor-type-resolver' is not installed, so not removed
higress-wasmplugin-test (RUST)	UNKNOWN STEP	2026-09-23T08:17:11.7621886Z Package 'php-phpmyadmin-motranslator' is not installed, so not removed
higress-wasmplugin-test (RUST)	UNKNOWN STEP	2026-09-23T08:17:11.7622270Z Package 'php-phpmyadmin-shapefile' is not installed, so not removed
higress-wasmplugin-test (RUST)	UNKNOWN STEP	2026-09-23T08:17:11.7622657Z Package 'php-phpmyadmin-sql-parser' is not installed, so not removed
higress-wasmplugin-test (RUST)	UNKNOWN STEP	2026-09-23T08:17:11.7623114Z Package 'php-phpoption' is not installed, so not removed
higress-wasmplugin-test (RUST)	UNKNOWN STEP	2026-09-23T08:17:11.7623441Z Package 'php-phpseclib' is not installed, so not removed
higress-wasmplugin-test (RUST)	UNKNOWN STEP	2026-09-23T08:17:11.7623782Z Package 'php-phpseclib3' is not installed, so not removed
higress-wasmplugin-test (RUST)	UNKNOWN STEP	2026-09-23T08:17:11.7624252Z Package 'php-phpspec-prophecy' is not installed, so not removed
higress-wasmplugin-test (RUST)	UNKNOWN STEP	2026-09-23T08:17:11.7624669Z Package 'php-phpspec-prophecy-phpunit' is not installed, so not removed
higress-wasmplugin-test (RUST)	UNKNOWN STEP	2026-09-23T08:17:11.7625310Z Package 'php-phpstan-phpdoc-parser' is not installed, so not removed
higress-wasmplugin-test (RUST)	UNKNOWN STEP	2026-09-23T08:17:11.7625687Z Package 'php-predis' is not installed, so not removed
higress-wasmplugin-test (RUST)	UNKNOWN STEP	2026-09-23T08:17:11.7626033Z Package 'php-proxy-manager' is not installed, so not removed
higress-wasmplugin-test (RUST)	UNKNOWN STEP	2026-09-23T08:17:11.7626457Z Package 'php-ps' is not installed, so not removed
higress-wasmplugin-test (RUST)	UNKNOWN STEP	2026-09-23T08:17:11.7626787Z Package 'php-ps-all-dev' is not installed, so not removed
higress-wasmplugin-test (RUST)	UNKNOWN STEP	2026-09-23T08:17:11.7627119Z Package 'php-psr' is not installed, so not removed
higress-wasmplugin-test (RUST)	UNKNOWN STEP	2026-09-23T08:17:11.7627698Z Package 'php-psr-all-dev' is not installed, so not removed
higress-wasmplugin-test (RUST)	UNKNOWN STEP	2026-09-23T08:17:11.7628047Z Package 'php-psr-cache' is not installed, so not removed
higress-wasmplugin-test (RUST)	UNKNOWN STEP	2026-09-23T08:17:11.7628391Z Package 'php-psr-container' is not installed, so not removed
higress-wasmplugin-test (RUST)	UNKNOWN STEP	2026-09-23T08:17:11.7628767Z Package 'php-psr-event-dispatcher' is not installed, so not removed
higress-wasmplugin-test (RUST)	UNKNOWN STEP	2026-09-23T08:17:11.7629154Z Package 'php-psr-http-client' is not installed, so not removed
higress-wasmplugin-test (RUST)	UNKNOWN STEP	2026-09-23T08:17:11.7629639Z Package 'php-psr-http-factory' is not installed, so not removed
higress-wasmplugin-test (RUST)	UNKNOWN STEP	2026-09-23T08:17:11.7630029Z Package 'php-psr-http-message' is not installed, so not removed
higress-wasmplugin-test (RUST)	UNKNOWN STEP	2026-09-23T08:17:11.7630439Z Package 'php-psr-link' is not installed, so not removed
higress-wasmplugin-test (RUST)	UNKNOWN STEP	2026-09-23T08:17:11.7630775Z Package 'php-psr-log' is not installed, so not removed
higress-wasmplugin-test (RUST)	UNKNOWN STEP	2026-09-23T08:17:11.7631119Z Package 'php-psr-simple-cache' is not installed, so not removed
higress-wasmplugin-test (RUST)	UNKNOWN STEP	2026-09-23T08:17:11.7631514Z Package 'php-pubsubhubbub-publisher' is not installed, so not removed
higress-wasmplugin-test (RUST)	UNKNOWN STEP	2026-09-23T08:17:11.7631904Z Package 'php-ramsey-uuid' is not installed, so not removed
higress-wasmplugin-test (RUST)	UNKNOWN STEP	2026-09-23T08:17:11.7632581Z Package 'php-random-compat' is not installed, so not removed
higress-wasmplugin-test (RUST)	UNKNOWN STEP	2026-09-23T08:17:11.7632928Z Package 'php-raphf' is not installed, so not removed
higress-wasmplugin-test (RUST)	UNKNOWN STEP	2026-09-23T08:17:11.7633277Z Package 'php-raphf-all-dev' is not installed, so not removed
higress-wasmplugin-test (RUST)	UNKNOWN STEP	2026-09-23T08:17:11.7633668Z Package 'php-react-promise' is not installed, so not removed
higress-wasmplugin-test (RUST)	UNKNOWN STEP	2026-09-23T08:17:11.7634192Z Package 'php-readline' is not installed, so not removed
higress-wasmplugin-test (RUST)	UNKNOWN STEP	2026-09-23T08:17:11.7634541Z Package 'php-redis' is not installed, so not removed
higress-wasmplugin-test (RUST)	UNKNOWN STEP	2026-09-23T08:17:11.7634880Z Package 'php-redis-all-dev' is not installed, so not removed
higress-wasmplugin-test (RUST)	UNKNOWN STEP	2026-09-23T08:17:11.7635221Z Package 'php-remctl' is not installed, so not removed
higress-wasmplugin-test (RUST)	UNKNOWN STEP	2026-09-23T08:17:11.7635595Z Package 'php-roundcube-rtf-html-php' is not installed, so not removed
higress-wasmplugin-test (RUST)	UNKNOWN STEP	2026-09-23T08:17:11.7635963Z Package 'php-rrd' is not installed, so not removed
higress-wasmplugin-test (RUST)	UNKNOWN STEP	2026-09-23T08:17:11.7636377Z Package 'php-rrd-all-dev' is not installed, so not removed
higress-wasmplugin-test (RUST)	UNKNOWN STEP	2026-09-23T08:17:11.7636740Z Package 'php-sabre-dav' is not installed, so not removed
higress-wasmplugin-test (RUST)	UNKNOWN STEP	2026-09-23T08:17:11.7637087Z Package 'php-sabre-vobject' is not installed, so not removed
higress-wasmplugin-test (RUST)	UNKNOWN STEP	2026-09-23T08:17:11.7637420Z Package 'php-sass' is not installed, so not removed
higress-wasmplugin-test (RUST)	UNKNOWN STEP	2026-09-23T08:17:11.7637739Z Package 'php-seclib' is not installed, so not removed
higress-wasmplugin-test (RUST)	UNKNOWN STEP	2026-09-23T08:17:11.7638072Z Package 'php-services-json' is not installed, so not removed
higress-wasmplugin-test (RUST)	UNKNOWN STEP	2026-09-23T08:17:11.7638440Z Package 'php-services-weather' is not installed, so not removed
higress-wasmplugin-test (RUST)	UNKNOWN STEP	2026-09-23T08:17:11.7638804Z Package 'php-shellcommand' is not installed, so not removed
higress-wasmplugin-test (RUST)	UNKNOWN STEP	2026-09-23T08:17:11.7639149Z Package 'php-smbclient' is not installed, so not removed
higress-wasmplugin-test (RUST)	UNKNOWN STEP	2026-09-23T08:17:11.7639514Z Package 'php-smbclient-all-dev' is not installed, so not removed
higress-wasmplugin-test (RUST)	UNKNOWN STEP	2026-09-23T08:17:11.7639867Z Package 'php-soap' is not installed, so not removed
higress-wasmplugin-test (RUST)	UNKNOWN STEP	2026-09-23T08:17:11.7640177Z Package 'php-solr' is not installed, so not removed
higress-wasmplugin-test (RUST)	UNKNOWN STEP	2026-09-23T08:17:11.7640507Z Package 'php-solr-all-dev' is not installed, so not removed
higress-wasmplugin-test (RUST)	UNKNOWN STEP	2026-09-23T08:17:11.7640957Z Package 'php-sql-formatter' is not installed, so not removed
higress-wasmplugin-test (RUST)	UNKNOWN STEP	2026-09-23T08:17:11.7641292Z Package 'php-ssh2' is not installed, so not removed
higress-wasmplugin-test (RUST)	UNKNOWN STEP	2026-09-23T08:17:11.7641617Z Package 'php-ssh2-all-dev' is not installed, so not removed
higress-wasmplugin-test (RUST)	UNKNOWN STEP	2026-09-23T08:17:11.7641968Z Package 'php-swiftmailer' is not installed, so not removed
higress-wasmplugin-test (RUST)	UNKNOWN STEP	2026-09-23T08:17:11.7642297Z Package 'php-sybase' is not installed, so not removed
higress-wasmplugin-test (RUST)	UNKNOWN STEP	2026-09-23T08:17:11.7642618Z Package 'php-symfony' is not installed, so not removed
higress-wasmplugin-test (RUST)	UNKNOWN STEP	2026-09-23T08:17:11.7643011Z Package 'php-symfony-all-my-sms-notifier' is not installed, so not removed
higress-wasmplugin-test (RUST)	UNKNOWN STEP	2026-09-23T08:17:11.7643482Z Package 'php-symfony-amazon-mailer' is not installed, so not removed
higress-wasmplugin-test (RUST)	UNKNOWN STEP	2026-09-23T08:17:11.7643985Z Package 'php-symfony-amazon-sns-notifier' is not installed, so not removed
higress-wasmplugin-test (RUST)	UNKNOWN STEP	2026-09-23T08:17:11.7644451Z Package 'php-symfony-amazon-sqs-messenger' is not installed, so not removed
higress-wasmplugin-test (RUST)	UNKNOWN STEP	2026-09-23T08:17:11.7644895Z Package 'php-symfony-amqp-messenger' is not installed, so not removed
higress-wasmplugin-test (RUST)	UNKNOWN STEP	2026-09-23T08:17:11.7645284Z Package 'php-symfony-asset' is not installed, so not removed
higress-wasmplugin-test (RUST)	UNKNOWN STEP	2026-09-23T08:17:11.7645694Z Package 'php-symfony-beanstalkd-messenger' is not installed, so not removed
higress-wasmplugin-test (RUST)	UNKNOWN STEP	2026-09-23T08:17:11.7646125Z Package 'php-symfony-browser-kit' is not installed, so not removed
higress-wasmplugin-test (RUST)	UNKNOWN STEP	2026-09-23T08:17:11.7646509Z Package 'php-symfony-cache' is not installed, so not removed
higress-wasmplugin-test (RUST)	UNKNOWN STEP	2026-09-23T08:17:11.7646898Z Package 'php-symfony-cache-contracts' is not installed, so not removed
higress-wasmplugin-test (RUST)	UNKNOWN STEP	2026-09-23T08:17:11.7647333Z Package 'php-symfony-clickatell-notifier' is not installed, so not removed
higress-wasmplugin-test (RUST)	UNKNOWN STEP	2026-09-23T08:17:11.7647744Z Package 'php-symfony-config' is not installed, so not removed
higress-wasmplugin-test (RUST)	UNKNOWN STEP	2026-09-23T08:17:11.7648111Z Package 'php-symfony-console' is not installed, so not removed
higress-wasmplugin-test (RUST)	UNKNOWN STEP	2026-09-23T08:17:11.7648491Z Package 'php-symfony-contracts' is not installed, so not removed
higress-wasmplugin-test (RUST)	UNKNOWN STEP	2026-09-23T08:17:11.7648941Z Package 'php-symfony-crowdin-translation-provider' is not installed, so not removed
higress-wasmplugin-test (RUST)	UNKNOWN STEP	2026-09-23T08:17:11.7649418Z Package 'php-symfony-css-selector' is not installed, so not removed
higress-wasmplugin-test (RUST)	UNKNOWN STEP	2026-09-23T08:17:11.7649830Z Package 'php-symfony-debug-bundle' is not installed, so not removed
higress-wasmplugin-test (RUST)	UNKNOWN STEP	2026-09-23T08:17:11.7650262Z Package 'php-symfony-dependency-injection' is not installed, so not removed
higress-wasmplugin-test (RUST)	UNKNOWN STEP	2026-09-23T08:17:11.7650733Z Package 'php-symfony-deprecation-contracts' is not installed, so not removed
higress-wasmplugin-test (RUST)	UNKNOWN STEP	2026-09-23T08:17:11.7651185Z Package 'php-symfony-discord-notifier' is not installed, so not removed
higress-wasmplugin-test (RUST)	UNKNOWN STEP	2026-09-23T08:17:11.7651612Z Package 'php-symfony-doctrine-bridge' is not installed, so not removed
higress-wasmplugin-test (RUST)	UNKNOWN STEP	2026-09-23T08:17:11.7652046Z Package 'php-symfony-doctrine-messenger' is not installed, so not removed
higress-wasmplugin-test (RUST)	UNKNOWN STEP	2026-09-23T08:17:11.7652496Z Package 'php-symfony-dom-crawler' is not installed, so not removed
higress-wasmplugin-test (RUST)	UNKNOWN STEP	2026-09-23T08:17:11.7652881Z Package 'php-symfony-dotenv' is not installed, so not removed
higress-wasmplugin-test (RUST)	UNKNOWN STEP	2026-09-23T08:17:11.7653269Z Package 'php-symfony-error-handler' is not installed, so not removed
higress-wasmplugin-test (RUST)	UNKNOWN STEP	2026-09-23T08:17:11.7653768Z Package 'php-symfony-esendex-notifier' is not installed, so not removed
higress-wasmplugin-test (RUST)	UNKNOWN STEP	2026-09-23T08:17:11.7654284Z Package 'php-symfony-event-dispatcher' is not installed, so not removed
higress-wasmplugin-test (RUST)	UNKNOWN STEP	2026-09-23T08:17:11.7654749Z Package 'php-symfony-event-dispatcher-contracts' is not installed, so not removed
higress-wasmplugin-test (RUST)	UNKNOWN STEP	2026-09-23T08:17:11.7655212Z Package 'php-symfony-expo-notifier' is not installed, so not removed
higress-wasmplugin-test (RUST)	UNKNOWN STEP	2026-09-23T08:17:11.7655638Z Package 'php-symfony-expression-language' is not installed, so not removed
higress-wasmplugin-test (RUST)	UNKNOWN STEP	2026-09-23T08:17:11.7656080Z Package 'php-symfony-fake-chat-notifier' is not installed, so not removed
higress-wasmplugin-test (RUST)	UNKNOWN STEP	2026-09-23T08:17:11.7656507Z Package 'php-symfony-fake-sms-notifier' is not installed, so not removed
higress-wasmplugin-test (RUST)	UNKNOWN STEP	2026-09-23T08:17:11.7656918Z Package 'php-symfony-filesystem' is not installed, so not removed
higress-wasmplugin-test (RUST)	UNKNOWN STEP	2026-09-23T08:17:11.7657305Z Package 'php-symfony-finder' is not installed, so not removed
higress-wasmplugin-test (RUST)	UNKNOWN STEP	2026-09-23T08:17:11.7657701Z Package 'php-symfony-firebase-notifier' is not installed, so not removed
higress-wasmplugin-test (RUST)	UNKNOWN STEP	2026-09-23T08:17:11.7658095Z Package 'php-symfony-form' is not installed, so not removed
higress-wasmplugin-test (RUST)	UNKNOWN STEP	2026-09-23T08:17:11.7658561Z Package 'php-symfony-framework-bundle' is not installed, so not removed
higress-wasmplugin-test (RUST)	UNKNOWN STEP	2026-09-23T08:17:11.7659001Z Package 'php-symfony-free-mobile-notifier' is not installed, so not removed
higress-wasmplugin-test (RUST)	UNKNOWN STEP	2026-09-23T08:17:11.7659450Z Package 'php-symfony-gateway-api-notifier' is not installed, so not removed
higress-wasmplugin-test (RUST)	UNKNOWN STEP	2026-09-23T08:17:11.7659886Z Package 'php-symfony-gitter-notifier' is not installed, so not removed
higress-wasmplugin-test (RUST)	UNKNOWN STEP	2026-09-23T08:17:11.7660349Z Package 'php-symfony-google-chat-notifier' is not installed, so not removed
higress-wasmplugin-test (RUST)	UNKNOWN STEP	2026-09-23T08:17:11.7660816Z Package 'php-symfony-google-mailer' is not installed, so not removed
higress-wasmplugin-test (RUST)	UNKNOWN STEP	2026-09-23T08:17:11.7661246Z Package 'php-symfony-http-client' is not installed, so not removed
higress-wasmplugin-test (RUST)	UNKNOWN STEP	2026-09-23T08:17:11.7661705Z Package 'php-symfony-http-client-contracts' is not installed, so not removed
higress-wasmplugin-test (RUST)	UNKNOWN STEP	2026-09-23T08:17:11.7662190Z Package 'php-symfony-http-foundation' is not installed, so not removed
higress-wasmplugin-test (RUST)	UNKNOWN STEP	2026-09-23T08:17:11.7662631Z Package 'php-symfony-http-kernel' is not installed, so not removed
higress-wasmplugin-test (RUST)	UNKNOWN STEP	2026-09-23T08:17:11.7663118Z Package 'php-symfony-inflector' is not installed, so not removed
higress-wasmplugin-test (RUST)	UNKNOWN STEP	2026-09-23T08:17:11.7663564Z Package 'php-symfony-infobip-notifier' is not installed, so not removed
higress-wasmplugin-test (RUST)	UNKNOWN STEP	2026-09-23T08:17:11.7664266Z Package 'php-symfony-intl' is not installed, so not removed
higress-wasmplugin-test (RUST)	UNKNOWN STEP	2026-09-23T08:17:11.7664704Z Package 'php-symfony-iqsms-notifier' is not installed, so not removed
higress-wasmplugin-test (RUST)	UNKNOWN STEP	2026-09-23T08:17:11.7665123Z Package 'php-symfony-ldap' is not installed, so not removed
higress-wasmplugin-test (RUST)	UNKNOWN STEP	2026-09-23T08:17:11.7665519Z Package 'php-symfony-light-sms-notifier' is not installed, so not removed
higress-wasmplugin-test (RUST)	UNKNOWN STEP	2026-09-23T08:17:11.7665962Z Package 'php-symfony-linked-in-notifier' is not installed, so not removed
higress-wasmplugin-test (RUST)	UNKNOWN STEP	2026-09-23T08:17:11.7666354Z Package 'php-symfony-lock' is not installed, so not removed
higress-wasmplugin-test (RUST)	UNKNOWN STEP	2026-09-23T08:17:11.7666774Z Package 'php-symfony-loco-translation-provider' is not installed, so not removed
higress-wasmplugin-test (RUST)	UNKNOWN STEP	2026-09-23T08:17:11.7667284Z Package 'php-symfony-lokalise-translation-provider' is not installed, so not removed
higress-wasmplugin-test (RUST)	UNKNOWN STEP	2026-09-23T08:17:11.7667764Z Package 'php-symfony-mailchimp-mailer' is not installed, so not removed
higress-wasmplugin-test (RUST)	UNKNOWN STEP	2026-09-23T08:17:11.7668163Z Package 'php-symfony-mailer' is not installed, so not removed
higress-wasmplugin-test (RUST)	UNKNOWN STEP	2026-09-23T08:17:11.7668558Z Package 'php-symfony-mailgun-mailer' is not installed, so not removed
higress-wasmplugin-test (RUST)	UNKNOWN STEP	2026-09-23T08:17:11.7668966Z Package 'php-symfony-mailjet-mailer' is not installed, so not removed
higress-wasmplugin-test (RUST)	UNKNOWN STEP	2026-09-23T08:17:11.7669375Z Package 'php-symfony-mailjet-notifier' is not installed, so not removed
higress-wasmplugin-test (RUST)	UNKNOWN STEP	2026-09-23T08:17:11.7669802Z Package 'php-symfony-mattermost-notifier' is not installed, so not removed
higress-wasmplugin-test (RUST)	UNKNOWN STEP	2026-09-23T08:17:11.7670206Z Package 'php-symfony-mercure' is not installed, so not removed
higress-wasmplugin-test (RUST)	UNKNOWN STEP	2026-09-23T08:17:11.7670598Z Package 'php-symfony-mercure-notifier' is not installed, so not removed
higress-wasmplugin-test (RUST)	UNKNOWN STEP	2026-09-23T08:17:11.7671037Z Package 'php-symfony-message-bird-notifier' is not installed, so not removed
higress-wasmplugin-test (RUST)	UNKNOWN STEP	2026-09-23T08:17:11.7671499Z Package 'php-symfony-message-media-notifier' is not installed, so not removed
higress-wasmplugin-test (RUST)	UNKNOWN STEP	2026-09-23T08:17:11.7672004Z Package 'php-symfony-messenger' is not installed, so not removed
higress-wasmplugin-test (RUST)	UNKNOWN STEP	2026-09-23T08:17:11.7672450Z Package 'php-symfony-microsoft-teams-notifier' is not installed, so not removed
higress-wasmplugin-test (RUST)	UNKNOWN STEP	2026-09-23T08:17:11.7672879Z Package 'php-symfony-mime' is not installed, so not removed
higress-wasmplugin-test (RUST)	UNKNOWN STEP	2026-09-23T08:17:11.7673263Z Package 'php-symfony-mobyt-notifier' is not installed, so not removed
higress-wasmplugin-test (RUST)	UNKNOWN STEP	2026-09-23T08:17:11.7673672Z Package 'php-symfony-monolog-bridge' is not installed, so not removed
higress-wasmplugin-test (RUST)	UNKNOWN STEP	2026-09-23T08:17:11.7674212Z Package 'php-symfony-nexmo-notifier' is not installed, so not removed
higress-wasmplugin-test (RUST)	UNKNOWN STEP	2026-09-23T08:17:11.7674604Z Package 'php-symfony-notifier' is not installed, so not removed
higress-wasmplugin-test (RUST)	UNKNOWN STEP	2026-09-23T08:17:11.7675003Z Package 'php-symfony-octopush-notifier' is not installed, so not removed
higress-wasmplugin-test (RUST)	UNKNOWN STEP	2026-09-23T08:17:11.7675433Z Package 'php-symfony-oh-my-smtp-mailer' is not installed, so not removed
higress-wasmplugin-test (RUST)	UNKNOWN STEP	2026-09-23T08:17:11.7675872Z Package 'php-symfony-one-signal-notifier' is not installed, so not removed
higress-wasmplugin-test (RUST)	UNKNOWN STEP	2026-09-23T08:17:11.7676308Z Package 'php-symfony-options-resolver' is not installed, so not removed
higress-wasmplugin-test (RUST)	UNKNOWN STEP	2026-09-23T08:17:11.7676802Z Package 'php-symfony-ovh-cloud-notifier' is not installed, so not removed
higress-wasmplugin-test (RUST)	UNKNOWN STEP	2026-09-23T08:17:11.7677234Z Package 'php-symfony-password-hasher' is not installed, so not removed
higress-wasmplugin-test (RUST)	UNKNOWN STEP	2026-09-23T08:17:11.7677647Z Package 'php-symfony-phpunit-bridge' is not installed, so not removed
higress-wasmplugin-test (RUST)	UNKNOWN STEP	2026-09-23T08:17:11.7678034Z Package 'php-symfony-polyfill' is not installed, so not removed
higress-wasmplugin-test (RUST)	UNKNOWN STEP	2026-09-23T08:17:11.7678428Z Package 'php-symfony-polyfill-apcu' is not installed, so not removed
higress-wasmplugin-test (RUST)	UNKNOWN STEP	2026-09-23T08:17:11.7678829Z Package 'php-symfony-polyfill-ctype' is not installed, so not removed
higress-wasmplugin-test (RUST)	UNKNOWN STEP	2026-09-23T08:17:11.7679243Z Package 'php-symfony-polyfill-iconv' is not installed, so not removed
higress-wasmplugin-test (RUST)	UNKNOWN STEP	2026-09-23T08:17:11.7679679Z Package 'php-symfony-polyfill-intl-grapheme' is not installed, so not removed
higress-wasmplugin-test (RUST)	UNKNOWN STEP	2026-09-23T08:17:11.7680130Z Package 'php-symfony-polyfill-intl-icu' is not installed, so not removed
higress-wasmplugin-test (RUST)	UNKNOWN STEP	2026-09-23T08:17:11.7680564Z Package 'php-symfony-polyfill-intl-idn' is not installed, so not removed
higress-wasmplugin-test (RUST)	UNKNOWN STEP	2026-09-23T08:17:11.7681038Z Package 'php-symfony-polyfill-intl-messageformatter' is not installed, so not removed
higress-wasmplugin-test (RUST)	UNKNOWN STEP	2026-09-23T08:17:11.7681556Z Package 'php-symfony-polyfill-intl-normalizer' is not installed, so not removed
higress-wasmplugin-test (RUST)	UNKNOWN STEP	2026-09-23T08:17:11.7682012Z Package 'php-symfony-polyfill-mbstring' is not installed, so not removed
higress-wasmplugin-test (RUST)	UNKNOWN STEP	2026-09-23T08:17:11.7682427Z Package 'php-symfony-polyfill-php72' is not installed, so not removed
higress-wasmplugin-test (RUST)	UNKNOWN STEP	2026-09-23T08:17:11.7682840Z Package 'php-symfony-polyfill-php73' is not installed, so not removed
higress-wasmplugin-test (RUST)	UNKNOWN STEP	2026-09-23T08:17:11.7683244Z Package 'php-symfony-polyfill-php74' is not installed, so not removed
higress-wasmplugin-test (RUST)	UNKNOWN STEP	2026-09-23T08:17:11.7683643Z Package 'php-symfony-polyfill-php80' is not installed, so not removed
higress-wasmplugin-test (RUST)	UNKNOWN STEP	2026-09-23T08:17:11.7684117Z Package 'php-symfony-polyfill-php81' is not installed, so not removed
higress-wasmplugin-test (RUST)	UNKNOWN STEP	2026-09-23T08:17:11.7684523Z Package 'php-symfony-polyfill-util' is not installed, so not removed
higress-wasmplugin-test (RUST)	UNKNOWN STEP	2026-09-23T08:17:11.7684930Z Package 'php-symfony-polyfill-uuid' is not installed, so not removed
higress-wasmplugin-test (RUST)	UNKNOWN STEP	2026-09-23T08:17:11.7685325Z Package 'php-symfony-polyfill-xml' is not installed, so not removed
higress-wasmplugin-test (RUST)	UNKNOWN STEP	2026-09-23T08:17:11.7685739Z Package 'php-symfony-postmark-mailer' is not installed, so not removed
higress-wasmplugin-test (RUST)	UNKNOWN STEP	2026-09-23T08:17:11.7686131Z Package 'php-symfony-process' is not installed, so not removed
higress-wasmplugin-test (RUST)	UNKNOWN STEP	2026-09-23T08:17:11.7686528Z Package 'php-symfony-property-access' is not installed, so not removed
higress-wasmplugin-test (RUST)	UNKNOWN STEP	2026-09-23T08:17:11.7686930Z Package 'php-symfony-property-info' is not installed, so not removed
higress-wasmplugin-test (RUST)	UNKNOWN STEP	2026-09-23T08:17:11.7687361Z Package 'php-symfony-proxy-manager-bridge' is not installed, so not removed
higress-wasmplugin-test (RUST)	UNKNOWN STEP	2026-09-23T08:17:11.7687785Z Package 'php-symfony-rate-limiter' is not installed, so not removed
higress-wasmplugin-test (RUST)	UNKNOWN STEP	2026-09-23T08:17:11.7688190Z Package 'php-symfony-redis-messenger' is not installed, so not removed
higress-wasmplugin-test (RUST)	UNKNOWN STEP	2026-09-23T08:17:11.7688629Z Package 'php-symfony-rocket-chat-notifier' is not installed, so not removed
higress-wasmplugin-test (RUST)	UNKNOWN STEP	2026-09-23T08:17:11.7689039Z Package 'php-symfony-routing' is not installed, so not removed
higress-wasmplugin-test (RUST)	UNKNOWN STEP	2026-09-23T08:17:11.7689469Z Package 'php-symfony-runtime' is not installed, so not removed
higress-wasmplugin-test (RUST)	UNKNOWN STEP	2026-09-23T08:17:11.7689870Z Package 'php-symfony-security-acl' is not installed, so not removed
higress-wasmplugin-test (RUST)	UNKNOWN STEP	2026-09-23T08:17:11.7690275Z Package 'php-symfony-security-bundle' is not installed, so not removed
higress-wasmplugin-test (RUST)	UNKNOWN STEP	2026-09-23T08:17:11.7690684Z Package 'php-symfony-security-core' is not installed, so not removed
higress-wasmplugin-test (RUST)	UNKNOWN STEP	2026-09-23T08:17:11.7691086Z Package 'php-symfony-security-csrf' is not installed, so not removed
higress-wasmplugin-test (RUST)	UNKNOWN STEP	2026-09-23T08:17:11.7691492Z Package 'php-symfony-security-guard' is not installed, so not removed
higress-wasmplugin-test (RUST)	UNKNOWN STEP	2026-09-23T08:17:11.7691897Z Package 'php-symfony-security-http' is not installed, so not removed
higress-wasmplugin-test (RUST)	UNKNOWN STEP	2026-09-23T08:17:11.7692289Z Package 'php-symfony-semaphore' is not installed, so not removed
higress-wasmplugin-test (RUST)	UNKNOWN STEP	2026-09-23T08:17:11.7692686Z Package 'php-symfony-sendgrid-mailer' is not installed, so not removed
higress-wasmplugin-test (RUST)	UNKNOWN STEP	2026-09-23T08:17:11.7693118Z Package 'php-symfony-sendinblue-mailer' is not installed, so not removed
higress-wasmplugin-test (RUST)	UNKNOWN STEP	2026-09-23T08:17:11.7693563Z Package 'php-symfony-sendinblue-notifier' is not installed, so not removed
higress-wasmplugin-test (RUST)	UNKNOWN STEP	2026-09-23T08:17:11.7694070Z Package 'php-symfony-serializer' is not installed, so not removed
higress-wasmplugin-test (RUST)	UNKNOWN STEP	2026-09-23T08:17:11.7694553Z Package 'php-symfony-service-contracts' is not installed, so not removed
higress-wasmplugin-test (RUST)	UNKNOWN STEP	2026-09-23T08:17:11.7694966Z Package 'php-symfony-sinch-notifier' is not installed, so not removed
higress-wasmplugin-test (RUST)	UNKNOWN STEP	2026-09-23T08:17:11.7695369Z Package 'php-symfony-slack-notifier' is not installed, so not removed
higress-wasmplugin-test (RUST)	UNKNOWN STEP	2026-09-23T08:17:11.7695790Z Package 'php-symfony-sms-biuras-notifier' is not installed, so not removed
higress-wasmplugin-test (RUST)	UNKNOWN STEP	2026-09-23T08:17:11.7696212Z Package 'php-symfony-sms77-notifier' is not installed, so not removed
higress-wasmplugin-test (RUST)	UNKNOWN STEP	2026-09-23T08:17:11.7696617Z Package 'php-symfony-smsapi-notifier' is not installed, so not removed
higress-wasmplugin-test (RUST)	UNKNOWN STEP	2026-09-23T08:17:11.7697030Z Package 'php-symfony-smsc-notifier' is not installed, so not removed
higress-wasmplugin-test (RUST)	UNKNOWN STEP	2026-09-23T08:17:11.7697438Z Package 'php-symfony-spot-hit-notifier' is not installed, so not removed
higress-wasmplugin-test (RUST)	UNKNOWN STEP	2026-09-23T08:17:11.7697837Z Package 'php-symfony-stopwatch' is not installed, so not removed
higress-wasmplugin-test (RUST)	UNKNOWN STEP	2026-09-23T08:17:11.7698215Z Package 'php-symfony-string' is not installed, so not removed
higress-wasmplugin-test (RUST)	UNKNOWN STEP	2026-09-23T08:17:11.7698623Z Package 'php-symfony-telegram-notifier' is not installed, so not removed
higress-wasmplugin-test (RUST)	UNKNOWN STEP	2026-09-23T08:17:11.7699040Z Package 'php-symfony-telnyx-notifier' is not installed, so not removed
higress-wasmplugin-test (RUST)	UNKNOWN STEP	2026-09-23T08:17:11.7699440Z Package 'php-symfony-templating' is not installed, so not removed
higress-wasmplugin-test (RUST)	UNKNOWN STEP	2026-09-23T08:17:11.7699832Z Package 'php-symfony-translation' is not installed, so not removed
higress-wasmplugin-test (RUST)	UNKNOWN STEP	2026-09-23T08:17:11.7700272Z Package 'php-symfony-translation-contracts' is not installed, so not removed
higress-wasmplugin-test (RUST)	UNKNOWN STEP	2026-09-23T08:17:11.7700726Z Package 'php-symfony-turbo-sms-notifier' is not installed, so not removed
higress-wasmplugin-test (RUST)	UNKNOWN STEP	2026-09-23T08:17:11.7701141Z Package 'php-symfony-twig-bridge' is not installed, so not removed
higress-wasmplugin-test (RUST)	UNKNOWN STEP	2026-09-23T08:17:11.7701525Z Package 'php-symfony-twig-bundle' is not installed, so not removed
higress-wasmplugin-test (RUST)	UNKNOWN STEP	2026-09-23T08:17:11.7701923Z Package 'php-symfony-twilio-notifier' is not installed, so not removed
higress-wasmplugin-test (RUST)	UNKNOWN STEP	2026-09-23T08:17:11.7702312Z Package 'php-symfony-uid' is not installed, so not removed
higress-wasmplugin-test (RUST)	UNKNOWN STEP	2026-09-23T08:17:11.7702675Z Package 'php-symfony-validator' is not installed, so not removed
higress-wasmplugin-test (RUST)	UNKNOWN STEP	2026-09-23T08:17:11.7703057Z Package 'php-symfony-var-dumper' is not installed, so not removed
higress-wasmplugin-test (RUST)	UNKNOWN STEP	2026-09-23T08:17:11.7703452Z Package 'php-symfony-var-exporter' is not installed, so not removed
higress-wasmplugin-test (RUST)	UNKNOWN STEP	2026-09-23T08:17:11.7703940Z Package 'php-symfony-vonage-notifier' is not installed, so not removed
higress-wasmplugin-test (RUST)	UNKNOWN STEP	2026-09-23T08:17:11.7704347Z Package 'php-symfony-web-link' is not installed, so not removed
higress-wasmplugin-test (RUST)	UNKNOWN STEP	2026-09-23T08:17:11.7704756Z Package 'php-symfony-web-profiler-bundle' is not installed, so not removed
higress-wasmplugin-test (RUST)	UNKNOWN STEP	2026-09-23T08:17:11.7705168Z Package 'php-symfony-workflow' is not installed, so not removed
higress-wasmplugin-test (RUST)	UNKNOWN STEP	2026-09-23T08:17:11.7705535Z Package 'php-symfony-yaml' is not installed, so not removed
higress-wasmplugin-test (RUST)	UNKNOWN STEP	2026-09-23T08:17:11.7705928Z Package 'php-symfony-yunpian-notifier' is not installed, so not removed
higress-wasmplugin-test (RUST)	UNKNOWN STEP	2026-09-23T08:17:11.7706348Z Package 'php-symfony-zulip-notifier' is not installed, so not removed
higress-wasmplugin-test (RUST)	UNKNOWN STEP	2026-09-23T08:17:11.7706822Z Package 'php-tcpdf' is not installed, so not removed
higress-wasmplugin-test (RUST)	UNKNOWN STEP	2026-09-23T08:17:11.7707174Z Package 'php-text-captcha' is not installed, so not removed
higress-wasmplugin-test (RUST)	UNKNOWN STEP	2026-09-23T08:17:11.7707529Z Package 'php-text-figlet' is not installed, so not removed
higress-wasmplugin-test (RUST)	UNKNOWN STEP	2026-09-23T08:17:11.7707901Z Package 'php-text-languagedetect' is not installed, so not removed
higress-wasmplugin-test (RUST)	UNKNOWN STEP	2026-09-23T08:17:11.7708276Z Package 'php-text-password' is not installed, so not removed
higress-wasmplugin-test (RUST)	UNKNOWN STEP	2026-09-23T08:17:11.7708641Z Package 'php-text-template' is not installed, so not removed
higress-wasmplugin-test (RUST)	UNKNOWN STEP	2026-09-23T08:17:11.7708987Z Package 'php-text-wiki' is not installed, so not removed
higress-wasmplugin-test (RUST)	UNKNOWN STEP	2026-09-23T08:17:11.7709315Z Package 'php-thrift' is not installed, so not removed
higress-wasmplugin-test (RUST)	UNKNOWN STEP	2026-09-23T08:17:11.7709639Z Package 'php-tideways' is not installed, so not removed
higress-wasmplugin-test (RUST)	UNKNOWN STEP	2026-09-23T08:17:11.7710047Z Package 'php-tijsverkoyen-css-to-inline-styles' is not installed, so not removed
higress-wasmplugin-test (RUST)	UNKNOWN STEP	2026-09-23T08:17:11.7710461Z Package 'php-timer' is not installed, so not removed
higress-wasmplugin-test (RUST)	UNKNOWN STEP	2026-09-23T08:17:11.7710794Z Package 'php-token-stream' is not installed, so not removed
higress-wasmplugin-test (RUST)	UNKNOWN STEP	2026-09-23T08:17:11.7711212Z Package 'php-tokenizer' is not installed, so not removed
higress-wasmplugin-test (RUST)	UNKNOWN STEP	2026-09-23T08:17:11.7711535Z Package 'php-twig' is not installed, so not removed
higress-wasmplugin-test (RUST)	UNKNOWN STEP	2026-09-23T08:17:11.7711877Z Package 'php-twig-cache-extra' is not installed, so not removed
higress-wasmplugin-test (RUST)	UNKNOWN STEP	2026-09-23T08:17:11.7712266Z Package 'php-twig-cssinliner-extra' is not installed, so not removed
higress-wasmplugin-test (RUST)	UNKNOWN STEP	2026-09-23T08:17:11.7712636Z Package 'php-twig-doc' is not installed, so not removed
higress-wasmplugin-test (RUST)	UNKNOWN STEP	2026-09-23T08:17:11.7712986Z Package 'php-twig-extra-bundle' is not installed, so not removed
higress-wasmplugin-test (RUST)	UNKNOWN STEP	2026-09-23T08:17:11.7713358Z Package 'php-twig-html-extra' is not installed, so not removed
higress-wasmplugin-test (RUST)	UNKNOWN STEP	2026-09-23T08:17:11.7713800Z Package 'php-twig-i18n-extension' is not installed, so not removed
higress-wasmplugin-test (RUST)	UNKNOWN STEP	2026-09-23T08:17:11.7714269Z Package 'php-twig-inky-extra' is not installed, so not removed
higress-wasmplugin-test (RUST)	UNKNOWN STEP	2026-09-23T08:17:11.7714633Z Package 'php-twig-intl-extra' is not installed, so not removed
higress-wasmplugin-test (RUST)	UNKNOWN STEP	2026-09-23T08:17:11.7715015Z Package 'php-twig-markdown-extra' is not installed, so not removed
higress-wasmplugin-test (RUST)	UNKNOWN STEP	2026-09-23T08:17:11.7715399Z Package 'php-twig-string-extra' is not installed, so not removed
higress-wasmplugin-test (RUST)	UNKNOWN STEP	2026-09-23T08:17:11.7715753Z Package 'php-uopz' is not installed, so not removed
higress-wasmplugin-test (RUST)	UNKNOWN STEP	2026-09-23T08:17:11.7716089Z Package 'php-uopz-all-dev' is not installed, so not removed
higress-wasmplugin-test (RUST)	UNKNOWN STEP	2026-09-23T08:17:11.7716452Z Package 'php-uploadprogress' is not installed, so not removed
higress-wasmplugin-test (RUST)	UNKNOWN STEP	2026-09-23T08:17:11.7716850Z Package 'php-uploadprogress-all-dev' is not installed, so not removed
higress-wasmplugin-test (RUST)	UNKNOWN STEP	2026-09-23T08:17:11.7717236Z Package 'php-uuid' is not installed, so not removed
higress-wasmplugin-test (RUST)	UNKNOWN STEP	2026-09-23T08:17:11.7717572Z Package 'php-uuid-all-dev' is not installed, so not removed
higress-wasmplugin-test (RUST)	UNKNOWN STEP	2026-09-23T08:17:11.7717917Z Package 'php-validate' is not installed, so not removed
higress-wasmplugin-test (RUST)	UNKNOWN STEP	2026-09-23T08:17:11.7718272Z Package 'php-vlucas-phpdotenv' is not installed, so not removed
higress-wasmplugin-test (RUST)	UNKNOWN STEP	2026-09-23T08:17:11.7718654Z Package 'php-webmozart-assert' is not installed, so not removed
higress-wasmplugin-test (RUST)	UNKNOWN STEP	2026-09-23T08:17:11.7719021Z Package 'php-wikidiff2' is not installed, so not removed
higress-wasmplugin-test (RUST)	UNKNOWN STEP	2026-09-23T08:17:11.7719355Z Package 'php-xajax' is not installed, so not removed
higress-wasmplugin-test (RUST)	UNKNOWN STEP	2026-09-23T08:17:11.7719685Z Package 'php-xdebug' is not installed, so not removed
higress-wasmplugin-test (RUST)	UNKNOWN STEP	2026-09-23T08:17:11.7720032Z Package 'php-xdebug-all-dev' is not installed, so not removed
higress-wasmplugin-test (RUST)	UNKNOWN STEP	2026-09-23T08:17:11.7720418Z Package 'php-xml-htmlsax3' is not installed, so not removed
higress-wasmplugin-test (RUST)	UNKNOWN STEP	2026-09-23T08:17:11.7720768Z Package 'php-xml-rpc2' is not installed, so not removed
higress-wasmplugin-test (RUST)	UNKNOWN STEP	2026-09-23T08:17:11.7721104Z Package 'php-xml-svg' is not installed, so not removed
higress-wasmplugin-test (RUST)	UNKNOWN STEP	2026-09-23T08:17:11.7721436Z Package 'php-xmlrpc' is not installed, so not removed
higress-wasmplugin-test (RUST)	UNKNOWN STEP	2026-09-23T08:17:11.7721781Z Package 'php-xmlrpc-all-dev' is not installed, so not removed
higress-wasmplugin-test (RUST)	UNKNOWN STEP	2026-09-23T08:17:11.7722122Z Package 'php-yac' is not installed, so not removed
higress-wasmplugin-test (RUST)	UNKNOWN STEP	2026-09-23T08:17:11.7722458Z Package 'php-yac-all-dev' is not installed, so not removed
higress-wasmplugin-test (RUST)	UNKNOWN STEP	2026-09-23T08:17:11.7722792Z Package 'php-yaml' is not installed, so not removed
higress-wasmplugin-test (RUST)	UNKNOWN STEP	2026-09-23T08:17:11.7723123Z Package 'php-yaml-all-dev' is not installed, so not removed
higress-wasmplugin-test (RUST)	UNKNOWN STEP	2026-09-23T08:17:11.7723546Z Package 'php-zend-code' is not installed, so not removed
higress-wasmplugin-test (RUST)	UNKNOWN STEP	2026-09-23T08:17:11.7723983Z Package 'php-zend-eventmanager' is not installed, so not removed
higress-wasmplugin-test (RUST)	UNKNOWN STEP	2026-09-23T08:17:11.7724356Z Package 'php-zend-stdlib' is not installed, so not removed
higress-wasmplugin-test (RUST)	UNKNOWN STEP	2026-09-23T08:17:11.7724701Z Package 'php-zeroc-ice' is not installed, so not removed
higress-wasmplugin-test (RUST)	UNKNOWN STEP	2026-09-23T08:17:11.7725035Z Package 'php-zeta-base' is not installed, so not removed
higress-wasmplugin-test (RUST)	UNKNOWN STEP	2026-09-23T08:17:11.7725394Z Package 'php-zeta-console-tools' is not installed, so not removed
higress-wasmplugin-test (RUST)	UNKNOWN STEP	2026-09-23T08:17:11.7725770Z Package 'php-zeta-unit-test' is not installed, so not removed
higress-wasmplugin-test (RUST)	UNKNOWN STEP	2026-09-23T08:17:11.7726108Z Package 'php-zip' is not installed, so not removed
higress-wasmplugin-test (RUST)	UNKNOWN STEP	2026-09-23T08:17:11.7726419Z Package 'php-zmq' is not installed, so not removed
higress-wasmplugin-test (RUST)	UNKNOWN STEP	2026-09-23T08:17:11.7727007Z Package 'php-zmq-all-dev' is not installed, so not removed
higress-wasmplugin-test (RUST)	UNKNOWN STEP	2026-09-23T08:17:11.7727454Z Package 'php8.1-ast' is not installed, so not removed
higress-wasmplugin-test (RUST)	UNKNOWN STEP	2026-09-23T08:17:11.7727876Z Package 'php8.1-ds' is not installed, so not removed
higress-wasmplugin-test (RUST)	UNKNOWN STEP	2026-09-23T08:17:11.7728359Z Package 'php8.1-gearman' is not installed, so not removed
higress-wasmplugin-test (RUST)	UNKNOWN STEP	2026-09-23T08:17:11.7729016Z Package 'php8.1-gmagick' is not installed, so not removed
higress-wasmplugin-test (RUST)	UNKNOWN STEP	2026-09-23T08:17:11.7729516Z Package 'php8.1-gnupg' is not installed, so not removed
higress-wasmplugin-test (RUST)	UNKNOWN STEP	2026-09-23T08:17:11.7730029Z Package 'php8.1-http' is not installed, so not removed
higress-wasmplugin-test (RUST)	UNKNOWN STEP	2026-09-23T08:17:11.7730540Z Package 'php8.1-mailparse' is not installed, so not removed
higress-wasmplugin-test (RUST)	UNKNOWN STEP	2026-09-23T08:17:11.7731090Z Package 'php8.1-oauth' is not installed, so not removed
higress-wasmplugin-test (RUST)	UNKNOWN STEP	2026-09-23T08:17:11.7731615Z Package 'php8.1-ps' is not installed, so not removed
higress-wasmplugin-test (RUST)	UNKNOWN STEP	2026-09-23T08:17:11.7732112Z Package 'php8.1-psr' is not installed, so not removed
higress-wasmplugin-test (RUST)	UNKNOWN STEP	2026-09-23T08:17:11.7732604Z Package 'php8.1-raphf' is not installed, so not removed
higress-wasmplugin-test (RUST)	UNKNOWN STEP	2026-09-23T08:17:11.7733119Z Package 'php8.1-rrd' is not installed, so not removed
higress-wasmplugin-test (RUST)	UNKNOWN STEP	2026-09-23T08:17:11.7733607Z Package 'php8.1-smbclient' is not installed, so not removed
higress-wasmplugin-test (RUST)	UNKNOWN STEP	2026-09-23T08:17:11.7734274Z Package 'php8.1-solr' is not installed, so not removed
higress-wasmplugin-test (RUST)	UNKNOWN STEP	2026-09-23T08:17:11.7734775Z Package 'php8.1-ssh2' is not installed, so not removed
higress-wasmplugin-test (RUST)	UNKNOWN STEP	2026-09-23T08:17:11.7735284Z Package 'php8.1-uopz' is not installed, so not removed
higress-wasmplugin-test (RUST)	UNKNOWN STEP	2026-09-23T08:17:11.7735848Z Package 'php8.1-uploadprogress' is not installed, so not removed
higress-wasmplugin-test (RUST)	UNKNOWN STEP	2026-09-23T08:17:11.7736385Z Package 'php8.1-uuid' is not installed, so not removed
higress-wasmplugin-test (RUST)	UNKNOWN STEP	2026-09-23T08:17:11.7736923Z Package 'php8.1-xmlrpc' is not installed, so not removed
higress-wasmplugin-test (RUST)	UNKNOWN STEP	2026-09-23T08:17:11.7737404Z Package 'php8.1-yac' is not installed, so not removed
higress-wasmplugin-test (RUST)	UNKNOWN STEP	2026-09-23T08:17:11.7737863Z Package 'phpab' is not installed, so not removed
higress-wasmplugin-test (RUST)	UNKNOWN STEP	2026-09-23T08:17:11.7738321Z Package 'phpcpd' is not installed, so not removed
higress-wasmplugin-test (RUST)	UNKNOWN STEP	2026-09-23T08:17:11.7738770Z Package 'phpdox' is not installed, so not removed
higress-wasmplugin-test (RUST)	UNKNOWN STEP	2026-09-23T08:17:11.7739250Z Package 'phpldapadmin' is not installed, so not removed
higress-wasmplugin-test (RUST)	UNKNOWN STEP	2026-09-23T08:17:11.7739756Z Package 'phpliteadmin' is not installed, so not removed
higress-wasmplugin-test (RUST)	UNKNOWN STEP	2026-09-23T08:17:11.7740263Z Package 'phpliteadmin-themes' is not installed, so not removed
higress-wasmplugin-test (RUST)	UNKNOWN STEP	2026-09-23T08:17:11.7740694Z Package 'phploc' is not installed, so not removed
higress-wasmplugin-test (RUST)	UNKNOWN STEP	2026-09-23T08:17:11.7740990Z Package 'phpmd' is not installed, so not removed
higress-wasmplugin-test (RUST)	UNKNOWN STEP	2026-09-23T08:17:11.7741285Z Package 'phpmyadmin' is not installed, so not removed
higress-wasmplugin-test (RUST)	UNKNOWN STEP	2026-09-23T08:17:11.7741589Z Package 'phppgadmin' is not installed, so not removed
higress-wasmplugin-test (RUST)	UNKNOWN STEP	2026-09-23T08:17:11.7741892Z Package 'phpqrcode' is not installed, so not removed
higress-wasmplugin-test (RUST)	UNKNOWN STEP	2026-09-23T08:17:11.7742184Z Package 'phpsysinfo' is not installed, so not removed
higress-wasmplugin-test (RUST)	UNKNOWN STEP	2026-09-23T08:17:11.7742477Z Package 'phpunit' is not installed, so not removed
higress-wasmplugin-test (RUST)	UNKNOWN STEP	2026-09-23T08:17:11.7742801Z Package 'phpunit-cli-parser' is not installed, so not removed
higress-wasmplugin-test (RUST)	UNKNOWN STEP	2026-09-23T08:17:11.7743151Z Package 'phpunit-code-unit' is not installed, so not removed
higress-wasmplugin-test (RUST)	UNKNOWN STEP	2026-09-23T08:17:11.7743558Z Package 'phpunit-code-unit-reverse-lookup' is not installed, so not removed
higress-wasmplugin-test (RUST)	UNKNOWN STEP	2026-09-23T08:17:11.7744301Z Package 'phpunit-comparator' is not installed, so not removed
higress-wasmplugin-test (RUST)	UNKNOWN STEP	2026-09-23T08:17:11.7744659Z Package 'phpunit-complexity' is not installed, so not removed
higress-wasmplugin-test (RUST)	UNKNOWN STEP	2026-09-23T08:17:11.7745212Z Package 'phpunit-diff' is not installed, so not removed
higress-wasmplugin-test (RUST)	UNKNOWN STEP	2026-09-23T08:17:11.7745562Z Package 'phpunit-environment' is not installed, so not removed
higress-wasmplugin-test (RUST)	UNKNOWN STEP	2026-09-23T08:17:11.7745916Z Package 'phpunit-exporter' is not installed, so not removed
higress-wasmplugin-test (RUST)	UNKNOWN STEP	2026-09-23T08:17:11.7746240Z Package 'phpunit-git' is not installed, so not removed
higress-wasmplugin-test (RUST)	UNKNOWN STEP	2026-09-23T08:17:11.9261544Z Package 'phpunit-global-state' is not installed, so not removed
higress-wasmplugin-test (RUST)	UNKNOWN STEP	2026-09-23T08:17:11.9262133Z Package 'phpunit-lines-of-code' is not installed, so not removed
higress-wasmplugin-test (RUST)	UNKNOWN STEP	2026-09-23T08:17:11.9262499Z Package 'phpunit-object-enumerator' is not installed, so not removed
higress-wasmplugin-test (RUST)	UNKNOWN STEP	2026-09-23T08:17:11.9262876Z Package 'phpunit-object-reflector' is not installed, so not removed
higress-wasmplugin-test (RUST)	UNKNOWN STEP	2026-09-23T08:17:11.9263234Z Package 'phpunit-recursion-context' is not installed, so not removed
higress-wasmplugin-test (RUST)	UNKNOWN STEP	2026-09-23T08:17:11.9263608Z Package 'phpunit-resource-operations' is not installed, so not removed
higress-wasmplugin-test (RUST)	UNKNOWN STEP	2026-09-23T08:17:11.9264173Z Package 'phpunit-type' is not installed, so not removed
higress-wasmplugin-test (RUST)	UNKNOWN STEP	2026-09-23T08:17:11.9264520Z Package 'phpunit-version' is not installed, so not removed
higress-wasmplugin-test (RUST)	UNKNOWN STEP	2026-09-23T08:17:11.9265197Z Package 'phpwebcounter' is not installed, so not removed
higress-wasmplugin-test (RUST)	UNKNOWN STEP	2026-09-23T08:17:11.9265528Z Package 'phpwebcounter-extra' is not installed, so not removed
higress-wasmplugin-test (RUST)	UNKNOWN STEP	2026-09-23T08:17:11.9265864Z Package 'python3-phply' is not installed, so not removed
higress-wasmplugin-test (RUST)	UNKNOWN STEP	2026-09-23T08:17:11.9266189Z Package 'python3-phpserialize' is not installed, so not removed
higress-wasmplugin-test (RUST)	UNKNOWN STEP	2026-09-23T08:17:11.9266514Z Package 'simplesamlphp' is not installed, so not removed
higress-wasmplugin-test (RUST)	UNKNOWN STEP	2026-09-23T08:17:11.9266816Z Package 'slbackup-php' is not installed, so not removed
higress-wasmplugin-test (RUST)	UNKNOWN STEP	2026-09-23T08:17:11.9267109Z Package 'uphpmvault' is not installed, so not removed
higress-wasmplugin-test (RUST)	UNKNOWN STEP	2026-09-23T08:17:11.9267390Z Package 'weechat-php' is not installed, so not removed
higress-wasmplugin-test (RUST)	UNKNOWN STEP	2026-09-23T08:17:11.9267700Z Package 'zabbix-frontend-php' is not installed, so not removed
higress-wasmplugin-test (RUST)	UNKNOWN STEP	2026-09-23T08:17:11.9268001Z Package 'php-mythtv' is not installed, so not removed
higress-wasmplugin-test (RUST)	UNKNOWN STEP	2026-09-23T08:17:11.9268323Z Package 'libapache2-mod-php8.1' is not installed, so not removed
higress-wasmplugin-test (RUST)	UNKNOWN STEP	2026-09-23T08:17:11.9268666Z Package 'libapache2-mod-php7.4' is not installed, so not removed
higress-wasmplugin-test (RUST)	UNKNOWN STEP	2026-09-23T08:17:11.9269003Z Package 'libapache2-mod-php8.0' is not installed, so not removed
higress-wasmplugin-test (RUST)	UNKNOWN STEP	2026-09-23T08:17:11.9269312Z Package 'libphp-adodb' is not installed, so not removed
higress-wasmplugin-test (RUST)	UNKNOWN STEP	2026-09-23T08:17:11.9269661Z Package 'libphp8.1-embed' is not installed, so not removed
higress-wasmplugin-test (RUST)	UNKNOWN STEP	2026-09-23T08:17:11.9269951Z Package 'php-cas' is not installed, so not removed
higress-wasmplugin-test (RUST)	UNKNOWN STEP	2026-09-23T08:17:11.9270225Z Package 'php-dompdf' is not installed, so not removed
higress-wasmplugin-test (RUST)	UNKNOWN STEP	2026-09-23T08:17:11.9270500Z Package 'php-mapi' is not installed, so not removed
higress-wasmplugin-test (RUST)	UNKNOWN STEP	2026-09-23T08:17:11.9270762Z The following packages will be REMOVED:
higress-wasmplugin-test (RUST)	UNKNOWN STEP	2026-09-23T08:17:11.9271099Z   php-common php-pear php8.1 php8.1-amqp php8.1-apcu php8.1-bcmath php8.1-bz2
higress-wasmplugin-test (RUST)	UNKNOWN STEP	2026-09-23T08:17:11.9271503Z   php8.1-cgi php8.1-cli php8.1-common php8.1-curl php8.1-dba php8.1-dev
higress-wasmplugin-test (RUST)	UNKNOWN STEP	2026-09-23T08:17:11.9271850Z   php8.1-enchant php8.1-fpm php8.1-gd php8.1-gmp php8.1-igbinary
higress-wasmplugin-test (RUST)	UNKNOWN STEP	2026-09-23T08:17:11.9272200Z   php8.1-imagick php8.1-imap php8.1-interbase php8.1-intl php8.1-ldap
higress-wasmplugin-test (RUST)	UNKNOWN STEP	2026-09-23T08:17:11.9272559Z   php8.1-mbstring php8.1-memcache php8.1-memcached php8.1-mongodb
higress-wasmplugin-test (RUST)	UNKNOWN STEP	2026-09-23T08:17:11.9272909Z   php8.1-msgpack php8.1-mysql php8.1-odbc php8.1-opcache php8.1-pcov
higress-wasmplugin-test (RUST)	UNKNOWN STEP	2026-09-23T08:17:11.9273270Z   php8.1-pgsql php8.1-phpdbg php8.1-pspell php8.1-readline php8.1-redis
higress-wasmplugin-test (RUST)	UNKNOWN STEP	2026-09-23T08:17:11.9273637Z   php8.1-snmp php8.1-soap php8.1-sqlite3 php8.1-sybase php8.1-tidy
higress-wasmplugin-test (RUST)	UNKNOWN STEP	2026-09-23T08:17:11.9274120Z   php8.1-xdebug php8.1-xml php8.1-xsl php8.1-yaml php8.1-zip php8.1-zmq
higress-wasmplugin-test (RUST)	UNKNOWN STEP	2026-09-23T08:17:12.1990353Z 0 upgraded, 0 newly installed, 48 to remove and 8 not upgraded.
higress-wasmplugin-test (RUST)	UNKNOWN STEP	2026-09-23T08:17:12.2163233Z After this operation, 56.7 MB disk space will be freed.
higress-wasmplugin-test (RUST)	UNKNOWN STEP	2026-09-23T08:17:12.2163689Z (Reading database ... 
higress-wasmplugin-test (RUST)	UNKNOWN STEP	2026-09-23T08:17:12.2164111Z (Reading database ... 5%
higress-wasmplugin-test (RUST)	UNKNOWN STEP	2026-09-23T08:17:12.2164432Z (Reading database ... 10%
higress-wasmplugin-test (RUST)	UNKNOWN STEP	2026-09-23T08:17:12.2164835Z (Reading database ... 15%
higress-wasmplugin-test (RUST)	UNKNOWN STEP	2026-09-23T08:17:12.2165147Z (Reading database ... 20%
higress-wasmplugin-test (RUST)	UNKNOWN STEP	2026-09-23T08:17:12.2165660Z (Reading database ... 25%
higress-wasmplugin-test (RUST)	UNKNOWN STEP	2026-09-23T08:17:12.2166046Z (Reading database ... 30%
higress-wasmplugin-test (RUST)	UNKNOWN STEP	2026-09-23T08:17:12.2166265Z (Reading database ... 35%
higress-wasmplugin-test (RUST)	UNKNOWN STEP	2026-09-23T08:17:12.2166474Z (Reading database ... 40%
higress-wasmplugin-test (RUST)	UNKNOWN STEP	2026-09-23T08:17:12.2166676Z (Reading database ... 45%
higress-wasmplugin-test (RUST)	UNKNOWN STEP	2026-09-23T08:17:12.2166875Z (Reading database ... 50%
higress-wasmplugin-test (RUST)	UNKNOWN STEP	2026-09-23T08:17:12.2182382Z (Reading database ... 55%
higress-wasmplugin-test (RUST)	UNKNOWN STEP	2026-09-23T08:17:12.2208290Z (Reading database ... 60%
higress-wasmplugin-test (RUST)	UNKNOWN STEP	2026-09-23T08:17:12.2229602Z (Reading database ... 65%
higress-wasmplugin-test (RUST)	UNKNOWN STEP	2026-09-23T08:17:12.2247485Z (Reading database ... 70%
higress-wasmplugin-test (RUST)	UNKNOWN STEP	2026-09-23T08:17:12.2346705Z (Reading database ... 75%
higress-wasmplugin-test (RUST)	UNKNOWN STEP	2026-09-23T08:17:12.2504150Z (Reading database ... 80%
higress-wasmplugin-test (RUST)	UNKNOWN STEP	2026-09-23T08:17:12.2659135Z (Reading database ... 85%
higress-wasmplugin-test (RUST)	UNKNOWN STEP	2026-09-23T08:17:12.2889649Z (Reading database ... 90%
higress-wasmplugin-test (RUST)	UNKNOWN STEP	2026-09-23T08:17:12.3003797Z (Reading database ... 95%
higress-wasmplugin-test (RUST)	UNKNOWN STEP	2026-09-23T08:17:12.3004322Z (Reading database ... 100%
higress-wasmplugin-test (RUST)	UNKNOWN STEP	2026-09-23T08:17:12.3004785Z (Reading database ... 253085 files and directories currently installed.)
higress-wasmplugin-test (RUST)	UNKNOWN STEP	2026-09-23T08:17:12.3059598Z Removing php8.1-zip (8.1.2-1ubuntu2.25) ...
higress-wasmplugin-test (RUST)	UNKNOWN STEP	2026-09-23T08:17:12.4564816Z Removing php8.1-sybase (8.1.2-1ubuntu2.25) ...
higress-wasmplugin-test (RUST)	UNKNOWN STEP	2026-09-23T08:17:12.5684620Z Removing php-pear (1:1.10.12+submodules+notgz+20210212-1ubuntu3) ...
higress-wasmplugin-test (RUST)	UNKNOWN STEP	2026-09-23T08:17:12.7545039Z Removing php8.1 (8.1.2-1ubuntu2.25) ...
higress-wasmplugin-test (RUST)	UNKNOWN STEP	2026-09-23T08:17:12.7796644Z Removing php8.1-amqp (1.11.0-4) ...
higress-wasmplugin-test (RUST)	UNKNOWN STEP	2026-09-23T08:17:12.8882356Z Removing php8.1-apcu (5.1.21+4.0.11-7ubuntu1) ...
higress-wasmplugin-test (RUST)	UNKNOWN STEP	2026-09-23T08:17:13.0138699Z Removing php8.1-bcmath (8.1.2-1ubuntu2.25) ...
higress-wasmplugin-test (RUST)	UNKNOWN STEP	2026-09-23T08:17:13.1195206Z Removing php8.1-bz2 (8.1.2-1ubuntu2.25) ...
higress-wasmplugin-test (RUST)	UNKNOWN STEP	2026-09-23T08:17:13.2265347Z Removing php8.1-zmq (1.1.3-23) ...
higress-wasmplugin-test (RUST)	UNKNOWN STEP	2026-09-23T08:17:13.3421765Z Removing php8.1-yaml (2.2.2+2.1.0+2.0.4+1.3.2-5) ...
higress-wasmplugin-test (RUST)	UNKNOWN STEP	2026-09-23T08:17:13.4520056Z Removing php8.1-cgi (8.1.2-1ubuntu2.25) ...
higress-wasmplugin-test (RUST)	UNKNOWN STEP	2026-09-23T08:17:14.9147756Z apache2_invoke php8.1-cgi prerm: No action required
higress-wasmplugin-test (RUST)	UNKNOWN STEP	2026-09-23T08:17:14.9438912Z Removing php8.1-dev (8.1.2-1ubuntu2.25) ...
higress-wasmplugin-test (RUST)	UNKNOWN STEP	2026-09-23T08:17:15.0345347Z Removing php8.1-xdebug (3.1.2+2.9.8+2.8.1+2.5.5-4) ...
higress-wasmplugin-test (RUST)	UNKNOWN STEP	2026-09-23T08:17:15.1275272Z Removing php8.1-phpdbg (8.1.2-1ubuntu2.25) ...
higress-wasmplugin-test (RUST)	UNKNOWN STEP	2026-09-23T08:17:16.3311295Z Removing php8.1-redis (5.3.5+4.3.0-5.1) ...
higress-wasmplugin-test (RUST)	UNKNOWN STEP	2026-09-23T08:17:16.4094812Z Removing php8.1-xsl (8.1.2-1ubuntu2.25) ...
higress-wasmplugin-test (RUST)	UNKNOWN STEP	2026-09-23T08:17:16.4268833Z Removing php8.1-soap (8.1.2-1ubuntu2.25) ...
higress-wasmplugin-test (RUST)	UNKNOWN STEP	2026-09-23T08:17:16.5107249Z Removing php8.1-curl (8.1.2-1ubuntu2.25) ...
higress-wasmplugin-test (RUST)	UNKNOWN STEP	2026-09-23T08:17:16.5862197Z Removing php8.1-dba (8.1.2-1ubuntu2.25) ...
higress-wasmplugin-test (RUST)	UNKNOWN STEP	2026-09-23T08:17:16.6548028Z Removing php8.1-enchant (8.1.2-1ubuntu2.25) ...
higress-wasmplugin-test (RUST)	UNKNOWN STEP	2026-09-23T08:17:16.7361802Z Removing php8.1-pcov (1.0.11-4) ...
higress-wasmplugin-test (RUST)	UNKNOWN STEP	2026-09-23T08:17:16.7929664Z Removing php8.1-fpm (8.1.2-1ubuntu2.25) ...
higress-wasmplugin-test (RUST)	UNKNOWN STEP	2026-09-23T08:17:17.8648448Z apache2_invoke php8.1-fpm prerm: No action required
higress-wasmplugin-test (RUST)	UNKNOWN STEP	2026-09-23T08:17:18.0988650Z Removing php8.1-gd (8.1.2-1ubuntu2.25) ...
higress-wasmplugin-test (RUST)	UNKNOWN STEP	2026-09-23T08:17:18.1685729Z Removing php8.1-gmp (8.1.2-1ubuntu2.25) ...
higress-wasmplugin-test (RUST)	UNKNOWN STEP	2026-09-23T08:17:18.2268978Z Removing php8.1-memcached (3.1.5+2.2.0-14.1) ...
higress-wasmplugin-test (RUST)	UNKNOWN STEP	2026-09-23T08:17:18.2941471Z Removing php8.1-igbinary (3.2.6+2.0.8-7ubuntu1) ...
higress-wasmplugin-test (RUST)	UNKNOWN STEP	2026-09-23T08:17:18.3620931Z Removing php8.1-imagick (3.6.0-4ubuntu1) ...
higress-wasmplugin-test (RUST)	UNKNOWN STEP	2026-09-23T08:17:18.4270743Z Removing php8.1-imap (8.1.2-1ubuntu2.25) ...
higress-wasmplugin-test (RUST)	UNKNOWN STEP	2026-09-23T08:17:18.4890646Z Removing php8.1-interbase (8.1.2-1ubuntu2.25) ...
higress-wasmplugin-test (RUST)	UNKNOWN STEP	2026-09-23T08:17:18.5490674Z Removing php8.1-intl (8.1.2-1ubuntu2.25) ...
higress-wasmplugin-test (RUST)	UNKNOWN STEP	2026-09-23T08:17:18.6137350Z Removing php8.1-ldap (8.1.2-1ubuntu2.25) ...
higress-wasmplugin-test (RUST)	UNKNOWN STEP	2026-09-23T08:17:18.6675940Z Removing php8.1-mbstring (8.1.2-1ubuntu2.25) ...
higress-wasmplugin-test (RUST)	UNKNOWN STEP	2026-09-23T08:17:18.7256561Z Removing php8.1-memcache (8.0+4.0.5.2+3.0.9~20170802.e702b5f9+-7) ...
higress-wasmplugin-test (RUST)	UNKNOWN STEP	2026-09-23T08:17:18.7844968Z Removing php8.1-mongodb (1.12.0+1.9.2+1.7.5-4) ...
higress-wasmplugin-test (RUST)	UNKNOWN STEP	2026-09-23T08:17:18.8415591Z Removing php8.1-msgpack (2.2.0~rc1+2.1.2+0.5.7-6) ...
higress-wasmplugin-test (RUST)	UNKNOWN STEP	2026-09-23T08:17:18.9055734Z Removing php8.1-mysql (8.1.2-1ubuntu2.25) ...
higress-wasmplugin-test (RUST)	UNKNOWN STEP	2026-09-23T08:17:19.0230969Z Removing php8.1-odbc (8.1.2-1ubuntu2.25) ...
higress-wasmplugin-test (RUST)	UNKNOWN STEP	2026-09-23T08:17:19.1107987Z Removing php8.1-pgsql (8.1.2-1ubuntu2.25) ...
higress-wasmplugin-test (RUST)	UNKNOWN STEP	2026-09-23T08:17:19.1860375Z Removing php8.1-pspell (8.1.2-1ubuntu2.25) ...
higress-wasmplugin-test (RUST)	UNKNOWN STEP	2026-09-23T08:17:19.2542203Z Removing php8.1-snmp (8.1.2-1ubuntu2.25) ...
higress-wasmplugin-test (RUST)	UNKNOWN STEP	2026-09-23T08:17:19.3065178Z Removing php8.1-sqlite3 (8.1.2-1ubuntu2.25) ...
higress-wasmplugin-test (RUST)	UNKNOWN STEP	2026-09-23T08:17:19.3832971Z Removing php8.1-tidy (8.1.2-1ubuntu2.25) ...
higress-wasmplugin-test (RUST)	UNKNOWN STEP	2026-09-23T08:17:19.4509282Z Removing php8.1-xml (8.1.2-1ubuntu2.25) ...
higress-wasmplugin-test (RUST)	UNKNOWN STEP	2026-09-23T08:17:19.6239846Z Removing php8.1-cli (8.1.2-1ubuntu2.25) ...
higress-wasmplugin-test (RUST)	UNKNOWN STEP	2026-09-23T08:17:20.0730037Z Removing php8.1-opcache (8.1.2-1ubuntu2.25) ...
higress-wasmplugin-test (RUST)	UNKNOWN STEP	2026-09-23T08:17:20.1167531Z Removing php8.1-readline (8.1.2-1ubuntu2.25) ...
higress-wasmplugin-test (RUST)	UNKNOWN STEP	2026-09-23T08:17:20.1665168Z Removing php8.1-common (8.1.2-1ubuntu2.25) ...
higress-wasmplugin-test (RUST)	UNKNOWN STEP	2026-09-23T08:17:20.3293909Z Removing php-common (2:92ubuntu1) ...
higress-wasmplugin-test (RUST)	UNKNOWN STEP	2026-09-23T08:17:20.3556100Z Warning: Stopping phpsessionclean.service, but it can still be activated by:
higress-wasmplugin-test (RUST)	UNKNOWN STEP	2026-09-23T08:17:20.3556689Z   phpsessionclean.timer
higress-wasmplugin-test (RUST)	UNKNOWN STEP	2026-09-23T08:17:20.8668057Z Processing triggers for man-db (2.10.2-1) ...
higress-wasmplugin-test (RUST)	UNKNOWN STEP	2026-09-23T08:17:20.8690399Z Not building database; man-db/auto-update is not 'true'.
higress-wasmplugin-test (RUST)	UNKNOWN STEP	2026-09-23T08:17:22.2136825Z Reading package lists...
higress-wasmplugin-test (RUST)	UNKNOWN STEP	2026-09-23T08:17:22.4513684Z Building dependency tree...
higress-wasmplugin-test (RUST)	UNKNOWN STEP	2026-09-23T08:17:22.4521973Z Reading state information...
higress-wasmplugin-test (RUST)	UNKNOWN STEP	2026-09-23T08:17:22.7274497Z Package 'mongodb-dev' is not installed, so not removed
higress-wasmplugin-test (RUST)	UNKNOWN STEP	2026-09-23T08:17:22.7275015Z Package 'mongodb-server' is not installed, so not removed
higress-wasmplugin-test (RUST)	UNKNOWN STEP	2026-09-23T08:17:22.7275490Z 0 upgraded, 0 newly installed, 0 to remove and 8 not upgraded.
higress-wasmplugin-test (RUST)	UNKNOWN STEP	2026-09-23T08:17:22.7748553Z Reading package lists...
higress-wasmplugin-test (RUST)	UNKNOWN STEP	2026-09-23T08:17:23.0083232Z Building dependency tree...
higress-wasmplugin-test (RUST)	UNKNOWN STEP	2026-09-23T08:17:23.0094448Z Reading state information...
higress-wasmplugin-test (RUST)	UNKNOWN STEP	2026-09-23T08:17:23.2804232Z Package 'mysql-client-5.7' is not installed, so not removed
higress-wasmplugin-test (RUST)	UNKNOWN STEP	2026-09-23T08:17:23.2805140Z Package 'mysql-client-core-5.7' is not installed, so not removed
higress-wasmplugin-test (RUST)	UNKNOWN STEP	2026-09-23T08:17:23.2805899Z Package 'mysql-server-5.5' is not installed, so not removed
higress-wasmplugin-test (RUST)	UNKNOWN STEP	2026-09-23T08:17:23.2806584Z Package 'mysql-server-5.7' is not installed, so not removed
higress-wasmplugin-test (RUST)	UNKNOWN STEP	2026-09-23T08:17:23.2807212Z Package 'mysql-server-core-5.7' is not installed, so not removed
higress-wasmplugin-test (RUST)	UNKNOWN STEP	2026-09-23T08:17:23.2807948Z Package 'mysql-client-core-5.5' is not installed, so not removed
higress-wasmplugin-test (RUST)	UNKNOWN STEP	2026-09-23T08:17:23.2808674Z Package 'mysql-client-core-5.6' is not installed, so not removed
higress-wasmplugin-test (RUST)	UNKNOWN STEP	2026-09-23T08:17:23.2809285Z Package 'mysql-client-5.5' is not installed, so not removed
higress-wasmplugin-test (RUST)	UNKNOWN STEP	2026-09-23T08:17:23.2809926Z Package 'mysql-client-5.6' is not installed, so not removed
higress-wasmplugin-test (RUST)	UNKNOWN STEP	2026-09-23T08:17:23.2810588Z Package 'mysql-server-core-5.5' is not installed, so not removed
higress-wasmplugin-test (RUST)	UNKNOWN STEP	2026-09-23T08:17:23.2811301Z Package 'mysql-server-core-5.6' is not installed, so not removed
higress-wasmplugin-test (RUST)	UNKNOWN STEP	2026-09-23T08:17:23.2811966Z Package 'mysql-server-5.6' is not installed, so not removed
higress-wasmplugin-test (RUST)	UNKNOWN STEP	2026-09-23T08:17:23.2812634Z Package 'mysql-testsuite-5.5' is not installed, so not removed
higress-wasmplugin-test (RUST)	UNKNOWN STEP	2026-09-23T08:17:23.2813296Z Package 'mysql-testsuite-5.6' is not installed, so not removed
higress-wasmplugin-test (RUST)	UNKNOWN STEP	2026-09-23T08:17:23.2814179Z Package 'mysql-testsuite-5.7' is not installed, so not removed
higress-wasmplugin-test (RUST)	UNKNOWN STEP	2026-09-23T08:17:23.2814893Z Package 'mysql-sandbox' is not installed, so not removed
higress-wasmplugin-test (RUST)	UNKNOWN STEP	2026-09-23T08:17:23.2815569Z Package 'mysql-router' is not installed, so not removed
higress-wasmplugin-test (RUST)	UNKNOWN STEP	2026-09-23T08:17:23.2816236Z Package 'mysql-source-8.0' is not installed, so not removed
higress-wasmplugin-test (RUST)	UNKNOWN STEP	2026-09-23T08:17:23.2816903Z Package 'mysql-testsuite' is not installed, so not removed
higress-wasmplugin-test (RUST)	UNKNOWN STEP	2026-09-23T08:17:23.2817579Z Package 'mysql-testsuite-8.0' is not installed, so not removed
higress-wasmplugin-test (RUST)	UNKNOWN STEP	2026-09-23T08:17:23.2818176Z The following packages will be REMOVED:
higress-wasmplugin-test (RUST)	UNKNOWN STEP	2026-09-23T08:17:23.2818780Z   libmysqlclient-dev libmysqlclient21 mysql-client mysql-client-8.0
higress-wasmplugin-test (RUST)	UNKNOWN STEP	2026-09-23T08:17:23.2819447Z   mysql-client-core-8.0 mysql-common mysql-server mysql-server-8.0
higress-wasmplugin-test (RUST)	UNKNOWN STEP	2026-09-23T08:17:23.2819971Z   mysql-server-core-8.0 sphinxsearch
higress-wasmplugin-test (RUST)	UNKNOWN STEP	2026-09-23T08:17:23.5393385Z 0 upgraded, 0 newly installed, 10 to remove and 8 not upgraded.
higress-wasmplugin-test (RUST)	UNKNOWN STEP	2026-09-23T08:17:23.5394143Z After this operation, 210 MB disk space will be freed.
higress-wasmplugin-test (RUST)	UNKNOWN STEP	2026-09-23T08:17:23.5591782Z (Reading database ... 
higress-wasmplugin-test (RUST)	UNKNOWN STEP	2026-09-23T08:17:23.5592133Z (Reading database ... 5%
higress-wasmplugin-test (RUST)	UNKNOWN STEP	2026-09-23T08:17:23.5592359Z (Reading database ... 10%
higress-wasmplugin-test (RUST)	UNKNOWN STEP	2026-09-23T08:17:23.5592825Z (Reading database ... 15%
higress-wasmplugin-test (RUST)	UNKNOWN STEP	2026-09-23T08:17:23.5593040Z (Reading database ... 20%
higress-wasmplugin-test (RUST)	UNKNOWN STEP	2026-09-23T08:17:23.5593256Z (Reading database ... 25%
higress-wasmplugin-test (RUST)	UNKNOWN STEP	2026-09-23T08:17:23.5593459Z (Reading database ... 30%
higress-wasmplugin-test (RUST)	UNKNOWN STEP	2026-09-23T08:17:23.5593662Z (Reading database ... 35%
higress-wasmplugin-test (RUST)	UNKNOWN STEP	2026-09-23T08:17:23.5594364Z (Reading database ... 40%
higress-wasmplugin-test (RUST)	UNKNOWN STEP	2026-09-23T08:17:23.5594580Z (Reading database ... 45%
higress-wasmplugin-test (RUST)	UNKNOWN STEP	2026-09-23T08:17:23.5594793Z (Reading database ... 50%
higress-wasmplugin-test (RUST)	UNKNOWN STEP	2026-09-23T08:17:23.5609403Z (Reading database ... 55%
higress-wasmplugin-test (RUST)	UNKNOWN STEP	2026-09-23T08:17:23.5633583Z (Reading database ... 60%
higress-wasmplugin-test (RUST)	UNKNOWN STEP	2026-09-23T08:17:23.5656720Z (Reading database ... 65%
higress-wasmplugin-test (RUST)	UNKNOWN STEP	2026-09-23T08:17:23.5672908Z (Reading database ... 70%
higress-wasmplugin-test (RUST)	UNKNOWN STEP	2026-09-23T08:17:23.5770490Z (Reading database ... 75%
higress-wasmplugin-test (RUST)	UNKNOWN STEP	2026-09-23T08:17:23.5954601Z (Reading database ... 80%
higress-wasmplugin-test (RUST)	UNKNOWN STEP	2026-09-23T08:17:23.6131642Z (Reading database ... 85%
higress-wasmplugin-test (RUST)	UNKNOWN STEP	2026-09-23T08:17:23.6367812Z (Reading database ... 90%
higress-wasmplugin-test (RUST)	UNKNOWN STEP	2026-09-23T08:17:23.6482972Z (Reading database ... 95%
higress-wasmplugin-test (RUST)	UNKNOWN STEP	2026-09-23T08:17:23.6483407Z (Reading database ... 100%
higress-wasmplugin-test (RUST)	UNKNOWN STEP	2026-09-23T08:17:23.6484118Z (Reading database ... 252098 files and directories currently installed.)
higress-wasmplugin-test (RUST)	UNKNOWN STEP	2026-09-23T08:17:23.6539680Z Removing libmysqlclient-dev (8.0.46-0ubuntu0.22.04.4) ...
higress-wasmplugin-test (RUST)	UNKNOWN STEP	2026-09-23T08:17:23.6924267Z Removing sphinxsearch (2.2.11-8) ...
higress-wasmplugin-test (RUST)	UNKNOWN STEP	2026-09-23T08:17:23.7572311Z Removing libmysqlclient21:amd64 (8.0.46-0ubuntu0.22.04.4) ...
higress-wasmplugin-test (RUST)	UNKNOWN STEP	2026-09-23T08:17:23.7877704Z Removing mysql-client (8.0.46-0ubuntu0.22.04.4) ...
higress-wasmplugin-test (RUST)	UNKNOWN STEP	2026-09-23T08:17:23.8046761Z Removing mysql-server (8.0.46-0ubuntu0.22.04.4) ...
higress-wasmplugin-test (RUST)	UNKNOWN STEP	2026-09-23T08:17:23.8222722Z Removing mysql-server-8.0 (8.0.46-0ubuntu0.22.04.4) ...
higress-wasmplugin-test (RUST)	UNKNOWN STEP	2026-09-23T08:17:24.0661503Z update-alternatives: using /etc/mysql/my.cnf.fallback to provide /etc/mysql/my.cnf (my.cnf) in auto mode
higress-wasmplugin-test (RUST)	UNKNOWN STEP	2026-09-23T08:17:24.2855698Z Removing mysql-client-8.0 (8.0.46-0ubuntu0.22.04.4) ...
higress-wasmplugin-test (RUST)	UNKNOWN STEP	2026-09-23T08:17:24.3043190Z Removing mysql-client-core-8.0 (8.0.46-0ubuntu0.22.04.4) ...
higress-wasmplugin-test (RUST)	UNKNOWN STEP	2026-09-23T08:17:24.3290950Z Removing mysql-common (5.8+1.0.8) ...
higress-wasmplugin-test (RUST)	UNKNOWN STEP	2026-09-23T08:17:24.3767911Z Removing mysql-server-core-8.0 (8.0.46-0ubuntu0.22.04.4) ...
higress-wasmplugin-test (RUST)	UNKNOWN STEP	2026-09-23T08:17:24.4535879Z Processing triggers for man-db (2.10.2-1) ...
higress-wasmplugin-test (RUST)	UNKNOWN STEP	2026-09-23T08:17:24.4558971Z Not building database; man-db/auto-update is not 'true'.
higress-wasmplugin-test (RUST)	UNKNOWN STEP	2026-09-23T08:17:24.4574349Z Processing triggers for libc-bin (2.35-0ubuntu3.14) ...
higress-wasmplugin-test (RUST)	UNKNOWN STEP	2026-09-23T08:17:25.8458483Z Reading package lists...
higress-wasmplugin-test (RUST)	UNKNOWN STEP	2026-09-23T08:17:26.0709010Z Building dependency tree...
higress-wasmplugin-test (RUST)	UNKNOWN STEP	2026-09-23T08:17:26.0719799Z Reading state information...
higress-wasmplugin-test (RUST)	UNKNOWN STEP	2026-09-23T08:17:26.2725783Z The following packages will be REMOVED:
higress-wasmplugin-test (RUST)	UNKNOWN STEP	2026-09-23T08:17:26.2727770Z   azure-cli firefox google-chrome-stable libgl1 libgl1-mesa-dri libglx-mesa0
higress-wasmplugin-test (RUST)	UNKNOWN STEP	2026-09-23T08:17:26.2733407Z   libglx0 mono-complete mono-devel mono-roslyn mono-xsp4 mono-xsp4-base
higress-wasmplugin-test (RUST)	UNKNOWN STEP	2026-09-23T08:17:26.2735553Z   monodoc-http monodoc-manual powershell xvfb
higress-wasmplugin-test (RUST)	UNKNOWN STEP	2026-09-23T08:17:26.5231338Z 0 upgraded, 0 newly installed, 16 to remove and 7 not upgraded.
higress-wasmplugin-test (RUST)	UNKNOWN STEP	2026-09-23T08:17:26.5231865Z After this operation, 1755 MB disk space will be freed.
higress-wasmplugin-test (RUST)	UNKNOWN STEP	2026-09-23T08:17:26.5401442Z (Reading database ... 
higress-wasmplugin-test (RUST)	UNKNOWN STEP	2026-09-23T08:17:26.5401817Z (Reading database ... 5%
higress-wasmplugin-test (RUST)	UNKNOWN STEP	2026-09-23T08:17:26.5402164Z (Reading database ... 10%
higress-wasmplugin-test (RUST)	UNKNOWN STEP	2026-09-23T08:17:26.5402495Z (Reading database ... 15%
higress-wasmplugin-test (RUST)	UNKNOWN STEP	2026-09-23T08:17:26.5402795Z (Reading database ... 20%
higress-wasmplugin-test (RUST)	UNKNOWN STEP	2026-09-23T08:17:26.5403530Z (Reading database ... 25%
higress-wasmplugin-test (RUST)	UNKNOWN STEP	2026-09-23T08:17:26.5403964Z (Reading database ... 30%
higress-wasmplugin-test (RUST)	UNKNOWN STEP	2026-09-23T08:17:26.5404285Z (Reading database ... 35%
higress-wasmplugin-test (RUST)	UNKNOWN STEP	2026-09-23T08:17:26.5404586Z (Reading database ... 40%
higress-wasmplugin-test (RUST)	UNKNOWN STEP	2026-09-23T08:17:26.5404884Z (Reading database ... 45%
higress-wasmplugin-test (RUST)	UNKNOWN STEP	2026-09-23T08:17:26.5405181Z (Reading database ... 50%
higress-wasmplugin-test (RUST)	UNKNOWN STEP	2026-09-23T08:17:26.5419681Z (Reading database ... 55%
higress-wasmplugin-test (RUST)	UNKNOWN STEP	2026-09-23T08:17:26.5443576Z (Reading database ... 60%
higress-wasmplugin-test (RUST)	UNKNOWN STEP	2026-09-23T08:17:26.5466737Z (Reading database ... 65%
higress-wasmplugin-test (RUST)	UNKNOWN STEP	2026-09-23T08:17:26.5482884Z (Reading database ... 70%
higress-wasmplugin-test (RUST)	UNKNOWN STEP	2026-09-23T08:17:26.5580706Z (Reading database ... 75%
higress-wasmplugin-test (RUST)	UNKNOWN STEP	2026-09-23T08:17:26.5760774Z (Reading database ... 80%
higress-wasmplugin-test (RUST)	UNKNOWN STEP	2026-09-23T08:17:26.5929502Z (Reading database ... 85%
higress-wasmplugin-test (RUST)	UNKNOWN STEP	2026-09-23T08:17:26.6158197Z (Reading database ... 90%
higress-wasmplugin-test (RUST)	UNKNOWN STEP	2026-09-23T08:17:26.6267788Z (Reading database ... 95%
higress-wasmplugin-test (RUST)	UNKNOWN STEP	2026-09-23T08:17:26.6268629Z (Reading database ... 100%
higress-wasmplugin-test (RUST)	UNKNOWN STEP	2026-09-23T08:17:26.6269146Z (Reading database ... 251831 files and directories currently installed.)
higress-wasmplugin-test (RUST)	UNKNOWN STEP	2026-09-23T08:17:26.6323986Z Removing azure-cli (2.90.0-1~jammy) ...
higress-wasmplugin-test (RUST)	UNKNOWN STEP	2026-09-23T08:17:30.7322189Z Removing firefox (155.0+build1-0ubuntu0.22.04.1~mt1) ...
higress-wasmplugin-test (RUST)	UNKNOWN STEP	2026-09-23T08:17:30.8885177Z Removing google-chrome-stable (152.0.7977.82-1) ...
higress-wasmplugin-test (RUST)	UNKNOWN STEP	2026-09-23T08:17:31.0768534Z Removing xvfb (2:21.1.4-2ubuntu1.7~22.04.16) ...
higress-wasmplugin-test (RUST)	UNKNOWN STEP	2026-09-23T08:17:31.1014968Z Removing libgl1:amd64 (1.4.0-1) ...
higress-wasmplugin-test (RUST)	UNKNOWN STEP	2026-09-23T08:17:31.1228916Z Removing libglx0:amd64 (1.4.0-1) ...
higress-wasmplugin-test (RUST)	UNKNOWN STEP	2026-09-23T08:17:31.1474176Z Removing libglx-mesa0:amd64 (23.2.1-1ubuntu3.1~22.04.4) ...
higress-wasmplugin-test (RUST)	UNKNOWN STEP	2026-09-23T08:17:31.1823792Z Removing libgl1-mesa-dri:amd64 (23.2.1-1ubuntu3.1~22.04.4) ...
higress-wasmplugin-test (RUST)	UNKNOWN STEP	2026-09-23T08:17:31.2170244Z Removing mono-complete (6.12.0.200-0xamarin2+ubuntu2004b1) ...
higress-wasmplugin-test (RUST)	UNKNOWN STEP	2026-09-23T08:17:31.2521662Z Removing powershell (7.6.5-1.deb) ...
higress-wasmplugin-test (RUST)	UNKNOWN STEP	2026-09-23T08:17:31.3498882Z Removing monodoc-http (4.2-3.1) ...
higress-wasmplugin-test (RUST)	UNKNOWN STEP	2026-09-23T08:17:31.4979681Z Restarting mono-xsp4 (via systemctl): mono-xsp4.service.
higress-wasmplugin-test (RUST)	UNKNOWN STEP	2026-09-23T08:17:31.5209901Z Removing monodoc-manual (6.12.0.200-0xamarin2+ubuntu2004b1) ...
higress-wasmplugin-test (RUST)	UNKNOWN STEP	2026-09-23T08:17:31.5527438Z Removing mono-xsp4 (4.7.1-0xamarin3+ubuntu2004b1) ...
higress-wasmplugin-test (RUST)	UNKNOWN STEP	2026-09-23T08:17:31.6176521Z Removing mono-xsp4-base (4.7.1-0xamarin3+ubuntu2004b1) ...
higress-wasmplugin-test (RUST)	UNKNOWN STEP	2026-09-23T08:17:31.6738559Z Removing mono-roslyn (6.12.0.200-0xamarin2+ubuntu2004b1) ...
higress-wasmplugin-test (RUST)	UNKNOWN STEP	2026-09-23T08:17:31.7701650Z Removing mono-devel (6.12.0.200-0xamarin2+ubuntu2004b1) ...
higress-wasmplugin-test (RUST)	UNKNOWN STEP	2026-09-23T08:17:31.9797173Z Processing triggers for libc-bin (2.35-0ubuntu3.14) ...
higress-wasmplugin-test (RUST)	UNKNOWN STEP	2026-09-23T08:17:31.9932456Z Processing triggers for man-db (2.10.2-1) ...
higress-wasmplugin-test (RUST)	UNKNOWN STEP	2026-09-23T08:17:31.9950705Z Not building database; man-db/auto-update is not 'true'.
higress-wasmplugin-test (RUST)	UNKNOWN STEP	2026-09-23T08:17:31.9967586Z Processing triggers for mailcap (3.70+nmu1ubuntu1.22.04.1) ...
higress-wasmplugin-test (RUST)	UNKNOWN STEP	2026-09-23T08:17:32.0879127Z Processing triggers for hicolor-icon-theme (0.17-2) ...
higress-wasmplugin-test (RUST)	UNKNOWN STEP	2026-09-23T08:17:33.5949666Z Reading package lists...
higress-wasmplugin-test (RUST)	UNKNOWN STEP	2026-09-23T08:17:33.8034844Z Building dependency tree...
higress-wasmplugin-test (RUST)	UNKNOWN STEP	2026-09-23T08:17:33.8042684Z Reading state information...
higress-wasmplugin-test (RUST)	UNKNOWN STEP	2026-09-23T08:17:33.9993024Z Package 'google-cloud-sdk' is not installed, so not removed
higress-wasmplugin-test (RUST)	UNKNOWN STEP	2026-09-23T08:17:33.9993655Z 0 upgraded, 0 newly installed, 0 to remove and 7 not upgraded.
higress-wasmplugin-test (RUST)	UNKNOWN STEP	2026-09-23T08:17:34.0463351Z Reading package lists...
higress-wasmplugin-test (RUST)	UNKNOWN STEP	2026-09-23T08:17:34.2724892Z Building dependency tree...
higress-wasmplugin-test (RUST)	UNKNOWN STEP	2026-09-23T08:17:34.2734823Z Reading state information...
higress-wasmplugin-test (RUST)	UNKNOWN STEP	2026-09-23T08:17:34.4635280Z The following packages will be REMOVED:
higress-wasmplugin-test (RUST)	UNKNOWN STEP	2026-09-23T08:17:34.4641158Z   google-cloud-cli
higress-wasmplugin-test (RUST)	UNKNOWN STEP	2026-09-23T08:17:34.7093644Z 0 upgraded, 0 newly installed, 1 to remove and 7 not upgraded.
higress-wasmplugin-test (RUST)	UNKNOWN STEP	2026-09-23T08:17:34.7094306Z After this operation, 423 MB disk space will be freed.
higress-wasmplugin-test (RUST)	UNKNOWN STEP	2026-09-23T08:17:34.7262944Z (Reading database ... 
higress-wasmplugin-test (RUST)	UNKNOWN STEP	2026-09-23T08:17:34.7263592Z (Reading database ... 5%
higress-wasmplugin-test (RUST)	UNKNOWN STEP	2026-09-23T08:17:34.7264575Z (Reading database ... 10%
higress-wasmplugin-test (RUST)	UNKNOWN STEP	2026-09-23T08:17:34.7264873Z (Reading database ... 15%
higress-wasmplugin-test (RUST)	UNKNOWN STEP	2026-09-23T08:17:34.7265090Z (Reading database ... 20%
higress-wasmplugin-test (RUST)	UNKNOWN STEP	2026-09-23T08:17:34.7265298Z (Reading database ... 25%
higress-wasmplugin-test (RUST)	UNKNOWN STEP	2026-09-23T08:17:34.7265529Z (Reading database ... 30%
higress-wasmplugin-test (RUST)	UNKNOWN STEP	2026-09-23T08:17:34.7265754Z (Reading database ... 35%
higress-wasmplugin-test (RUST)	UNKNOWN STEP	2026-09-23T08:17:34.7265956Z (Reading database ... 40%
higress-wasmplugin-test (RUST)	UNKNOWN STEP	2026-09-23T08:17:34.7266154Z (Reading database ... 45%
higress-wasmplugin-test (RUST)	UNKNOWN STEP	2026-09-23T08:17:34.7266356Z (Reading database ... 50%
higress-wasmplugin-test (RUST)	UNKNOWN STEP	2026-09-23T08:17:34.7280191Z (Reading database ... 55%
higress-wasmplugin-test (RUST)	UNKNOWN STEP	2026-09-23T08:17:34.7304494Z (Reading database ... 60%
higress-wasmplugin-test (RUST)	UNKNOWN STEP	2026-09-23T08:17:34.7327999Z (Reading database ... 65%
higress-wasmplugin-test (RUST)	UNKNOWN STEP	2026-09-23T08:17:34.7343948Z (Reading database ... 70%
higress-wasmplugin-test (RUST)	UNKNOWN STEP	2026-09-23T08:17:34.7447036Z (Reading database ... 75%
higress-wasmplugin-test (RUST)	UNKNOWN STEP	2026-09-23T08:17:34.7517867Z (Reading database ... 80%
higress-wasmplugin-test (RUST)	UNKNOWN STEP	2026-09-23T08:17:34.7678122Z (Reading database ... 85%
higress-wasmplugin-test (RUST)	UNKNOWN STEP	2026-09-23T08:17:34.7896734Z (Reading database ... 90%
higress-wasmplugin-test (RUST)	UNKNOWN STEP	2026-09-23T08:17:34.7994887Z (Reading database ... 95%
higress-wasmplugin-test (RUST)	UNKNOWN STEP	2026-09-23T08:17:34.7995193Z (Reading database ... 100%
higress-wasmplugin-test (RUST)	UNKNOWN STEP	2026-09-23T08:17:34.7995598Z (Reading database ... 218174 files and directories currently installed.)
higress-wasmplugin-test (RUST)	UNKNOWN STEP	2026-09-23T08:17:34.8044666Z Removing google-cloud-cli (583.0.0-0) ...
higress-wasmplugin-test (RUST)	UNKNOWN STEP	2026-09-23T08:17:43.8861718Z Processing triggers for libc-bin (2.35-0ubuntu3.14) ...
higress-wasmplugin-test (RUST)	UNKNOWN STEP	2026-09-23T08:17:45.1779545Z Reading package lists...
higress-wasmplugin-test (RUST)	UNKNOWN STEP	2026-09-23T08:17:45.3945473Z Building dependency tree...
higress-wasmplugin-test (RUST)	UNKNOWN STEP	2026-09-23T08:17:45.3955606Z Reading state information...
higress-wasmplugin-test (RUST)	UNKNOWN STEP	2026-09-23T08:17:45.5893618Z The following packages will be REMOVED:
higress-wasmplugin-test (RUST)	UNKNOWN STEP	2026-09-23T08:17:45.5894369Z   apport-symptoms bc dictionaries-common emacsen-common firebird3.0-common
higress-wasmplugin-test (RUST)	UNKNOWN STEP	2026-09-23T08:17:45.5894972Z   firebird3.0-common-doc freetds-common hunspell-en-us landscape-common
higress-wasmplugin-test (RUST)	UNKNOWN STEP	2026-09-23T08:17:45.5895604Z   lib32gcc-s1 lib32stdc++6 libaspell15 libc-client2007e libcanberra0
higress-wasmplugin-test (RUST)	UNKNOWN STEP	2026-09-23T08:17:45.5896145Z   libcgi-fast-perl libcgi-pm-perl libclang-common-13-dev
higress-wasmplugin-test (RUST)	UNKNOWN STEP	2026-09-23T08:17:45.5896729Z   libclang-common-14-dev libclang-common-15-dev libclang1-13 libclang1-14
higress-wasmplugin-test (RUST)	UNKNOWN STEP	2026-09-23T08:17:45.5897396Z   libclang1-15 libclone-perl libdbusmenu-glib4 libdbusmenu-gtk3-4
higress-wasmplugin-test (RUST)	UNKNOWN STEP	2026-09-23T08:17:45.5898024Z   libdrm-amdgpu1 libdrm-intel1 libdrm-nouveau2 libdrm-radeon1 libenchant-2-2
higress-wasmplugin-test (RUST)	UNKNOWN STEP	2026-09-23T08:17:45.5898734Z   libencode-locale-perl libevent-pthreads-2.1-7 libfbclient2 libfcgi-bin
higress-wasmplugin-test (RUST)	UNKNOWN STEP	2026-09-23T08:17:45.5899583Z   libfcgi-perl libfcgi0ldbl libfontenc1 libgc1 libglapi-mesa libglvnd0
higress-wasmplugin-test (RUST)	UNKNOWN STEP	2026-09-23T08:17:45.5899978Z   libhtml-parser-perl libhtml-tagset-perl libhtml-template-perl
higress-wasmplugin-test (RUST)	UNKNOWN STEP	2026-09-23T08:17:45.5900387Z   libhttp-date-perl libhttp-message-perl libhunspell-1.7-0 libintl-perl
higress-wasmplugin-test (RUST)	UNKNOWN STEP	2026-09-23T08:17:45.5900799Z   libintl-xs-perl libio-html-perl libisns0 libjs-xmlextras liblldb-13
higress-wasmplugin-test (RUST)	UNKNOWN STEP	2026-09-23T08:17:45.5901209Z   liblldb-14 liblldb-15 liblwp-mediatypes-perl libmecab2 libmemcached11
higress-wasmplugin-test (RUST)	UNKNOWN STEP	2026-09-23T08:17:45.5901632Z   libmodule-find-perl libmodule-scandeps-perl libmono-2.0-1 libmono-2.0-dev
higress-wasmplugin-test (RUST)	UNKNOWN STEP	2026-09-23T08:17:45.5902049Z   libmono-cairo4.0-cil libmono-cecil-private-cil libmono-cil-dev
higress-wasmplugin-test (RUST)	UNKNOWN STEP	2026-09-23T08:17:45.5902469Z   libmono-codecontracts4.0-cil libmono-compilerservices-symbolwriter4.0-cil
higress-wasmplugin-test (RUST)	UNKNOWN STEP	2026-09-23T08:17:45.5902859Z   libmono-cscompmgd0.0-cil libmono-csharp4.0c-cil
higress-wasmplugin-test (RUST)	UNKNOWN STEP	2026-09-23T08:17:45.5903248Z   libmono-custommarshalers4.0-cil libmono-data-tds4.0-cil libmono-db2-1.0-cil
higress-wasmplugin-test (RUST)	UNKNOWN STEP	2026-09-23T08:17:45.5903702Z   libmono-debugger-soft4.0a-cil libmono-http4.0-cil libmono-management4.0-cil
higress-wasmplugin-test (RUST)	UNKNOWN STEP	2026-09-23T08:17:45.5904433Z   libmono-messaging-rabbitmq4.0-cil libmono-microsoft-build-engine4.0-cil
higress-wasmplugin-test (RUST)	UNKNOWN STEP	2026-09-23T08:17:45.5905147Z   libmono-microsoft-build-tasks-v4.0-4.0-cil libmono-microsoft-build4.0-cil
higress-wasmplugin-test (RUST)	UNKNOWN STEP	2026-09-23T08:17:45.5905708Z   libmono-microsoft-visualc10.0-cil
higress-wasmplugin-test (RUST)	UNKNOWN STEP	2026-09-23T08:17:45.5906208Z   libmono-microsoft-web-infrastructure1.0-cil libmono-oracle4.0-cil
higress-wasmplugin-test (RUST)	UNKNOWN STEP	2026-09-23T08:17:45.5906830Z   libmono-parallel4.0-cil libmono-peapi4.0a-cil libmono-profiler
higress-wasmplugin-test (RUST)	UNKNOWN STEP	2026-09-23T08:17:45.5907307Z   libmono-rabbitmq4.0-cil libmono-relaxng4.0-cil libmono-sharpzip4.84-cil
higress-wasmplugin-test (RUST)	UNKNOWN STEP	2026-09-23T08:17:45.5907674Z   libmono-simd4.0-cil libmono-smdiagnostics0.0-cil
higress-wasmplugin-test (RUST)	UNKNOWN STEP	2026-09-23T08:17:45.5907983Z   libmono-system-data-datasetextensions4.0-cil
higress-wasmplugin-test (RUST)	UNKNOWN STEP	2026-09-23T08:17:45.5908331Z   libmono-system-data-entity4.0-cil libmono-system-data-linq4.0-cil
higress-wasmplugin-test (RUST)	UNKNOWN STEP	2026-09-23T08:17:45.5908743Z   libmono-system-data-services4.0-cil libmono-system-deployment4.0-cil
higress-wasmplugin-test (RUST)	UNKNOWN STEP	2026-09-23T08:17:45.5909164Z   libmono-system-drawing-design4.0-cil libmono-system-dynamic4.0-cil
higress-wasmplugin-test (RUST)	UNKNOWN STEP	2026-09-23T08:17:45.5909529Z   libmono-system-io-compression-filesystem4.0-cil
higress-wasmplugin-test (RUST)	UNKNOWN STEP	2026-09-23T08:17:45.5909883Z   libmono-system-json-microsoft4.0-cil libmono-system-json4.0-cil
higress-wasmplugin-test (RUST)	UNKNOWN STEP	2026-09-23T08:17:45.5910288Z   libmono-system-ldap-protocols4.0-cil libmono-system-management4.0-cil
higress-wasmplugin-test (RUST)	UNKNOWN STEP	2026-09-23T08:17:45.5910648Z   libmono-system-net-http-formatting4.0-cil
higress-wasmplugin-test (RUST)	UNKNOWN STEP	2026-09-23T08:17:45.5910996Z   libmono-system-net-http-webrequest4.0-cil libmono-system-net4.0-cil
higress-wasmplugin-test (RUST)	UNKNOWN STEP	2026-09-23T08:17:45.5911437Z   libmono-system-numerics-vectors4.0-cil libmono-system-reactive-core2.2-cil
higress-wasmplugin-test (RUST)	UNKNOWN STEP	2026-09-23T08:17:45.5911812Z   libmono-system-reactive-debugger2.2-cil
higress-wasmplugin-test (RUST)	UNKNOWN STEP	2026-09-23T08:17:45.5912101Z   libmono-system-reactive-experimental2.2-cil
higress-wasmplugin-test (RUST)	UNKNOWN STEP	2026-09-23T08:17:45.5912399Z   libmono-system-reactive-interfaces2.2-cil
higress-wasmplugin-test (RUST)	UNKNOWN STEP	2026-09-23T08:17:45.5912675Z   libmono-system-reactive-linq2.2-cil
higress-wasmplugin-test (RUST)	UNKNOWN STEP	2026-09-23T08:17:45.5912967Z   libmono-system-reactive-observable-aliases0.0-cil
higress-wasmplugin-test (RUST)	UNKNOWN STEP	2026-09-23T08:17:45.5913438Z   libmono-system-reactive-platformservices2.2-cil
higress-wasmplugin-test (RUST)	UNKNOWN STEP	2026-09-23T08:17:45.5913750Z   libmono-system-reactive-providers2.2-cil
higress-wasmplugin-test (RUST)	UNKNOWN STEP	2026-09-23T08:17:45.5914215Z   libmono-system-reactive-runtime-remoting2.2-cil
higress-wasmplugin-test (RUST)	UNKNOWN STEP	2026-09-23T08:17:45.5914542Z   libmono-system-reactive-windows-forms2.2-cil
higress-wasmplugin-test (RUST)	UNKNOWN STEP	2026-09-23T08:17:45.5914861Z   libmono-system-reactive-windows-threading2.2-cil
higress-wasmplugin-test (RUST)	UNKNOWN STEP	2026-09-23T08:17:45.5915170Z   libmono-system-reflection-context4.0-cil
higress-wasmplugin-test (RUST)	UNKNOWN STEP	2026-09-23T08:17:45.5915454Z   libmono-system-runtime-caching4.0-cil
higress-wasmplugin-test (RUST)	UNKNOWN STEP	2026-09-23T08:17:45.5915758Z   libmono-system-runtime-durableinstancing4.0-cil
higress-wasmplugin-test (RUST)	UNKNOWN STEP	2026-09-23T08:17:45.5916165Z   libmono-system-runtime4.0-cil libmono-system-servicemodel-discovery4.0-cil
higress-wasmplugin-test (RUST)	UNKNOWN STEP	2026-09-23T08:17:45.5916565Z   libmono-system-servicemodel-routing4.0-cil
higress-wasmplugin-test (RUST)	UNKNOWN STEP	2026-09-23T08:17:45.5916950Z   libmono-system-servicemodel-web4.0-cil libmono-system-serviceprocess4.0-cil
higress-wasmplugin-test (RUST)	UNKNOWN STEP	2026-09-23T08:17:45.5917357Z   libmono-system-threading-tasks-dataflow4.0-cil
higress-wasmplugin-test (RUST)	UNKNOWN STEP	2026-09-23T08:17:45.5917769Z   libmono-system-web-abstractions4.0-cil libmono-system-web-dynamicdata4.0-cil
higress-wasmplugin-test (RUST)	UNKNOWN STEP	2026-09-23T08:17:45.5918244Z   libmono-system-web-extensions-design4.0-cil
higress-wasmplugin-test (RUST)	UNKNOWN STEP	2026-09-23T08:17:45.5918648Z   libmono-system-web-extensions4.0-cil libmono-system-web-http-selfhost4.0-cil
higress-wasmplugin-test (RUST)	UNKNOWN STEP	2026-09-23T08:17:45.5919209Z   libmono-system-web-http-webhost4.0-cil libmono-system-web-http4.0-cil
higress-wasmplugin-test (RUST)	UNKNOWN STEP	2026-09-23T08:17:45.5919893Z   libmono-system-web-mobile4.0-cil libmono-system-web-mvc3.0-cil
higress-wasmplugin-test (RUST)	UNKNOWN STEP	2026-09-23T08:17:45.5920357Z   libmono-system-web-razor2.0-cil libmono-system-web-regularexpressions4.0-cil
higress-wasmplugin-test (RUST)	UNKNOWN STEP	2026-09-23T08:17:45.5920724Z   libmono-system-web-routing4.0-cil
higress-wasmplugin-test (RUST)	UNKNOWN STEP	2026-09-23T08:17:45.5921007Z   libmono-system-web-webpages-deployment2.0-cil
higress-wasmplugin-test (RUST)	UNKNOWN STEP	2026-09-23T08:17:45.5921394Z   libmono-system-web-webpages-razor2.0-cil libmono-system-web-webpages2.0-cil
higress-wasmplugin-test (RUST)	UNKNOWN STEP	2026-09-23T08:17:45.5921821Z   libmono-system-windows-forms-datavisualization4.0a-cil
higress-wasmplugin-test (RUST)	UNKNOWN STEP	2026-09-23T08:17:45.5922225Z   libmono-system-windows4.0-cil libmono-system-workflow-activities4.0-cil
higress-wasmplugin-test (RUST)	UNKNOWN STEP	2026-09-23T08:17:45.5922612Z   libmono-system-workflow-componentmodel4.0-cil
higress-wasmplugin-test (RUST)	UNKNOWN STEP	2026-09-23T08:17:45.5922909Z   libmono-system-workflow-runtime4.0-cil
higress-wasmplugin-test (RUST)	UNKNOWN STEP	2026-09-23T08:17:45.5923248Z   libmono-system-xml-serialization4.0-cil libmono-tasklets4.0-cil
higress-wasmplugin-test (RUST)	UNKNOWN STEP	2026-09-23T08:17:45.5923676Z   libmono-webmatrix-data4.0-cil libmono-xbuild-tasks4.0-cil libmonoboehm-2.0-1
higress-wasmplugin-test (RUST)	UNKNOWN STEP	2026-09-23T08:17:45.5924381Z   libmonosgen-2.0-1 libmonosgen-2.0-dev libmspack0 libnorm1 libobjc-11-dev
higress-wasmplugin-test (RUST)	UNKNOWN STEP	2026-09-23T08:17:45.5924803Z   libobjc4 libogg0 libopeniscsiusr libpciaccess0 libpfm4 libpgm-5.3-0
higress-wasmplugin-test (RUST)	UNKNOWN STEP	2026-09-23T08:17:45.5925231Z   libproc-processtable-perl libprotobuf-lite23 libqdbm14 librabbitmq4 libre2-9
higress-wasmplugin-test (RUST)	UNKNOWN STEP	2026-09-23T08:17:45.5925684Z   libsnappy1v5 libsort-naturally-perl libsybdb5 libtdb1 libterm-readkey-perl
higress-wasmplugin-test (RUST)	UNKNOWN STEP	2026-09-23T08:17:45.5926108Z   libtidy5deb1 libtimedate-perl libtinfo-dev libtommath1 liburi-perl
higress-wasmplugin-test (RUST)	UNKNOWN STEP	2026-09-23T08:17:45.5926524Z   libvorbis0a libvorbisfile3 libx11-xcb1 libxaw7 libxcb-dri2-0 libxcb-dri3-0
higress-wasmplugin-test (RUST)	UNKNOWN STEP	2026-09-23T08:17:45.5926971Z   libxcb-glx0 libxcb-present0 libxcb-sync1 libxcb-xfixes0 libxfont2 libxmlsec1
higress-wasmplugin-test (RUST)	UNKNOWN STEP	2026-09-23T08:17:45.5927402Z   libxmlsec1-openssl libxmu6 libxshmfence1 libxxf86vm1 libz3-4 libz3-dev
higress-wasmplugin-test (RUST)	UNKNOWN STEP	2026-09-23T08:17:45.5927826Z   libzip4 libzmq5 lxd-agent-loader mecab-ipadic mecab-ipadic-utf8 mecab-utils
higress-wasmplugin-test (RUST)	UNKNOWN STEP	2026-09-23T08:17:45.5928247Z   mlock mono-4.0-service mono-csharp-shell mono-mcs mono-utils mono-xbuild
higress-wasmplugin-test (RUST)	UNKNOWN STEP	2026-09-23T08:17:45.5928657Z   monodoc-base msbuild msbuild-libhostfxr msbuild-sdkresolver needrestart
higress-wasmplugin-test (RUST)	UNKNOWN STEP	2026-09-23T08:17:45.5929076Z   open-iscsi open-vm-tools python3-apport python3-automat python3-bcrypt
higress-wasmplugin-test (RUST)	UNKNOWN STEP	2026-09-23T08:17:45.5929488Z   python3-click python3-colorama python3-constantly python3-hamcrest
higress-wasmplugin-test (RUST)	UNKNOWN STEP	2026-09-23T08:17:45.5929921Z   python3-hyperlink python3-incremental python3-lldb-14 python3-problem-report
higress-wasmplugin-test (RUST)	UNKNOWN STEP	2026-09-23T08:17:45.5930345Z   python3-pyasn1 python3-pyasn1-modules python3-service-identity
higress-wasmplugin-test (RUST)	UNKNOWN STEP	2026-09-23T08:17:45.5930710Z   python3-systemd python3-twisted python3-zope.interface
higress-wasmplugin-test (RUST)	UNKNOWN STEP	2026-09-23T08:17:45.5931079Z   referenceassemblies-pcl shtool sound-theme-freedesktop x11-xkb-utils
higress-wasmplugin-test (RUST)	UNKNOWN STEP	2026-09-23T08:17:45.5931505Z   xserver-common xul-ext-ubufox zerofree
higress-wasmplugin-test (RUST)	UNKNOWN STEP	2026-09-23T08:17:45.8312290Z 0 upgraded, 0 newly installed, 237 to remove and 7 not upgraded.
higress-wasmplugin-test (RUST)	UNKNOWN STEP	2026-09-23T08:17:45.8312757Z After this operation, 649 MB disk space will be freed.
higress-wasmplugin-test (RUST)	UNKNOWN STEP	2026-09-23T08:17:45.8482179Z (Reading database ... 
higress-wasmplugin-test (RUST)	UNKNOWN STEP	2026-09-23T08:17:45.8482726Z (Reading database ... 5%
higress-wasmplugin-test (RUST)	UNKNOWN STEP	2026-09-23T08:17:45.8483246Z (Reading database ... 10%
higress-wasmplugin-test (RUST)	UNKNOWN STEP	2026-09-23T08:17:45.8483671Z (Reading database ... 15%
higress-wasmplugin-test (RUST)	UNKNOWN STEP	2026-09-23T08:17:45.8484265Z (Reading database ... 20%
higress-wasmplugin-test (RUST)	UNKNOWN STEP	2026-09-23T08:17:45.8484686Z (Reading database ... 25%
higress-wasmplugin-test (RUST)	UNKNOWN STEP	2026-09-23T08:17:45.8485079Z (Reading database ... 30%
higress-wasmplugin-test (RUST)	UNKNOWN STEP	2026-09-23T08:17:45.8485487Z (Reading database ... 35%
higress-wasmplugin-test (RUST)	UNKNOWN STEP	2026-09-23T08:17:45.8485882Z (Reading database ... 40%
higress-wasmplugin-test (RUST)	UNKNOWN STEP	2026-09-23T08:17:45.8486277Z (Reading database ... 45%
higress-wasmplugin-test (RUST)	UNKNOWN STEP	2026-09-23T08:17:45.8486673Z (Reading database ... 50%
higress-wasmplugin-test (RUST)	UNKNOWN STEP	2026-09-23T08:17:45.8501596Z (Reading database ... 55%
higress-wasmplugin-test (RUST)	UNKNOWN STEP	2026-09-23T08:17:45.8524640Z (Reading database ... 60%
higress-wasmplugin-test (RUST)	UNKNOWN STEP	2026-09-23T08:17:45.8547482Z (Reading database ... 65%
higress-wasmplugin-test (RUST)	UNKNOWN STEP	2026-09-23T08:17:45.8562678Z (Reading database ... 70%
higress-wasmplugin-test (RUST)	UNKNOWN STEP	2026-09-23T08:17:45.8665404Z (Reading database ... 75%
higress-wasmplugin-test (RUST)	UNKNOWN STEP	2026-09-23T08:17:45.8733430Z (Reading database ... 80%
higress-wasmplugin-test (RUST)	UNKNOWN STEP	2026-09-23T08:17:45.8762234Z (Reading database ... 85%
higress-wasmplugin-test (RUST)	UNKNOWN STEP	2026-09-23T08:17:45.8956313Z (Reading database ... 90%
higress-wasmplugin-test (RUST)	UNKNOWN STEP	2026-09-23T08:17:45.9037123Z (Reading database ... 95%
higress-wasmplugin-test (RUST)	UNKNOWN STEP	2026-09-23T08:17:45.9037449Z (Reading database ... 100%
higress-wasmplugin-test (RUST)	UNKNOWN STEP	2026-09-23T08:17:45.9037906Z (Reading database ... 180971 files and directories currently installed.)
higress-wasmplugin-test (RUST)	UNKNOWN STEP	2026-09-23T08:17:45.9074746Z Removing apport-symptoms (0.24) ...
higress-wasmplugin-test (RUST)	UNKNOWN STEP	2026-09-23T08:17:45.9229284Z Removing landscape-common (23.02-0ubuntu1~22.04.7) ...
higress-wasmplugin-test (RUST)	UNKNOWN STEP	2026-09-23T08:17:46.0210906Z Removing bc (1.07.1-3build1) ...
higress-wasmplugin-test (RUST)	UNKNOWN STEP	2026-09-23T08:17:46.0449776Z Removing libenchant-2-2:amd64 (2.3.2-1ubuntu2) ...
higress-wasmplugin-test (RUST)	UNKNOWN STEP	2026-09-23T08:17:46.0675181Z Removing hunspell-en-us (1:2020.12.07-2) ...
higress-wasmplugin-test (RUST)	UNKNOWN STEP	2026-09-23T08:17:46.1345781Z Removing dictionaries-common (1.28.14) ...
higress-wasmplugin-test (RUST)	UNKNOWN STEP	2026-09-23T08:17:46.2036245Z Removing 'diversion of /usr/share/dict/words to /usr/share/dict/words.pre-dictionaries-common by dictionaries-common'
higress-wasmplugin-test (RUST)	UNKNOWN STEP	2026-09-23T08:17:46.2253126Z Removing emacsen-common (3.0.4) ...
higress-wasmplugin-test (RUST)	UNKNOWN STEP	2026-09-23T08:17:46.2666424Z Removing libfbclient2:amd64 (3.0.8.33535.ds4-1ubuntu2) ...
higress-wasmplugin-test (RUST)	UNKNOWN STEP	2026-09-23T08:17:46.2884875Z Removing firebird3.0-common (3.0.8.33535.ds4-1ubuntu2) ...
higress-wasmplugin-test (RUST)	UNKNOWN STEP	2026-09-23T08:17:46.3114513Z Removing firebird3.0-common-doc (3.0.8.33535.ds4-1ubuntu2) ...
higress-wasmplugin-test (RUST)	UNKNOWN STEP	2026-09-23T08:17:46.3323003Z Removing libsybdb5:amd64 (1.3.6-1) ...
higress-wasmplugin-test (RUST)	UNKNOWN STEP	2026-09-23T08:17:46.3476781Z Removing freetds-common (1.3.6-1) ...
higress-wasmplugin-test (RUST)	UNKNOWN STEP	2026-09-23T08:17:46.3696492Z Removing libclang-common-14-dev (1:14.0.0-1ubuntu1.1) ...
higress-wasmplugin-test (RUST)	UNKNOWN STEP	2026-09-23T08:17:46.4050936Z Removing libclang-common-13-dev (1:13.0.1-2ubuntu2.2) ...
higress-wasmplugin-test (RUST)	UNKNOWN STEP	2026-09-23T08:17:46.4363788Z Removing libclang-common-15-dev (1:15.0.7-0ubuntu0.22.04.3) ...
higress-wasmplugin-test (RUST)	UNKNOWN STEP	2026-09-23T08:17:46.4800003Z Removing lib32stdc++6 (12.3.0-1ubuntu1~22.04.3) ...
higress-wasmplugin-test (RUST)	UNKNOWN STEP	2026-09-23T08:17:46.5019191Z Removing libaspell15:amd64 (0.60.8-4build1) ...
higress-wasmplugin-test (RUST)	UNKNOWN STEP	2026-09-23T08:17:46.5324393Z Removing libc-client2007e (8:2007f~dfsg-7build1) ...
higress-wasmplugin-test (RUST)	UNKNOWN STEP	2026-09-23T08:17:46.5491845Z Removing libcanberra0:amd64 (0.30-10ubuntu1.22.04.1) ...
higress-wasmplugin-test (RUST)	UNKNOWN STEP	2026-09-23T08:17:46.5799139Z Removing libcgi-fast-perl (1:2.15-1) ...
higress-wasmplugin-test (RUST)	UNKNOWN STEP	2026-09-23T08:17:46.5960712Z Removing libhtml-template-perl (2.97-1.1) ...
higress-wasmplugin-test (RUST)	UNKNOWN STEP	2026-09-23T08:17:46.6227421Z Removing libcgi-pm-perl (4.54-1) ...
higress-wasmplugin-test (RUST)	UNKNOWN STEP	2026-09-23T08:17:46.6399148Z Removing libclang1-13 (1:13.0.1-2ubuntu2.2) ...
higress-wasmplugin-test (RUST)	UNKNOWN STEP	2026-09-23T08:17:46.6631827Z Removing libclang1-14 (1:14.0.0-1ubuntu1.1) ...
higress-wasmplugin-test (RUST)	UNKNOWN STEP	2026-09-23T08:17:46.6860188Z Removing libclang1-15 (1:15.0.7-0ubuntu0.22.04.3) ...
higress-wasmplugin-test (RUST)	UNKNOWN STEP	2026-09-23T08:17:46.7149531Z Removing libclone-perl (0.45-1build3) ...
higress-wasmplugin-test (RUST)	UNKNOWN STEP	2026-09-23T08:17:46.7306128Z Removing libdbusmenu-gtk3-4:amd64 (16.04.1+18.10.20180917-0ubuntu8) ...
higress-wasmplugin-test (RUST)	UNKNOWN STEP	2026-09-23T08:17:46.7463565Z Removing libdbusmenu-glib4:amd64 (16.04.1+18.10.20180917-0ubuntu8) ...
higress-wasmplugin-test (RUST)	UNKNOWN STEP	2026-09-23T08:17:46.7678525Z Removing libdrm-amdgpu1:amd64 (2.4.113-2~ubuntu0.22.04.1) ...
higress-wasmplugin-test (RUST)	UNKNOWN STEP	2026-09-23T08:17:46.7995458Z Removing libdrm-intel1:amd64 (2.4.113-2~ubuntu0.22.04.1) ...
higress-wasmplugin-test (RUST)	UNKNOWN STEP	2026-09-23T08:17:46.8205060Z Removing libdrm-nouveau2:amd64 (2.4.113-2~ubuntu0.22.04.1) ...
higress-wasmplugin-test (RUST)	UNKNOWN STEP	2026-09-23T08:17:46.8363225Z Removing libdrm-radeon1:amd64 (2.4.113-2~ubuntu0.22.04.1) ...
higress-wasmplugin-test (RUST)	UNKNOWN STEP	2026-09-23T08:17:46.8522738Z Removing libhttp-message-perl (6.36-1) ...
higress-wasmplugin-test (RUST)	UNKNOWN STEP	2026-09-23T08:17:46.8685976Z Removing libencode-locale-perl (1.05-1.1) ...
higress-wasmplugin-test (RUST)	UNKNOWN STEP	2026-09-23T08:17:46.8834318Z Removing libevent-pthreads-2.1-7:amd64 (2.1.12-stable-1ubuntu0.1) ...
higress-wasmplugin-test (RUST)	UNKNOWN STEP	2026-09-23T08:17:46.9030178Z Removing libfcgi-bin (2.4.2-2ubuntu0.1) ...
higress-wasmplugin-test (RUST)	UNKNOWN STEP	2026-09-23T08:17:46.9181427Z Removing libfcgi-perl:amd64 (0.82+ds-1build1) ...
higress-wasmplugin-test (RUST)	UNKNOWN STEP	2026-09-23T08:17:46.9468735Z Removing libfcgi0ldbl:amd64 (2.4.2-2ubuntu0.1) ...
higress-wasmplugin-test (RUST)	UNKNOWN STEP	2026-09-23T08:17:46.9609912Z Removing libxfont2:amd64 (1:2.0.5-1ubuntu0.2) ...
higress-wasmplugin-test (RUST)	UNKNOWN STEP	2026-09-23T08:17:46.9804186Z Removing libfontenc1:amd64 (1:1.1.4-1build3) ...
higress-wasmplugin-test (RUST)	UNKNOWN STEP	2026-09-23T08:17:46.9945024Z Removing libobjc-11-dev:amd64 (11.4.0-1ubuntu1~22.04.3) ...
higress-wasmplugin-test (RUST)	UNKNOWN STEP	2026-09-23T08:17:47.0099462Z Removing libobjc4:amd64 (12.3.0-1ubuntu1~22.04.3) ...
higress-wasmplugin-test (RUST)	UNKNOWN STEP	2026-09-23T08:17:47.0244613Z Removing libgc1:amd64 (1:8.0.6-1.1build1) ...
higress-wasmplugin-test (RUST)	UNKNOWN STEP	2026-09-23T08:17:47.0441039Z Removing libglapi-mesa:amd64 (23.2.1-1ubuntu3.1~22.04.4) ...
higress-wasmplugin-test (RUST)	UNKNOWN STEP	2026-09-23T08:17:47.0591079Z Removing libglvnd0:amd64 (1.4.0-1) ...
higress-wasmplugin-test (RUST)	UNKNOWN STEP	2026-09-23T08:17:47.0753249Z Removing libhtml-parser-perl:amd64 (3.76-1ubuntu0.1) ...
higress-wasmplugin-test (RUST)	UNKNOWN STEP	2026-09-23T08:17:47.0922875Z Removing libhtml-tagset-perl (3.20-4) ...
higress-wasmplugin-test (RUST)	UNKNOWN STEP	2026-09-23T08:17:47.1068102Z Removing libhttp-date-perl (6.05-1ubuntu0.1) ...
higress-wasmplugin-test (RUST)	UNKNOWN STEP	2026-09-23T08:17:47.1263953Z Removing libhunspell-1.7-0:amd64 (1.7.0-4build1) ...
higress-wasmplugin-test (RUST)	UNKNOWN STEP	2026-09-23T08:17:47.1465215Z Removing libintl-xs-perl (1.26-3build2) ...
higress-wasmplugin-test (RUST)	UNKNOWN STEP	2026-09-23T08:17:47.1621925Z Removing needrestart (3.5-5ubuntu2.5) ...
higress-wasmplugin-test (RUST)	UNKNOWN STEP	2026-09-23T08:17:47.1963004Z Removing libintl-perl (1.26-3build2) ...
higress-wasmplugin-test (RUST)	UNKNOWN STEP	2026-09-23T08:17:47.2206644Z Removing libio-html-perl (1.004-2) ...
higress-wasmplugin-test (RUST)	UNKNOWN STEP	2026-09-23T08:17:47.2365125Z Removing open-iscsi (2.1.5-1ubuntu1.1) ...
higress-wasmplugin-test (RUST)	UNKNOWN STEP	2026-09-23T08:17:47.6842382Z Warning: Stopping iscsid.service, but it can still be activated by:
higress-wasmplugin-test (RUST)	UNKNOWN STEP	2026-09-23T08:17:47.6842889Z   iscsid.socket
higress-wasmplugin-test (RUST)	UNKNOWN STEP	2026-09-23T08:17:48.7361353Z Removing libisns0:amd64 (0.101-0ubuntu2) ...
higress-wasmplugin-test (RUST)	UNKNOWN STEP	2026-09-23T08:17:48.7786704Z Removing libjs-xmlextras (20060529-2) ...
higress-wasmplugin-test (RUST)	UNKNOWN STEP	2026-09-23T08:17:48.8016006Z Removing liblldb-13 (1:13.0.1-2ubuntu2.2) ...
higress-wasmplugin-test (RUST)	UNKNOWN STEP	2026-09-23T08:17:48.8193686Z Removing python3-lldb-14 (1:14.0.0-1ubuntu1.1) ...
higress-wasmplugin-test (RUST)	UNKNOWN STEP	2026-09-23T08:17:48.8439125Z Removing liblldb-14 (1:14.0.0-1ubuntu1.1) ...
higress-wasmplugin-test (RUST)	UNKNOWN STEP	2026-09-23T08:17:48.8629519Z Removing liblldb-15 (1:15.0.7-0ubuntu0.22.04.3) ...
higress-wasmplugin-test (RUST)	UNKNOWN STEP	2026-09-23T08:17:48.8865466Z Removing liblwp-mediatypes-perl (6.04-1) ...
higress-wasmplugin-test (RUST)	UNKNOWN STEP	2026-09-23T08:17:48.9089515Z Removing mecab-ipadic-utf8 (2.7.0-20070801+main-3) ...
higress-wasmplugin-test (RUST)	UNKNOWN STEP	2026-09-23T08:17:48.9140470Z update-alternatives: using /var/lib/mecab/dic/ipadic to provide /var/lib/mecab/dic/debian (mecab-dictionary) in auto mode
higress-wasmplugin-test (RUST)	UNKNOWN STEP	2026-09-23T08:17:48.9369574Z Removing mecab-ipadic (2.7.0-20070801+main-3) ...
higress-wasmplugin-test (RUST)	UNKNOWN STEP	2026-09-23T08:17:48.9647039Z Removing mecab-utils (0.996-14build9) ...
higress-wasmplugin-test (RUST)	UNKNOWN STEP	2026-09-23T08:17:48.9820561Z Removing libmecab2:amd64 (0.996-14build9) ...
higress-wasmplugin-test (RUST)	UNKNOWN STEP	2026-09-23T08:17:48.9950669Z Removing libmemcached11:amd64 (1.0.18-4.2ubuntu4) ...
higress-wasmplugin-test (RUST)	UNKNOWN STEP	2026-09-23T08:17:49.0109043Z Removing libmodule-find-perl (0.15-1) ...
higress-wasmplugin-test (RUST)	UNKNOWN STEP	2026-09-23T08:17:49.0272766Z Removing libmodule-scandeps-perl (1.31-1ubuntu0.1) ...
higress-wasmplugin-test (RUST)	UNKNOWN STEP	2026-09-23T08:17:49.0438645Z Removing libmono-2.0-1 (6.12.0.200-0xamarin2+ubuntu2004b1) ...
higress-wasmplugin-test (RUST)	UNKNOWN STEP	2026-09-23T08:17:49.0594134Z Removing libmono-2.0-dev (6.12.0.200-0xamarin2+ubuntu2004b1) ...
higress-wasmplugin-test (RUST)	UNKNOWN STEP	2026-09-23T08:17:49.0875244Z Removing libmono-cil-dev (6.12.0.200-0xamarin2+ubuntu2004b1) ...
higress-wasmplugin-test (RUST)	UNKNOWN STEP	2026-09-23T08:17:49.1111621Z Removing libmono-cairo4.0-cil (6.12.0.200-0xamarin2+ubuntu2004b1) ...
higress-wasmplugin-test (RUST)	UNKNOWN STEP	2026-09-23T08:17:49.1276815Z Removing libmono-codecontracts4.0-cil (6.12.0.200-0xamarin2+ubuntu2004b1) ...
higress-wasmplugin-test (RUST)	UNKNOWN STEP	2026-09-23T08:17:49.1561981Z Removing monodoc-base (6.12.0.200-0xamarin2+ubuntu2004b1) ...
higress-wasmplugin-test (RUST)	UNKNOWN STEP	2026-09-23T08:17:49.1839066Z Removing libmono-compilerservices-symbolwriter4.0-cil (6.12.0.200-0xamarin2+ubuntu2004b1) ...
higress-wasmplugin-test (RUST)	UNKNOWN STEP	2026-09-23T08:17:49.1996534Z Removing libmono-cscompmgd0.0-cil (6.12.0.200-0xamarin2+ubuntu2004b1) ...
higress-wasmplugin-test (RUST)	UNKNOWN STEP	2026-09-23T08:17:49.2151629Z Removing mono-csharp-shell (6.12.0.200-0xamarin2+ubuntu2004b1) ...
higress-wasmplugin-test (RUST)	UNKNOWN STEP	2026-09-23T08:17:49.2302021Z Removing libmono-csharp4.0c-cil (6.12.0.200-0xamarin2+ubuntu2004b1) ...
higress-wasmplugin-test (RUST)	UNKNOWN STEP	2026-09-23T08:17:49.2561105Z Removing libmono-custommarshalers4.0-cil (6.12.0.200-0xamarin2+ubuntu2004b1) ...
higress-wasmplugin-test (RUST)	UNKNOWN STEP	2026-09-23T08:17:49.2718496Z Removing libmono-data-tds4.0-cil (6.12.0.200-0xamarin2+ubuntu2004b1) ...
higress-wasmplugin-test (RUST)	UNKNOWN STEP	2026-09-23T08:17:49.2879379Z Removing libmono-db2-1.0-cil (6.12.0.200-0xamarin2+ubuntu2004b1) ...
higress-wasmplugin-test (RUST)	UNKNOWN STEP	2026-09-23T08:17:49.3190476Z Removing libmono-debugger-soft4.0a-cil (6.12.0.200-0xamarin2+ubuntu2004b1) ...
higress-wasmplugin-test (RUST)	UNKNOWN STEP	2026-09-23T08:17:49.3397668Z Removing libmono-http4.0-cil (6.12.0.200-0xamarin2+ubuntu2004b1) ...
higress-wasmplugin-test (RUST)	UNKNOWN STEP	2026-09-23T08:17:49.3548494Z Removing libmono-management4.0-cil (6.12.0.200-0xamarin2+ubuntu2004b1) ...
higress-wasmplugin-test (RUST)	UNKNOWN STEP	2026-09-23T08:17:49.3814615Z Removing libmono-messaging-rabbitmq4.0-cil (6.12.0.200-0xamarin2+ubuntu2004b1) ...
higress-wasmplugin-test (RUST)	UNKNOWN STEP	2026-09-23T08:17:49.4096916Z Removing referenceassemblies-pcl (2014.04.14-1xamarin7+ubuntu2004b1) ...
higress-wasmplugin-test (RUST)	UNKNOWN STEP	2026-09-23T08:17:49.6292903Z Removing mono-xbuild (6.12.0.200-0xamarin2+ubuntu2004b1) ...
higress-wasmplugin-test (RUST)	UNKNOWN STEP	2026-09-23T08:17:49.7239367Z Removing libmono-microsoft-build-tasks-v4.0-4.0-cil (6.12.0.200-0xamarin2+ubuntu2004b1) ...
higress-wasmplugin-test (RUST)	UNKNOWN STEP	2026-09-23T08:17:49.7516650Z Removing libmono-microsoft-build-engine4.0-cil (6.12.0.200-0xamarin2+ubuntu2004b1) ...
higress-wasmplugin-test (RUST)	UNKNOWN STEP	2026-09-23T08:17:49.7690795Z Removing libmono-microsoft-build4.0-cil (6.12.0.200-0xamarin2+ubuntu2004b1) ...
higress-wasmplugin-test (RUST)	UNKNOWN STEP	2026-09-23T08:17:49.7851759Z Removing libmono-microsoft-visualc10.0-cil (6.12.0.200-0xamarin2+ubuntu2004b1) ...
higress-wasmplugin-test (RUST)	UNKNOWN STEP	2026-09-23T08:17:49.8128553Z Removing libmono-system-web-http-webhost4.0-cil (6.12.0.200-0xamarin2+ubuntu2004b1) ...
higress-wasmplugin-test (RUST)	UNKNOWN STEP	2026-09-23T08:17:49.8350327Z Removing libmono-system-web-mvc3.0-cil (6.12.0.200-0xamarin2+ubuntu2004b1) ...
higress-wasmplugin-test (RUST)	UNKNOWN STEP	2026-09-23T08:17:49.8623736Z Removing msbuild (1:16.10.1+xamarinxplat.2021.05.26.14.00-0xamarin2+ubuntu2004b1) ...
higress-wasmplugin-test (RUST)	UNKNOWN STEP	2026-09-23T08:17:50.0125774Z Removing libmono-oracle4.0-cil (6.12.0.200-0xamarin2+ubuntu2004b1) ...
higress-wasmplugin-test (RUST)	UNKNOWN STEP	2026-09-23T08:17:50.0401004Z Removing libmono-parallel4.0-cil (6.12.0.200-0xamarin2+ubuntu2004b1) ...
higress-wasmplugin-test (RUST)	UNKNOWN STEP	2026-09-23T08:17:50.0671845Z Removing libmono-peapi4.0a-cil (6.12.0.200-0xamarin2+ubuntu2004b1) ...
higress-wasmplugin-test (RUST)	UNKNOWN STEP	2026-09-23T08:17:50.0838860Z Removing libmono-profiler (6.12.0.200-0xamarin2+ubuntu2004b1) ...
higress-wasmplugin-test (RUST)	UNKNOWN STEP	2026-09-23T08:17:50.1157347Z Removing libmono-rabbitmq4.0-cil (6.12.0.200-0xamarin2+ubuntu2004b1) ...
higress-wasmplugin-test (RUST)	UNKNOWN STEP	2026-09-23T08:17:50.1384407Z Removing libmono-relaxng4.0-cil (6.12.0.200-0xamarin2+ubuntu2004b1) ...
higress-wasmplugin-test (RUST)	UNKNOWN STEP	2026-09-23T08:17:50.1707686Z Removing libmono-sharpzip4.84-cil (6.12.0.200-0xamarin2+ubuntu2004b1) ...
higress-wasmplugin-test (RUST)	UNKNOWN STEP	2026-09-23T08:17:50.1912655Z Removing libmono-simd4.0-cil (6.12.0.200-0xamarin2+ubuntu2004b1) ...
higress-wasmplugin-test (RUST)	UNKNOWN STEP	2026-09-23T08:17:50.2072147Z Removing libmono-smdiagnostics0.0-cil (6.12.0.200-0xamarin2+ubuntu2004b1) ...
higress-wasmplugin-test (RUST)	UNKNOWN STEP	2026-09-23T08:17:50.2228559Z Removing libmono-system-data-datasetextensions4.0-cil (6.12.0.200-0xamarin2+ubuntu2004b1) ...
higress-wasmplugin-test (RUST)	UNKNOWN STEP	2026-09-23T08:17:50.2489126Z Removing libmono-system-data-entity4.0-cil (6.12.0.200-0xamarin2+ubuntu2004b1) ...
higress-wasmplugin-test (RUST)	UNKNOWN STEP	2026-09-23T08:17:50.2754225Z Removing libmono-system-web-dynamicdata4.0-cil (6.12.0.200-0xamarin2+ubuntu2004b1) ...
higress-wasmplugin-test (RUST)	UNKNOWN STEP	2026-09-23T08:17:50.3015130Z Removing libmono-system-web-http-selfhost4.0-cil (6.12.0.200-0xamarin2+ubuntu2004b1) ...
higress-wasmplugin-test (RUST)	UNKNOWN STEP	2026-09-23T08:17:50.3170685Z Removing libmono-system-web-http4.0-cil (6.12.0.200-0xamarin2+ubuntu2004b1) ...
higress-wasmplugin-test (RUST)	UNKNOWN STEP	2026-09-23T08:17:50.3336101Z Removing libmono-system-data-services4.0-cil (6.12.0.200-0xamarin2+ubuntu2004b1) ...
higress-wasmplugin-test (RUST)	UNKNOWN STEP	2026-09-23T08:17:50.3740863Z Removing libmono-system-deployment4.0-cil (6.12.0.200-0xamarin2+ubuntu2004b1) ...
higress-wasmplugin-test (RUST)	UNKNOWN STEP	2026-09-23T08:17:50.3958289Z Removing libmono-system-drawing-design4.0-cil (6.12.0.200-0xamarin2+ubuntu2004b1) ...
higress-wasmplugin-test (RUST)	UNKNOWN STEP	2026-09-23T08:17:50.4218206Z Removing libmono-system-dynamic4.0-cil (6.12.0.200-0xamarin2+ubuntu2004b1) ...
higress-wasmplugin-test (RUST)	UNKNOWN STEP	2026-09-23T08:17:50.4495583Z Removing libmono-system-io-compression-filesystem4.0-cil (6.12.0.200-0xamarin2+ubuntu2004b1) ...
higress-wasmplugin-test (RUST)	UNKNOWN STEP	2026-09-23T08:17:50.4652219Z Removing libmono-system-json-microsoft4.0-cil (6.12.0.200-0xamarin2+ubuntu2004b1) ...
higress-wasmplugin-test (RUST)	UNKNOWN STEP	2026-09-23T08:17:50.4906372Z Removing libmono-system-json4.0-cil (6.12.0.200-0xamarin2+ubuntu2004b1) ...
higress-wasmplugin-test (RUST)	UNKNOWN STEP	2026-09-23T08:17:50.5445420Z Removing libmono-system-ldap-protocols4.0-cil (6.12.0.200-0xamarin2+ubuntu2004b1) ...
higress-wasmplugin-test (RUST)	UNKNOWN STEP	2026-09-23T08:17:50.5747905Z Removing libmono-system-management4.0-cil (6.12.0.200-0xamarin2+ubuntu2004b1) ...
higress-wasmplugin-test (RUST)	UNKNOWN STEP	2026-09-23T08:17:50.6011625Z Removing libmono-system-net-http-formatting4.0-cil (6.12.0.200-0xamarin2+ubuntu2004b1) ...
higress-wasmplugin-test (RUST)	UNKNOWN STEP	2026-09-23T08:17:50.6225951Z Removing libmono-system-net-http-webrequest4.0-cil (6.12.0.200-0xamarin2+ubuntu2004b1) ...
higress-wasmplugin-test (RUST)	UNKNOWN STEP	2026-09-23T08:17:50.6437137Z Removing libmono-system-net4.0-cil (6.12.0.200-0xamarin2+ubuntu2004b1) ...
higress-wasmplugin-test (RUST)	UNKNOWN STEP	2026-09-23T08:17:50.6646880Z Removing libmono-system-numerics-vectors4.0-cil (6.12.0.200-0xamarin2+ubuntu2004b1) ...
higress-wasmplugin-test (RUST)	UNKNOWN STEP	2026-09-23T08:17:50.6809908Z Removing libmono-system-reactive-experimental2.2-cil (6.12.0.200-0xamarin2+ubuntu2004b1) ...
higress-wasmplugin-test (RUST)	UNKNOWN STEP	2026-09-23T08:17:50.7073114Z Removing libmono-system-reactive-windows-threading2.2-cil (6.12.0.200-0xamarin2+ubuntu2004b1) ...
higress-wasmplugin-test (RUST)	UNKNOWN STEP	2026-09-23T08:17:50.7357983Z Removing libmono-system-reactive-debugger2.2-cil (6.12.0.200-0xamarin2+ubuntu2004b1) ...
higress-wasmplugin-test (RUST)	UNKNOWN STEP	2026-09-23T08:17:50.7637701Z Removing libmono-system-reactive-windows-forms2.2-cil (6.12.0.200-0xamarin2+ubuntu2004b1) ...
higress-wasmplugin-test (RUST)	UNKNOWN STEP	2026-09-23T08:17:50.7811626Z Removing libmono-system-reactive-observable-aliases0.0-cil (6.12.0.200-0xamarin2+ubuntu2004b1) ...
higress-wasmplugin-test (RUST)	UNKNOWN STEP	2026-09-23T08:17:50.7975939Z Removing libmono-system-reactive-providers2.2-cil (6.12.0.200-0xamarin2+ubuntu2004b1) ...
higress-wasmplugin-test (RUST)	UNKNOWN STEP	2026-09-23T08:17:50.8248256Z Removing libmono-system-reactive-platformservices2.2-cil (6.12.0.200-0xamarin2+ubuntu2004b1) ...
higress-wasmplugin-test (RUST)	UNKNOWN STEP	2026-09-23T08:17:50.8465263Z Removing libmono-system-reactive-linq2.2-cil (6.12.0.200-0xamarin2+ubuntu2004b1) ...
higress-wasmplugin-test (RUST)	UNKNOWN STEP	2026-09-23T08:17:50.8682721Z Removing libmono-system-reactive-runtime-remoting2.2-cil (6.12.0.200-0xamarin2+ubuntu2004b1) ...
higress-wasmplugin-test (RUST)	UNKNOWN STEP	2026-09-23T08:17:50.8896844Z Removing libmono-system-reflection-context4.0-cil (6.12.0.200-0xamarin2+ubuntu2004b1) ...
higress-wasmplugin-test (RUST)	UNKNOWN STEP	2026-09-23T08:17:50.9073788Z Removing libmono-system-runtime-caching4.0-cil (6.12.0.200-0xamarin2+ubuntu2004b1) ...
higress-wasmplugin-test (RUST)	UNKNOWN STEP	2026-09-23T08:17:50.9276223Z Removing libmono-system-runtime-durableinstancing4.0-cil (6.12.0.200-0xamarin2+ubuntu2004b1) ...
higress-wasmplugin-test (RUST)	UNKNOWN STEP	2026-09-23T08:17:50.9551277Z Removing libmono-system-runtime4.0-cil (6.12.0.200-0xamarin2+ubuntu2004b1) ...
higress-wasmplugin-test (RUST)	UNKNOWN STEP	2026-09-23T08:17:50.9765312Z Removing libmono-system-servicemodel-discovery4.0-cil (6.12.0.200-0xamarin2+ubuntu2004b1) ...
higress-wasmplugin-test (RUST)	UNKNOWN STEP	2026-09-23T08:17:50.9937221Z Removing libmono-system-servicemodel-routing4.0-cil (6.12.0.200-0xamarin2+ubuntu2004b1) ...
higress-wasmplugin-test (RUST)	UNKNOWN STEP	2026-09-23T08:17:51.0213050Z Removing libmono-system-servicemodel-web4.0-cil (6.12.0.200-0xamarin2+ubuntu2004b1) ...
higress-wasmplugin-test (RUST)	UNKNOWN STEP	2026-09-23T08:17:51.0536991Z Removing mono-4.0-service (6.12.0.200-0xamarin2+ubuntu2004b1) ...
higress-wasmplugin-test (RUST)	UNKNOWN STEP	2026-09-23T08:17:51.0703419Z Removing libmono-system-serviceprocess4.0-cil (6.12.0.200-0xamarin2+ubuntu2004b1) ...
higress-wasmplugin-test (RUST)	UNKNOWN STEP	2026-09-23T08:17:51.0866074Z Removing libmono-system-threading-tasks-dataflow4.0-cil (6.12.0.200-0xamarin2+ubuntu2004b1) ...
higress-wasmplugin-test (RUST)	UNKNOWN STEP	2026-09-23T08:17:51.1035515Z Removing libmono-system-web-abstractions4.0-cil (6.12.0.200-0xamarin2+ubuntu2004b1) ...
higress-wasmplugin-test (RUST)	UNKNOWN STEP	2026-09-23T08:17:51.1208622Z Removing libmono-system-web-extensions-design4.0-cil (6.12.0.200-0xamarin2+ubuntu2004b1) ...
higress-wasmplugin-test (RUST)	UNKNOWN STEP	2026-09-23T08:17:51.1374434Z Removing libmono-system-web-extensions4.0-cil (6.12.0.200-0xamarin2+ubuntu2004b1) ...
higress-wasmplugin-test (RUST)	UNKNOWN STEP	2026-09-23T08:17:51.1647842Z Removing libmono-system-web-mobile4.0-cil (6.12.0.200-0xamarin2+ubuntu2004b1) ...
higress-wasmplugin-test (RUST)	UNKNOWN STEP	2026-09-23T08:17:51.1867774Z Removing libmono-system-web-webpages-razor2.0-cil (6.12.0.200-0xamarin2+ubuntu2004b1) ...
higress-wasmplugin-test (RUST)	UNKNOWN STEP	2026-09-23T08:17:51.2131579Z Removing libmono-system-web-regularexpressions4.0-cil (6.12.0.200-0xamarin2+ubuntu2004b1) ...
higress-wasmplugin-test (RUST)	UNKNOWN STEP	2026-09-23T08:17:51.2291135Z Removing libmono-system-web-routing4.0-cil (6.12.0.200-0xamarin2+ubuntu2004b1) ...
higress-wasmplugin-test (RUST)	UNKNOWN STEP	2026-09-23T08:17:51.2466450Z Removing libmono-system-windows-forms-datavisualization4.0a-cil (6.12.0.200-0xamarin2+ubuntu2004b1) ...
higress-wasmplugin-test (RUST)	UNKNOWN STEP	2026-09-23T08:17:51.2707587Z Removing libmono-system-windows4.0-cil (6.12.0.200-0xamarin2+ubuntu2004b1) ...
higress-wasmplugin-test (RUST)	UNKNOWN STEP	2026-09-23T08:17:51.2872929Z Removing libmono-system-workflow-activities4.0-cil (6.12.0.200-0xamarin2+ubuntu2004b1) ...
higress-wasmplugin-test (RUST)	UNKNOWN STEP	2026-09-23T08:17:51.3036708Z Removing libmono-system-workflow-componentmodel4.0-cil (6.12.0.200-0xamarin2+ubuntu2004b1) ...
higress-wasmplugin-test (RUST)	UNKNOWN STEP	2026-09-23T08:17:51.3192290Z Removing libmono-system-workflow-runtime4.0-cil (6.12.0.200-0xamarin2+ubuntu2004b1) ...
higress-wasmplugin-test (RUST)	UNKNOWN STEP	2026-09-23T08:17:51.3407497Z Removing libmono-system-xml-serialization4.0-cil (6.12.0.200-0xamarin2+ubuntu2004b1) ...
higress-wasmplugin-test (RUST)	UNKNOWN STEP	2026-09-23T08:17:51.3564236Z Removing libmono-tasklets4.0-cil (6.12.0.200-0xamarin2+ubuntu2004b1) ...
higress-wasmplugin-test (RUST)	UNKNOWN STEP	2026-09-23T08:17:51.3724454Z Removing libmono-webmatrix-data4.0-cil (6.12.0.200-0xamarin2+ubuntu2004b1) ...
higress-wasmplugin-test (RUST)	UNKNOWN STEP	2026-09-23T08:17:51.3881557Z Removing libmono-xbuild-tasks4.0-cil (6.12.0.200-0xamarin2+ubuntu2004b1) ...
higress-wasmplugin-test (RUST)	UNKNOWN STEP	2026-09-23T08:17:51.4047738Z Removing mono-utils (6.12.0.200-0xamarin2+ubuntu2004b1) ...
higress-wasmplugin-test (RUST)	UNKNOWN STEP	2026-09-23T08:17:51.4318786Z Removing libmonoboehm-2.0-1 (6.12.0.200-0xamarin2+ubuntu2004b1) ...
higress-wasmplugin-test (RUST)	UNKNOWN STEP	2026-09-23T08:17:51.4477646Z Removing libmonosgen-2.0-dev (6.12.0.200-0xamarin2+ubuntu2004b1) ...
higress-wasmplugin-test (RUST)	UNKNOWN STEP	2026-09-23T08:17:51.4635668Z Removing libmonosgen-2.0-1 (6.12.0.200-0xamarin2+ubuntu2004b1) ...
higress-wasmplugin-test (RUST)	UNKNOWN STEP	2026-09-23T08:17:51.4874289Z Removing open-vm-tools (2:12.3.5-3~ubuntu0.22.04.3) ...
higress-wasmplugin-test (RUST)	UNKNOWN STEP	2026-09-23T08:17:52.2095601Z Removing libmspack0:amd64 (0.10.1-2build2) ...
higress-wasmplugin-test (RUST)	UNKNOWN STEP	2026-09-23T08:17:52.2256545Z Removing libzmq5:amd64 (4.3.4-2) ...
higress-wasmplugin-test (RUST)	UNKNOWN STEP	2026-09-23T08:17:52.2471195Z Removing libnorm1:amd64 (1.5.9+dfsg-2) ...
higress-wasmplugin-test (RUST)	UNKNOWN STEP	2026-09-23T08:17:55.3688683Z Removing libvorbisfile3:amd64 (1.3.7-1build2) ...
higress-wasmplugin-test (RUST)	UNKNOWN STEP	2026-09-23T08:17:55.3852970Z Removing libvorbis0a:amd64 (1.3.7-1build2) ...
higress-wasmplugin-test (RUST)	UNKNOWN STEP	2026-09-23T08:17:55.4006919Z Removing libogg0:amd64 (1.3.5-0ubuntu3) ...
higress-wasmplugin-test (RUST)	UNKNOWN STEP	2026-09-23T08:17:55.4221174Z Removing libopeniscsiusr (2.1.5-1ubuntu1.1) ...
higress-wasmplugin-test (RUST)	UNKNOWN STEP	2026-09-23T08:17:55.4446242Z Removing libpciaccess0:amd64 (0.16-3) ...
higress-wasmplugin-test (RUST)	UNKNOWN STEP	2026-09-23T08:17:55.4611353Z Removing libpfm4:amd64 (4.11.1+git32-gd0b85fb-1ubuntu0.1) ...
higress-wasmplugin-test (RUST)	UNKNOWN STEP	2026-09-23T08:17:55.4768030Z Removing libpgm-5.3-0:amd64 (5.3.128~dfsg-2) ...
higress-wasmplugin-test (RUST)	UNKNOWN STEP	2026-09-23T08:17:55.4994959Z Removing libproc-processtable-perl:amd64 (0.634-1build1) ...
higress-wasmplugin-test (RUST)	UNKNOWN STEP	2026-09-23T08:17:55.5166535Z Removing libprotobuf-lite23:amd64 (3.12.4-1ubuntu7.22.04.6) ...
higress-wasmplugin-test (RUST)	UNKNOWN STEP	2026-09-23T08:17:55.5372847Z Removing libqdbm14 (1.8.78-11build3) ...
higress-wasmplugin-test (RUST)	UNKNOWN STEP	2026-09-23T08:17:55.5538164Z Removing librabbitmq4:amd64 (0.10.0-1ubuntu2.2) ...
higress-wasmplugin-test (RUST)	UNKNOWN STEP	2026-09-23T08:17:55.5692369Z Removing libre2-9:amd64 (20220201+dfsg-1) ...
higress-wasmplugin-test (RUST)	UNKNOWN STEP	2026-09-23T08:17:55.5894813Z Removing libsnappy1v5:amd64 (1.1.8-1build3) ...
higress-wasmplugin-test (RUST)	UNKNOWN STEP	2026-09-23T08:17:55.6095008Z Removing libsort-naturally-perl (1.03-2) ...
higress-wasmplugin-test (RUST)	UNKNOWN STEP	2026-09-23T08:17:55.6245855Z Removing libtdb1:amd64 (1.4.5-2build1) ...
higress-wasmplugin-test (RUST)	UNKNOWN STEP	2026-09-23T08:17:55.6496389Z Removing libterm-readkey-perl (2.38-1build4) ...
higress-wasmplugin-test (RUST)	UNKNOWN STEP	2026-09-23T08:17:55.6660834Z Removing libtidy5deb1:amd64 (2:5.6.0-11ubuntu0.22.04.1) ...
higress-wasmplugin-test (RUST)	UNKNOWN STEP	2026-09-23T08:17:55.6891210Z Removing libtimedate-perl (2.3300-2) ...
higress-wasmplugin-test (RUST)	UNKNOWN STEP	2026-09-23T08:17:55.7106318Z Removing libtinfo-dev:amd64 (6.3-2ubuntu0.3) ...
higress-wasmplugin-test (RUST)	UNKNOWN STEP	2026-09-23T08:17:55.7305816Z Removing libtommath1:amd64 (1.2.0-6ubuntu0.22.04.1) ...
higress-wasmplugin-test (RUST)	UNKNOWN STEP	2026-09-23T08:17:55.7452759Z Removing liburi-perl (5.10-1) ...
higress-wasmplugin-test (RUST)	UNKNOWN STEP	2026-09-23T08:17:55.7659232Z Removing libx11-xcb1:amd64 (2:1.7.5-1ubuntu0.3) ...
higress-wasmplugin-test (RUST)	UNKNOWN STEP	2026-09-23T08:17:55.7873070Z Removing xserver-common (2:21.1.4-2ubuntu1.7~22.04.16) ...
higress-wasmplugin-test (RUST)	UNKNOWN STEP	2026-09-23T08:17:55.8029028Z Removing x11-xkb-utils (7.7+5build4) ...
higress-wasmplugin-test (RUST)	UNKNOWN STEP	2026-09-23T08:17:55.8179480Z Removing libxaw7:amd64 (2:1.0.14-1) ...
higress-wasmplugin-test (RUST)	UNKNOWN STEP	2026-09-23T08:17:55.8376615Z Removing libxcb-dri2-0:amd64 (1.14-3ubuntu3) ...
higress-wasmplugin-test (RUST)	UNKNOWN STEP	2026-09-23T08:17:55.8582301Z Removing libxcb-dri3-0:amd64 (1.14-3ubuntu3) ...
higress-wasmplugin-test (RUST)	UNKNOWN STEP	2026-09-23T08:17:55.8736959Z Removing libxcb-glx0:amd64 (1.14-3ubuntu3) ...
higress-wasmplugin-test (RUST)	UNKNOWN STEP	2026-09-23T08:17:55.8880492Z Removing libxcb-present0:amd64 (1.14-3ubuntu3) ...
higress-wasmplugin-test (RUST)	UNKNOWN STEP	2026-09-23T08:17:55.9034214Z Removing libxcb-sync1:amd64 (1.14-3ubuntu3) ...
higress-wasmplugin-test (RUST)	UNKNOWN STEP	2026-09-23T08:17:55.9178126Z Removing libxcb-xfixes0:amd64 (1.14-3ubuntu3) ...
higress-wasmplugin-test (RUST)	UNKNOWN STEP	2026-09-23T08:17:55.9330858Z Removing libxmlsec1-openssl:amd64 (1.2.33-1build2) ...
higress-wasmplugin-test (RUST)	UNKNOWN STEP	2026-09-23T08:17:55.9524423Z Removing libxmlsec1:amd64 (1.2.33-1build2) ...
higress-wasmplugin-test (RUST)	UNKNOWN STEP	2026-09-23T08:17:55.9816181Z Removing libxmu6:amd64 (2:1.1.3-3) ...
higress-wasmplugin-test (RUST)	UNKNOWN STEP	2026-09-23T08:17:55.9966110Z Removing libxshmfence1:amd64 (1.3-1build4) ...
higress-wasmplugin-test (RUST)	UNKNOWN STEP	2026-09-23T08:17:56.0123264Z Removing libxxf86vm1:amd64 (1:1.1.4-1build3) ...
higress-wasmplugin-test (RUST)	UNKNOWN STEP	2026-09-23T08:17:56.0289873Z Removing libz3-dev:amd64 (4.8.12-1) ...
higress-wasmplugin-test (RUST)	UNKNOWN STEP	2026-09-23T08:17:56.0444355Z Removing libz3-4:amd64 (4.8.12-1) ...
higress-wasmplugin-test (RUST)	UNKNOWN STEP	2026-09-23T08:17:56.0594307Z Removing libzip4:amd64 (1.7.3-1ubuntu2) ...
higress-wasmplugin-test (RUST)	UNKNOWN STEP	2026-09-23T08:17:56.0751638Z Removing lxd-agent-loader (0.5) ...
higress-wasmplugin-test (RUST)	UNKNOWN STEP	2026-09-23T08:17:56.4271149Z Removing mlock (8:2007f~dfsg-7build1) ...
higress-wasmplugin-test (RUST)	UNKNOWN STEP	2026-09-23T08:17:56.4432450Z Removing mono-mcs (6.12.0.200-0xamarin2+ubuntu2004b1) ...
higress-wasmplugin-test (RUST)	UNKNOWN STEP	2026-09-23T08:17:56.4754643Z Removing python3-apport (2.20.11-0ubuntu82.10) ...
higress-wasmplugin-test (RUST)	UNKNOWN STEP	2026-09-23T08:17:56.5610787Z Removing python3-twisted (22.1.0-2ubuntu2.7) ...
higress-wasmplugin-test (RUST)	UNKNOWN STEP	2026-09-23T08:17:56.8226282Z Removing python3-automat (20.2.0-1) ...
higress-wasmplugin-test (RUST)	UNKNOWN STEP	2026-09-23T08:17:56.9029147Z Removing python3-bcrypt (3.2.0-1build1) ...
higress-wasmplugin-test (RUST)	UNKNOWN STEP	2026-09-23T08:17:56.9767813Z Removing python3-click (8.0.3-1) ...
higress-wasmplugin-test (RUST)	UNKNOWN STEP	2026-09-23T08:17:57.0582596Z Removing python3-colorama (0.4.4-1) ...
higress-wasmplugin-test (RUST)	UNKNOWN STEP	2026-09-23T08:17:57.1403244Z Removing python3-constantly (15.1.0-2) ...
higress-wasmplugin-test (RUST)	UNKNOWN STEP	2026-09-23T08:17:57.2136482Z Removing python3-hamcrest (2.0.2-2) ...
higress-wasmplugin-test (RUST)	UNKNOWN STEP	2026-09-23T08:17:57.2986323Z Removing python3-hyperlink (21.0.0-3) ...
higress-wasmplugin-test (RUST)	UNKNOWN STEP	2026-09-23T08:17:57.3742788Z Removing python3-incremental (21.3.0-1) ...
higress-wasmplugin-test (RUST)	UNKNOWN STEP	2026-09-23T08:17:57.4607403Z Removing python3-problem-report (2.20.11-0ubuntu82.10) ...
higress-wasmplugin-test (RUST)	UNKNOWN STEP	2026-09-23T08:17:57.5405225Z Removing python3-service-identity (18.1.0-6) ...
higress-wasmplugin-test (RUST)	UNKNOWN STEP	2026-09-23T08:17:57.6181220Z Removing python3-pyasn1-modules (0.2.1-1) ...
higress-wasmplugin-test (RUST)	UNKNOWN STEP	2026-09-23T08:17:57.6912756Z Removing python3-pyasn1 (0.4.8-1ubuntu0.3) ...
higress-wasmplugin-test (RUST)	UNKNOWN STEP	2026-09-23T08:17:57.7738621Z Removing python3-systemd (234-3ubuntu2) ...
higress-wasmplugin-test (RUST)	UNKNOWN STEP	2026-09-23T08:17:57.8569310Z Removing python3-zope.interface (5.4.0-1build1) ...
higress-wasmplugin-test (RUST)	UNKNOWN STEP	2026-09-23T08:17:57.9358161Z Removing shtool (2.0.8-10) ...
higress-wasmplugin-test (RUST)	UNKNOWN STEP	2026-09-23T08:17:57.9540035Z Removing sound-theme-freedesktop (0.8-2ubuntu1) ...
higress-wasmplugin-test (RUST)	UNKNOWN STEP	2026-09-23T08:17:57.9710060Z Removing xul-ext-ubufox (3.4-0ubuntu1.17.10.1) ...
higress-wasmplugin-test (RUST)	UNKNOWN STEP	2026-09-23T08:17:58.0061592Z Removing zerofree (1.1.1-1build3) ...
higress-wasmplugin-test (RUST)	UNKNOWN STEP	2026-09-23T08:17:58.0226617Z Removing lib32gcc-s1 (12.3.0-1ubuntu1~22.04.3) ...
higress-wasmplugin-test (RUST)	UNKNOWN STEP	2026-09-23T08:17:58.0446338Z Removing libmono-cecil-private-cil (6.12.0.200-0xamarin2+ubuntu2004b1) ...
higress-wasmplugin-test (RUST)	UNKNOWN STEP	2026-09-23T08:17:58.0612575Z Removing libmono-system-web-webpages2.0-cil (6.12.0.200-0xamarin2+ubuntu2004b1) ...
higress-wasmplugin-test (RUST)	UNKNOWN STEP	2026-09-23T08:17:58.0790749Z Removing libmono-system-data-linq4.0-cil (6.12.0.200-0xamarin2+ubuntu2004b1) ...
higress-wasmplugin-test (RUST)	UNKNOWN STEP	2026-09-23T08:17:58.1009896Z Removing libmono-system-reactive-core2.2-cil (6.12.0.200-0xamarin2+ubuntu2004b1) ...
higress-wasmplugin-test (RUST)	UNKNOWN STEP	2026-09-23T08:17:58.1171007Z Removing libmono-system-reactive-interfaces2.2-cil (6.12.0.200-0xamarin2+ubuntu2004b1) ...
higress-wasmplugin-test (RUST)	UNKNOWN STEP	2026-09-23T08:17:58.1326845Z Removing libmono-system-web-razor2.0-cil (6.12.0.200-0xamarin2+ubuntu2004b1) ...
higress-wasmplugin-test (RUST)	UNKNOWN STEP	2026-09-23T08:17:58.1487473Z Removing libmono-system-web-webpages-deployment2.0-cil (6.12.0.200-0xamarin2+ubuntu2004b1) ...
higress-wasmplugin-test (RUST)	UNKNOWN STEP	2026-09-23T08:17:58.1672196Z Removing libmono-microsoft-web-infrastructure1.0-cil (6.12.0.200-0xamarin2+ubuntu2004b1) ...
higress-wasmplugin-test (RUST)	UNKNOWN STEP	2026-09-23T08:17:58.2176162Z Removing msbuild-libhostfxr (3.0.0.2019.04.16.02.13-0xamarin4+ubuntu2004b1) ...
higress-wasmplugin-test (RUST)	UNKNOWN STEP	2026-09-23T08:17:58.2334527Z Removing msbuild-sdkresolver (1:16.10.1+xamarinxplat.2021.05.26.14.00-0xamarin2+ubuntu2004b1) ...
higress-wasmplugin-test (RUST)	UNKNOWN STEP	2026-09-23T08:17:58.2845820Z Processing triggers for libc-bin (2.35-0ubuntu3.14) ...
higress-wasmplugin-test (RUST)	UNKNOWN STEP	2026-09-23T08:17:58.2970605Z Processing triggers for man-db (2.10.2-1) ...
higress-wasmplugin-test (RUST)	UNKNOWN STEP	2026-09-23T08:17:58.2987852Z Not building database; man-db/auto-update is not 'true'.
higress-wasmplugin-test (RUST)	UNKNOWN STEP	2026-09-23T08:17:58.3005647Z Processing triggers for postgresql-common (293.pgdg22.04+1) ...
higress-wasmplugin-test (RUST)	UNKNOWN STEP	2026-09-23T08:17:58.4206555Z Building PostgreSQL dictionaries from installed myspell/hunspell packages...
higress-wasmplugin-test (RUST)	UNKNOWN STEP	2026-09-23T08:17:58.4206984Z Removing obsolete dictionary files:
higress-wasmplugin-test (RUST)	UNKNOWN STEP	2026-09-23T08:17:58.4208944Z   /var/cache/postgresql/dicts/en_us.affix
higress-wasmplugin-test (RUST)	UNKNOWN STEP	2026-09-23T08:17:58.4209345Z   /var/cache/postgresql/dicts/en_us.dict
higress-wasmplugin-test (RUST)	UNKNOWN STEP	2026-09-23T08:17:58.4264579Z   /usr/share/postgresql/14/tsearch_data/en_us.affix
higress-wasmplugin-test (RUST)	UNKNOWN STEP	2026-09-23T08:17:58.4265040Z   /usr/share/postgresql/14/tsearch_data/en_us.dict
higress-wasmplugin-test (RUST)	UNKNOWN STEP	2026-09-23T08:17:58.4467776Z Processing triggers for install-info (6.8-4build1) ...
higress-wasmplugin-test (RUST)	UNKNOWN STEP	2026-09-23T08:17:58.7076626Z Processing triggers for initramfs-tools (0.140ubuntu13.5) ...
higress-wasmplugin-test (RUST)	UNKNOWN STEP	2026-09-23T08:17:58.7418683Z update-initramfs: Generating /boot/initrd.img-6.8.0-1064-azure
higress-wasmplugin-test (RUST)	UNKNOWN STEP	2026-09-23T08:18:05.7641438Z 
higress-wasmplugin-test (RUST)	UNKNOWN STEP	2026-09-23T08:18:05.7646658Z ********************************************************************************
higress-wasmplugin-test (RUST)	UNKNOWN STEP	2026-09-23T08:18:05.7661310Z => Large misc. packages: Saved 4.6GiB
higress-wasmplugin-test (RUST)	UNKNOWN STEP	2026-09-23T08:18:05.7666064Z ********************************************************************************
higress-wasmplugin-test (RUST)	UNKNOWN STEP	2026-09-23T08:18:05.7666361Z 
higress-wasmplugin-test (RUST)	UNKNOWN STEP	2026-09-23T08:18:05.7851611Z Total reclaimed space: 0B
higress-wasmplugin-test (RUST)	UNKNOWN STEP	2026-09-23T08:18:05.7895458Z 
higress-wasmplugin-test (RUST)	UNKNOWN STEP	2026-09-23T08:18:05.7900052Z ********************************************************************************
higress-wasmplugin-test (RUST)	UNKNOWN STEP	2026-09-23T08:18:05.7915679Z => Docker images: Saved 0B
higress-wasmplugin-test (RUST)	UNKNOWN STEP	2026-09-23T08:18:05.7920289Z ********************************************************************************
higress-wasmplugin-test (RUST)	UNKNOWN STEP	2026-09-23T08:18:05.7920587Z 
higress-wasmplugin-test (RUST)	UNKNOWN STEP	2026-09-23T08:18:05.8153320Z                total        used        free      shared  buff/cache   available
higress-wasmplugin-test (RUST)	UNKNOWN STEP	2026-09-23T08:18:05.8154292Z Mem:            15Gi       609Mi        10Gi        46Mi       4.7Gi        14Gi
higress-wasmplugin-test (RUST)	UNKNOWN STEP	2026-09-23T08:18:05.8154617Z Swap:             0B          0B          0B
higress-wasmplugin-test (RUST)	UNKNOWN STEP	2026-09-23T08:18:05.8182693Z 
higress-wasmplugin-test (RUST)	UNKNOWN STEP	2026-09-23T08:18:05.8187485Z ********************************************************************************
higress-wasmplugin-test (RUST)	UNKNOWN STEP	2026-09-23T08:18:05.8199898Z numfmt: invalid option -- '8'
higress-wasmplugin-test (RUST)	UNKNOWN STEP	2026-09-23T08:18:05.8200354Z Try 'numfmt --help' for more information.
higress-wasmplugin-test (RUST)	UNKNOWN STEP	2026-09-23T08:18:05.8202760Z => Swap storage: Saved 
higress-wasmplugin-test (RUST)	UNKNOWN STEP	2026-09-23T08:18:05.8207458Z ********************************************************************************
higress-wasmplugin-test (RUST)	UNKNOWN STEP	2026-09-23T08:18:05.8207755Z 
higress-wasmplugin-test (RUST)	UNKNOWN STEP	2026-09-23T08:18:05.8255920Z 
higress-wasmplugin-test (RUST)	UNKNOWN STEP	2026-09-23T08:18:05.8260622Z ================================================================================
higress-wasmplugin-test (RUST)	UNKNOWN STEP	2026-09-23T08:18:05.8261043Z AFTER CLEAN-UP:
higress-wasmplugin-test (RUST)	UNKNOWN STEP	2026-09-23T08:18:05.8261203Z 
higress-wasmplugin-test (RUST)	UNKNOWN STEP	2026-09-23T08:18:05.8261310Z $ dh -h /
higress-wasmplugin-test (RUST)	UNKNOWN STEP	2026-09-23T08:18:05.8261437Z 
higress-wasmplugin-test (RUST)	UNKNOWN STEP	2026-09-23T08:18:05.8269212Z Filesystem      Size  Used Avail Use% Mounted on
higress-wasmplugin-test (RUST)	UNKNOWN STEP	2026-09-23T08:18:05.8269679Z /dev/root       146G   35G  111G  24% /
higress-wasmplugin-test (RUST)	UNKNOWN STEP	2026-09-23T08:18:05.8269967Z $ dh -a /
higress-wasmplugin-test (RUST)	UNKNOWN STEP	2026-09-23T08:18:05.8270071Z 
higress-wasmplugin-test (RUST)	UNKNOWN STEP	2026-09-23T08:18:05.8278371Z Filesystem     1K-blocks     Used Available Use% Mounted on
higress-wasmplugin-test (RUST)	UNKNOWN STEP	2026-09-23T08:18:05.8278884Z /dev/root      152243760 35885428 116341948  24% /
higress-wasmplugin-test (RUST)	UNKNOWN STEP	2026-09-23T08:18:05.8279407Z $ dh -a
higress-wasmplugin-test (RUST)	UNKNOWN STEP	2026-09-23T08:18:05.8279554Z 
higress-wasmplugin-test (RUST)	UNKNOWN STEP	2026-09-23T08:18:05.8290062Z Filesystem      1K-blocks     Used Available Use% Mounted on
higress-wasmplugin-test (RUST)	UNKNOWN STEP	2026-09-23T08:18:05.8290650Z /dev/root       152243760 35885428 116341948  24% /
higress-wasmplugin-test (RUST)	UNKNOWN STEP	2026-09-23T08:18:05.8291048Z devtmpfs          8166092        0   8166092   0% /dev
higress-wasmplugin-test (RUST)	UNKNOWN STEP	2026-09-23T08:18:05.8291469Z proc                    0        0         0    - /proc
higress-wasmplugin-test (RUST)	UNKNOWN STEP	2026-09-23T08:18:05.8291926Z sysfs                   0        0         0    - /sys
higress-wasmplugin-test (RUST)	UNKNOWN STEP	2026-09-23T08:18:05.8292491Z securityfs              0        0         0    - /sys/kernel/security
higress-wasmplugin-test (RUST)	UNKNOWN STEP	2026-09-23T08:18:05.8293052Z tmpfs             8185728      172   8185556   1% /dev/shm
higress-wasmplugin-test (RUST)	UNKNOWN STEP	2026-09-23T08:18:05.8293531Z devpts                  0        0         0    - /dev/pts
higress-wasmplugin-test (RUST)	UNKNOWN STEP	2026-09-23T08:18:05.8294538Z tmpfs             3274292     1020   3273272   1% /run
higress-wasmplugin-test (RUST)	UNKNOWN STEP	2026-09-23T08:18:05.8295008Z tmpfs                5120        0      5120   0% /run/lock
higress-wasmplugin-test (RUST)	UNKNOWN STEP	2026-09-23T08:18:05.8295515Z cgroup2                 0        0         0    - /sys/fs/cgroup
higress-wasmplugin-test (RUST)	UNKNOWN STEP	2026-09-23T08:18:05.8296034Z pstore                  0        0         0    - /sys/fs/pstore
higress-wasmplugin-test (RUST)	UNKNOWN STEP	2026-09-23T08:18:05.8296566Z efivarfs                0        0         0    - /sys/firmware/efi/efivars
higress-wasmplugin-test (RUST)	UNKNOWN STEP	2026-09-23T08:18:05.8297091Z bpf                     0        0         0    - /sys/fs/bpf
higress-wasmplugin-test (RUST)	UNKNOWN STEP	2026-09-23T08:18:05.8297619Z systemd-1               -        -         -    - /proc/sys/fs/binfmt_misc
higress-wasmplugin-test (RUST)	UNKNOWN STEP	2026-09-23T08:18:05.8298193Z hugetlbfs               0        0         0    - /dev/hugepages
higress-wasmplugin-test (RUST)	UNKNOWN STEP	2026-09-23T08:18:05.8298671Z mqueue                  0        0         0    - /dev/mqueue
higress-wasmplugin-test (RUST)	UNKNOWN STEP	2026-09-23T08:18:05.8299411Z debugfs                 0        0         0    - /sys/kernel/debug
higress-wasmplugin-test (RUST)	UNKNOWN STEP	2026-09-23T08:18:05.8299957Z tracefs                 0        0         0    - /sys/kernel/tracing
higress-wasmplugin-test (RUST)	UNKNOWN STEP	2026-09-23T08:18:05.8300481Z fusectl                 0        0         0    - /sys/fs/fuse/connections
higress-wasmplugin-test (RUST)	UNKNOWN STEP	2026-09-23T08:18:05.8300995Z configfs                0        0         0    - /sys/kernel/config
higress-wasmplugin-test (RUST)	UNKNOWN STEP	2026-09-23T08:18:05.8301588Z ramfs                   0        0         0    - /run/credentials/systemd-sysusers.service
higress-wasmplugin-test (RUST)	UNKNOWN STEP	2026-09-23T08:18:05.8302198Z /dev/loop0          75776    75776         0 100% /snap/core22/2411
higress-wasmplugin-test (RUST)	UNKNOWN STEP	2026-09-23T08:18:05.8302742Z /dev/loop1         118144   118144         0 100% /snap/lxd/40338
higress-wasmplugin-test (RUST)	UNKNOWN STEP	2026-09-23T08:18:05.8303284Z /dev/loop2          51328    51328         0 100% /snap/snapd/27591
higress-wasmplugin-test (RUST)	UNKNOWN STEP	2026-09-23T08:18:05.8303938Z /dev/nvme0n1p15    106832     6194    100638   6% /boot/efi
higress-wasmplugin-test (RUST)	UNKNOWN STEP	2026-09-23T08:18:05.8304504Z binfmt_misc             0        0         0    - /proc/sys/fs/binfmt_misc
higress-wasmplugin-test (RUST)	UNKNOWN STEP	2026-09-23T08:18:05.8305067Z tmpfs             3274292     1020   3273272   1% /run/snapd/ns
higress-wasmplugin-test (RUST)	UNKNOWN STEP	2026-09-23T08:18:05.8305587Z tmpfs             1637144       12   1637132   1% /run/user/1001
higress-wasmplugin-test (RUST)	UNKNOWN STEP	2026-09-23T08:18:05.8306244Z nsfs                    0        0         0    - /run/snapd/ns/lxd.mnt
higress-wasmplugin-test (RUST)	UNKNOWN STEP	2026-09-23T08:18:05.8306759Z ================================================================================
higress-wasmplugin-test (RUST)	UNKNOWN STEP	2026-09-23T08:18:05.8307064Z 
higress-wasmplugin-test (RUST)	UNKNOWN STEP	2026-09-23T08:18:05.8307071Z 
higress-wasmplugin-test (RUST)	UNKNOWN STEP	2026-09-23T08:18:05.8307171Z /dev/root:
higress-wasmplugin-test (RUST)	UNKNOWN STEP	2026-09-23T08:18:05.8307320Z 
higress-wasmplugin-test (RUST)	UNKNOWN STEP	2026-09-23T08:18:05.8307478Z ********************************************************************************
higress-wasmplugin-test (RUST)	UNKNOWN STEP	2026-09-23T08:18:05.8322484Z => Saved 25GiB
higress-wasmplugin-test (RUST)	UNKNOWN STEP	2026-09-23T08:18:05.8328306Z ********************************************************************************
higress-wasmplugin-test (RUST)	UNKNOWN STEP	2026-09-23T08:18:05.8328646Z 
higress-wasmplugin-test (RUST)	UNKNOWN STEP	2026-09-23T08:18:05.8328772Z overall:
higress-wasmplugin-test (RUST)	UNKNOWN STEP	2026-09-23T08:18:05.8328929Z 
higress-wasmplugin-test (RUST)	UNKNOWN STEP	2026-09-23T08:18:05.8333644Z ********************************************************************************
higress-wasmplugin-test (RUST)	UNKNOWN STEP	2026-09-23T08:18:05.8348212Z => Saved 25GiB
higress-wasmplugin-test (RUST)	UNKNOWN STEP	2026-09-23T08:18:05.8353286Z ********************************************************************************
higress-wasmplugin-test (RUST)	UNKNOWN STEP	2026-09-23T08:18:05.8353615Z 
higress-wasmplugin-test (RUST)	UNKNOWN STEP	2026-09-23T08:18:05.8367741Z ##[end-action id=__jlumbroso_free-disk-space.__run;outcome=success;conclusion=success;duration_ms=88299]
higress-wasmplugin-test (RUST)	UNKNOWN STEP	2026-09-23T08:18:05.9039362Z Node 20 is being deprecated. This workflow is running with Node 24 by default. If you need to temporarily use Node 20, you can set the ACTIONS_ALLOW_USE_UNSECURE_NODE_VERSION=true environment variable. For more information see: https://github.blog/changelog/2025-09-19-deprecation-of-node-20-on-github-actions-runners/
higress-wasmplugin-test (RUST)	UNKNOWN STEP	2026-09-23T08:18:05.9040989Z ##[group]Run actions/setup-go@v5
higress-wasmplugin-test (RUST)	UNKNOWN STEP	2026-09-23T08:18:05.9041229Z with:
higress-wasmplugin-test (RUST)	UNKNOWN STEP	2026-09-23T08:18:05.9041416Z   go-version: 1.24
higress-wasmplugin-test (RUST)	UNKNOWN STEP	2026-09-23T08:18:05.9041605Z   cache: true
higress-wasmplugin-test (RUST)	UNKNOWN STEP	2026-09-23T08:18:05.9041791Z   check-latest: false
higress-wasmplugin-test (RUST)	UNKNOWN STEP	2026-09-23T08:18:05.9044496Z   token: ***
higress-wasmplugin-test (RUST)	UNKNOWN STEP	2026-09-23T08:18:05.9044688Z ##[endgroup]
higress-wasmplugin-test (RUST)	UNKNOWN STEP	2026-09-23T08:18:06.0240002Z Setup go version spec 1.24
higress-wasmplugin-test (RUST)	UNKNOWN STEP	2026-09-23T08:18:06.0292964Z Found in cache @ /opt/hostedtoolcache/go/1.24.13/x64
higress-wasmplugin-test (RUST)	UNKNOWN STEP	2026-09-23T08:18:06.0295174Z (node:19980) [DEP0040] DeprecationWarning: The `punycode` module is deprecated. Please use a userland alternative instead.
higress-wasmplugin-test (RUST)	UNKNOWN STEP	2026-09-23T08:18:06.0295811Z (Use `node --trace-deprecation ...` to show where the warning was created)
higress-wasmplugin-test (RUST)	UNKNOWN STEP	2026-09-23T08:18:06.0298233Z Added go to the path
higress-wasmplugin-test (RUST)	UNKNOWN STEP	2026-09-23T08:18:06.0301375Z Successfully set up Go version 1.24
higress-wasmplugin-test (RUST)	UNKNOWN STEP	2026-09-23T08:18:10.3155220Z go: downloading go1.26.0 (linux/amd64)
higress-wasmplugin-test (RUST)	UNKNOWN STEP	2026-09-23T08:18:10.3301614Z [command]/opt/hostedtoolcache/go/1.24.13/x64/bin/go env GOMODCACHE
higress-wasmplugin-test (RUST)	UNKNOWN STEP	2026-09-23T08:18:10.3334593Z [command]/opt/hostedtoolcache/go/1.24.13/x64/bin/go env GOCACHE
higress-wasmplugin-test (RUST)	UNKNOWN STEP	2026-09-23T08:18:10.3402004Z /home/runner/go/pkg/mod
higress-wasmplugin-test (RUST)	UNKNOWN STEP	2026-09-23T08:18:10.3425901Z /home/runner/.cache/go-build
higress-wasmplugin-test (RUST)	UNKNOWN STEP	2026-09-23T08:18:10.5331490Z Cache hit for: setup-go-Linux-x64-ubuntu22-go-1.26.0-89cbb020b21d4e54aa2bab13a7d258948c9c41c6585d230f0f0f7dfcc2ebfe21
higress-wasmplugin-test (RUST)	UNKNOWN STEP	2026-09-23T08:18:10.5423015Z (node:19980) [DEP0169] DeprecationWarning: `url.parse()` behavior is not standardized and prone to errors that have security implications. Use the WHATWG URL API instead. CVEs are not issued for `url.parse()` vulnerabilities.
higress-wasmplugin-test (RUST)	UNKNOWN STEP	2026-09-23T08:18:11.7469560Z Received 134217728 of 1821569347 (7.4%), 126.4 MBs/sec
higress-wasmplugin-test (RUST)	UNKNOWN STEP	2026-09-23T08:18:12.7512577Z Received 360710144 of 1821569347 (19.8%), 170.7 MBs/sec
higress-wasmplugin-test (RUST)	UNKNOWN STEP	2026-09-23T08:18:13.7508453Z Received 536870912 of 1821569347 (29.5%), 169.7 MBs/sec
higress-wasmplugin-test (RUST)	UNKNOWN STEP	2026-09-23T08:18:14.7519531Z Received 771751936 of 1821569347 (42.4%), 183.2 MBs/sec
higress-wasmplugin-test (RUST)	UNKNOWN STEP	2026-09-23T08:18:15.7565317Z Received 977272832 of 1821569347 (53.7%), 185.7 MBs/sec
higress-wasmplugin-test (RUST)	UNKNOWN STEP	2026-09-23T08:18:16.7787325Z Received 1207959552 of 1821569347 (66.3%), 190.6 MBs/sec
higress-wasmplugin-test (RUST)	UNKNOWN STEP	2026-09-23T08:18:17.7797765Z Received 1421869056 of 1821569347 (78.1%), 192.5 MBs/sec
higress-wasmplugin-test (RUST)	UNKNOWN STEP	2026-09-23T08:18:18.8251034Z Received 1610612736 of 1821569347 (88.4%), 189.8 MBs/sec
higress-wasmplugin-test (RUST)	UNKNOWN STEP	2026-09-23T08:18:19.8259466Z Received 1820327936 of 1821569347 (99.9%), 190.9 MBs/sec
higress-wasmplugin-test (RUST)	UNKNOWN STEP	2026-09-23T08:18:19.8778089Z Received 1821569347 of 1821569347 (100.0%), 190.0 MBs/sec
higress-wasmplugin-test (RUST)	UNKNOWN STEP	2026-09-23T08:18:19.8778655Z Cache Size: ~1737 MB (1821569347 B)
higress-wasmplugin-test (RUST)	UNKNOWN STEP	2026-09-23T08:18:19.8907003Z [command]/usr/bin/tar -xf /home/runner/work/_temp/1abfe8b7-0ab6-47fd-9173-93133a1c3ebc/cache.tzst -P -C /home/runner/work/higress/higress --use-compress-program unzstd
higress-wasmplugin-test (RUST)	UNKNOWN STEP	2026-09-23T08:18:59.5561525Z Cache restored successfully
higress-wasmplugin-test (RUST)	UNKNOWN STEP	2026-09-23T08:18:59.7546398Z Cache restored from key: setup-go-Linux-x64-ubuntu22-go-1.26.0-89cbb020b21d4e54aa2bab13a7d258948c9c41c6585d230f0f0f7dfcc2ebfe21
higress-wasmplugin-test (RUST)	UNKNOWN STEP	2026-09-23T08:18:59.7571612Z go version go1.26.0 linux/amd64
higress-wasmplugin-test (RUST)	UNKNOWN STEP	2026-09-23T08:18:59.7571832Z 
higress-wasmplugin-test (RUST)	UNKNOWN STEP	2026-09-23T08:18:59.7572146Z ##[group]go env
higress-wasmplugin-test (RUST)	UNKNOWN STEP	2026-09-23T08:18:59.7879289Z AR='ar'
higress-wasmplugin-test (RUST)	UNKNOWN STEP	2026-09-23T08:18:59.7879645Z CC='gcc'
higress-wasmplugin-test (RUST)	UNKNOWN STEP	2026-09-23T08:18:59.7880279Z CGO_CFLAGS='-O2 -g'
higress-wasmplugin-test (RUST)	UNKNOWN STEP	2026-09-23T08:18:59.7880638Z CGO_CPPFLAGS=''
higress-wasmplugin-test (RUST)	UNKNOWN STEP	2026-09-23T08:18:59.7880936Z CGO_CXXFLAGS='-O2 -g'
higress-wasmplugin-test (RUST)	UNKNOWN STEP	2026-09-23T08:18:59.7881222Z CGO_ENABLED='1'
higress-wasmplugin-test (RUST)	UNKNOWN STEP	2026-09-23T08:18:59.7881481Z CGO_FFLAGS='-O2 -g'
higress-wasmplugin-test (RUST)	UNKNOWN STEP	2026-09-23T08:18:59.7881707Z CGO_LDFLAGS='-O2 -g'
higress-wasmplugin-test (RUST)	UNKNOWN STEP	2026-09-23T08:18:59.7881914Z CXX='g++'
higress-wasmplugin-test (RUST)	UNKNOWN STEP	2026-09-23T08:18:59.7882102Z GCCGO='gccgo'
higress-wasmplugin-test (RUST)	UNKNOWN STEP	2026-09-23T08:18:59.7882293Z GO111MODULE=''
higress-wasmplugin-test (RUST)	UNKNOWN STEP	2026-09-23T08:18:59.7882481Z GOAMD64='v1'
higress-wasmplugin-test (RUST)	UNKNOWN STEP	2026-09-23T08:18:59.7882697Z GOARCH='amd64'
higress-wasmplugin-test (RUST)	UNKNOWN STEP	2026-09-23T08:18:59.7882884Z GOAUTH='netrc'
higress-wasmplugin-test (RUST)	UNKNOWN STEP	2026-09-23T08:18:59.7883063Z GOBIN=''
higress-wasmplugin-test (RUST)	UNKNOWN STEP	2026-09-23T08:18:59.7883524Z GOCACHE='/home/runner/.cache/go-build'
higress-wasmplugin-test (RUST)	UNKNOWN STEP	2026-09-23T08:18:59.7883789Z GOCACHEPROG=''
higress-wasmplugin-test (RUST)	UNKNOWN STEP	2026-09-23T08:18:59.7884271Z GODEBUG=''
higress-wasmplugin-test (RUST)	UNKNOWN STEP	2026-09-23T08:18:59.7884485Z GOENV='/home/runner/.config/go/env'
higress-wasmplugin-test (RUST)	UNKNOWN STEP	2026-09-23T08:18:59.7884727Z GOEXE=''
higress-wasmplugin-test (RUST)	UNKNOWN STEP	2026-09-23T08:18:59.7884914Z GOEXPERIMENT=''
higress-wasmplugin-test (RUST)	UNKNOWN STEP	2026-09-23T08:18:59.7885120Z GOFIPS140='off'
higress-wasmplugin-test (RUST)	UNKNOWN STEP	2026-09-23T08:18:59.7885324Z GOFLAGS=''
higress-wasmplugin-test (RUST)	UNKNOWN STEP	2026-09-23T08:18:59.7885946Z GOGCCFLAGS='-fPIC -m64 -pthread -Wl,--no-gc-sections -fmessage-length=0 -ffile-prefix-map=/tmp/go-build2969000114=/tmp/go-build -gno-record-gcc-switches'
higress-wasmplugin-test (RUST)	UNKNOWN STEP	2026-09-23T08:18:59.7886534Z GOHOSTARCH='amd64'
higress-wasmplugin-test (RUST)	UNKNOWN STEP	2026-09-23T08:18:59.7886735Z GOHOSTOS='linux'
higress-wasmplugin-test (RUST)	UNKNOWN STEP	2026-09-23T08:18:59.7886926Z GOINSECURE=''
higress-wasmplugin-test (RUST)	UNKNOWN STEP	2026-09-23T08:18:59.7887141Z GOMOD='/home/runner/work/higress/higress/go.mod'
higress-wasmplugin-test (RUST)	UNKNOWN STEP	2026-09-23T08:18:59.7887412Z GOMODCACHE='/home/runner/go/pkg/mod'
higress-wasmplugin-test (RUST)	UNKNOWN STEP	2026-09-23T08:18:59.7887635Z GONOPROXY=''
higress-wasmplugin-test (RUST)	UNKNOWN STEP	2026-09-23T08:18:59.7887825Z GONOSUMDB=''
higress-wasmplugin-test (RUST)	UNKNOWN STEP	2026-09-23T08:18:59.7887995Z GOOS='linux'
higress-wasmplugin-test (RUST)	UNKNOWN STEP	2026-09-23T08:18:59.7888175Z GOPATH='/home/runner/go'
higress-wasmplugin-test (RUST)	UNKNOWN STEP	2026-09-23T08:18:59.7888374Z GOPRIVATE=''
higress-wasmplugin-test (RUST)	UNKNOWN STEP	2026-09-23T08:18:59.7888610Z GOPROXY='https://proxy.golang.org,direct'
higress-wasmplugin-test (RUST)	UNKNOWN STEP	2026-09-23T08:18:59.7888985Z GOROOT='/home/runner/go/pkg/mod/golang.org/toolchain@v0.0.1-go1.26.0.linux-amd64'
higress-wasmplugin-test (RUST)	UNKNOWN STEP	2026-09-23T08:18:59.7889320Z GOSUMDB='sum.golang.org'
higress-wasmplugin-test (RUST)	UNKNOWN STEP	2026-09-23T08:18:59.7889521Z GOTELEMETRY='local'
higress-wasmplugin-test (RUST)	UNKNOWN STEP	2026-09-23T08:18:59.7889766Z GOTELEMETRYDIR='/home/runner/.config/go/telemetry'
higress-wasmplugin-test (RUST)	UNKNOWN STEP	2026-09-23T08:18:59.7890023Z GOTMPDIR=''
higress-wasmplugin-test (RUST)	UNKNOWN STEP	2026-09-23T08:18:59.7890202Z GOTOOLCHAIN='auto'
higress-wasmplugin-test (RUST)	UNKNOWN STEP	2026-09-23T08:18:59.7890576Z GOTOOLDIR='/home/runner/go/pkg/mod/golang.org/toolchain@v0.0.1-go1.26.0.linux-amd64/pkg/tool/linux_amd64'
higress-wasmplugin-test (RUST)	UNKNOWN STEP	2026-09-23T08:18:59.7890992Z GOVCS=''
higress-wasmplugin-test (RUST)	UNKNOWN STEP	2026-09-23T08:18:59.7891189Z GOVERSION='go1.26.0'
higress-wasmplugin-test (RUST)	UNKNOWN STEP	2026-09-23T08:18:59.7891374Z GOWORK=''
higress-wasmplugin-test (RUST)	UNKNOWN STEP	2026-09-23T08:18:59.7891553Z PKG_CONFIG='pkg-config'
higress-wasmplugin-test (RUST)	UNKNOWN STEP	2026-09-23T08:18:59.7891681Z 
higress-wasmplugin-test (RUST)	UNKNOWN STEP	2026-09-23T08:18:59.7891975Z ##[endgroup]
higress-wasmplugin-test (RUST)	UNKNOWN STEP	2026-09-23T08:18:59.8598167Z Node 20 is being deprecated. This workflow is running with Node 24 by default. If you need to temporarily use Node 20, you can set the ACTIONS_ALLOW_USE_UNSECURE_NODE_VERSION=true environment variable. For more information see: https://github.blog/changelog/2025-09-19-deprecation-of-node-20-on-github-actions-runners/
higress-wasmplugin-test (RUST)	UNKNOWN STEP	2026-09-23T08:18:59.8599236Z ##[group]Run actions-rs/toolchain@v1
higress-wasmplugin-test (RUST)	UNKNOWN STEP	2026-09-23T08:18:59.8599486Z with:
higress-wasmplugin-test (RUST)	UNKNOWN STEP	2026-09-23T08:18:59.8599684Z   toolchain: stable
higress-wasmplugin-test (RUST)	UNKNOWN STEP	2026-09-23T08:18:59.8599885Z   default: false
higress-wasmplugin-test (RUST)	UNKNOWN STEP	2026-09-23T08:18:59.8600078Z   override: false
higress-wasmplugin-test (RUST)	UNKNOWN STEP	2026-09-23T08:18:59.8600273Z ##[endgroup]
higress-wasmplugin-test (RUST)	UNKNOWN STEP	2026-09-23T08:18:59.9500504Z (node:20066) [DEP0040] DeprecationWarning: The `punycode` module is deprecated. Please use a userland alternative instead.
higress-wasmplugin-test (RUST)	UNKNOWN STEP	2026-09-23T08:18:59.9501108Z (Use `node --trace-deprecation ...` to show where the warning was created)
higress-wasmplugin-test (RUST)	UNKNOWN STEP	2026-09-23T08:18:59.9515797Z [command]/home/runner/.cargo/bin/rustup show
higress-wasmplugin-test (RUST)	UNKNOWN STEP	2026-09-23T08:18:59.9942304Z Default host: x86_64-unknown-linux-gnu
higress-wasmplugin-test (RUST)	UNKNOWN STEP	2026-09-23T08:18:59.9943092Z rustup home:  /home/runner/.rustup
higress-wasmplugin-test (RUST)	UNKNOWN STEP	2026-09-23T08:18:59.9943265Z 
higress-wasmplugin-test (RUST)	UNKNOWN STEP	2026-09-23T08:19:00.0317891Z installed toolchains
higress-wasmplugin-test (RUST)	UNKNOWN STEP	2026-09-23T08:19:00.0318181Z --------------------
higress-wasmplugin-test (RUST)	UNKNOWN STEP	2026-09-23T08:19:00.0318436Z stable-x86_64-unknown-linux-gnu (active, default)
higress-wasmplugin-test (RUST)	UNKNOWN STEP	2026-09-23T08:19:00.0318631Z 
higress-wasmplugin-test (RUST)	UNKNOWN STEP	2026-09-23T08:19:00.0318714Z active toolchain
higress-wasmplugin-test (RUST)	UNKNOWN STEP	2026-09-23T08:19:00.0318906Z ----------------
higress-wasmplugin-test (RUST)	UNKNOWN STEP	2026-09-23T08:19:00.0319132Z name: stable-x86_64-unknown-linux-gnu
higress-wasmplugin-test (RUST)	UNKNOWN STEP	2026-09-23T08:19:00.0319452Z active because: it's the default toolchain
higress-wasmplugin-test (RUST)	UNKNOWN STEP	2026-09-23T08:19:00.0319736Z installed targets:
higress-wasmplugin-test (RUST)	UNKNOWN STEP	2026-09-23T08:19:00.1358985Z   x86_64-unknown-linux-gnu
higress-wasmplugin-test (RUST)	UNKNOWN STEP	2026-09-23T08:19:00.1396985Z [command]/home/runner/.cargo/bin/rustup toolchain install stable
higress-wasmplugin-test (RUST)	UNKNOWN STEP	2026-09-23T08:19:00.8130337Z info: syncing channel updates for stable-x86_64-unknown-linux-gnu
higress-wasmplugin-test (RUST)	UNKNOWN STEP	2026-09-23T08:19:00.9209892Z 
higress-wasmplugin-test (RUST)	UNKNOWN STEP	2026-09-23T08:19:00.9289369Z   stable-x86_64-unknown-linux-gnu unchanged - rustc 1.98.1 (48a229cea 2026-09-01)
higress-wasmplugin-test (RUST)	UNKNOWN STEP	2026-09-23T08:19:00.9289774Z 
higress-wasmplugin-test (RUST)	UNKNOWN STEP	2026-09-23T08:19:00.9308443Z ##[group]Gathering installed versions
higress-wasmplugin-test (RUST)	UNKNOWN STEP	2026-09-23T08:19:00.9317764Z [command]/home/runner/.cargo/bin/rustc -V
higress-wasmplugin-test (RUST)	UNKNOWN STEP	2026-09-23T08:19:00.9431902Z rustc 1.98.1 (48a229cea 2026-09-01)
higress-wasmplugin-test (RUST)	UNKNOWN STEP	2026-09-23T08:19:00.9459039Z ##[warning]The `set-output` command is deprecated and will be disabled soon. Please upgrade to using Environment Files. For more information see: https://github.blog/changelog/2022-10-11-github-actions-deprecating-save-state-and-set-output-commands/
higress-wasmplugin-test (RUST)	UNKNOWN STEP	2026-09-23T08:19:00.9468793Z ##[warning]The `set-output` command is deprecated and will be disabled soon. Please upgrade to using Environment Files. For more information see: https://github.blog/changelog/2022-10-11-github-actions-deprecating-save-state-and-set-output-commands/
higress-wasmplugin-test (RUST)	UNKNOWN STEP	2026-09-23T08:19:00.9470046Z [command]/home/runner/.cargo/bin/cargo -V
higress-wasmplugin-test (RUST)	UNKNOWN STEP	2026-09-23T08:19:01.3204684Z cargo 1.98.1 (797e8a9bc 2026-08-05)
higress-wasmplugin-test (RUST)	UNKNOWN STEP	2026-09-23T08:19:01.3213669Z ##[warning]The `set-output` command is deprecated and will be disabled soon. Please upgrade to using Environment Files. For more information see: https://github.blog/changelog/2022-10-11-github-actions-deprecating-save-state-and-set-output-commands/
higress-wasmplugin-test (RUST)	UNKNOWN STEP	2026-09-23T08:19:01.3220808Z [command]/home/runner/.cargo/bin/rustup -V
higress-wasmplugin-test (RUST)	UNKNOWN STEP	2026-09-23T08:19:01.3261990Z rustup 1.29.1 (d95a37b6a 2026-08-13)
higress-wasmplugin-test (RUST)	UNKNOWN STEP	2026-09-23T08:19:01.3262794Z info: This is the version for the rustup toolchain manager, not the rustc compiler.
higress-wasmplugin-test (RUST)	UNKNOWN STEP	2026-09-23T08:19:01.3349624Z info: the currently active `rustc` version is `rustc 1.98.1 (48a229cea 2026-09-01)`
higress-wasmplugin-test (RUST)	UNKNOWN STEP	2026-09-23T08:19:01.3361805Z ##[warning]The `set-output` command is deprecated and will be disabled soon. Please upgrade to using Environment Files. For more information see: https://github.blog/changelog/2022-10-11-github-actions-deprecating-save-state-and-set-output-commands/
higress-wasmplugin-test (RUST)	UNKNOWN STEP	2026-09-23T08:19:01.3363561Z ##[endgroup]
higress-wasmplugin-test (RUST)	UNKNOWN STEP	2026-09-23T08:19:01.3612039Z ##[group]Run git stash
higress-wasmplugin-test (RUST)	UNKNOWN STEP	2026-09-23T08:19:01.3612281Z ^[[36;1mgit stash^[[0m
higress-wasmplugin-test (RUST)	UNKNOWN STEP	2026-09-23T08:19:01.3636405Z shell: /usr/bin/bash -e {0}
higress-wasmplugin-test (RUST)	UNKNOWN STEP	2026-09-23T08:19:01.3636643Z ##[endgroup]
higress-wasmplugin-test (RUST)	UNKNOWN STEP	2026-09-23T08:19:01.6812243Z No local changes to save
higress-wasmplugin-test (RUST)	UNKNOWN STEP	2026-09-23T08:19:01.7600218Z Node 20 is being deprecated. This workflow is running with Node 24 by default. If you need to temporarily use Node 20, you can set the ACTIONS_ALLOW_USE_UNSECURE_NODE_VERSION=true environment variable. For more information see: https://github.blog/changelog/2025-09-19-deprecation-of-node-20-on-github-actions-runners/
higress-wasmplugin-test (RUST)	UNKNOWN STEP	2026-09-23T08:19:01.7601269Z ##[group]Run nick-fields/retry@v3
higress-wasmplugin-test (RUST)	UNKNOWN STEP	2026-09-23T08:19:01.7601514Z with:
higress-wasmplugin-test (RUST)	UNKNOWN STEP	2026-09-23T08:19:01.7601705Z   timeout_minutes: 60
higress-wasmplugin-test (RUST)	UNKNOWN STEP	2026-09-23T08:19:01.7601909Z   max_attempts: 2
higress-wasmplugin-test (RUST)	UNKNOWN STEP	2026-09-23T08:19:01.7602103Z   retry_on: error
higress-wasmplugin-test (RUST)	UNKNOWN STEP	2026-09-23T08:19:01.7602738Z   command: sudo rm -rf -- "${GITHUB_WORKSPACE:?}/out" && mkdir -p -- "${GITHUB_WORKSPACE:?}/out" && GOPROXY="https://proxy.golang.org,direct" PLUGIN_TYPE=RUST PLUGIN_GO_BATCH_SCOPE=e2e make higress-wasmplugin-test
higress-wasmplugin-test (RUST)	UNKNOWN STEP	2026-09-23T08:19:01.7603403Z   retry_wait_seconds: 10
higress-wasmplugin-test (RUST)	UNKNOWN STEP	2026-09-23T08:19:01.7603630Z   polling_interval_seconds: 1
higress-wasmplugin-test (RUST)	UNKNOWN STEP	2026-09-23T08:19:01.7604029Z   warning_on_retry: true
higress-wasmplugin-test (RUST)	UNKNOWN STEP	2026-09-23T08:19:01.7604459Z   continue_on_error: false
higress-wasmplugin-test (RUST)	UNKNOWN STEP	2026-09-23T08:19:01.7604698Z ##[endgroup]
higress-wasmplugin-test (RUST)	UNKNOWN STEP	2026-09-23T08:19:01.8181994Z ##[group]Attempt 1
higress-wasmplugin-test (RUST)	UNKNOWN STEP	2026-09-23T08:19:01.8871698Z Makefile.core.mk:446: warning: overriding recipe for target 'build-test-pilot'
higress-wasmplugin-test (RUST)	UNKNOWN STEP	2026-09-23T08:19:01.8872719Z Makefile.core.mk:355: warning: ignoring old recipe for target 'build-test-pilot'
higress-wasmplugin-test (RUST)	UNKNOWN STEP	2026-09-23T08:19:01.8878987Z cd tools/src/kind && GOOS= GOARCH= go build -o /home/runner/work/higress/higress/tools/bin/kind $(sed -En 's,^import "(.*)".*,\1,p' pin.go)
higress-wasmplugin-test (RUST)	UNKNOWN STEP	2026-09-23T08:19:01.9127767Z go: downloading sigs.k8s.io/kind v0.17.0
higress-wasmplugin-test (RUST)	UNKNOWN STEP	2026-09-23T08:19:02.2308878Z go: downloading github.com/spf13/cobra v1.4.0
higress-wasmplugin-test (RUST)	UNKNOWN STEP	2026-09-23T08:19:02.3526336Z go: downloading github.com/alessio/shellescape v1.4.1
higress-wasmplugin-test (RUST)	UNKNOWN STEP	2026-09-23T08:19:02.6613674Z go: downloading github.com/mattn/go-isatty v0.0.14
higress-wasmplugin-test (RUST)	UNKNOWN STEP	2026-09-23T08:19:03.2502543Z go: downloading golang.org/x/sys v0.0.0-20210630005230-0f9fa26af87c
higress-wasmplugin-test (RUST)	UNKNOWN STEP	2026-09-23T08:19:03.5139410Z go: downloading github.com/pelletier/go-toml v1.9.4
higress-wasmplugin-test (RUST)	UNKNOWN STEP	2026-09-23T08:19:03.6622900Z go: downloading github.com/BurntSushi/toml v1.0.0
higress-wasmplugin-test (RUST)	UNKNOWN STEP	2026-09-23T08:19:03.6824998Z go: downloading sigs.k8s.io/yaml v1.3.0
higress-wasmplugin-test (RUST)	UNKNOWN STEP	2026-09-23T08:19:03.9459386Z go: downloading github.com/google/safetext v0.0.0-20220905092116-b49f7bc46da2
higress-wasmplugin-test (RUST)	UNKNOWN STEP	2026-09-23T08:19:16.0109711Z tools/bin/kind delete cluster --name higress
higress-wasmplugin-test (RUST)	UNKNOWN STEP	2026-09-23T08:19:16.0455125Z Deleting cluster "higress" ...
higress-wasmplugin-test (RUST)	UNKNOWN STEP	2026-09-23T08:19:16.0582806Z tools/hack/create-cluster.sh
higress-wasmplugin-test (RUST)	UNKNOWN STEP	2026-09-23T08:19:16.0787885Z v1.25.3
higress-wasmplugin-test (RUST)	UNKNOWN STEP	2026-09-23T08:19:16.0788207Z higress
higress-wasmplugin-test (RUST)	UNKNOWN STEP	2026-09-23T08:19:16.1470897Z Creating cluster "higress" ...
higress-wasmplugin-test (RUST)	UNKNOWN STEP	2026-09-23T08:19:16.1471950Z  • Ensuring node image (kindest/node:v1.25.3) 🖼  ...
higress-wasmplugin-test (RUST)	UNKNOWN STEP	2026-09-23T08:19:27.9869525Z  ✓ Ensuring node image (kindest/node:v1.25.3) 🖼
higress-wasmplugin-test (RUST)	UNKNOWN STEP	2026-09-23T08:19:27.9870188Z  • Preparing nodes 📦   ...
higress-wasmplugin-test (RUST)	UNKNOWN STEP	2026-09-23T08:19:30.8239600Z  ✓ Preparing nodes 📦 
higress-wasmplugin-test (RUST)	UNKNOWN STEP	2026-09-23T08:19:30.8552500Z  • Writing configuration 📜  ...
higress-wasmplugin-test (RUST)	UNKNOWN STEP	2026-09-23T08:19:31.0303256Z  ✓ Writing configuration 📜
higress-wasmplugin-test (RUST)	UNKNOWN STEP	2026-09-23T08:19:31.0303967Z  • Starting control-plane 🕹️  ...
higress-wasmplugin-test (RUST)	UNKNOWN STEP	2026-09-23T08:19:43.0527822Z  ✓ Starting control-plane 🕹️
higress-wasmplugin-test (RUST)	UNKNOWN STEP	2026-09-23T08:19:43.0528337Z  • Installing CNI 🔌  ...
higress-wasmplugin-test (RUST)	UNKNOWN STEP	2026-09-23T08:19:43.6680838Z  ✓ Installing CNI 🔌
higress-wasmplugin-test (RUST)	UNKNOWN STEP	2026-09-23T08:19:43.6682294Z  • Installing StorageClass 💾  ...
higress-wasmplugin-test (RUST)	UNKNOWN STEP	2026-09-23T08:19:43.9067685Z  ✓ Installing StorageClass 💾
higress-wasmplugin-test (RUST)	UNKNOWN STEP	2026-09-23T08:19:44.0582329Z Set kubectl context to "kind-higress"
higress-wasmplugin-test (RUST)	UNKNOWN STEP	2026-09-23T08:19:44.0582843Z You can now use your cluster with:
higress-wasmplugin-test (RUST)	UNKNOWN STEP	2026-09-23T08:19:44.0583095Z 
higress-wasmplugin-test (RUST)	UNKNOWN STEP	2026-09-23T08:19:44.0583474Z kubectl cluster-info --context kind-higress
higress-wasmplugin-test (RUST)	UNKNOWN STEP	2026-09-23T08:19:44.0583697Z 
higress-wasmplugin-test (RUST)	UNKNOWN STEP	2026-09-23T08:19:44.0584616Z Have a question, bug, or feature request? Let us know! https://kind.sigs.k8s.io/#community 🙂
higress-wasmplugin-test (RUST)	UNKNOWN STEP	2026-09-23T08:19:44.0595625Z rm -rf /home/runner/work/higress/higress/out/linux_amd64 /home/runner/work/higress/higress/out/linux_amd64
higress-wasmplugin-test (RUST)	UNKNOWN STEP	2026-09-23T08:19:44.0833574Z git submodule update --init
higress-wasmplugin-test (RUST)	UNKNOWN STEP	2026-09-23T08:19:44.1229077Z Submodule 'envoy/envoy' (https://github.com/higress-group/envoy) registered for path 'envoy/envoy'
higress-wasmplugin-test (RUST)	UNKNOWN STEP	2026-09-23T08:19:44.1232549Z Submodule 'envoy/go-control-plane' (https://github.com/higress-group/go-control-plane) registered for path 'envoy/go-control-plane'
higress-wasmplugin-test (RUST)	UNKNOWN STEP	2026-09-23T08:19:44.1234960Z Submodule 'istio/api' (https://github.com/higress-group/api) registered for path 'istio/api'
higress-wasmplugin-test (RUST)	UNKNOWN STEP	2026-09-23T08:19:44.1237976Z Submodule 'istio/client-go' (https://github.com/higress-group/client-go) registered for path 'istio/client-go'
higress-wasmplugin-test (RUST)	UNKNOWN STEP	2026-09-23T08:19:44.1241123Z Submodule 'istio/istio' (https://github.com/higress-group/istio) registered for path 'istio/istio'
higress-wasmplugin-test (RUST)	UNKNOWN STEP	2026-09-23T08:19:44.1243795Z Submodule 'istio/pkg' (https://github.com/higress-group/pkg) registered for path 'istio/pkg'
higress-wasmplugin-test (RUST)	UNKNOWN STEP	2026-09-23T08:19:44.1247766Z Submodule 'istio/proxy' (https://github.com/higress-group/proxy) registered for path 'istio/proxy'
higress-wasmplugin-test (RUST)	UNKNOWN STEP	2026-09-23T08:19:44.1271045Z Cloning into '/home/runner/work/higress/higress/envoy/envoy'...
higress-wasmplugin-test (RUST)	UNKNOWN STEP	2026-09-23T08:19:48.6255938Z Cloning into '/home/runner/work/higress/higress/envoy/go-control-plane'...
higress-wasmplugin-test (RUST)	UNKNOWN STEP	2026-09-23T08:19:50.1713382Z Cloning into '/home/runner/work/higress/higress/istio/api'...
higress-wasmplugin-test (RUST)	UNKNOWN STEP	2026-09-23T08:19:50.8888553Z Cloning into '/home/runner/work/higress/higress/istio/client-go'...
higress-wasmplugin-test (RUST)	UNKNOWN STEP	2026-09-23T08:19:51.3359145Z Cloning into '/home/runner/work/higress/higress/istio/istio'...
higress-wasmplugin-test (RUST)	UNKNOWN STEP	2026-09-23T08:19:53.4666384Z Cloning into '/home/runner/work/higress/higress/istio/pkg'...
higress-wasmplugin-test (RUST)	UNKNOWN STEP	2026-09-23T08:19:53.9676258Z Cloning into '/home/runner/work/higress/higress/istio/proxy'...
higress-wasmplugin-test (RUST)	UNKNOWN STEP	2026-09-23T08:19:55.1473050Z Submodule path 'envoy/envoy': checked out '9bd2ded786073d115beb71d0f2ca0afc075e4f4d'
higress-wasmplugin-test (RUST)	UNKNOWN STEP	2026-09-23T08:19:56.4871472Z From https://github.com/higress-group/go-control-plane
higress-wasmplugin-test (RUST)	UNKNOWN STEP	2026-09-23T08:19:56.4871978Z  * branch            4f11f65d9bc54bb8b18f1cc7c25460d3f8afef75 -> FETCH_HEAD
higress-wasmplugin-test (RUST)	UNKNOWN STEP	2026-09-23T08:19:56.6327974Z Submodule path 'envoy/go-control-plane': checked out '4f11f65d9bc54bb8b18f1cc7c25460d3f8afef75'
higress-wasmplugin-test (RUST)	UNKNOWN STEP	2026-09-23T08:20:00.1938676Z From https://github.com/higress-group/api
higress-wasmplugin-test (RUST)	UNKNOWN STEP	2026-09-23T08:20:00.1939516Z  * branch              efc0fe428cccecc0285dbf51e2023f8e0422597c -> FETCH_HEAD
higress-wasmplugin-test (RUST)	UNKNOWN STEP	2026-09-23T08:20:00.2470771Z Submodule path 'istio/api': checked out 'efc0fe428cccecc0285dbf51e2023f8e0422597c'
higress-wasmplugin-test (RUST)	UNKNOWN STEP	2026-09-23T08:20:01.3039389Z From https://github.com/higress-group/client-go
higress-wasmplugin-test (RUST)	UNKNOWN STEP	2026-09-23T08:20:01.3040369Z  * branch            09ed8dc4e7484d303c931fa42df7f7c728296923 -> FETCH_HEAD
higress-wasmplugin-test (RUST)	UNKNOWN STEP	2026-09-23T08:20:01.3233446Z Submodule path 'istio/client-go': checked out '09ed8dc4e7484d303c931fa42df7f7c728296923'
higress-wasmplugin-test (RUST)	UNKNOWN STEP	2026-09-23T08:20:01.5706259Z Submodule path 'istio/istio': checked out '65133dd61c6c597fb301c53beaa777ca5c9e4ba2'
higress-wasmplugin-test (RUST)	UNKNOWN STEP	2026-09-23T08:20:01.5890295Z Submodule path 'istio/pkg': checked out '15c662994e6515201dc106a2ec3de85ed50e8078'
higress-wasmplugin-test (RUST)	UNKNOWN STEP	2026-09-23T08:20:02.9768299Z From https://github.com/higress-group/proxy
higress-wasmplugin-test (RUST)	UNKNOWN STEP	2026-09-23T08:20:02.9768927Z  * branch            919836551144ad42c41bbe25597d74c1b9cb8421 -> FETCH_HEAD
higress-wasmplugin-test (RUST)	UNKNOWN STEP	2026-09-23T08:20:02.9963778Z Submodule path 'istio/proxy': checked out '919836551144ad42c41bbe25597d74c1b9cb8421'
higress-wasmplugin-test (RUST)	UNKNOWN STEP	2026-09-23T08:20:02.9968120Z ./tools/hack/prebuild.sh
higress-wasmplugin-test (RUST)	UNKNOWN STEP	2026-09-23T08:20:04.7112416Z GOPROXY="https://proxy.golang.org,direct" GOOS=linux GOARCH=amd64 LDFLAGS='-X github.com/alibaba/higress/v2/pkg/cmd/lversion.higressVersion=v2.2.4 -X github.com/alibaba/higress/v2/pkg/cmd/lversion.gitCommitID=a01636191d45d3bda350611b95f6d2363482dac2 -extldflags -static -s -w' tools/hack/gobuild.sh /home/runner/work/higress/higress/out/linux_amd64/ ./cmd/higress
higress-wasmplugin-test (RUST)	UNKNOWN STEP	2026-09-23T08:20:05.3426249Z 
higress-wasmplugin-test (RUST)	UNKNOWN STEP	2026-09-23T08:20:05.3427151Z istio.io/pkg/version.buildVersion=a01636191d45d3bda350611b95f6d2363482dac2
higress-wasmplugin-test (RUST)	UNKNOWN STEP	2026-09-23T08:20:05.3427584Z 
higress-wasmplugin-test (RUST)	UNKNOWN STEP	2026-09-23T08:20:05.3427813Z istio.io/pkg/version.buildGitRevision=a01636191d45d3bda350611b95f6d2363482dac2
higress-wasmplugin-test (RUST)	UNKNOWN STEP	2026-09-23T08:20:05.3428095Z 
higress-wasmplugin-test (RUST)	UNKNOWN STEP	2026-09-23T08:20:05.3428214Z istio.io/pkg/version.buildStatus=Clean
higress-wasmplugin-test (RUST)	UNKNOWN STEP	2026-09-23T08:20:05.3428392Z 
higress-wasmplugin-test (RUST)	UNKNOWN STEP	2026-09-23T08:20:05.3428500Z istio.io/pkg/version.buildTag=v2.2.4
higress-wasmplugin-test (RUST)	UNKNOWN STEP	2026-09-23T08:20:05.3428673Z 
higress-wasmplugin-test (RUST)	UNKNOWN STEP	2026-09-23T08:20:05.3428912Z istio.io/pkg/version.buildHub=higress-registry.cn-hangzhou.cr.aliyuncs.com/higress
higress-wasmplugin-test (RUST)	UNKNOWN STEP	2026-09-23T08:20:05.3429333Z ~/work/higress/higress ~/work/higress/higress
higress-wasmplugin-test (RUST)	UNKNOWN STEP	2026-09-23T08:20:09.6572713Z 
higress-wasmplugin-test (RUST)	UNKNOWN STEP	2026-09-23T08:20:09.6573469Z real	0m4.314s
higress-wasmplugin-test (RUST)	UNKNOWN STEP	2026-09-23T08:20:09.6574059Z user	0m4.558s
higress-wasmplugin-test (RUST)	UNKNOWN STEP	2026-09-23T08:20:09.6574419Z sys	0m1.008s
higress-wasmplugin-test (RUST)	UNKNOWN STEP	2026-09-23T08:20:09.6574895Z ~/work/higress/higress
higress-wasmplugin-test (RUST)	UNKNOWN STEP	2026-09-23T08:20:09.6615085Z GOPROXY="https://proxy.golang.org,direct" GOOS=linux GOARCH=amd64 LDFLAGS='-X github.com/alibaba/higress/v2/pkg/cmd/lversion.higressVersion=v2.2.4 -X github.com/alibaba/higress/v2/pkg/cmd/lversion.gitCommitID=a01636191d45d3bda350611b95f6d2363482dac2 -extldflags -static -s -w' tools/hack/gobuild.sh ./out/linux_amd64/ ./cmd/higress
higress-wasmplugin-test (RUST)	UNKNOWN STEP	2026-09-23T08:20:09.8238212Z 
higress-wasmplugin-test (RUST)	UNKNOWN STEP	2026-09-23T08:20:09.8238813Z istio.io/pkg/version.buildVersion=a01636191d45d3bda350611b95f6d2363482dac2
higress-wasmplugin-test (RUST)	UNKNOWN STEP	2026-09-23T08:20:09.8239131Z 
higress-wasmplugin-test (RUST)	UNKNOWN STEP	2026-09-23T08:20:09.8239361Z istio.io/pkg/version.buildGitRevision=a01636191d45d3bda350611b95f6d2363482dac2
higress-wasmplugin-test (RUST)	UNKNOWN STEP	2026-09-23T08:20:09.8239786Z 
higress-wasmplugin-test (RUST)	UNKNOWN STEP	2026-09-23T08:20:09.8240222Z istio.io/pkg/version.buildStatus=Clean
higress-wasmplugin-test (RUST)	UNKNOWN STEP	2026-09-23T08:20:09.8242271Z 
higress-wasmplugin-test (RUST)	UNKNOWN STEP	2026-09-23T08:20:09.8242849Z istio.io/pkg/version.buildTag=v2.2.4
higress-wasmplugin-test (RUST)	UNKNOWN STEP	2026-09-23T08:20:09.8243597Z 
higress-wasmplugin-test (RUST)	UNKNOWN STEP	2026-09-23T08:20:09.8244201Z istio.io/pkg/version.buildHub=higress-registry.cn-hangzhou.cr.aliyuncs.com/higress
higress-wasmplugin-test (RUST)	UNKNOWN STEP	2026-09-23T08:20:09.8245024Z ~/work/higress/higress ~/work/higress/higress
higress-wasmplugin-test (RUST)	UNKNOWN STEP	2026-09-23T08:20:10.5669210Z 
higress-wasmplugin-test (RUST)	UNKNOWN STEP	2026-09-23T08:20:10.5669783Z real	0m0.743s
higress-wasmplugin-test (RUST)	UNKNOWN STEP	2026-09-23T08:20:10.5670031Z user	0m1.199s
higress-wasmplugin-test (RUST)	UNKNOWN STEP	2026-09-23T08:20:10.5670211Z sys	0m0.453s
higress-wasmplugin-test (RUST)	UNKNOWN STEP	2026-09-23T08:20:10.5670398Z ~/work/higress/higress
higress-wasmplugin-test (RUST)	UNKNOWN STEP	2026-09-23T08:20:10.5695926Z time (mkdir -p /home/runner/work/higress/higress/out/linux_amd64/docker_build/docker.higress && TARGET_ARCH=amd64 ./docker/docker-copy.sh docker/Dockerfile.higress /home/runner/work/higress/higress/out/linux_amd64/higress /home/runner/work/higress/higress/out/linux_amd64/docker_build/docker.higress && cd /home/runner/work/higress/higress/out/linux_amd64/docker_build/docker.higress  && docker build --build-arg BASE_VERSION=2023-07-20T20-50-43 --build-arg HUB=higress-registry.cn-hangzhou.cr.aliyuncs.com/higress --build-arg BASE_DISTRIBUTION= -t higress-registry.cn-hangzhou.cr.aliyuncs.com/higress/higress:a01636191d45d3bda350611b95f6d2363482dac2 -f Dockerfile.higress . ); 
higress-wasmplugin-test (RUST)	UNKNOWN STEP	2026-09-23T08:20:10.6737661Z Dockerfile.higress
higress-wasmplugin-test (RUST)	UNKNOWN STEP	2026-09-23T08:20:10.6738157Z amd64
higress-wasmplugin-test (RUST)	UNKNOWN STEP	2026-09-23T08:20:11.0171632Z #0 building with "default" instance using docker driver
higress-wasmplugin-test (RUST)	UNKNOWN STEP	2026-09-23T08:20:11.0171887Z 
higress-wasmplugin-test (RUST)	UNKNOWN STEP	2026-09-23T08:20:11.0172101Z #1 [internal] load build definition from Dockerfile.higress
higress-wasmplugin-test (RUST)	UNKNOWN STEP	2026-09-23T08:20:11.0172550Z #1 transferring dockerfile: 688B done
higress-wasmplugin-test (RUST)	UNKNOWN STEP	2026-09-23T08:20:11.0172793Z #1 DONE 0.0s
higress-wasmplugin-test (RUST)	UNKNOWN STEP	2026-09-23T08:20:11.0172897Z 
higress-wasmplugin-test (RUST)	UNKNOWN STEP	2026-09-23T08:20:11.0173215Z #2 [internal] load metadata for higress-registry.cn-hangzhou.cr.aliyuncs.com/higress/base:2023-07-20T20-50-43-amd64
higress-wasmplugin-test (RUST)	UNKNOWN STEP	2026-09-23T08:20:14.8070869Z #2 DONE 3.9s
higress-wasmplugin-test (RUST)	UNKNOWN STEP	2026-09-23T08:20:14.9221702Z 
higress-wasmplugin-test (RUST)	UNKNOWN STEP	2026-09-23T08:20:14.9224268Z #3 [internal] load .dockerignore
higress-wasmplugin-test (RUST)	UNKNOWN STEP	2026-09-23T08:20:14.9225112Z #3 transferring context: 2B done
higress-wasmplugin-test (RUST)	UNKNOWN STEP	2026-09-23T08:20:14.9225738Z #3 DONE 0.0s
higress-wasmplugin-test (RUST)	UNKNOWN STEP	2026-09-23T08:20:14.9226069Z 
higress-wasmplugin-test (RUST)	UNKNOWN STEP	2026-09-23T08:20:14.9227199Z #4 [1/2] FROM higress-registry.cn-hangzhou.cr.aliyuncs.com/higress/base:2023-07-20T20-50-43-amd64@sha256:acab9dfbea20850ff641df718ae3c561d66c0b99f6144066ed314cd2ddfb6366
higress-wasmplugin-test (RUST)	UNKNOWN STEP	2026-09-23T08:20:14.9229366Z #4 resolve higress-registry.cn-hangzhou.cr.aliyuncs.com/higress/base:2023-07-20T20-50-43-amd64@sha256:acab9dfbea20850ff641df718ae3c561d66c0b99f6144066ed314cd2ddfb6366 done
higress-wasmplugin-test (RUST)	UNKNOWN STEP	2026-09-23T08:20:15.0247823Z #4 sha256:54caf5b3a5e2c7216eaee588e14f0315ef93c33856fc70b82e0b62f3fb2d2929 0B / 7.32MB 0.2s
higress-wasmplugin-test (RUST)	UNKNOWN STEP	2026-09-23T08:20:15.0251103Z #4 sha256:7b5da41100362b3241a917c0a4d9e62b54a1170b1fec76f93e336308e937ce9f 0B / 4.28kB 0.2s
higress-wasmplugin-test (RUST)	UNKNOWN STEP	2026-09-23T08:20:15.0251989Z #4 sha256:acab9dfbea20850ff641df718ae3c561d66c0b99f6144066ed314cd2ddfb6366 948B / 948B done
higress-wasmplugin-test (RUST)	UNKNOWN STEP	2026-09-23T08:20:15.0252897Z #4 sha256:4d11bff12ac70ce1c4a962fdeec912ee6a75fa2f179f0e80cd1463c3e7976429 2.78kB / 2.78kB done
higress-wasmplugin-test (RUST)	UNKNOWN STEP	2026-09-23T08:20:15.0253765Z #4 sha256:3153aa388d026c26a2235e1ed0163e350e451f41a8a313e1804d7e1afb857ab4 0B / 29.53MB 0.2s
higress-wasmplugin-test (RUST)	UNKNOWN STEP	2026-09-23T08:20:15.2252174Z #4 ...
higress-wasmplugin-test (RUST)	UNKNOWN STEP	2026-09-23T08:20:15.2252425Z 
higress-wasmplugin-test (RUST)	UNKNOWN STEP	2026-09-23T08:20:15.2252827Z #5 [internal] load build context
higress-wasmplugin-test (RUST)	UNKNOWN STEP	2026-09-23T08:20:15.2253166Z #5 transferring context: 119.22MB 0.4s done
higress-wasmplugin-test (RUST)	UNKNOWN STEP	2026-09-23T08:20:15.2253439Z #5 DONE 0.4s
higress-wasmplugin-test (RUST)	UNKNOWN STEP	2026-09-23T08:20:15.2253552Z 
higress-wasmplugin-test (RUST)	UNKNOWN STEP	2026-09-23T08:20:15.2254200Z #4 [1/2] FROM higress-registry.cn-hangzhou.cr.aliyuncs.com/higress/base:2023-07-20T20-50-43-amd64@sha256:acab9dfbea20850ff641df718ae3c561d66c0b99f6144066ed314cd2ddfb6366
higress-wasmplugin-test (RUST)	UNKNOWN STEP	2026-09-23T08:20:16.2253768Z #4 sha256:7b5da41100362b3241a917c0a4d9e62b54a1170b1fec76f93e336308e937ce9f 4.28kB / 4.28kB 1.4s done
higress-wasmplugin-test (RUST)	UNKNOWN STEP	2026-09-23T08:20:16.2254809Z #4 sha256:3153aa388d026c26a2235e1ed0163e350e451f41a8a313e1804d7e1afb857ab4 2.10MB / 29.53MB 1.4s
higress-wasmplugin-test (RUST)	UNKNOWN STEP	2026-09-23T08:20:16.4249822Z #4 sha256:3153aa388d026c26a2235e1ed0163e350e451f41a8a313e1804d7e1afb857ab4 4.19MB / 29.53MB 1.6s
higress-wasmplugin-test (RUST)	UNKNOWN STEP	2026-09-23T08:20:16.5251660Z #4 sha256:3153aa388d026c26a2235e1ed0163e350e451f41a8a313e1804d7e1afb857ab4 6.29MB / 29.53MB 1.7s
higress-wasmplugin-test (RUST)	UNKNOWN STEP	2026-09-23T08:20:16.7254805Z #4 sha256:3153aa388d026c26a2235e1ed0163e350e451f41a8a313e1804d7e1afb857ab4 11.53MB / 29.53MB 1.9s
higress-wasmplugin-test (RUST)	UNKNOWN STEP	2026-09-23T08:20:16.9254542Z #4 sha256:3153aa388d026c26a2235e1ed0163e350e451f41a8a313e1804d7e1afb857ab4 16.78MB / 29.53MB 2.1s
higress-wasmplugin-test (RUST)	UNKNOWN STEP	2026-09-23T08:20:17.1258830Z #4 sha256:3153aa388d026c26a2235e1ed0163e350e451f41a8a313e1804d7e1afb857ab4 20.97MB / 29.53MB 2.3s
higress-wasmplugin-test (RUST)	UNKNOWN STEP	2026-09-23T08:20:17.3254994Z #4 sha256:54caf5b3a5e2c7216eaee588e14f0315ef93c33856fc70b82e0b62f3fb2d2929 1.05MB / 7.32MB 2.5s
higress-wasmplugin-test (RUST)	UNKNOWN STEP	2026-09-23T08:20:17.5254228Z #4 sha256:3153aa388d026c26a2235e1ed0163e350e451f41a8a313e1804d7e1afb857ab4 25.17MB / 29.53MB 2.5s
higress-wasmplugin-test (RUST)	UNKNOWN STEP	2026-09-23T08:20:17.5255001Z #4 sha256:54caf5b3a5e2c7216eaee588e14f0315ef93c33856fc70b82e0b62f3fb2d2929 3.15MB / 7.32MB 2.7s
higress-wasmplugin-test (RUST)	UNKNOWN STEP	2026-09-23T08:20:17.5255647Z #4 sha256:3153aa388d026c26a2235e1ed0163e350e451f41a8a313e1804d7e1afb857ab4 29.53MB / 29.53MB 2.7s
higress-wasmplugin-test (RUST)	UNKNOWN STEP	2026-09-23T08:20:17.6414053Z #4 sha256:54caf5b3a5e2c7216eaee588e14f0315ef93c33856fc70b82e0b62f3fb2d2929 5.24MB / 7.32MB 2.8s
higress-wasmplugin-test (RUST)	UNKNOWN STEP	2026-09-23T08:20:17.6415307Z #4 sha256:3153aa388d026c26a2235e1ed0163e350e451f41a8a313e1804d7e1afb857ab4 29.53MB / 29.53MB 2.8s done
higress-wasmplugin-test (RUST)	UNKNOWN STEP	2026-09-23T08:20:17.6416348Z #4 extracting sha256:3153aa388d026c26a2235e1ed0163e350e451f41a8a313e1804d7e1afb857ab4
higress-wasmplugin-test (RUST)	UNKNOWN STEP	2026-09-23T08:20:17.7451825Z #4 sha256:54caf5b3a5e2c7216eaee588e14f0315ef93c33856fc70b82e0b62f3fb2d2929 7.32MB / 7.32MB 2.9s done
higress-wasmplugin-test (RUST)	UNKNOWN STEP	2026-09-23T08:20:18.4886574Z #4 extracting sha256:3153aa388d026c26a2235e1ed0163e350e451f41a8a313e1804d7e1afb857ab4 0.7s done
higress-wasmplugin-test (RUST)	UNKNOWN STEP	2026-09-23T08:20:18.4887778Z #4 extracting sha256:54caf5b3a5e2c7216eaee588e14f0315ef93c33856fc70b82e0b62f3fb2d2929 0.1s
higress-wasmplugin-test (RUST)	UNKNOWN STEP	2026-09-23T08:20:18.7450454Z #4 extracting sha256:54caf5b3a5e2c7216eaee588e14f0315ef93c33856fc70b82e0b62f3fb2d2929 0.2s done
higress-wasmplugin-test (RUST)	UNKNOWN STEP	2026-09-23T08:20:24.4408589Z #4 extracting sha256:7b5da41100362b3241a917c0a4d9e62b54a1170b1fec76f93e336308e937ce9f
higress-wasmplugin-test (RUST)	UNKNOWN STEP	2026-09-23T08:20:24.6211020Z #4 extracting sha256:7b5da41100362b3241a917c0a4d9e62b54a1170b1fec76f93e336308e937ce9f done
higress-wasmplugin-test (RUST)	UNKNOWN STEP	2026-09-23T08:20:24.6211450Z #4 DONE 9.7s
higress-wasmplugin-test (RUST)	UNKNOWN STEP	2026-09-23T08:20:24.6211574Z 
higress-wasmplugin-test (RUST)	UNKNOWN STEP	2026-09-23T08:20:24.6211708Z #6 [2/2] COPY amd64/higress /usr/local/bin/higress
higress-wasmplugin-test (RUST)	UNKNOWN STEP	2026-09-23T08:20:25.1286139Z #6 DONE 0.7s
higress-wasmplugin-test (RUST)	UNKNOWN STEP	2026-09-23T08:20:25.2815160Z 
higress-wasmplugin-test (RUST)	UNKNOWN STEP	2026-09-23T08:20:25.2815638Z #7 exporting to image
higress-wasmplugin-test (RUST)	UNKNOWN STEP	2026-09-23T08:20:25.2815986Z #7 exporting layers
higress-wasmplugin-test (RUST)	UNKNOWN STEP	2026-09-23T08:20:26.0055321Z #7 exporting layers 0.9s done
higress-wasmplugin-test (RUST)	UNKNOWN STEP	2026-09-23T08:20:26.0288864Z #7 writing image sha256:a5c06432d54056c3723ada1ab4c423f5573888c0880d614da937c54da63f9e74 done
higress-wasmplugin-test (RUST)	UNKNOWN STEP	2026-09-23T08:20:26.0289849Z #7 naming to higress-registry.cn-hangzhou.cr.aliyuncs.com/higress/higress:a01636191d45d3bda350611b95f6d2363482dac2 done
higress-wasmplugin-test (RUST)	UNKNOWN STEP	2026-09-23T08:20:26.0290331Z #7 DONE 0.9s
higress-wasmplugin-test (RUST)	UNKNOWN STEP	2026-09-23T08:20:26.0325014Z 
higress-wasmplugin-test (RUST)	UNKNOWN STEP	2026-09-23T08:20:26.0325462Z real	0m15.441s
higress-wasmplugin-test (RUST)	UNKNOWN STEP	2026-09-23T08:20:26.0325705Z user	0m0.463s
higress-wasmplugin-test (RUST)	UNKNOWN STEP	2026-09-23T08:20:26.0325907Z sys	0m0.269s
higress-wasmplugin-test (RUST)	UNKNOWN STEP	2026-09-23T08:20:26.0354256Z TARGET_ARCH=amd64 DOCKER_TARGETS='docker.pilot' IMG_URL='higress-registry.cn-hangzhou.cr.aliyuncs.com/higress/pilot:a01636191d45d3bda350611b95f6d2363482dac2' ./tools/hack/build-istio-image.sh docker
higress-wasmplugin-test (RUST)	UNKNOWN STEP	2026-09-23T08:20:26.0633678Z IMG_URL=higress-registry.cn-hangzhou.cr.aliyuncs.com/higress/pilot:a01636191d45d3bda350611b95f6d2363482dac2
higress-wasmplugin-test (RUST)	UNKNOWN STEP	2026-09-23T08:20:26.0634672Z HUB=higress-registry.cn-hangzhou.cr.aliyuncs.com/higress
higress-wasmplugin-test (RUST)	UNKNOWN STEP	2026-09-23T08:20:26.0635165Z TAG=a01636191d45d3bda350611b95f6d2363482dac2
higress-wasmplugin-test (RUST)	UNKNOWN STEP	2026-09-23T08:20:26.0645838Z make[1]: Entering directory '/home/runner/work/higress/higress/external/istio'
higress-wasmplugin-test (RUST)	UNKNOWN STEP	2026-09-23T08:20:26.1087053Z Unable to find image 'higress-registry.cn-hangzhou.cr.aliyuncs.com/higress/build-tools:release-1.19-ef344298e65eeb2d9e2d07b87eb4e715c2def613' locally
higress-wasmplugin-test (RUST)	UNKNOWN STEP	2026-09-23T08:20:31.3072005Z release-1.19-ef344298e65eeb2d9e2d07b87eb4e715c2def613: Pulling from higress/build-tools
higress-wasmplugin-test (RUST)	UNKNOWN STEP	2026-09-23T08:20:32.9567649Z 9bd0e4bcc849: Pulling fs layer
higress-wasmplugin-test (RUST)	UNKNOWN STEP	2026-09-23T08:20:32.9568753Z dbbe22aac0fb: Pulling fs layer
higress-wasmplugin-test (RUST)	UNKNOWN STEP	2026-09-23T08:20:32.9569077Z 6eff59fed1b4: Pulling fs layer
higress-wasmplugin-test (RUST)	UNKNOWN STEP	2026-09-23T08:20:32.9569325Z ee8339ca80c4: Pulling fs layer
higress-wasmplugin-test (RUST)	UNKNOWN STEP	2026-09-23T08:20:32.9569561Z 45789ea04dec: Pulling fs layer
higress-wasmplugin-test (RUST)	UNKNOWN STEP	2026-09-23T08:20:32.9569801Z 6f832f3040af: Pulling fs layer
higress-wasmplugin-test (RUST)	UNKNOWN STEP	2026-09-23T08:20:32.9570034Z b85ab6d7258b: Pulling fs layer
higress-wasmplugin-test (RUST)	UNKNOWN STEP	2026-09-23T08:20:32.9570584Z 44121ad9d775: Pulling fs layer
higress-wasmplugin-test (RUST)	UNKNOWN STEP	2026-09-23T08:20:32.9570821Z 8f8de24e8289: Pulling fs layer
higress-wasmplugin-test (RUST)	UNKNOWN STEP	2026-09-23T08:20:32.9571064Z f3301e9fde16: Pulling fs layer
higress-wasmplugin-test (RUST)	UNKNOWN STEP	2026-09-23T08:20:32.9571291Z 7f4264031dda: Pulling fs layer
higress-wasmplugin-test (RUST)	UNKNOWN STEP	2026-09-23T08:20:32.9571522Z 65b5fe86026c: Pulling fs layer
higress-wasmplugin-test (RUST)	UNKNOWN STEP	2026-09-23T08:20:32.9571751Z 79fa08f43e6b: Pulling fs layer
higress-wasmplugin-test (RUST)	UNKNOWN STEP	2026-09-23T08:20:32.9571982Z aa75b754dc18: Pulling fs layer
higress-wasmplugin-test (RUST)	UNKNOWN STEP	2026-09-23T08:20:32.9572231Z ef60b6f59ee0: Pulling fs layer
higress-wasmplugin-test (RUST)	UNKNOWN STEP	2026-09-23T08:20:32.9572461Z 0bbba021f207: Pulling fs layer
higress-wasmplugin-test (RUST)	UNKNOWN STEP	2026-09-23T08:20:32.9572685Z c74424bf836e: Pulling fs layer
higress-wasmplugin-test (RUST)	UNKNOWN STEP	2026-09-23T08:20:32.9572945Z f3301e9fde16: Waiting
higress-wasmplugin-test (RUST)	UNKNOWN STEP	2026-09-23T08:20:32.9573244Z 7f4264031dda: Waiting
higress-wasmplugin-test (RUST)	UNKNOWN STEP	2026-09-23T08:20:32.9573452Z 65b5fe86026c: Waiting
higress-wasmplugin-test (RUST)	UNKNOWN STEP	2026-09-23T08:20:32.9573651Z 79fa08f43e6b: Waiting
higress-wasmplugin-test (RUST)	UNKNOWN STEP	2026-09-23T08:20:32.9574010Z aa75b754dc18: Waiting
higress-wasmplugin-test (RUST)	UNKNOWN STEP	2026-09-23T08:20:32.9574239Z ef60b6f59ee0: Waiting
higress-wasmplugin-test (RUST)	UNKNOWN STEP	2026-09-23T08:20:32.9574442Z 0bbba021f207: Waiting
higress-wasmplugin-test (RUST)	UNKNOWN STEP	2026-09-23T08:20:32.9574641Z c74424bf836e: Waiting
higress-wasmplugin-test (RUST)	UNKNOWN STEP	2026-09-23T08:20:32.9574849Z 6f832f3040af: Waiting
higress-wasmplugin-test (RUST)	UNKNOWN STEP	2026-09-23T08:20:32.9575044Z 44121ad9d775: Waiting
higress-wasmplugin-test (RUST)	UNKNOWN STEP	2026-09-23T08:20:32.9575250Z b85ab6d7258b: Waiting
higress-wasmplugin-test (RUST)	UNKNOWN STEP	2026-09-23T08:20:32.9575444Z ee8339ca80c4: Waiting
higress-wasmplugin-test (RUST)	UNKNOWN STEP	2026-09-23T08:20:32.9575641Z 8f8de24e8289: Waiting
higress-wasmplugin-test (RUST)	UNKNOWN STEP	2026-09-23T08:20:32.9575833Z 45789ea04dec: Waiting
higress-wasmplugin-test (RUST)	UNKNOWN STEP	2026-09-23T08:20:38.4712825Z 6eff59fed1b4: Verifying Checksum
higress-wasmplugin-test (RUST)	UNKNOWN STEP	2026-09-23T08:20:38.4713388Z 6eff59fed1b4: Download complete
higress-wasmplugin-test (RUST)	UNKNOWN STEP	2026-09-23T08:20:47.0956279Z ee8339ca80c4: Verifying Checksum
higress-wasmplugin-test (RUST)	UNKNOWN STEP	2026-09-23T08:20:47.0957362Z ee8339ca80c4: Download complete
higress-wasmplugin-test (RUST)	UNKNOWN STEP	2026-09-23T08:20:51.2933382Z 45789ea04dec: Verifying Checksum
higress-wasmplugin-test (RUST)	UNKNOWN STEP	2026-09-23T08:20:51.2937280Z 45789ea04dec: Download complete
higress-wasmplugin-test (RUST)	UNKNOWN STEP	2026-09-23T08:20:53.9104610Z 6f832f3040af: Verifying Checksum
higress-wasmplugin-test (RUST)	UNKNOWN STEP	2026-09-23T08:20:53.9105147Z 6f832f3040af: Download complete
higress-wasmplugin-test (RUST)	UNKNOWN STEP	2026-09-23T08:20:58.1703213Z dbbe22aac0fb: Verifying Checksum
higress-wasmplugin-test (RUST)	UNKNOWN STEP	2026-09-23T08:20:58.1703667Z dbbe22aac0fb: Download complete
higress-wasmplugin-test (RUST)	UNKNOWN STEP	2026-09-23T08:21:02.5001544Z b85ab6d7258b: Verifying Checksum
higress-wasmplugin-test (RUST)	UNKNOWN STEP	2026-09-23T08:21:02.5002251Z b85ab6d7258b: Download complete
higress-wasmplugin-test (RUST)	UNKNOWN STEP	2026-09-23T08:21:04.3821791Z 8f8de24e8289: Verifying Checksum
higress-wasmplugin-test (RUST)	UNKNOWN STEP	2026-09-23T08:21:04.3822577Z 8f8de24e8289: Download complete
higress-wasmplugin-test (RUST)	UNKNOWN STEP	2026-09-23T08:21:05.3178244Z 9bd0e4bcc849: Verifying Checksum
higress-wasmplugin-test (RUST)	UNKNOWN STEP	2026-09-23T08:21:05.3178934Z 9bd0e4bcc849: Download complete
higress-wasmplugin-test (RUST)	UNKNOWN STEP	2026-09-23T08:21:06.9719573Z 7f4264031dda: Download complete
higress-wasmplugin-test (RUST)	UNKNOWN STEP	2026-09-23T08:21:07.2970656Z 44121ad9d775: Verifying Checksum
higress-wasmplugin-test (RUST)	UNKNOWN STEP	2026-09-23T08:21:07.2974317Z 44121ad9d775: Download complete
higress-wasmplugin-test (RUST)	UNKNOWN STEP	2026-09-23T08:21:09.2894214Z f3301e9fde16: Verifying Checksum
higress-wasmplugin-test (RUST)	UNKNOWN STEP	2026-09-23T08:21:09.2895849Z f3301e9fde16: Download complete
higress-wasmplugin-test (RUST)	UNKNOWN STEP	2026-09-23T08:21:10.0303460Z 65b5fe86026c: Download complete
higress-wasmplugin-test (RUST)	UNKNOWN STEP	2026-09-23T08:21:11.4042768Z 79fa08f43e6b: Verifying Checksum
higress-wasmplugin-test (RUST)	UNKNOWN STEP	2026-09-23T08:21:11.4043283Z 79fa08f43e6b: Download complete
higress-wasmplugin-test (RUST)	UNKNOWN STEP	2026-09-23T08:21:11.9015122Z aa75b754dc18: Verifying Checksum
higress-wasmplugin-test (RUST)	UNKNOWN STEP	2026-09-23T08:21:11.9015738Z aa75b754dc18: Download complete
higress-wasmplugin-test (RUST)	UNKNOWN STEP	2026-09-23T08:21:12.0641942Z ef60b6f59ee0: Download complete
higress-wasmplugin-test (RUST)	UNKNOWN STEP	2026-09-23T08:21:13.6078168Z c74424bf836e: Verifying Checksum
higress-wasmplugin-test (RUST)	UNKNOWN STEP	2026-09-23T08:21:13.6078729Z c74424bf836e: Download complete
higress-wasmplugin-test (RUST)	UNKNOWN STEP	2026-09-23T08:21:13.6456005Z 0bbba021f207: Verifying Checksum
higress-wasmplugin-test (RUST)	UNKNOWN STEP	2026-09-23T08:21:13.6456491Z 0bbba021f207: Download complete
higress-wasmplugin-test (RUST)	UNKNOWN STEP	2026-09-23T08:21:18.2388607Z 9bd0e4bcc849: Pull complete
higress-wasmplugin-test (RUST)	UNKNOWN STEP	2026-09-23T08:21:38.0204628Z dbbe22aac0fb: Pull complete
higress-wasmplugin-test (RUST)	UNKNOWN STEP	2026-09-23T08:21:41.5017634Z 6eff59fed1b4: Pull complete
higress-wasmplugin-test (RUST)	UNKNOWN STEP	2026-09-23T08:21:42.3025519Z ee8339ca80c4: Pull complete
higress-wasmplugin-test (RUST)	UNKNOWN STEP	2026-09-23T08:21:47.5017295Z 45789ea04dec: Pull complete
higress-wasmplugin-test (RUST)	UNKNOWN STEP	2026-09-23T08:21:48.0690103Z 6f832f3040af: Pull complete
higress-wasmplugin-test (RUST)	UNKNOWN STEP	2026-09-23T08:21:49.1675031Z b85ab6d7258b: Pull complete
higress-wasmplugin-test (RUST)	UNKNOWN STEP	2026-09-23T08:21:53.9701743Z 44121ad9d775: Pull complete
higress-wasmplugin-test (RUST)	UNKNOWN STEP	2026-09-23T08:21:53.9826139Z 8f8de24e8289: Pull complete
higress-wasmplugin-test (RUST)	UNKNOWN STEP	2026-09-23T08:21:56.2776612Z f3301e9fde16: Pull complete
higress-wasmplugin-test (RUST)	UNKNOWN STEP	2026-09-23T08:21:56.2904062Z 7f4264031dda: Pull complete
higress-wasmplugin-test (RUST)	UNKNOWN STEP	2026-09-23T08:21:56.3012845Z 65b5fe86026c: Pull complete
higress-wasmplugin-test (RUST)	UNKNOWN STEP	2026-09-23T08:21:57.0707279Z 79fa08f43e6b: Pull complete
higress-wasmplugin-test (RUST)	UNKNOWN STEP	2026-09-23T08:21:57.0877379Z aa75b754dc18: Pull complete
higress-wasmplugin-test (RUST)	UNKNOWN STEP	2026-09-23T08:21:57.0970969Z ef60b6f59ee0: Pull complete
higress-wasmplugin-test (RUST)	UNKNOWN STEP	2026-09-23T08:21:57.1075182Z 0bbba021f207: Pull complete
higress-wasmplugin-test (RUST)	UNKNOWN STEP	2026-09-23T08:21:57.1176638Z c74424bf836e: Pull complete
higress-wasmplugin-test (RUST)	UNKNOWN STEP	2026-09-23T08:21:57.1227578Z Digest: sha256:cea58a7535da6a0fdccb1953fba5018b7a0a835d6901a65f5c2efed010d843e2
higress-wasmplugin-test (RUST)	UNKNOWN STEP	2026-09-23T08:21:57.1241306Z Status: Downloaded newer image for higress-registry.cn-hangzhou.cr.aliyuncs.com/higress/build-tools:release-1.19-ef344298e65eeb2d9e2d07b87eb4e715c2def613
higress-wasmplugin-test (RUST)	UNKNOWN STEP	2026-09-23T08:21:57.2829737Z fatal: detected dubious ownership in repository at '/work'
higress-wasmplugin-test (RUST)	UNKNOWN STEP	2026-09-23T08:21:57.2830196Z To add an exception for this directory, call:
higress-wasmplugin-test (RUST)	UNKNOWN STEP	2026-09-23T08:21:57.2830386Z 
higress-wasmplugin-test (RUST)	UNKNOWN STEP	2026-09-23T08:21:57.2830553Z 	git config --global --add safe.directory /work
higress-wasmplugin-test (RUST)	UNKNOWN STEP	2026-09-23T08:21:57.3611470Z ./tools/docker
higress-wasmplugin-test (RUST)	UNKNOWN STEP	2026-09-23T08:21:57.3875323Z fatal: detected dubious ownership in repository at '/work'
higress-wasmplugin-test (RUST)	UNKNOWN STEP	2026-09-23T08:21:57.3875915Z To add an exception for this directory, call:
higress-wasmplugin-test (RUST)	UNKNOWN STEP	2026-09-23T08:21:57.3876199Z 
higress-wasmplugin-test (RUST)	UNKNOWN STEP	2026-09-23T08:21:57.3876425Z 	git config --global --add safe.directory /work
higress-wasmplugin-test (RUST)	UNKNOWN STEP	2026-09-23T08:21:57.3886922Z fatal: detected dubious ownership in repository at '/work'
higress-wasmplugin-test (RUST)	UNKNOWN STEP	2026-09-23T08:21:57.3887543Z To add an exception for this directory, call:
higress-wasmplugin-test (RUST)	UNKNOWN STEP	2026-09-23T08:21:57.3887821Z 
higress-wasmplugin-test (RUST)	UNKNOWN STEP	2026-09-23T08:21:57.3888035Z 	git config --global --add safe.directory /work
higress-wasmplugin-test (RUST)	UNKNOWN STEP	2026-09-23T08:21:57.3922410Z go: downloading go1.26.0 (linux/amd64)
higress-wasmplugin-test (RUST)	UNKNOWN STEP	2026-09-23T08:22:01.7062121Z go: downloading github.com/spf13/cobra v1.10.2
higress-wasmplugin-test (RUST)	UNKNOWN STEP	2026-09-23T08:22:01.7062518Z go: downloading golang.org/x/sync v0.20.0
higress-wasmplugin-test (RUST)	UNKNOWN STEP	2026-09-23T08:22:01.7079585Z go: downloading sigs.k8s.io/yaml v1.6.0
higress-wasmplugin-test (RUST)	UNKNOWN STEP	2026-09-23T08:22:01.7203040Z go: downloading go.opentelemetry.io/otel v1.41.0
higress-wasmplugin-test (RUST)	UNKNOWN STEP	2026-09-23T08:22:01.9263119Z go: downloading go.opentelemetry.io/otel/exporters/otlp/otlptrace v1.40.0
higress-wasmplugin-test (RUST)	UNKNOWN STEP	2026-09-23T08:22:01.9565609Z go: downloading go.opentelemetry.io/otel/exporters/otlp/otlptrace/otlptracegrpc v1.40.0
higress-wasmplugin-test (RUST)	UNKNOWN STEP	2026-09-23T08:22:01.9867248Z go: downloading go.opentelemetry.io/otel/exporters/otlp/otlptrace/otlptracehttp v1.38.0
higress-wasmplugin-test (RUST)	UNKNOWN STEP	2026-09-23T08:22:02.1506668Z go: downloading go.opentelemetry.io/otel/sdk v1.40.0
higress-wasmplugin-test (RUST)	UNKNOWN STEP	2026-09-23T08:22:02.1516076Z go: downloading go.opentelemetry.io/otel/trace v1.41.0
higress-wasmplugin-test (RUST)	UNKNOWN STEP	2026-09-23T08:22:02.1519158Z go: downloading github.com/go-logr/logr v1.4.3
higress-wasmplugin-test (RUST)	UNKNOWN STEP	2026-09-23T08:22:02.2356537Z go: downloading github.com/spf13/pflag v1.0.10
higress-wasmplugin-test (RUST)	UNKNOWN STEP	2026-09-23T08:22:02.2387467Z go: downloading go.uber.org/zap v1.28.0
higress-wasmplugin-test (RUST)	UNKNOWN STEP	2026-09-23T08:22:02.3098073Z go: downloading google.golang.org/grpc v1.64.0
higress-wasmplugin-test (RUST)	UNKNOWN STEP	2026-09-23T08:22:02.3098764Z go: downloading k8s.io/klog/v2 v2.140.0
higress-wasmplugin-test (RUST)	UNKNOWN STEP	2026-09-23T08:22:02.3099883Z go: downloading gopkg.in/natefinch/lumberjack.v2 v2.2.1
higress-wasmplugin-test (RUST)	UNKNOWN STEP	2026-09-23T08:22:02.3128808Z go: downloading github.com/google/go-containerregistry v0.20.3
higress-wasmplugin-test (RUST)	UNKNOWN STEP	2026-09-23T08:22:02.4963663Z go: downloading github.com/moby/buildkit v0.21.1
higress-wasmplugin-test (RUST)	UNKNOWN STEP	2026-09-23T08:22:02.5057570Z go: downloading go.yaml.in/yaml/v2 v2.4.4
higress-wasmplugin-test (RUST)	UNKNOWN STEP	2026-09-23T08:22:02.5720641Z go: downloading go.opentelemetry.io/otel/metric v1.41.0
higress-wasmplugin-test (RUST)	UNKNOWN STEP	2026-09-23T08:22:02.5734342Z go: downloading go.opentelemetry.io/proto/otlp v1.9.0
higress-wasmplugin-test (RUST)	UNKNOWN STEP	2026-09-23T08:22:02.6350783Z go: downloading google.golang.org/protobuf v1.36.12-0.20260120151049-f2248ac996af
higress-wasmplugin-test (RUST)	UNKNOWN STEP	2026-09-23T08:22:02.6359536Z go: downloading google.golang.org/genproto/googleapis/rpc v0.0.0-20260427160629-7cedc36a6bc4
higress-wasmplugin-test (RUST)	UNKNOWN STEP	2026-09-23T08:22:02.6666522Z go: downloading google.golang.org/genproto v0.0.0-20250603155806-513f23925822
higress-wasmplugin-test (RUST)	UNKNOWN STEP	2026-09-23T08:22:02.7327984Z go: downloading github.com/google/uuid v1.6.0
higress-wasmplugin-test (RUST)	UNKNOWN STEP	2026-09-23T08:22:02.7340541Z go: downloading golang.org/x/sys v0.45.0
higress-wasmplugin-test (RUST)	UNKNOWN STEP	2026-09-23T08:22:02.7907486Z go: downloading go.uber.org/multierr v1.11.0
higress-wasmplugin-test (RUST)	UNKNOWN STEP	2026-09-23T08:22:02.8428480Z go: downloading github.com/docker/cli v28.1.1+incompatible
higress-wasmplugin-test (RUST)	UNKNOWN STEP	2026-09-23T08:22:03.0841634Z go: downloading github.com/mitchellh/go-homedir v1.1.0
higress-wasmplugin-test (RUST)	UNKNOWN STEP	2026-09-23T08:22:03.0842047Z go: downloading github.com/opencontainers/go-digest v1.0.0
higress-wasmplugin-test (RUST)	UNKNOWN STEP	2026-09-23T08:22:03.0842413Z go: downloading github.com/docker/distribution v2.8.3+incompatible
higress-wasmplugin-test (RUST)	UNKNOWN STEP	2026-09-23T08:22:03.1360008Z go: downloading github.com/prometheus/client_golang v1.23.2
higress-wasmplugin-test (RUST)	UNKNOWN STEP	2026-09-23T08:22:03.1874252Z go: downloading go.opentelemetry.io/otel/exporters/prometheus v0.57.0
higress-wasmplugin-test (RUST)	UNKNOWN STEP	2026-09-23T08:22:03.2206410Z go: downloading go.opentelemetry.io/otel/sdk/metric v1.40.0
higress-wasmplugin-test (RUST)	UNKNOWN STEP	2026-09-23T08:22:03.2214515Z go: downloading github.com/containerd/stargz-snapshotter/estargz v0.16.3
higress-wasmplugin-test (RUST)	UNKNOWN STEP	2026-09-23T08:22:03.2433622Z go: downloading github.com/go-logr/stdr v1.2.2
higress-wasmplugin-test (RUST)	UNKNOWN STEP	2026-09-23T08:22:03.2719252Z go: downloading go.opentelemetry.io/auto/sdk v1.2.1
higress-wasmplugin-test (RUST)	UNKNOWN STEP	2026-09-23T08:22:03.2928481Z go: downloading github.com/cenkalti/backoff/v5 v5.0.3
higress-wasmplugin-test (RUST)	UNKNOWN STEP	2026-09-23T08:22:03.2934177Z go: downloading github.com/grpc-ecosystem/grpc-gateway/v2 v2.27.7
higress-wasmplugin-test (RUST)	UNKNOWN STEP	2026-09-23T08:22:03.3201278Z go: downloading github.com/pkg/errors v0.9.1
higress-wasmplugin-test (RUST)	UNKNOWN STEP	2026-09-23T08:22:03.3412816Z go: downloading golang.org/x/net v0.55.0
higress-wasmplugin-test (RUST)	UNKNOWN STEP	2026-09-23T08:22:03.3764368Z go: downloading github.com/sirupsen/logrus v1.9.3
higress-wasmplugin-test (RUST)	UNKNOWN STEP	2026-09-23T08:22:03.4319421Z go: downloading github.com/beorn7/perks v1.0.1
higress-wasmplugin-test (RUST)	UNKNOWN STEP	2026-09-23T08:22:03.4370338Z go: downloading github.com/cespare/xxhash/v2 v2.3.0
higress-wasmplugin-test (RUST)	UNKNOWN STEP	2026-09-23T08:22:03.4370740Z go: downloading github.com/prometheus/client_model v0.6.2
higress-wasmplugin-test (RUST)	UNKNOWN STEP	2026-09-23T08:22:03.4782574Z go: downloading github.com/prometheus/common v0.67.5
higress-wasmplugin-test (RUST)	UNKNOWN STEP	2026-09-23T08:22:03.4854622Z go: downloading github.com/prometheus/procfs v0.20.1
higress-wasmplugin-test (RUST)	UNKNOWN STEP	2026-09-23T08:22:03.5228965Z go: downloading github.com/opencontainers/image-spec v1.1.1
higress-wasmplugin-test (RUST)	UNKNOWN STEP	2026-09-23T08:22:03.5492168Z go: downloading github.com/klauspost/compress v1.18.0
higress-wasmplugin-test (RUST)	UNKNOWN STEP	2026-09-23T08:22:03.5492771Z go: downloading github.com/vbatts/tar-split v0.12.1
higress-wasmplugin-test (RUST)	UNKNOWN STEP	2026-09-23T08:22:03.5809106Z go: downloading github.com/containerd/typeurl/v2 v2.2.3
higress-wasmplugin-test (RUST)	UNKNOWN STEP	2026-09-23T08:22:03.5809817Z go: downloading github.com/planetscale/vtprotobuf v0.6.1-0.20240409071808-615f978279ca
higress-wasmplugin-test (RUST)	UNKNOWN STEP	2026-09-23T08:22:03.6069845Z go: downloading github.com/docker/docker-credential-helpers v0.9.3
higress-wasmplugin-test (RUST)	UNKNOWN STEP	2026-09-23T08:22:03.6485672Z go: downloading google.golang.org/genproto/googleapis/api v0.0.0-20260128011058-8636f8732409
higress-wasmplugin-test (RUST)	UNKNOWN STEP	2026-09-23T08:22:03.6580314Z go: downloading github.com/munnerz/goautoneg v0.0.0-20191010083416-a7dc8b61c822
higress-wasmplugin-test (RUST)	UNKNOWN STEP	2026-09-23T08:22:03.6607491Z go: downloading github.com/gogo/protobuf v1.3.2
higress-wasmplugin-test (RUST)	UNKNOWN STEP	2026-09-23T08:22:03.7052870Z go: downloading golang.org/x/text v0.37.0
higress-wasmplugin-test (RUST)	UNKNOWN STEP	2026-09-23T08:22:28.5224867Z 
higress-wasmplugin-test (RUST)	UNKNOWN STEP	2026-09-23T08:22:28.5225222Z real	0m31.132s
higress-wasmplugin-test (RUST)	UNKNOWN STEP	2026-09-23T08:22:28.5225498Z user	1m20.478s
higress-wasmplugin-test (RUST)	UNKNOWN STEP	2026-09-23T08:22:28.5225704Z sys	0m11.148s
higress-wasmplugin-test (RUST)	UNKNOWN STEP	2026-09-23T08:22:28.5272258Z 2026-09-23T08:22:28.526833Z	info	Args: Push:              false
higress-wasmplugin-test (RUST)	UNKNOWN STEP	2026-09-23T08:22:28.5272711Z Save:              false
higress-wasmplugin-test (RUST)	UNKNOWN STEP	2026-09-23T08:22:28.5273022Z NoClobber:         false
higress-wasmplugin-test (RUST)	UNKNOWN STEP	2026-09-23T08:22:28.5273290Z NoCache:           false
higress-wasmplugin-test (RUST)	UNKNOWN STEP	2026-09-23T08:22:28.5273616Z Targets:           [pilot]
higress-wasmplugin-test (RUST)	UNKNOWN STEP	2026-09-23T08:22:28.5274150Z Variants:          [default]
higress-wasmplugin-test (RUST)	UNKNOWN STEP	2026-09-23T08:22:28.5274530Z Architectures:     [linux/amd64]
higress-wasmplugin-test (RUST)	UNKNOWN STEP	2026-09-23T08:22:28.5275100Z BaseVersion:       2023-07-20T20-50-43
higress-wasmplugin-test (RUST)	UNKNOWN STEP	2026-09-23T08:22:28.5275716Z BaseImageRegistry: higress-registry.cn-hangzhou.cr.aliyuncs.com/higress
higress-wasmplugin-test (RUST)	UNKNOWN STEP	2026-09-23T08:22:28.5276589Z ProxyVersion:      1a53bf14a57976dd0f509752b748caf3b1125d54
higress-wasmplugin-test (RUST)	UNKNOWN STEP	2026-09-23T08:22:28.5277243Z ZtunnelVersion:    75376478762decb918ea884603b2852b1568b015
higress-wasmplugin-test (RUST)	UNKNOWN STEP	2026-09-23T08:22:28.5277701Z IstioVersion:      1.27-dev
higress-wasmplugin-test (RUST)	UNKNOWN STEP	2026-09-23T08:22:28.5278778Z Tags:              [a01636191d45d3bda350611b95f6d2363482dac2]
higress-wasmplugin-test (RUST)	UNKNOWN STEP	2026-09-23T08:22:28.5279352Z Hubs:              [higress-registry.cn-hangzhou.cr.aliyuncs.com/higress]
higress-wasmplugin-test (RUST)	UNKNOWN STEP	2026-09-23T08:22:28.5279808Z Builder:           docker
higress-wasmplugin-test (RUST)	UNKNOWN STEP	2026-09-23T08:22:28.5279990Z 
higress-wasmplugin-test (RUST)	UNKNOWN STEP	2026-09-23T08:22:28.5280276Z 2026-09-23T08:22:28.527323Z	info	building for architectures: [linux/amd64]
higress-wasmplugin-test (RUST)	UNKNOWN STEP	2026-09-23T08:22:28.5280934Z 2026-09-23T08:22:28.527569Z	info	Running make for linux/amd64: pilot-discovery init
higress-wasmplugin-test (RUST)	UNKNOWN STEP	2026-09-23T08:22:28.5281884Z 2026-09-23T08:22:28.527642Z	info	env: [TARGET_OS=linux TARGET_ARCH=amd64 TARGET_OUT=/work/out/linux_amd64 TARGET_OUT_LINUX=/work/out/linux_amd64]
higress-wasmplugin-test (RUST)	UNKNOWN STEP	2026-09-23T08:22:28.5595833Z fatal: detected dubious ownership in repository at '/work'
higress-wasmplugin-test (RUST)	UNKNOWN STEP	2026-09-23T08:22:28.5596368Z To add an exception for this directory, call:
higress-wasmplugin-test (RUST)	UNKNOWN STEP	2026-09-23T08:22:28.5596556Z 
higress-wasmplugin-test (RUST)	UNKNOWN STEP	2026-09-23T08:22:28.5596711Z 	git config --global --add safe.directory /work
higress-wasmplugin-test (RUST)	UNKNOWN STEP	2026-09-23T08:22:28.6401503Z GOOS=linux GOARCH=amd64 LDFLAGS='-X github.com/alibaba/higress/v2/pkg/cmd/lversion.higressVersion=v2.2.4 -X github.com/alibaba/higress/v2/pkg/cmd/lversion.gitCommitID=a01636191d45d3bda350611b95f6d2363482dac2 -extldflags -static -s -w' common/scripts/gobuild.sh /work/out/linux_amd64/ -tags=vtprotobuf,disable_pgv ./pilot/cmd/pilot-discovery
higress-wasmplugin-test (RUST)	UNKNOWN STEP	2026-09-23T08:22:28.6543379Z fatal: detected dubious ownership in repository at '/work'
higress-wasmplugin-test (RUST)	UNKNOWN STEP	2026-09-23T08:22:28.6544102Z To add an exception for this directory, call:
higress-wasmplugin-test (RUST)	UNKNOWN STEP	2026-09-23T08:22:28.6544590Z 
higress-wasmplugin-test (RUST)	UNKNOWN STEP	2026-09-23T08:22:28.6544870Z 	git config --global --add safe.directory /work
higress-wasmplugin-test (RUST)	UNKNOWN STEP	2026-09-23T08:22:28.6555203Z fatal: detected dubious ownership in repository at '/work'
higress-wasmplugin-test (RUST)	UNKNOWN STEP	2026-09-23T08:22:28.6555723Z To add an exception for this directory, call:
higress-wasmplugin-test (RUST)	UNKNOWN STEP	2026-09-23T08:22:28.6556008Z 
higress-wasmplugin-test (RUST)	UNKNOWN STEP	2026-09-23T08:22:28.6556213Z 	git config --global --add safe.directory /work
higress-wasmplugin-test (RUST)	UNKNOWN STEP	2026-09-23T08:22:28.7235969Z go: downloading go.uber.org/atomic v1.11.0
higress-wasmplugin-test (RUST)	UNKNOWN STEP	2026-09-23T08:22:28.7243359Z go: downloading k8s.io/apimachinery v0.34.1
higress-wasmplugin-test (RUST)	UNKNOWN STEP	2026-09-23T08:22:28.7262353Z go: downloading github.com/google/cel-go v0.26.0
higress-wasmplugin-test (RUST)	UNKNOWN STEP	2026-09-23T08:22:28.7276434Z go: downloading github.com/hashicorp/go-multierror v1.1.1
higress-wasmplugin-test (RUST)	UNKNOWN STEP	2026-09-23T08:22:28.8848097Z go: downloading github.com/lestrrat-go/jwx v1.2.31
higress-wasmplugin-test (RUST)	UNKNOWN STEP	2026-09-23T08:22:28.9249344Z go: downloading github.com/higress-group/api v0.0.0-20260211054508-efc0fe428ccc
higress-wasmplugin-test (RUST)	UNKNOWN STEP	2026-09-23T08:22:29.0870848Z go: downloading github.com/gorilla/mux v1.8.1
higress-wasmplugin-test (RUST)	UNKNOWN STEP	2026-09-23T08:22:29.0871478Z go: downloading github.com/fsnotify/fsnotify v1.9.0
higress-wasmplugin-test (RUST)	UNKNOWN STEP	2026-09-23T08:22:29.0872116Z go: downloading github.com/grpc-ecosystem/go-grpc-prometheus v1.2.0
higress-wasmplugin-test (RUST)	UNKNOWN STEP	2026-09-23T08:22:29.1237941Z go: downloading k8s.io/api v0.34.1
higress-wasmplugin-test (RUST)	UNKNOWN STEP	2026-09-23T08:22:29.1337177Z go: downloading k8s.io/client-go v0.34.1
higress-wasmplugin-test (RUST)	UNKNOWN STEP	2026-09-23T08:22:29.1481012Z go: downloading github.com/cpuguy83/go-md2man/v2 v2.0.7
higress-wasmplugin-test (RUST)	UNKNOWN STEP	2026-09-23T08:22:29.1485339Z go: downloading go.yaml.in/yaml/v3 v3.0.4
higress-wasmplugin-test (RUST)	UNKNOWN STEP	2026-09-23T08:22:29.2120674Z go: downloading github.com/hashicorp/errwrap v1.1.0
higress-wasmplugin-test (RUST)	UNKNOWN STEP	2026-09-23T08:22:29.2144875Z go: downloading github.com/lestrrat-go/backoff/v2 v2.0.8
higress-wasmplugin-test (RUST)	UNKNOWN STEP	2026-09-23T08:22:29.2514210Z go: downloading github.com/lestrrat-go/blackmagic v1.0.3
higress-wasmplugin-test (RUST)	UNKNOWN STEP	2026-09-23T08:22:29.2571323Z go: downloading github.com/lestrrat-go/httpcc v1.0.1
higress-wasmplugin-test (RUST)	UNKNOWN STEP	2026-09-23T08:22:29.2928061Z go: downloading github.com/lestrrat-go/iter v1.0.2
higress-wasmplugin-test (RUST)	UNKNOWN STEP	2026-09-23T08:22:29.3338959Z go: downloading github.com/lestrrat-go/option v1.0.1
higress-wasmplugin-test (RUST)	UNKNOWN STEP	2026-09-23T08:22:29.3339990Z go: downloading cel.dev/expr v0.25.1
higress-wasmplugin-test (RUST)	UNKNOWN STEP	2026-09-23T08:22:29.3841637Z go: downloading github.com/golang/protobuf v1.5.4
higress-wasmplugin-test (RUST)	UNKNOWN STEP	2026-09-23T08:22:29.4536871Z go: downloading github.com/higress-group/client-go v0.0.0-20251013085901-09ed8dc4e748
higress-wasmplugin-test (RUST)	UNKNOWN STEP	2026-09-23T08:22:29.4560691Z go: downloading github.com/higress-group/go-control-plane/envoy v0.0.0-20260808035359-140755b06167
higress-wasmplugin-test (RUST)	UNKNOWN STEP	2026-09-23T08:22:29.6113631Z go: downloading golang.org/x/time v0.15.0
higress-wasmplugin-test (RUST)	UNKNOWN STEP	2026-09-23T08:22:29.6388607Z go: downloading github.com/evanphx/json-patch/v5 v5.9.11
higress-wasmplugin-test (RUST)	UNKNOWN STEP	2026-09-23T08:22:29.6527227Z go: downloading gomodules.xyz/jsonpatch/v2 v2.5.0
higress-wasmplugin-test (RUST)	UNKNOWN STEP	2026-09-23T08:22:29.6874779Z go: downloading k8s.io/apiextensions-apiserver v0.34.1
higress-wasmplugin-test (RUST)	UNKNOWN STEP	2026-09-23T08:22:29.7199720Z go: downloading sigs.k8s.io/gateway-api-inference-extension v1.1.0
higress-wasmplugin-test (RUST)	UNKNOWN STEP	2026-09-23T08:22:29.7200337Z go: downloading sigs.k8s.io/gateway-api v1.6.0
higress-wasmplugin-test (RUST)	UNKNOWN STEP	2026-09-23T08:22:30.0899565Z go: downloading k8s.io/apiserver v0.34.1
higress-wasmplugin-test (RUST)	UNKNOWN STEP	2026-09-23T08:22:30.0900232Z go: downloading github.com/grpc-ecosystem/go-grpc-middleware v1.4.0
higress-wasmplugin-test (RUST)	UNKNOWN STEP	2026-09-23T08:22:30.1738145Z go: downloading github.com/cncf/xds/go v0.0.0-20251110193048-8bfbf64dc13e
higress-wasmplugin-test (RUST)	UNKNOWN STEP	2026-09-23T08:22:30.2327378Z go: downloading github.com/higress-group/go-control-plane v0.0.0-20260808035359-140755b06167
higress-wasmplugin-test (RUST)	UNKNOWN STEP	2026-09-23T08:22:30.3044972Z go: downloading github.com/google/go-cmp v0.7.0
higress-wasmplugin-test (RUST)	UNKNOWN STEP	2026-09-23T08:22:30.3046481Z go: downloading github.com/hashicorp/golang-lru/v2 v2.0.7
higress-wasmplugin-test (RUST)	UNKNOWN STEP	2026-09-23T08:22:30.3461190Z go: downloading github.com/miekg/dns v1.1.72
higress-wasmplugin-test (RUST)	UNKNOWN STEP	2026-09-23T08:22:30.3568515Z go: downloading github.com/Masterminds/sprig/v3 v3.3.0
higress-wasmplugin-test (RUST)	UNKNOWN STEP	2026-09-23T08:22:30.3576475Z go: downloading github.com/higress-group/go-control-plane/contrib v0.0.0-20260808035359-140755b06167
higress-wasmplugin-test (RUST)	UNKNOWN STEP	2026-09-23T08:22:30.3991392Z go: downloading github.com/yl2chen/cidranger v1.0.2
higress-wasmplugin-test (RUST)	UNKNOWN STEP	2026-09-23T08:22:30.4145076Z go: downloading sigs.k8s.io/mcs-api v0.1.1-0.20240624222831-d7001fe1d21c
higress-wasmplugin-test (RUST)	UNKNOWN STEP	2026-09-23T08:22:30.4297053Z go: downloading github.com/hashicorp/go-version v1.7.0
higress-wasmplugin-test (RUST)	UNKNOWN STEP	2026-09-23T08:22:30.4297736Z go: downloading github.com/openshift/api v0.0.0-20250507150912-7318813e48da
higress-wasmplugin-test (RUST)	UNKNOWN STEP	2026-09-23T08:22:30.4637145Z go: downloading github.com/prometheus/prometheus v0.307.1
higress-wasmplugin-test (RUST)	UNKNOWN STEP	2026-09-23T08:22:30.4725092Z go: downloading k8s.io/utils v0.0.0-20260319190234-28399d86e0b5
higress-wasmplugin-test (RUST)	UNKNOWN STEP	2026-09-23T08:22:30.5355758Z go: downloading github.com/Masterminds/semver/v3 v3.4.0
higress-wasmplugin-test (RUST)	UNKNOWN STEP	2026-09-23T08:22:30.5767837Z go: downloading github.com/grpc-ecosystem/go-grpc-middleware/v2 v2.3.3
higress-wasmplugin-test (RUST)	UNKNOWN STEP	2026-09-23T08:22:30.6385101Z go: downloading github.com/go-jose/go-jose/v4 v4.1.0
higress-wasmplugin-test (RUST)	UNKNOWN STEP	2026-09-23T08:22:30.6948548Z go: downloading github.com/alecholmes/xfccparser v0.4.0
higress-wasmplugin-test (RUST)	UNKNOWN STEP	2026-09-23T08:22:30.7343460Z go: downloading github.com/coreos/go-oidc/v3 v3.14.1
higress-wasmplugin-test (RUST)	UNKNOWN STEP	2026-09-23T08:22:30.7785019Z go: downloading sigs.k8s.io/randfill v1.0.0
higress-wasmplugin-test (RUST)	UNKNOWN STEP	2026-09-23T08:22:30.8374499Z go: downloading github.com/russross/blackfriday/v2 v2.1.0
higress-wasmplugin-test (RUST)	UNKNOWN STEP	2026-09-23T08:22:30.8979019Z go: downloading golang.org/x/crypto v0.51.0
higress-wasmplugin-test (RUST)	UNKNOWN STEP	2026-09-23T08:22:30.9543992Z go: downloading github.com/stoewer/go-strcase v1.3.0
higress-wasmplugin-test (RUST)	UNKNOWN STEP	2026-09-23T08:22:30.9547613Z go: downloading github.com/antlr4-go/antlr/v4 v4.13.1
higress-wasmplugin-test (RUST)	UNKNOWN STEP	2026-09-23T08:22:31.0010491Z go: downloading sigs.k8s.io/structured-merge-diff/v6 v6.4.0
higress-wasmplugin-test (RUST)	UNKNOWN STEP	2026-09-23T08:22:31.0078086Z go: downloading sigs.k8s.io/json v0.0.0-20250730193827-2d320260d730
higress-wasmplugin-test (RUST)	UNKNOWN STEP	2026-09-23T08:22:31.0338072Z go: downloading golang.org/x/oauth2 v0.36.0
higress-wasmplugin-test (RUST)	UNKNOWN STEP	2026-09-23T08:22:31.0466372Z go: downloading k8s.io/kube-openapi v0.0.0-20260501160325-927ab1f70cd6
higress-wasmplugin-test (RUST)	UNKNOWN STEP	2026-09-23T08:22:31.0702612Z go: downloading github.com/envoyproxy/protoc-gen-validate v1.3.0
higress-wasmplugin-test (RUST)	UNKNOWN STEP	2026-09-23T08:22:31.1182845Z go: downloading dario.cat/mergo v1.0.2
higress-wasmplugin-test (RUST)	UNKNOWN STEP	2026-09-23T08:22:31.1334968Z go: downloading github.com/Masterminds/goutils v1.1.1
higress-wasmplugin-test (RUST)	UNKNOWN STEP	2026-09-23T08:22:31.1612254Z go: downloading github.com/huandu/xstrings v1.5.0
higress-wasmplugin-test (RUST)	UNKNOWN STEP	2026-09-23T08:22:31.1738917Z go: downloading github.com/mitchellh/copystructure v1.2.0
higress-wasmplugin-test (RUST)	UNKNOWN STEP	2026-09-23T08:22:31.2015629Z go: downloading github.com/shopspring/decimal v1.4.0
higress-wasmplugin-test (RUST)	UNKNOWN STEP	2026-09-23T08:22:31.2126303Z go: downloading github.com/spf13/cast v1.8.0
higress-wasmplugin-test (RUST)	UNKNOWN STEP	2026-09-23T08:22:31.2270589Z go: downloading github.com/cenkalti/backoff/v4 v4.3.0
higress-wasmplugin-test (RUST)	UNKNOWN STEP	2026-09-23T08:22:31.2314128Z go: downloading github.com/ryanuber/go-glob v1.0.0
higress-wasmplugin-test (RUST)	UNKNOWN STEP	2026-09-23T08:22:31.2445758Z go: downloading github.com/moby/spdystream v0.5.1
higress-wasmplugin-test (RUST)	UNKNOWN STEP	2026-09-23T08:22:31.2530387Z go: downloading github.com/google/gnostic-models v0.7.1
higress-wasmplugin-test (RUST)	UNKNOWN STEP	2026-09-23T08:22:31.2706239Z go: downloading github.com/gregjones/httpcache v0.0.0-20190611155906-901d90724c79
higress-wasmplugin-test (RUST)	UNKNOWN STEP	2026-09-23T08:22:31.2744682Z go: downloading github.com/peterbourgon/diskv v2.0.1+incompatible
higress-wasmplugin-test (RUST)	UNKNOWN STEP	2026-09-23T08:22:31.2876937Z go: downloading gopkg.in/evanphx/json-patch.v4 v4.13.0
higress-wasmplugin-test (RUST)	UNKNOWN STEP	2026-09-23T08:22:31.3074074Z go: downloading golang.org/x/term v0.43.0
higress-wasmplugin-test (RUST)	UNKNOWN STEP	2026-09-23T08:22:31.3117205Z go: downloading github.com/gorilla/websocket v1.5.4-0.20250319132907-e064f32e3674
higress-wasmplugin-test (RUST)	UNKNOWN STEP	2026-09-23T08:22:31.3164695Z go: downloading github.com/alecthomas/participle/v2 v2.1.4
higress-wasmplugin-test (RUST)	UNKNOWN STEP	2026-09-23T08:22:31.3479846Z go: downloading gopkg.in/inf.v0 v0.9.1
higress-wasmplugin-test (RUST)	UNKNOWN STEP	2026-09-23T08:22:31.3599609Z go: downloading golang.org/x/exp v0.0.0-20230713183714-613f0c0eb8a1
higress-wasmplugin-test (RUST)	UNKNOWN STEP	2026-09-23T08:22:31.3640529Z go: downloading github.com/grafana/regexp v0.0.0-20250905093917-f7b3be9d1853
higress-wasmplugin-test (RUST)	UNKNOWN STEP	2026-09-23T08:22:31.3641179Z go: downloading github.com/fxamacker/cbor/v2 v2.9.1
higress-wasmplugin-test (RUST)	UNKNOWN STEP	2026-09-23T08:22:31.3917805Z go: downloading github.com/davecgh/go-spew v1.1.2-0.20180830191138-d8f796af33cc
higress-wasmplugin-test (RUST)	UNKNOWN STEP	2026-09-23T08:22:31.4230373Z go: downloading github.com/json-iterator/go v1.1.12
higress-wasmplugin-test (RUST)	UNKNOWN STEP	2026-09-23T08:22:31.4326243Z go: downloading github.com/tetratelabs/wazero v1.9.0
higress-wasmplugin-test (RUST)	UNKNOWN STEP	2026-09-23T08:22:31.4370517Z go: downloading github.com/mitchellh/reflectwalk v1.0.2
higress-wasmplugin-test (RUST)	UNKNOWN STEP	2026-09-23T08:22:31.4515375Z go: downloading github.com/go-openapi/jsonreference v0.21.5
higress-wasmplugin-test (RUST)	UNKNOWN STEP	2026-09-23T08:22:31.4762087Z go: downloading github.com/go-openapi/swag v0.26.0
higress-wasmplugin-test (RUST)	UNKNOWN STEP	2026-09-23T08:22:31.4802144Z go: downloading gopkg.in/yaml.v3 v3.0.1
higress-wasmplugin-test (RUST)	UNKNOWN STEP	2026-09-23T08:22:31.4954131Z go: downloading github.com/mxk/go-flowrate v0.0.0-20140419014527-cca7078d478f
higress-wasmplugin-test (RUST)	UNKNOWN STEP	2026-09-23T08:22:31.7235879Z go: downloading github.com/pmezard/go-difflib v1.0.1-0.20181226105442-5d4384ee4fb2
higress-wasmplugin-test (RUST)	UNKNOWN STEP	2026-09-23T08:22:31.7271717Z go: downloading github.com/google/btree v1.1.3
higress-wasmplugin-test (RUST)	UNKNOWN STEP	2026-09-23T08:22:31.7299592Z go: downloading github.com/x448/float16 v0.8.4
higress-wasmplugin-test (RUST)	UNKNOWN STEP	2026-09-23T08:22:31.7641413Z go: downloading github.com/modern-go/concurrent v0.0.0-20180306012644-bacd9c7ef1dd
higress-wasmplugin-test (RUST)	UNKNOWN STEP	2026-09-23T08:22:31.7677026Z go: downloading github.com/modern-go/reflect2 v1.0.3-0.20250322232337-35a7c28c31ee
higress-wasmplugin-test (RUST)	UNKNOWN STEP	2026-09-23T08:22:31.7692802Z go: downloading github.com/go-openapi/jsonpointer v0.23.1
higress-wasmplugin-test (RUST)	UNKNOWN STEP	2026-09-23T08:22:31.8040707Z go: downloading github.com/go-openapi/swag/cmdutils v0.26.0
higress-wasmplugin-test (RUST)	UNKNOWN STEP	2026-09-23T08:22:31.8094738Z go: downloading github.com/go-openapi/swag/conv v0.26.0
higress-wasmplugin-test (RUST)	UNKNOWN STEP	2026-09-23T08:22:31.8141713Z go: downloading github.com/go-openapi/swag/fileutils v0.26.0
higress-wasmplugin-test (RUST)	UNKNOWN STEP	2026-09-23T08:22:31.8427785Z go: downloading github.com/go-openapi/swag/jsonname v0.26.0
higress-wasmplugin-test (RUST)	UNKNOWN STEP	2026-09-23T08:22:31.8487257Z go: downloading github.com/go-openapi/swag/jsonutils v0.26.0
higress-wasmplugin-test (RUST)	UNKNOWN STEP	2026-09-23T08:22:31.8600618Z go: downloading github.com/go-openapi/swag/loading v0.26.0
higress-wasmplugin-test (RUST)	UNKNOWN STEP	2026-09-23T08:22:31.8874752Z go: downloading github.com/go-openapi/swag/mangling v0.26.0
higress-wasmplugin-test (RUST)	UNKNOWN STEP	2026-09-23T08:22:31.8912854Z go: downloading github.com/go-openapi/swag/netutils v0.26.0
higress-wasmplugin-test (RUST)	UNKNOWN STEP	2026-09-23T08:22:31.9148209Z go: downloading github.com/go-openapi/swag/stringutils v0.26.0
higress-wasmplugin-test (RUST)	UNKNOWN STEP	2026-09-23T08:22:31.9342634Z go: downloading github.com/go-openapi/swag/typeutils v0.26.0
higress-wasmplugin-test (RUST)	UNKNOWN STEP	2026-09-23T08:22:31.9405008Z go: downloading github.com/go-openapi/swag/yamlutils v0.26.0
higress-wasmplugin-test (RUST)	UNKNOWN STEP	2026-09-23T08:22:31.9610313Z go: downloading cloud.google.com/go/compute/metadata v0.8.4
higress-wasmplugin-test (RUST)	UNKNOWN STEP	2026-09-23T08:22:31.9797708Z go: downloading github.com/emicklei/go-restful/v3 v3.13.0
higress-wasmplugin-test (RUST)	UNKNOWN STEP	2026-09-23T08:22:31.9924159Z go: downloading cloud.google.com/go v0.120.0
higress-wasmplugin-test (RUST)	UNKNOWN STEP	2026-09-23T08:24:34.8894902Z 
higress-wasmplugin-test (RUST)	UNKNOWN STEP	2026-09-23T08:24:34.8895639Z real	2m6.233s
higress-wasmplugin-test (RUST)	UNKNOWN STEP	2026-09-23T08:24:34.8896034Z user	6m38.107s
higress-wasmplugin-test (RUST)	UNKNOWN STEP	2026-09-23T08:24:34.8896412Z sys	0m46.975s
higress-wasmplugin-test (RUST)	UNKNOWN STEP	2026-09-23T08:24:34.8974738Z TARGET_OUT=/work/out/linux_amd64 ISTIO_BIN=/bin GOOS_LOCAL=linux bin/retry.sh SSL_ERROR_SYSCALL bin/init.sh
higress-wasmplugin-test (RUST)	UNKNOWN STEP	2026-09-23T08:24:34.9156695Z Skipping envoy debug. Set DEBUG_IMAGE to download.
higress-wasmplugin-test (RUST)	UNKNOWN STEP	2026-09-23T08:24:34.9195315Z /work/out/linux_amd64/release /work
higress-wasmplugin-test (RUST)	UNKNOWN STEP	2026-09-23T08:24:34.9196715Z Downloading envoy: https://github.com/higress-group/proxy/releases/download/v2.2.4-test-envoy-1.36.10/envoy-symbol-amd64.tar.gz to /work/out/linux_amd64/release/envoy-1a53bf14a57976dd0f509752b748caf3b1125d54
higress-wasmplugin-test (RUST)	UNKNOWN STEP	2026-09-23T08:24:39.6424153Z 
higress-wasmplugin-test (RUST)	UNKNOWN STEP	2026-09-23T08:24:39.6424561Z real	0m4.723s
higress-wasmplugin-test (RUST)	UNKNOWN STEP	2026-09-23T08:24:39.6424802Z user	0m3.906s
higress-wasmplugin-test (RUST)	UNKNOWN STEP	2026-09-23T08:24:39.6424993Z sys	0m1.203s
higress-wasmplugin-test (RUST)	UNKNOWN STEP	2026-09-23T08:24:39.6448125Z Copying /work/out/linux_amd64/release/envoy-1a53bf14a57976dd0f509752b748caf3b1125d54 to /work/out/linux_amd64/release/envoy
higress-wasmplugin-test (RUST)	UNKNOWN STEP	2026-09-23T08:24:40.0856495Z /work
higress-wasmplugin-test (RUST)	UNKNOWN STEP	2026-09-23T08:24:42.7703389Z Copying /work/out/linux_amd64/release/envoy-1a53bf14a57976dd0f509752b748caf3b1125d54 to /work/out/linux_amd64/envoy
higress-wasmplugin-test (RUST)	UNKNOWN STEP	2026-09-23T08:24:42.7704060Z touch /work/out/linux_amd64/istio_is_init
higress-wasmplugin-test (RUST)	UNKNOWN STEP	2026-09-23T08:24:42.7722890Z TARGET_OUT=/work/out/linux_amd64 bin/build_ztunnel.sh
higress-wasmplugin-test (RUST)	UNKNOWN STEP	2026-09-23T08:24:42.7964220Z /work/out/linux_amd64/release /work
higress-wasmplugin-test (RUST)	UNKNOWN STEP	2026-09-23T08:24:42.7965623Z Downloading ztunnel: https://storage.googleapis.com/istio-build/ztunnel/ztunnel-75376478762decb918ea884603b2852b1568b015-amd64 to /work/out/linux_amd64/release/ztunnel-75376478762decb918ea884603b2852b1568b015
higress-wasmplugin-test (RUST)	UNKNOWN STEP	2026-09-23T08:24:43.3754860Z 
higress-wasmplugin-test (RUST)	UNKNOWN STEP	2026-09-23T08:24:43.3755361Z real	0m0.579s
higress-wasmplugin-test (RUST)	UNKNOWN STEP	2026-09-23T08:24:43.3755669Z user	0m0.068s
higress-wasmplugin-test (RUST)	UNKNOWN STEP	2026-09-23T08:24:43.3755880Z sys	0m0.041s
higress-wasmplugin-test (RUST)	UNKNOWN STEP	2026-09-23T08:24:43.3781033Z Copying /work/out/linux_amd64/release/ztunnel-75376478762decb918ea884603b2852b1568b015 to /work/out/linux_amd64/release/ztunnel
higress-wasmplugin-test (RUST)	UNKNOWN STEP	2026-09-23T08:24:43.4129051Z /work
higress-wasmplugin-test (RUST)	UNKNOWN STEP	2026-09-23T08:24:43.4129618Z Copying '/work/out/linux_amd64/release/ztunnel-75376478762decb918ea884603b2852b1568b015' to /work/out/linux_amd64/ztunnel
higress-wasmplugin-test (RUST)	UNKNOWN STEP	2026-09-23T08:24:43.4621807Z 2026-09-23T08:24:43.461562Z	info	Running command: tools/docker-copy.sh pilot/docker/Dockerfile.pilot tools/packaging/common/envoy_bootstrap.json tools/packaging/common/higress-pilot-start.sh /work/out/linux_amd64/pilot-discovery /work/out/linux_amd64/dockerx_build/build.docker.pilot
higress-wasmplugin-test (RUST)	UNKNOWN STEP	2026-09-23T08:24:43.9299556Z 2026-09-23T08:24:43.929364Z	info	make complete	runtime=2m15.401779198s
higress-wasmplugin-test (RUST)	UNKNOWN STEP	2026-09-23T08:24:43.9300184Z 2026-09-23T08:24:43.929543Z	info	Running command: docker buildx bake -f /work/out/linux_amd64/dockerx_build/docker-bake.json all
higress-wasmplugin-test (RUST)	UNKNOWN STEP	2026-09-23T08:24:44.4853254Z #0 building with "default" instance using docker driver
higress-wasmplugin-test (RUST)	UNKNOWN STEP	2026-09-23T08:24:44.4853538Z 
higress-wasmplugin-test (RUST)	UNKNOWN STEP	2026-09-23T08:24:44.4853702Z #1 [internal] load build definition from Dockerfile.pilot
higress-wasmplugin-test (RUST)	UNKNOWN STEP	2026-09-23T08:24:44.7527583Z #1 transferring dockerfile:
higress-wasmplugin-test (RUST)	UNKNOWN STEP	2026-09-23T08:24:44.8938595Z #1 transferring dockerfile: 998B done
higress-wasmplugin-test (RUST)	UNKNOWN STEP	2026-09-23T08:24:44.8939008Z #1 DONE 0.5s
higress-wasmplugin-test (RUST)	UNKNOWN STEP	2026-09-23T08:24:45.0450092Z 
higress-wasmplugin-test (RUST)	UNKNOWN STEP	2026-09-23T08:24:45.0450849Z #2 [internal] load metadata for higress-registry.cn-hangzhou.cr.aliyuncs.com/higress/base:2023-07-20T20-50-43
higress-wasmplugin-test (RUST)	UNKNOWN STEP	2026-09-23T08:24:48.3524968Z #2 DONE 3.3s
higress-wasmplugin-test (RUST)	UNKNOWN STEP	2026-09-23T08:24:48.3525159Z 
higress-wasmplugin-test (RUST)	UNKNOWN STEP	2026-09-23T08:24:48.3525330Z #3 [internal] load .dockerignore
higress-wasmplugin-test (RUST)	UNKNOWN STEP	2026-09-23T08:24:48.5028165Z #3 transferring context: 2B done
higress-wasmplugin-test (RUST)	UNKNOWN STEP	2026-09-23T08:24:49.0958903Z #3 DONE 0.8s
higress-wasmplugin-test (RUST)	UNKNOWN STEP	2026-09-23T08:24:49.3588965Z 
higress-wasmplugin-test (RUST)	UNKNOWN STEP	2026-09-23T08:24:49.3589698Z #4 [internal] load build context
higress-wasmplugin-test (RUST)	UNKNOWN STEP	2026-09-23T08:24:49.3590018Z #4 DONE 0.0s
higress-wasmplugin-test (RUST)	UNKNOWN STEP	2026-09-23T08:24:49.3590133Z 
higress-wasmplugin-test (RUST)	UNKNOWN STEP	2026-09-23T08:24:49.3590660Z #5 [debug 1/1] FROM higress-registry.cn-hangzhou.cr.aliyuncs.com/higress/base:2023-07-20T20-50-43@sha256:043f4fd9072974da11e51736521eb7118cf159bf6872a1a00a90f1efe85764b6
higress-wasmplugin-test (RUST)	UNKNOWN STEP	2026-09-23T08:24:49.3591621Z #5 resolve higress-registry.cn-hangzhou.cr.aliyuncs.com/higress/base:2023-07-20T20-50-43@sha256:043f4fd9072974da11e51736521eb7118cf159bf6872a1a00a90f1efe85764b6
higress-wasmplugin-test (RUST)	UNKNOWN STEP	2026-09-23T08:24:50.7113744Z #5 resolve higress-registry.cn-hangzhou.cr.aliyuncs.com/higress/base:2023-07-20T20-50-43@sha256:043f4fd9072974da11e51736521eb7118cf159bf6872a1a00a90f1efe85764b6 1.4s done
higress-wasmplugin-test (RUST)	UNKNOWN STEP	2026-09-23T08:24:50.7114751Z #5 CACHED
higress-wasmplugin-test (RUST)	UNKNOWN STEP	2026-09-23T08:24:50.7114875Z 
higress-wasmplugin-test (RUST)	UNKNOWN STEP	2026-09-23T08:24:50.7114982Z #4 [internal] load build context
higress-wasmplugin-test (RUST)	UNKNOWN STEP	2026-09-23T08:24:51.7267878Z #4 transferring context: 113.56MB 0.4s done
higress-wasmplugin-test (RUST)	UNKNOWN STEP	2026-09-23T08:24:52.0270180Z #4 DONE 1.3s
higress-wasmplugin-test (RUST)	UNKNOWN STEP	2026-09-23T08:24:52.0270371Z 
higress-wasmplugin-test (RUST)	UNKNOWN STEP	2026-09-23T08:24:52.0270621Z #6 [stage-2 1/3] COPY amd64/pilot-discovery /usr/local/bin/pilot-discovery
higress-wasmplugin-test (RUST)	UNKNOWN STEP	2026-09-23T08:24:55.7843036Z #6 DONE 3.8s
higress-wasmplugin-test (RUST)	UNKNOWN STEP	2026-09-23T08:24:55.7843239Z 
higress-wasmplugin-test (RUST)	UNKNOWN STEP	2026-09-23T08:24:55.7843507Z #7 [stage-2 2/3] COPY higress-pilot-start.sh /usr/local/bin/higress-pilot-start.sh
higress-wasmplugin-test (RUST)	UNKNOWN STEP	2026-09-23T08:24:55.7844085Z #7 DONE 0.0s
higress-wasmplugin-test (RUST)	UNKNOWN STEP	2026-09-23T08:24:55.7844218Z 
higress-wasmplugin-test (RUST)	UNKNOWN STEP	2026-09-23T08:24:55.7844402Z #8 [stage-2 3/3] RUN chmod +x /usr/local/bin/higress-pilot-start.sh
higress-wasmplugin-test (RUST)	UNKNOWN STEP	2026-09-23T08:24:55.9405013Z #8 DONE 0.1s
higress-wasmplugin-test (RUST)	UNKNOWN STEP	2026-09-23T08:24:55.9405652Z 
higress-wasmplugin-test (RUST)	UNKNOWN STEP	2026-09-23T08:24:55.9406011Z #9 exporting to image
higress-wasmplugin-test (RUST)	UNKNOWN STEP	2026-09-23T08:24:55.9406844Z #9 exporting layers
higress-wasmplugin-test (RUST)	UNKNOWN STEP	2026-09-23T08:24:56.2136466Z #9 exporting layers 0.4s done
higress-wasmplugin-test (RUST)	UNKNOWN STEP	2026-09-23T08:24:56.2358785Z #9 writing image sha256:4c4a2a1359aed5dc6e224349fc8222e56107164a39c6aa17e7f0762e33900c42 done
higress-wasmplugin-test (RUST)	UNKNOWN STEP	2026-09-23T08:24:56.2359846Z #9 naming to higress-registry.cn-hangzhou.cr.aliyuncs.com/higress/pilot:a01636191d45d3bda350611b95f6d2363482dac2 done
higress-wasmplugin-test (RUST)	UNKNOWN STEP	2026-09-23T08:24:56.2361746Z #9 DONE 0.4s
higress-wasmplugin-test (RUST)	UNKNOWN STEP	2026-09-23T08:24:56.2386710Z 2026-09-23T08:24:56.238235Z	info	images complete	runtime=12.308797386s
higress-wasmplugin-test (RUST)	UNKNOWN STEP	2026-09-23T08:24:56.2387285Z 2026-09-23T08:24:56.238329Z	info	build complete	runtime=2m27.71158707s
higress-wasmplugin-test (RUST)	UNKNOWN STEP	2026-09-23T08:24:56.2805893Z make[1]: Leaving directory '/home/runner/work/higress/higress/external/istio'
higress-wasmplugin-test (RUST)	UNKNOWN STEP	2026-09-23T08:24:56.3173743Z tools/hack/kind-load-image.sh higress-registry.cn-hangzhou.cr.aliyuncs.com/higress/higress a01636191d45d3bda350611b95f6d2363482dac2
higress-wasmplugin-test (RUST)	UNKNOWN STEP	2026-09-23T08:24:56.3481332Z Loading image higress-registry.cn-hangzhou.cr.aliyuncs.com/higress/higress:a01636191d45d3bda350611b95f6d2363482dac2 to kind cluster higress...
higress-wasmplugin-test (RUST)	UNKNOWN STEP	2026-09-23T08:24:56.6059684Z Image: "" with ID "sha256:a5c06432d54056c3723ada1ab4c423f5573888c0880d614da937c54da63f9e74" not yet present on node "higress-control-plane", loading...
higress-wasmplugin-test (RUST)	UNKNOWN STEP	2026-09-23T08:25:03.2906536Z tools/hack/docker-pull-image.sh higress-registry.cn-hangzhou.cr.aliyuncs.com/higress/gateway 6fad1fa9aca8bc8a055a4c65d66a125c791cff10
higress-wasmplugin-test (RUST)	UNKNOWN STEP	2026-09-23T08:25:03.2925869Z Pulling image higress-registry.cn-hangzhou.cr.aliyuncs.com/higress/gateway:6fad1fa9aca8bc8a055a4c65d66a125c791cff10 to local ...
higress-wasmplugin-test (RUST)	UNKNOWN STEP	2026-09-23T08:25:06.8620915Z 6fad1fa9aca8bc8a055a4c65d66a125c791cff10: Pulling from higress/gateway
higress-wasmplugin-test (RUST)	UNKNOWN STEP	2026-09-23T08:25:06.8621528Z 3153aa388d02: Already exists
higress-wasmplugin-test (RUST)	UNKNOWN STEP	2026-09-23T08:25:06.8640723Z 54caf5b3a5e2: Already exists
higress-wasmplugin-test (RUST)	UNKNOWN STEP	2026-09-23T08:25:06.8662711Z 7b5da4110036: Already exists
higress-wasmplugin-test (RUST)	UNKNOWN STEP	2026-09-23T08:25:06.8687105Z 0cc32659cde8: Pulling fs layer
higress-wasmplugin-test (RUST)	UNKNOWN STEP	2026-09-23T08:25:06.8687713Z 5b7c092881de: Pulling fs layer
higress-wasmplugin-test (RUST)	UNKNOWN STEP	2026-09-23T08:25:06.8688087Z 606294ec275d: Pulling fs layer
higress-wasmplugin-test (RUST)	UNKNOWN STEP	2026-09-23T08:25:06.8688514Z fc09ba6f5202: Pulling fs layer
higress-wasmplugin-test (RUST)	UNKNOWN STEP	2026-09-23T08:25:06.8689137Z 44c0a4212730: Pulling fs layer
higress-wasmplugin-test (RUST)	UNKNOWN STEP	2026-09-23T08:25:06.8689600Z e9a2cd67e5e1: Pulling fs layer
higress-wasmplugin-test (RUST)	UNKNOWN STEP	2026-09-23T08:25:06.8690073Z 292a6d90a342: Pulling fs layer
higress-wasmplugin-test (RUST)	UNKNOWN STEP	2026-09-23T08:25:06.8690432Z 0576724877e6: Pulling fs layer
higress-wasmplugin-test (RUST)	UNKNOWN STEP	2026-09-23T08:25:06.8690734Z 93707a7fe8bd: Pulling fs layer
higress-wasmplugin-test (RUST)	UNKNOWN STEP	2026-09-23T08:25:06.8691120Z 42ae04c21a9c: Pulling fs layer
higress-wasmplugin-test (RUST)	UNKNOWN STEP	2026-09-23T08:25:06.8691464Z bb0ccb968da1: Pulling fs layer
higress-wasmplugin-test (RUST)	UNKNOWN STEP	2026-09-23T08:25:06.8691766Z fc09ba6f5202: Waiting
higress-wasmplugin-test (RUST)	UNKNOWN STEP	2026-09-23T08:25:06.8692051Z 44c0a4212730: Waiting
higress-wasmplugin-test (RUST)	UNKNOWN STEP	2026-09-23T08:25:06.8692324Z e9a2cd67e5e1: Waiting
higress-wasmplugin-test (RUST)	UNKNOWN STEP	2026-09-23T08:25:06.8692601Z 292a6d90a342: Waiting
higress-wasmplugin-test (RUST)	UNKNOWN STEP	2026-09-23T08:25:06.8692868Z 0576724877e6: Waiting
higress-wasmplugin-test (RUST)	UNKNOWN STEP	2026-09-23T08:25:06.8693137Z 93707a7fe8bd: Waiting
higress-wasmplugin-test (RUST)	UNKNOWN STEP	2026-09-23T08:25:06.8693409Z bb0ccb968da1: Waiting
higress-wasmplugin-test (RUST)	UNKNOWN STEP	2026-09-23T08:25:06.8693691Z 42ae04c21a9c: Waiting
higress-wasmplugin-test (RUST)	UNKNOWN STEP	2026-09-23T08:25:08.8604301Z 5b7c092881de: Verifying Checksum
higress-wasmplugin-test (RUST)	UNKNOWN STEP	2026-09-23T08:25:08.8604767Z 5b7c092881de: Download complete
higress-wasmplugin-test (RUST)	UNKNOWN STEP	2026-09-23T08:25:09.4399036Z 0cc32659cde8: Verifying Checksum
higress-wasmplugin-test (RUST)	UNKNOWN STEP	2026-09-23T08:25:09.4399685Z 0cc32659cde8: Download complete
higress-wasmplugin-test (RUST)	UNKNOWN STEP	2026-09-23T08:25:10.5146524Z 0cc32659cde8: Pull complete
higress-wasmplugin-test (RUST)	UNKNOWN STEP	2026-09-23T08:25:10.5257735Z 5b7c092881de: Pull complete
higress-wasmplugin-test (RUST)	UNKNOWN STEP	2026-09-23T08:25:12.6507087Z 44c0a4212730: Verifying Checksum
higress-wasmplugin-test (RUST)	UNKNOWN STEP	2026-09-23T08:25:12.6507459Z 44c0a4212730: Download complete
higress-wasmplugin-test (RUST)	UNKNOWN STEP	2026-09-23T08:25:13.0774983Z fc09ba6f5202: Verifying Checksum
higress-wasmplugin-test (RUST)	UNKNOWN STEP	2026-09-23T08:25:13.0775394Z fc09ba6f5202: Download complete
higress-wasmplugin-test (RUST)	UNKNOWN STEP	2026-09-23T08:25:17.1408184Z 292a6d90a342: Verifying Checksum
higress-wasmplugin-test (RUST)	UNKNOWN STEP	2026-09-23T08:25:17.1408742Z 292a6d90a342: Download complete
higress-wasmplugin-test (RUST)	UNKNOWN STEP	2026-09-23T08:25:18.6626642Z 0576724877e6: Verifying Checksum
higress-wasmplugin-test (RUST)	UNKNOWN STEP	2026-09-23T08:25:18.6627212Z 0576724877e6: Download complete
higress-wasmplugin-test (RUST)	UNKNOWN STEP	2026-09-23T08:25:20.8770863Z 93707a7fe8bd: Verifying Checksum
higress-wasmplugin-test (RUST)	UNKNOWN STEP	2026-09-23T08:25:20.8771281Z 93707a7fe8bd: Download complete
higress-wasmplugin-test (RUST)	UNKNOWN STEP	2026-09-23T08:25:24.7298727Z 42ae04c21a9c: Verifying Checksum
higress-wasmplugin-test (RUST)	UNKNOWN STEP	2026-09-23T08:25:24.7299273Z 42ae04c21a9c: Download complete
higress-wasmplugin-test (RUST)	UNKNOWN STEP	2026-09-23T08:25:24.9926201Z e9a2cd67e5e1: Verifying Checksum
higress-wasmplugin-test (RUST)	UNKNOWN STEP	2026-09-23T08:25:24.9926601Z e9a2cd67e5e1: Download complete
higress-wasmplugin-test (RUST)	UNKNOWN STEP	2026-09-23T08:25:26.0397375Z 606294ec275d: Verifying Checksum
higress-wasmplugin-test (RUST)	UNKNOWN STEP	2026-09-23T08:25:26.0397929Z 606294ec275d: Download complete
higress-wasmplugin-test (RUST)	UNKNOWN STEP	2026-09-23T08:25:26.3171062Z bb0ccb968da1: Verifying Checksum
higress-wasmplugin-test (RUST)	UNKNOWN STEP	2026-09-23T08:25:26.3171565Z bb0ccb968da1: Download complete
higress-wasmplugin-test (RUST)	UNKNOWN STEP	2026-09-23T08:25:32.8156981Z 606294ec275d: Pull complete
higress-wasmplugin-test (RUST)	UNKNOWN STEP	2026-09-23T08:25:33.5169984Z fc09ba6f5202: Pull complete
higress-wasmplugin-test (RUST)	UNKNOWN STEP	2026-09-23T08:25:33.7935270Z 44c0a4212730: Pull complete
higress-wasmplugin-test (RUST)	UNKNOWN STEP	2026-09-23T08:25:35.9353289Z e9a2cd67e5e1: Pull complete
higress-wasmplugin-test (RUST)	UNKNOWN STEP	2026-09-23T08:25:36.0763950Z 292a6d90a342: Pull complete
higress-wasmplugin-test (RUST)	UNKNOWN STEP	2026-09-23T08:25:36.0872407Z 0576724877e6: Pull complete
higress-wasmplugin-test (RUST)	UNKNOWN STEP	2026-09-23T08:25:36.0960325Z 93707a7fe8bd: Pull complete
higress-wasmplugin-test (RUST)	UNKNOWN STEP	2026-09-23T08:25:36.7975859Z 42ae04c21a9c: Pull complete
higress-wasmplugin-test (RUST)	UNKNOWN STEP	2026-09-23T08:25:36.8080187Z bb0ccb968da1: Pull complete
higress-wasmplugin-test (RUST)	UNKNOWN STEP	2026-09-23T08:25:36.8140709Z Digest: sha256:9d5b5ded5e51793037dbc360dc3cb59cd09ebc0ce712a0c0ecf693852902127e
higress-wasmplugin-test (RUST)	UNKNOWN STEP	2026-09-23T08:25:36.8141949Z Status: Downloaded newer image for higress-registry.cn-hangzhou.cr.aliyuncs.com/higress/gateway:6fad1fa9aca8bc8a055a4c65d66a125c791cff10
higress-wasmplugin-test (RUST)	UNKNOWN STEP	2026-09-23T08:25:36.8150800Z higress-registry.cn-hangzhou.cr.aliyuncs.com/higress/gateway:6fad1fa9aca8bc8a055a4c65d66a125c791cff10
higress-wasmplugin-test (RUST)	UNKNOWN STEP	2026-09-23T08:25:36.8164539Z tools/hack/docker-pull-image.sh higress-registry.cn-hangzhou.cr.aliyuncs.com/higress/dubbo-provider-demo 0.0.3-x86
higress-wasmplugin-test (RUST)	UNKNOWN STEP	2026-09-23T08:25:36.8181167Z Pulling image higress-registry.cn-hangzhou.cr.aliyuncs.com/higress/dubbo-provider-demo:0.0.3-x86 to local ...
higress-wasmplugin-test (RUST)	UNKNOWN STEP	2026-09-23T08:25:42.2854534Z 0.0.3-x86: Pulling from higress/dubbo-provider-demo
higress-wasmplugin-test (RUST)	UNKNOWN STEP	2026-09-23T08:25:42.2855265Z 001c52e26ad5: Pulling fs layer
higress-wasmplugin-test (RUST)	UNKNOWN STEP	2026-09-23T08:25:42.2855577Z d9d4b9b6e964: Pulling fs layer
higress-wasmplugin-test (RUST)	UNKNOWN STEP	2026-09-23T08:25:42.2855822Z 2068746827ec: Pulling fs layer
higress-wasmplugin-test (RUST)	UNKNOWN STEP	2026-09-23T08:25:42.2856150Z 9daef329d350: Pulling fs layer
higress-wasmplugin-test (RUST)	UNKNOWN STEP	2026-09-23T08:25:42.2856491Z d85151f15b66: Pulling fs layer
higress-wasmplugin-test (RUST)	UNKNOWN STEP	2026-09-23T08:25:42.2856821Z 66223a710990: Pulling fs layer
higress-wasmplugin-test (RUST)	UNKNOWN STEP	2026-09-23T08:25:42.2857263Z db38d58ec8ab: Pulling fs layer
higress-wasmplugin-test (RUST)	UNKNOWN STEP	2026-09-23T08:25:42.2857578Z 86d946ce7e1b: Pulling fs layer
higress-wasmplugin-test (RUST)	UNKNOWN STEP	2026-09-23T08:25:42.2857922Z 34ebe0a5c706: Pulling fs layer
higress-wasmplugin-test (RUST)	UNKNOWN STEP	2026-09-23T08:25:42.2858290Z 9daef329d350: Waiting
higress-wasmplugin-test (RUST)	UNKNOWN STEP	2026-09-23T08:25:42.2858570Z d85151f15b66: Waiting
higress-wasmplugin-test (RUST)	UNKNOWN STEP	2026-09-23T08:25:42.2858814Z 66223a710990: Waiting
higress-wasmplugin-test (RUST)	UNKNOWN STEP	2026-09-23T08:25:42.2859025Z db38d58ec8ab: Waiting
higress-wasmplugin-test (RUST)	UNKNOWN STEP	2026-09-23T08:25:42.2859406Z 86d946ce7e1b: Waiting
higress-wasmplugin-test (RUST)	UNKNOWN STEP	2026-09-23T08:25:42.2859610Z 34ebe0a5c706: Waiting
higress-wasmplugin-test (RUST)	UNKNOWN STEP	2026-09-23T08:25:45.2881454Z 2068746827ec: Verifying Checksum
higress-wasmplugin-test (RUST)	UNKNOWN STEP	2026-09-23T08:25:45.2882228Z 2068746827ec: Download complete
higress-wasmplugin-test (RUST)	UNKNOWN STEP	2026-09-23T08:25:45.9043992Z d9d4b9b6e964: Verifying Checksum
higress-wasmplugin-test (RUST)	UNKNOWN STEP	2026-09-23T08:25:45.9047936Z d9d4b9b6e964: Download complete
higress-wasmplugin-test (RUST)	UNKNOWN STEP	2026-09-23T08:25:47.1420754Z 001c52e26ad5: Verifying Checksum
higress-wasmplugin-test (RUST)	UNKNOWN STEP	2026-09-23T08:25:47.1421103Z 001c52e26ad5: Download complete
higress-wasmplugin-test (RUST)	UNKNOWN STEP	2026-09-23T08:25:48.5173402Z 001c52e26ad5: Pull complete
higress-wasmplugin-test (RUST)	UNKNOWN STEP	2026-09-23T08:25:48.6810729Z d85151f15b66: Verifying Checksum
higress-wasmplugin-test (RUST)	UNKNOWN STEP	2026-09-23T08:25:48.6811369Z d85151f15b66: Download complete
higress-wasmplugin-test (RUST)	UNKNOWN STEP	2026-09-23T08:25:49.1989446Z 66223a710990: Verifying Checksum
higress-wasmplugin-test (RUST)	UNKNOWN STEP	2026-09-23T08:25:49.1990220Z 66223a710990: Download complete
higress-wasmplugin-test (RUST)	UNKNOWN STEP	2026-09-23T08:25:49.5290570Z d9d4b9b6e964: Pull complete
higress-wasmplugin-test (RUST)	UNKNOWN STEP	2026-09-23T08:25:49.8094749Z 2068746827ec: Pull complete
higress-wasmplugin-test (RUST)	UNKNOWN STEP	2026-09-23T08:25:50.2952213Z 9daef329d350: Verifying Checksum
higress-wasmplugin-test (RUST)	UNKNOWN STEP	2026-09-23T08:25:50.2955998Z 9daef329d350: Download complete
higress-wasmplugin-test (RUST)	UNKNOWN STEP	2026-09-23T08:25:51.8433228Z 86d946ce7e1b: Verifying Checksum
higress-wasmplugin-test (RUST)	UNKNOWN STEP	2026-09-23T08:25:51.8433656Z 86d946ce7e1b: Download complete
higress-wasmplugin-test (RUST)	UNKNOWN STEP	2026-09-23T08:25:52.5184922Z 9daef329d350: Pull complete
higress-wasmplugin-test (RUST)	UNKNOWN STEP	2026-09-23T08:25:52.7469625Z d85151f15b66: Pull complete
higress-wasmplugin-test (RUST)	UNKNOWN STEP	2026-09-23T08:25:52.7617186Z 66223a710990: Pull complete
higress-wasmplugin-test (RUST)	UNKNOWN STEP	2026-09-23T08:25:56.2626743Z 34ebe0a5c706: Verifying Checksum
higress-wasmplugin-test (RUST)	UNKNOWN STEP	2026-09-23T08:25:56.2627076Z 34ebe0a5c706: Download complete
higress-wasmplugin-test (RUST)	UNKNOWN STEP	2026-09-23T08:26:01.5672379Z db38d58ec8ab: Verifying Checksum
higress-wasmplugin-test (RUST)	UNKNOWN STEP	2026-09-23T08:26:01.5672847Z db38d58ec8ab: Download complete
higress-wasmplugin-test (RUST)	UNKNOWN STEP	2026-09-23T08:26:04.7626212Z db38d58ec8ab: Pull complete
higress-wasmplugin-test (RUST)	UNKNOWN STEP	2026-09-23T08:26:04.7733098Z 86d946ce7e1b: Pull complete
higress-wasmplugin-test (RUST)	UNKNOWN STEP	2026-09-23T08:26:05.0899411Z 34ebe0a5c706: Pull complete
higress-wasmplugin-test (RUST)	UNKNOWN STEP	2026-09-23T08:26:05.0939903Z Digest: sha256:20cfe40bc8792bd95a88930570e1e48973cf5197b6a42f67f926a0b9fc806187
higress-wasmplugin-test (RUST)	UNKNOWN STEP	2026-09-23T08:26:05.0953450Z Status: Downloaded newer image for higress-registry.cn-hangzhou.cr.aliyuncs.com/higress/dubbo-provider-demo:0.0.3-x86
higress-wasmplugin-test (RUST)	UNKNOWN STEP	2026-09-23T08:26:05.0989242Z higress-registry.cn-hangzhou.cr.aliyuncs.com/higress/dubbo-provider-demo:0.0.3-x86
higress-wasmplugin-test (RUST)	UNKNOWN STEP	2026-09-23T08:26:05.1002991Z tools/hack/docker-pull-image.sh higress-registry.cn-hangzhou.cr.aliyuncs.com/higress/nacos-standlone-rc3 1.0.0-RC3
higress-wasmplugin-test (RUST)	UNKNOWN STEP	2026-09-23T08:26:05.1021278Z Pulling image higress-registry.cn-hangzhou.cr.aliyuncs.com/higress/nacos-standlone-rc3:1.0.0-RC3 to local ...
higress-wasmplugin-test (RUST)	UNKNOWN STEP	2026-09-23T08:26:06.6944850Z Error response from daemon: Head "https://higress-registry.cn-hangzhou.cr.aliyuncs.com/v2/higress/nacos-standlone-rc3/manifests/1.0.0-RC3": Get "https://dockerauth.cn-hangzhou.aliyuncs.com/auth?scope=repository%3Ahigress%2Fnacos-standlone-rc3%3Apull&service=registry.aliyuncs.com%3Acn-hangzhou%3Achina%3Acri-r0xfyoxudmtseqq7": read tcp 10.1.0.207:34620->47.97.242.12:443: read: connection reset by peer
higress-wasmplugin-test (RUST)	UNKNOWN STEP	2026-09-23T08:26:06.6955863Z make: *** [Makefile.core.mk:557: kube-load-image] Error 1
higress-wasmplugin-test (RUST)	UNKNOWN STEP	2026-09-23T08:26:17.2149839Z ##[warning]Attempt 1 failed. Reason: Child_process exited with error code 2
higress-wasmplugin-test (RUST)	UNKNOWN STEP	2026-09-23T08:26:17.2151847Z ##[endgroup]
higress-wasmplugin-test (RUST)	UNKNOWN STEP	2026-09-23T08:26:17.2152295Z ##[group]Attempt 2
higress-wasmplugin-test (RUST)	UNKNOWN STEP	2026-09-23T08:26:17.3052177Z Makefile.core.mk:446: warning: overriding recipe for target 'build-test-pilot'
higress-wasmplugin-test (RUST)	UNKNOWN STEP	2026-09-23T08:26:17.3053019Z Makefile.core.mk:355: warning: ignoring old recipe for target 'build-test-pilot'
higress-wasmplugin-test (RUST)	UNKNOWN STEP	2026-09-23T08:26:17.3062657Z tools/bin/kind delete cluster --name higress
higress-wasmplugin-test (RUST)	UNKNOWN STEP	2026-09-23T08:26:17.3411550Z Deleting cluster "higress" ...
higress-wasmplugin-test (RUST)	UNKNOWN STEP	2026-09-23T08:26:17.9276893Z tools/hack/create-cluster.sh
higress-wasmplugin-test (RUST)	UNKNOWN STEP	2026-09-23T08:26:17.9501600Z v1.25.3
higress-wasmplugin-test (RUST)	UNKNOWN STEP	2026-09-23T08:26:17.9501875Z higress
higress-wasmplugin-test (RUST)	UNKNOWN STEP	2026-09-23T08:26:18.0213710Z Creating cluster "higress" ...
higress-wasmplugin-test (RUST)	UNKNOWN STEP	2026-09-23T08:26:18.0214951Z  • Ensuring node image (kindest/node:v1.25.3) 🖼  ...
higress-wasmplugin-test (RUST)	UNKNOWN STEP	2026-09-23T08:26:18.0460578Z  ✓ Ensuring node image (kindest/node:v1.25.3) 🖼
higress-wasmplugin-test (RUST)	UNKNOWN STEP	2026-09-23T08:26:18.0461157Z  • Preparing nodes 📦   ...
higress-wasmplugin-test (RUST)	UNKNOWN STEP	2026-09-23T08:26:21.0746134Z  ✓ Preparing nodes 📦 
higress-wasmplugin-test (RUST)	UNKNOWN STEP	2026-09-23T08:26:21.1036892Z  • Writing configuration 📜  ...
higress-wasmplugin-test (RUST)	UNKNOWN STEP	2026-09-23T08:26:21.2730577Z  ✓ Writing configuration 📜
higress-wasmplugin-test (RUST)	UNKNOWN STEP	2026-09-23T08:26:21.2731041Z  • Starting control-plane 🕹️  ...
higress-wasmplugin-test (RUST)	UNKNOWN STEP	2026-09-23T08:26:34.1748764Z  ✓ Starting control-plane 🕹️
higress-wasmplugin-test (RUST)	UNKNOWN STEP	2026-09-23T08:26:34.1749140Z  • Installing CNI 🔌  ...
higress-wasmplugin-test (RUST)	UNKNOWN STEP	2026-09-23T08:26:34.7837616Z  ✓ Installing CNI 🔌
higress-wasmplugin-test (RUST)	UNKNOWN STEP	2026-09-23T08:26:34.7837963Z  • Installing StorageClass 💾  ...
higress-wasmplugin-test (RUST)	UNKNOWN STEP	2026-09-23T08:26:35.0186602Z  ✓ Installing StorageClass 💾
higress-wasmplugin-test (RUST)	UNKNOWN STEP	2026-09-23T08:26:35.1697134Z Set kubectl context to "kind-higress"
higress-wasmplugin-test (RUST)	UNKNOWN STEP	2026-09-23T08:26:35.1697505Z You can now use your cluster with:
higress-wasmplugin-test (RUST)	UNKNOWN STEP	2026-09-23T08:26:35.1697660Z 
higress-wasmplugin-test (RUST)	UNKNOWN STEP	2026-09-23T08:26:35.1697794Z kubectl cluster-info --context kind-higress
higress-wasmplugin-test (RUST)	UNKNOWN STEP	2026-09-23T08:26:35.1697961Z 
higress-wasmplugin-test (RUST)	UNKNOWN STEP	2026-09-23T08:26:35.1698266Z Have a nice day! 👋
higress-wasmplugin-test (RUST)	UNKNOWN STEP	2026-09-23T08:26:35.1707819Z rm -rf /home/runner/work/higress/higress/out/linux_amd64 /home/runner/work/higress/higress/out/linux_amd64
higress-wasmplugin-test (RUST)	UNKNOWN STEP	2026-09-23T08:26:35.1928809Z git submodule update --init
higress-wasmplugin-test (RUST)	UNKNOWN STEP	2026-09-23T08:26:35.2363341Z ./tools/hack/prebuild.sh
higress-wasmplugin-test (RUST)	UNKNOWN STEP	2026-09-23T08:26:36.7217977Z GOPROXY="https://proxy.golang.org,direct" GOOS=linux GOARCH=amd64 LDFLAGS='-X github.com/alibaba/higress/v2/pkg/cmd/lversion.higressVersion=v2.2.4 -X github.com/alibaba/higress/v2/pkg/cmd/lversion.gitCommitID=a01636191d45d3bda350611b95f6d2363482dac2 -extldflags -static -s -w' tools/hack/gobuild.sh /home/runner/work/higress/higress/out/linux_amd64/ ./cmd/higress
higress-wasmplugin-test (RUST)	UNKNOWN STEP	2026-09-23T08:26:36.9156576Z 
higress-wasmplugin-test (RUST)	UNKNOWN STEP	2026-09-23T08:26:36.9157730Z istio.io/pkg/version.buildVersion=a01636191d45d3bda350611b95f6d2363482dac2
higress-wasmplugin-test (RUST)	UNKNOWN STEP	2026-09-23T08:26:36.9158185Z 
higress-wasmplugin-test (RUST)	UNKNOWN STEP	2026-09-23T08:26:36.9158560Z istio.io/pkg/version.buildGitRevision=a01636191d45d3bda350611b95f6d2363482dac2
higress-wasmplugin-test (RUST)	UNKNOWN STEP	2026-09-23T08:26:36.9158816Z 
higress-wasmplugin-test (RUST)	UNKNOWN STEP	2026-09-23T08:26:36.9158934Z istio.io/pkg/version.buildStatus=Clean
higress-wasmplugin-test (RUST)	UNKNOWN STEP	2026-09-23T08:26:36.9159091Z 
higress-wasmplugin-test (RUST)	UNKNOWN STEP	2026-09-23T08:26:36.9159199Z istio.io/pkg/version.buildTag=v2.2.4
higress-wasmplugin-test (RUST)	UNKNOWN STEP	2026-09-23T08:26:36.9159356Z 
higress-wasmplugin-test (RUST)	UNKNOWN STEP	2026-09-23T08:26:36.9159576Z istio.io/pkg/version.buildHub=higress-registry.cn-hangzhou.cr.aliyuncs.com/higress
higress-wasmplugin-test (RUST)	UNKNOWN STEP	2026-09-23T08:26:36.9159955Z ~/work/higress/higress ~/work/higress/higress
higress-wasmplugin-test (RUST)	UNKNOWN STEP	2026-09-23T08:26:45.8837804Z 
higress-wasmplugin-test (RUST)	UNKNOWN STEP	2026-09-23T08:26:45.8838545Z real	0m8.968s
higress-wasmplugin-test (RUST)	UNKNOWN STEP	2026-09-23T08:26:45.8838815Z user	0m4.153s
higress-wasmplugin-test (RUST)	UNKNOWN STEP	2026-09-23T08:26:45.8839007Z sys	0m1.604s
higress-wasmplugin-test (RUST)	UNKNOWN STEP	2026-09-23T08:26:45.8839499Z ~/work/higress/higress
higress-wasmplugin-test (RUST)	UNKNOWN STEP	2026-09-23T08:26:45.8863524Z GOPROXY="https://proxy.golang.org,direct" GOOS=linux GOARCH=amd64 LDFLAGS='-X github.com/alibaba/higress/v2/pkg/cmd/lversion.higressVersion=v2.2.4 -X github.com/alibaba/higress/v2/pkg/cmd/lversion.gitCommitID=a01636191d45d3bda350611b95f6d2363482dac2 -extldflags -static -s -w' tools/hack/gobuild.sh ./out/linux_amd64/ ./cmd/higress
higress-wasmplugin-test (RUST)	UNKNOWN STEP	2026-09-23T08:26:46.0428255Z 
higress-wasmplugin-test (RUST)	UNKNOWN STEP	2026-09-23T08:26:46.0429154Z istio.io/pkg/version.buildVersion=a01636191d45d3bda350611b95f6d2363482dac2
higress-wasmplugin-test (RUST)	UNKNOWN STEP	2026-09-23T08:26:46.0429748Z 
higress-wasmplugin-test (RUST)	UNKNOWN STEP	2026-09-23T08:26:46.0430319Z istio.io/pkg/version.buildGitRevision=a01636191d45d3bda350611b95f6d2363482dac2
higress-wasmplugin-test (RUST)	UNKNOWN STEP	2026-09-23T08:26:46.0432099Z 
higress-wasmplugin-test (RUST)	UNKNOWN STEP	2026-09-23T08:26:46.0432486Z istio.io/pkg/version.buildStatus=Clean
higress-wasmplugin-test (RUST)	UNKNOWN STEP	2026-09-23T08:26:46.0432782Z 
higress-wasmplugin-test (RUST)	UNKNOWN STEP	2026-09-23T08:26:46.0432905Z istio.io/pkg/version.buildTag=v2.2.4
higress-wasmplugin-test (RUST)	UNKNOWN STEP	2026-09-23T08:26:46.0433338Z 
higress-wasmplugin-test (RUST)	UNKNOWN STEP	2026-09-23T08:26:46.0433599Z istio.io/pkg/version.buildHub=higress-registry.cn-hangzhou.cr.aliyuncs.com/higress
higress-wasmplugin-test (RUST)	UNKNOWN STEP	2026-09-23T08:26:46.0434456Z ~/work/higress/higress ~/work/higress/higress
higress-wasmplugin-test (RUST)	UNKNOWN STEP	2026-09-23T08:26:46.5316390Z 
higress-wasmplugin-test (RUST)	UNKNOWN STEP	2026-09-23T08:26:46.5316995Z real	0m0.489s
higress-wasmplugin-test (RUST)	UNKNOWN STEP	2026-09-23T08:26:46.5317317Z user	0m1.027s
higress-wasmplugin-test (RUST)	UNKNOWN STEP	2026-09-23T08:26:46.5317581Z sys	0m0.356s
higress-wasmplugin-test (RUST)	UNKNOWN STEP	2026-09-23T08:26:46.5317794Z ~/work/higress/higress
higress-wasmplugin-test (RUST)	UNKNOWN STEP	2026-09-23T08:26:46.5343080Z time (mkdir -p /home/runner/work/higress/higress/out/linux_amd64/docker_build/docker.higress && TARGET_ARCH=amd64 ./docker/docker-copy.sh docker/Dockerfile.higress /home/runner/work/higress/higress/out/linux_amd64/higress /home/runner/work/higress/higress/out/linux_amd64/docker_build/docker.higress && cd /home/runner/work/higress/higress/out/linux_amd64/docker_build/docker.higress  && docker build --build-arg BASE_VERSION=2023-07-20T20-50-43 --build-arg HUB=higress-registry.cn-hangzhou.cr.aliyuncs.com/higress --build-arg BASE_DISTRIBUTION= -t higress-registry.cn-hangzhou.cr.aliyuncs.com/higress/higress:a01636191d45d3bda350611b95f6d2363482dac2 -f Dockerfile.higress . ); 
higress-wasmplugin-test (RUST)	UNKNOWN STEP	2026-09-23T08:26:46.6394824Z Dockerfile.higress
higress-wasmplugin-test (RUST)	UNKNOWN STEP	2026-09-23T08:26:46.6395388Z amd64
higress-wasmplugin-test (RUST)	UNKNOWN STEP	2026-09-23T08:26:46.9082581Z #0 building with "default" instance using docker driver
higress-wasmplugin-test (RUST)	UNKNOWN STEP	2026-09-23T08:26:46.9082937Z 
higress-wasmplugin-test (RUST)	UNKNOWN STEP	2026-09-23T08:26:46.9083094Z #1 [internal] load build definition from Dockerfile.higress
higress-wasmplugin-test (RUST)	UNKNOWN STEP	2026-09-23T08:26:46.9083407Z #1 transferring dockerfile: 688B done
higress-wasmplugin-test (RUST)	UNKNOWN STEP	2026-09-23T08:26:46.9083657Z #1 DONE 0.0s
higress-wasmplugin-test (RUST)	UNKNOWN STEP	2026-09-23T08:26:46.9083772Z 
higress-wasmplugin-test (RUST)	UNKNOWN STEP	2026-09-23T08:26:46.9084234Z #2 [internal] load metadata for higress-registry.cn-hangzhou.cr.aliyuncs.com/higress/base:2023-07-20T20-50-43-amd64
higress-wasmplugin-test (RUST)	UNKNOWN STEP	2026-09-23T08:26:48.7971158Z #2 DONE 2.0s
higress-wasmplugin-test (RUST)	UNKNOWN STEP	2026-09-23T08:26:48.9062042Z 
higress-wasmplugin-test (RUST)	UNKNOWN STEP	2026-09-23T08:26:48.9063220Z #3 [internal] load .dockerignore
higress-wasmplugin-test (RUST)	UNKNOWN STEP	2026-09-23T08:26:48.9064045Z #3 transferring context: 2B done
higress-wasmplugin-test (RUST)	UNKNOWN STEP	2026-09-23T08:26:48.9064402Z #3 DONE 0.0s
higress-wasmplugin-test (RUST)	UNKNOWN STEP	2026-09-23T08:26:48.9064599Z 
higress-wasmplugin-test (RUST)	UNKNOWN STEP	2026-09-23T08:26:48.9065195Z #4 [1/2] FROM higress-registry.cn-hangzhou.cr.aliyuncs.com/higress/base:2023-07-20T20-50-43-amd64@sha256:acab9dfbea20850ff641df718ae3c561d66c0b99f6144066ed314cd2ddfb6366
higress-wasmplugin-test (RUST)	UNKNOWN STEP	2026-09-23T08:26:48.9065845Z #4 DONE 0.0s
higress-wasmplugin-test (RUST)	UNKNOWN STEP	2026-09-23T08:26:48.9066008Z 
higress-wasmplugin-test (RUST)	UNKNOWN STEP	2026-09-23T08:26:48.9066175Z #5 [internal] load build context
higress-wasmplugin-test (RUST)	UNKNOWN STEP	2026-09-23T08:26:49.3481689Z #5 transferring context: 119.22MB 0.4s done
higress-wasmplugin-test (RUST)	UNKNOWN STEP	2026-09-23T08:26:49.3482052Z #5 DONE 0.4s
higress-wasmplugin-test (RUST)	UNKNOWN STEP	2026-09-23T08:26:49.3482158Z 
higress-wasmplugin-test (RUST)	UNKNOWN STEP	2026-09-23T08:26:49.3482292Z #6 [2/2] COPY amd64/higress /usr/local/bin/higress
higress-wasmplugin-test (RUST)	UNKNOWN STEP	2026-09-23T08:26:49.3482580Z #6 CACHED
higress-wasmplugin-test (RUST)	UNKNOWN STEP	2026-09-23T08:26:49.3482725Z 
higress-wasmplugin-test (RUST)	UNKNOWN STEP	2026-09-23T08:26:49.3482853Z #7 exporting to image
higress-wasmplugin-test (RUST)	UNKNOWN STEP	2026-09-23T08:26:49.3483137Z #7 exporting layers done
higress-wasmplugin-test (RUST)	UNKNOWN STEP	2026-09-23T08:26:49.3483769Z #7 writing image sha256:a5c06432d54056c3723ada1ab4c423f5573888c0880d614da937c54da63f9e74 done
higress-wasmplugin-test (RUST)	UNKNOWN STEP	2026-09-23T08:26:49.3484717Z #7 naming to higress-registry.cn-hangzhou.cr.aliyuncs.com/higress/higress:a01636191d45d3bda350611b95f6d2363482dac2 done
higress-wasmplugin-test (RUST)	UNKNOWN STEP	2026-09-23T08:26:49.3485159Z #7 DONE 0.0s
higress-wasmplugin-test (RUST)	UNKNOWN STEP	2026-09-23T08:26:49.3525272Z 
higress-wasmplugin-test (RUST)	UNKNOWN STEP	2026-09-23T08:26:49.3525768Z real	0m2.797s
higress-wasmplugin-test (RUST)	UNKNOWN STEP	2026-09-23T08:26:49.3526538Z user	0m0.437s
higress-wasmplugin-test (RUST)	UNKNOWN STEP	2026-09-23T08:26:49.3526761Z sys	0m0.259s
higress-wasmplugin-test (RUST)	UNKNOWN STEP	2026-09-23T08:26:49.3554486Z TARGET_ARCH=amd64 DOCKER_TARGETS='docker.pilot' IMG_URL='higress-registry.cn-hangzhou.cr.aliyuncs.com/higress/pilot:a01636191d45d3bda350611b95f6d2363482dac2' ./tools/hack/build-istio-image.sh docker
higress-wasmplugin-test (RUST)	UNKNOWN STEP	2026-09-23T08:26:49.3825975Z rm: cannot remove 'out/linux_amd64/ztunnel': Permission denied
higress-wasmplugin-test (RUST)	UNKNOWN STEP	2026-09-23T08:26:49.3826498Z rm: cannot remove 'out/linux_amd64/docker-builder': Permission denied
higress-wasmplugin-test (RUST)	UNKNOWN STEP	2026-09-23T08:26:49.3827051Z rm: cannot remove 'out/linux_amd64/pilot-discovery': Permission denied
higress-wasmplugin-test (RUST)	UNKNOWN STEP	2026-09-23T08:26:49.3827727Z rm: cannot remove 'out/linux_amd64/dockerx_build/build.docker.pilot/Dockerfile.pilot': Permission denied
higress-wasmplugin-test (RUST)	UNKNOWN STEP	2026-09-23T08:26:49.3828311Z rm: cannot remove 'out/linux_amd64/dockerx_build/build.docker.pilot/amd64/pilot-discovery': Permission denied
higress-wasmplugin-test (RUST)	UNKNOWN STEP	2026-09-23T08:26:49.3828902Z rm: cannot remove 'out/linux_amd64/dockerx_build/build.docker.pilot/higress-pilot-start.sh': Permission denied
higress-wasmplugin-test (RUST)	UNKNOWN STEP	2026-09-23T08:26:49.3829805Z rm: cannot remove 'out/linux_amd64/dockerx_build/build.docker.pilot/envoy_bootstrap.json': Permission denied
higress-wasmplugin-test (RUST)	UNKNOWN STEP	2026-09-23T08:26:49.3830624Z rm: cannot remove 'out/linux_amd64/dockerx_build/docker-bake.json': Permission denied
higress-wasmplugin-test (RUST)	UNKNOWN STEP	2026-09-23T08:26:49.3831200Z rm: cannot remove 'out/linux_amd64/istio_is_init': Permission denied
higress-wasmplugin-test (RUST)	UNKNOWN STEP	2026-09-23T08:26:49.3831558Z rm: cannot remove 'out/linux_amd64/release/ztunnel': Permission denied
higress-wasmplugin-test (RUST)	UNKNOWN STEP	2026-09-23T08:26:49.3832029Z rm: cannot remove 'out/linux_amd64/release/ztunnel-75376478762decb918ea884603b2852b1568b015': Permission denied
higress-wasmplugin-test (RUST)	UNKNOWN STEP	2026-09-23T08:26:49.3832846Z rm: cannot remove 'out/linux_amd64/release/envoy-1a53bf14a57976dd0f509752b748caf3b1125d54': Permission denied
higress-wasmplugin-test (RUST)	UNKNOWN STEP	2026-09-23T08:26:49.3833521Z rm: cannot remove 'out/linux_amd64/release/docker': Permission denied
higress-wasmplugin-test (RUST)	UNKNOWN STEP	2026-09-23T08:26:49.3834377Z rm: cannot remove 'out/linux_amd64/logs': Permission denied
higress-wasmplugin-test (RUST)	UNKNOWN STEP	2026-09-23T08:26:49.3834842Z make: *** [Makefile.core.mk:446: build-test-pilot] Error 1
higress-wasmplugin-test (RUST)	UNKNOWN STEP	2026-09-23T08:27:00.2475254Z ##[endgroup]
higress-wasmplugin-test (RUST)	UNKNOWN STEP	2026-09-23T08:27:00.2482372Z ##[error]Final attempt failed. Child_process exited with error code 2
higress-wasmplugin-test (RUST)	UNKNOWN STEP	2026-09-23T08:27:00.3875862Z Node 20 is being deprecated. This workflow is running with Node 24 by default. If you need to temporarily use Node 20, you can set the ACTIONS_ALLOW_USE_UNSECURE_NODE_VERSION=true environment variable. For more information see: https://github.blog/changelog/2025-09-19-deprecation-of-node-20-on-github-actions-runners/
higress-wasmplugin-test (RUST)	UNKNOWN STEP	2026-09-23T08:27:00.3876880Z Post job cleanup.
higress-wasmplugin-test (RUST)	UNKNOWN STEP	2026-09-23T08:27:00.5263064Z [command]/usr/bin/git version
higress-wasmplugin-test (RUST)	UNKNOWN STEP	2026-09-23T08:27:00.5296481Z git version 2.55.0
higress-wasmplugin-test (RUST)	UNKNOWN STEP	2026-09-23T08:27:00.5327524Z Temporarily overriding HOME='/home/runner/work/_temp/42d35f9f-8494-48e3-b398-8f79f7e9512b' before making global git config changes
higress-wasmplugin-test (RUST)	UNKNOWN STEP	2026-09-23T08:27:00.5328603Z Adding repository directory to the temporary git global config as a safe directory
higress-wasmplugin-test (RUST)	UNKNOWN STEP	2026-09-23T08:27:00.5331754Z [command]/usr/bin/git config --global --add safe.directory /home/runner/work/higress/higress
higress-wasmplugin-test (RUST)	UNKNOWN STEP	2026-09-23T08:27:00.5362238Z [command]/usr/bin/git config --local --name-only --get-regexp core\.sshCommand
higress-wasmplugin-test (RUST)	UNKNOWN STEP	2026-09-23T08:27:00.5390838Z [command]/usr/bin/git submodule foreach --recursive sh -c "git config --local --name-only --get-regexp 'core\.sshCommand' && git config --local --unset-all 'core.sshCommand' || :"
higress-wasmplugin-test (RUST)	UNKNOWN STEP	2026-09-23T08:27:00.5572621Z Entering 'envoy/envoy'
higress-wasmplugin-test (RUST)	UNKNOWN STEP	2026-09-23T08:27:00.5626751Z Entering 'envoy/go-control-plane'
higress-wasmplugin-test (RUST)	UNKNOWN STEP	2026-09-23T08:27:00.5664824Z Entering 'istio/api'
higress-wasmplugin-test (RUST)	UNKNOWN STEP	2026-09-23T08:27:00.5699921Z Entering 'istio/client-go'
higress-wasmplugin-test (RUST)	UNKNOWN STEP	2026-09-23T08:27:00.5734879Z Entering 'istio/istio'
higress-wasmplugin-test (RUST)	UNKNOWN STEP	2026-09-23T08:27:00.5780981Z Entering 'istio/pkg'
higress-wasmplugin-test (RUST)	UNKNOWN STEP	2026-09-23T08:27:00.5816494Z Entering 'istio/proxy'
higress-wasmplugin-test (RUST)	UNKNOWN STEP	2026-09-23T08:27:00.5866586Z [command]/usr/bin/git config --local --name-only --get-regexp http\.https\:\/\/github\.com\/\.extraheader
higress-wasmplugin-test (RUST)	UNKNOWN STEP	2026-09-23T08:27:00.5886507Z http.https://github.com/.extraheader
higress-wasmplugin-test (RUST)	UNKNOWN STEP	2026-09-23T08:27:00.5895020Z [command]/usr/bin/git config --local --unset-all http.https://github.com/.extraheader
higress-wasmplugin-test (RUST)	UNKNOWN STEP	2026-09-23T08:27:00.5920896Z [command]/usr/bin/git submodule foreach --recursive sh -c "git config --local --name-only --get-regexp 'http\.https\:\/\/github\.com\/\.extraheader' && git config --local --unset-all 'http.https://github.com/.extraheader' || :"
higress-wasmplugin-test (RUST)	UNKNOWN STEP	2026-09-23T08:27:00.6093555Z Entering 'envoy/envoy'
higress-wasmplugin-test (RUST)	UNKNOWN STEP	2026-09-23T08:27:00.6146406Z Entering 'envoy/go-control-plane'
higress-wasmplugin-test (RUST)	UNKNOWN STEP	2026-09-23T08:27:00.6184993Z Entering 'istio/api'
higress-wasmplugin-test (RUST)	UNKNOWN STEP	2026-09-23T08:27:00.6219751Z Entering 'istio/client-go'
higress-wasmplugin-test (RUST)	UNKNOWN STEP	2026-09-23T08:27:00.6255373Z Entering 'istio/istio'
higress-wasmplugin-test (RUST)	UNKNOWN STEP	2026-09-23T08:27:00.6297923Z Entering 'istio/pkg'
higress-wasmplugin-test (RUST)	UNKNOWN STEP	2026-09-23T08:27:00.6334015Z Entering 'istio/proxy'
higress-wasmplugin-test (RUST)	UNKNOWN STEP	2026-09-23T08:27:00.6380006Z [command]/usr/bin/git config --local --name-only --get-regexp ^includeIf\.gitdir:
higress-wasmplugin-test (RUST)	UNKNOWN STEP	2026-09-23T08:27:00.6406854Z [command]/usr/bin/git submodule foreach --recursive git config --local --show-origin --name-only --get-regexp remote.origin.url
higress-wasmplugin-test (RUST)	UNKNOWN STEP	2026-09-23T08:27:00.6577033Z Entering 'envoy/envoy'
higress-wasmplugin-test (RUST)	UNKNOWN STEP	2026-09-23T08:27:00.6592624Z file:/home/runner/work/higress/higress/.git/modules/envoy/envoy/config	remote.origin.url
higress-wasmplugin-test (RUST)	UNKNOWN STEP	2026-09-23T08:27:00.6626776Z Entering 'envoy/go-control-plane'
higress-wasmplugin-test (RUST)	UNKNOWN STEP	2026-09-23T08:27:00.6642911Z file:/home/runner/work/higress/higress/.git/modules/envoy/go-control-plane/config	remote.origin.url
higress-wasmplugin-test (RUST)	UNKNOWN STEP	2026-09-23T08:27:00.6660987Z Entering 'istio/api'
higress-wasmplugin-test (RUST)	UNKNOWN STEP	2026-09-23T08:27:00.6676446Z file:/home/runner/work/higress/higress/.git/modules/istio/api/config	remote.origin.url
higress-wasmplugin-test (RUST)	UNKNOWN STEP	2026-09-23T08:27:00.6690932Z Entering 'istio/client-go'
higress-wasmplugin-test (RUST)	UNKNOWN STEP	2026-09-23T08:27:00.6706812Z file:/home/runner/work/higress/higress/.git/modules/istio/client-go/config	remote.origin.url
higress-wasmplugin-test (RUST)	UNKNOWN STEP	2026-09-23T08:27:00.6721087Z Entering 'istio/istio'
higress-wasmplugin-test (RUST)	UNKNOWN STEP	2026-09-23T08:27:00.6736891Z file:/home/runner/work/higress/higress/.git/modules/istio/istio/config	remote.origin.url
higress-wasmplugin-test (RUST)	UNKNOWN STEP	2026-09-23T08:27:00.6758997Z Entering 'istio/pkg'
higress-wasmplugin-test (RUST)	UNKNOWN STEP	2026-09-23T08:27:00.6774873Z file:/home/runner/work/higress/higress/.git/modules/istio/pkg/config	remote.origin.url
higress-wasmplugin-test (RUST)	UNKNOWN STEP	2026-09-23T08:27:00.6789356Z Entering 'istio/proxy'
higress-wasmplugin-test (RUST)	UNKNOWN STEP	2026-09-23T08:27:00.6805264Z file:/home/runner/work/higress/higress/.git/modules/istio/proxy/config	remote.origin.url
higress-wasmplugin-test (RUST)	UNKNOWN STEP	2026-09-23T08:27:00.6831657Z [command]/usr/bin/git config --file /home/runner/work/higress/higress/.git/modules/envoy/envoy/config --name-only --get-regexp ^includeIf\.gitdir:
higress-wasmplugin-test (RUST)	UNKNOWN STEP	2026-09-23T08:27:00.6856301Z [command]/usr/bin/git config --file /home/runner/work/higress/higress/.git/modules/envoy/go-control-plane/config --name-only --get-regexp ^includeIf\.gitdir:
higress-wasmplugin-test (RUST)	UNKNOWN STEP	2026-09-23T08:27:00.6878136Z [command]/usr/bin/git config --file /home/runner/work/higress/higress/.git/modules/istio/api/config --name-only --get-regexp ^includeIf\.gitdir:
higress-wasmplugin-test (RUST)	UNKNOWN STEP	2026-09-23T08:27:00.6902300Z [command]/usr/bin/git config --file /home/runner/work/higress/higress/.git/modules/istio/client-go/config --name-only --get-regexp ^includeIf\.gitdir:
higress-wasmplugin-test (RUST)	UNKNOWN STEP	2026-09-23T08:27:00.6925975Z [command]/usr/bin/git config --file /home/runner/work/higress/higress/.git/modules/istio/istio/config --name-only --get-regexp ^includeIf\.gitdir:
higress-wasmplugin-test (RUST)	UNKNOWN STEP	2026-09-23T08:27:00.6982500Z [command]/usr/bin/git config --file /home/runner/work/higress/higress/.git/modules/istio/pkg/config --name-only --get-regexp ^includeIf\.gitdir:
higress-wasmplugin-test (RUST)	UNKNOWN STEP	2026-09-23T08:27:00.7026369Z [command]/usr/bin/git config --file /home/runner/work/higress/higress/.git/modules/istio/proxy/config --name-only --get-regexp ^includeIf\.gitdir:
higress-wasmplugin-test (RUST)	UNKNOWN STEP	2026-09-23T08:27:00.7146671Z Cleaning up orphan processes
higress-wasmplugin-test (RUST)	UNKNOWN STEP	2026-09-23T08:27:00.7666713Z ##[warning]Node.js 20 is deprecated. The following actions target Node.js 20 but are being forced to run on Node.js 24: actions-rs/toolchain@v1, actions/checkout@v4, actions/setup-go@v5, nick-fields/retry@v3. For more information see: https://github.blog/changelog/2025-09-19-deprecation-of-node-20-on-github-actions-runners/
