higress-wasmplugin-test (RUST)	Set up job	﻿2026-09-23T08:16:30.4979148Z Current runner version: '2.337.0'
higress-wasmplugin-test (RUST)	Set up job	2026-09-23T08:16:30.5001393Z ##[group]Runner Image Provisioner
higress-wasmplugin-test (RUST)	Set up job	2026-09-23T08:16:30.5002551Z Hosted Compute Agent
higress-wasmplugin-test (RUST)	Set up job	2026-09-23T08:16:30.5003093Z Version: 20260828.587
higress-wasmplugin-test (RUST)	Set up job	2026-09-23T08:16:30.5003675Z Commit: abac92662cab4cc7352de4f9f9d2e2419aad9c29
higress-wasmplugin-test (RUST)	Set up job	2026-09-23T08:16:30.5004643Z Build Date: 2026-08-28T16:44:25Z
higress-wasmplugin-test (RUST)	Set up job	2026-09-23T08:16:30.5005280Z Worker ID: {c32522dd-f41f-482c-a92d-5fa848ad3a3d}
higress-wasmplugin-test (RUST)	Set up job	2026-09-23T08:16:30.5005960Z Azure Region: centralus
higress-wasmplugin-test (RUST)	Set up job	2026-09-23T08:16:30.5006494Z ##[endgroup]
higress-wasmplugin-test (RUST)	Set up job	2026-09-23T08:16:30.5007745Z ##[group]Operating System
higress-wasmplugin-test (RUST)	Set up job	2026-09-23T08:16:30.5008369Z Ubuntu
higress-wasmplugin-test (RUST)	Set up job	2026-09-23T08:16:30.5008886Z 22.04.5
higress-wasmplugin-test (RUST)	Set up job	2026-09-23T08:16:30.5009387Z LTS
higress-wasmplugin-test (RUST)	Set up job	2026-09-23T08:16:30.5009912Z ##[endgroup]
higress-wasmplugin-test (RUST)	Set up job	2026-09-23T08:16:30.5010437Z ##[group]Runner Image
higress-wasmplugin-test (RUST)	Set up job	2026-09-23T08:16:30.5011056Z Image: ubuntu-22.04
higress-wasmplugin-test (RUST)	Set up job	2026-09-23T08:16:30.5011564Z Version: 20260907.292.1
higress-wasmplugin-test (RUST)	Set up job	2026-09-23T08:16:30.5012410Z Included Software: https://github.com/actions/runner-images/blob/ubuntu22/20260907.292/images/ubuntu/Ubuntu2204-Readme.md
higress-wasmplugin-test (RUST)	Set up job	2026-09-23T08:16:30.5014000Z Image Release: https://github.com/actions/runner-images/releases/tag/ubuntu22%2F20260907.292
higress-wasmplugin-test (RUST)	Set up job	2026-09-23T08:16:30.5014861Z ##[endgroup]
higress-wasmplugin-test (RUST)	Set up job	2026-09-23T08:16:30.5017176Z ##[group]GITHUB_TOKEN Permissions
higress-wasmplugin-test (RUST)	Set up job	2026-09-23T08:16:30.5019367Z Actions: read
higress-wasmplugin-test (RUST)	Set up job	2026-09-23T08:16:30.5019931Z ArtifactMetadata: read
higress-wasmplugin-test (RUST)	Set up job	2026-09-23T08:16:30.5020552Z Attestations: read
higress-wasmplugin-test (RUST)	Set up job	2026-09-23T08:16:30.5021080Z Checks: read
higress-wasmplugin-test (RUST)	Set up job	2026-09-23T08:16:30.5021583Z CodeQuality: read
higress-wasmplugin-test (RUST)	Set up job	2026-09-23T08:16:30.5022155Z Contents: read
higress-wasmplugin-test (RUST)	Set up job	2026-09-23T08:16:30.5022647Z Deployments: read
higress-wasmplugin-test (RUST)	Set up job	2026-09-23T08:16:30.5023139Z Discussions: read
higress-wasmplugin-test (RUST)	Set up job	2026-09-23T08:16:30.5023674Z Drives: read
higress-wasmplugin-test (RUST)	Set up job	2026-09-23T08:16:30.5024334Z Issues: read
higress-wasmplugin-test (RUST)	Set up job	2026-09-23T08:16:30.5024923Z Metadata: read
higress-wasmplugin-test (RUST)	Set up job	2026-09-23T08:16:30.5025405Z Models: read
higress-wasmplugin-test (RUST)	Set up job	2026-09-23T08:16:30.5026534Z Packages: read
higress-wasmplugin-test (RUST)	Set up job	2026-09-23T08:16:30.5027202Z Pages: read
higress-wasmplugin-test (RUST)	Set up job	2026-09-23T08:16:30.5028025Z PullRequests: read
higress-wasmplugin-test (RUST)	Set up job	2026-09-23T08:16:30.5028871Z RepositoryProjects: read
higress-wasmplugin-test (RUST)	Set up job	2026-09-23T08:16:30.5029499Z SecurityEvents: read
higress-wasmplugin-test (RUST)	Set up job	2026-09-23T08:16:30.5030107Z Statuses: read
higress-wasmplugin-test (RUST)	Set up job	2026-09-23T08:16:30.5030654Z VulnerabilityAlerts: read
higress-wasmplugin-test (RUST)	Set up job	2026-09-23T08:16:30.5031236Z ##[endgroup]
higress-wasmplugin-test (RUST)	Set up job	2026-09-23T08:16:30.5033417Z Secret source: None
higress-wasmplugin-test (RUST)	Set up job	2026-09-23T08:16:30.5034496Z Cache mode: write
higress-wasmplugin-test (RUST)	Set up job	2026-09-23T08:16:30.5035130Z Prepare workflow directory
higress-wasmplugin-test (RUST)	Set up job	2026-09-23T08:16:30.6021999Z Prepare all required actions
higress-wasmplugin-test (RUST)	Set up job	2026-09-23T08:16:30.6064776Z Getting action download info
higress-wasmplugin-test (RUST)	Set up job	2026-09-23T08:16:30.9124297Z Download action repository 'actions/checkout@v4' (SHA:11d5960a326750d5838078e36cf38b85af677262)
higress-wasmplugin-test (RUST)	Set up job	2026-09-23T08:16:31.0146224Z Download action repository 'jlumbroso/free-disk-space@main' (SHA:36e9a5af4eddb91fc11aec4c6f6f79b3cc0cb523)
higress-wasmplugin-test (RUST)	Set up job	2026-09-23T08:16:31.2319357Z Download action repository 'actions/setup-go@v5' (SHA:40f1582b2485089dde7abd97c1529aa768e1baff)
higress-wasmplugin-test (RUST)	Set up job	2026-09-23T08:16:31.6601930Z Download action repository 'actions-rs/toolchain@v1' (SHA:16499b5e05bf2e26879000db0c1d13f7e13fa3af)
higress-wasmplugin-test (RUST)	Set up job	2026-09-23T08:16:32.0107867Z Download action repository 'nick-fields/retry@v3' (SHA:ce71cc2ab81d554ebbe88c79ab5975992d79ba08)
higress-wasmplugin-test (RUST)	Set up job	2026-09-23T08:16:32.7918035Z Complete job name: higress-wasmplugin-test (RUST)
higress-wasmplugin-test (RUST)	Run actions/checkout@v4	﻿2026-09-23T08:16:33.2546059Z Node 20 is being deprecated. This workflow is running with Node 24 by default. If you need to temporarily use Node 20, you can set the ACTIONS_ALLOW_USE_UNSECURE_NODE_VERSION=true environment variable. For more information see: https://github.blog/changelog/2025-09-19-deprecation-of-node-20-on-github-actions-runners/
higress-wasmplugin-test (RUST)	Run actions/checkout@v4	2026-09-23T08:16:33.2555110Z ##[group]Run actions/checkout@v4
higress-wasmplugin-test (RUST)	Run actions/checkout@v4	2026-09-23T08:16:33.2556076Z with:
higress-wasmplugin-test (RUST)	Run actions/checkout@v4	2026-09-23T08:16:33.2556750Z   repository: higress-group/higress
higress-wasmplugin-test (RUST)	Run actions/checkout@v4	2026-09-23T08:16:33.2563686Z   token: ***
higress-wasmplugin-test (RUST)	Run actions/checkout@v4	2026-09-23T08:16:33.2564511Z   ssh-strict: true
higress-wasmplugin-test (RUST)	Run actions/checkout@v4	2026-09-23T08:16:33.2565177Z   ssh-user: git
higress-wasmplugin-test (RUST)	Run actions/checkout@v4	2026-09-23T08:16:33.2565846Z   persist-credentials: true
higress-wasmplugin-test (RUST)	Run actions/checkout@v4	2026-09-23T08:16:33.2566568Z   clean: true
higress-wasmplugin-test (RUST)	Run actions/checkout@v4	2026-09-23T08:16:33.2567242Z   sparse-checkout-cone-mode: true
higress-wasmplugin-test (RUST)	Run actions/checkout@v4	2026-09-23T08:16:33.2568017Z   fetch-depth: 1
higress-wasmplugin-test (RUST)	Run actions/checkout@v4	2026-09-23T08:16:33.2568672Z   fetch-tags: false
higress-wasmplugin-test (RUST)	Run actions/checkout@v4	2026-09-23T08:16:33.2569360Z   show-progress: true
higress-wasmplugin-test (RUST)	Run actions/checkout@v4	2026-09-23T08:16:33.2570348Z   lfs: false
higress-wasmplugin-test (RUST)	Run actions/checkout@v4	2026-09-23T08:16:33.2570967Z   submodules: false
higress-wasmplugin-test (RUST)	Run actions/checkout@v4	2026-09-23T08:16:33.2571696Z   set-safe-directory: true
higress-wasmplugin-test (RUST)	Run actions/checkout@v4	2026-09-23T08:16:33.2572473Z   allow-unsafe-pr-checkout: false
higress-wasmplugin-test (RUST)	Run actions/checkout@v4	2026-09-23T08:16:33.2573437Z ##[endgroup]
higress-wasmplugin-test (RUST)	Run actions/checkout@v4	2026-09-23T08:16:33.3479822Z Syncing repository: higress-group/higress
higress-wasmplugin-test (RUST)	Run actions/checkout@v4	2026-09-23T08:16:33.3481953Z ##[group]Getting Git version info
higress-wasmplugin-test (RUST)	Run actions/checkout@v4	2026-09-23T08:16:33.3482951Z Working directory is '/home/runner/work/higress/higress'
higress-wasmplugin-test (RUST)	Run actions/checkout@v4	2026-09-23T08:16:33.3484661Z [command]/usr/bin/git version
higress-wasmplugin-test (RUST)	Run actions/checkout@v4	2026-09-23T08:16:33.3504751Z git version 2.55.0
higress-wasmplugin-test (RUST)	Run actions/checkout@v4	2026-09-23T08:16:33.3528088Z ##[endgroup]
higress-wasmplugin-test (RUST)	Run actions/checkout@v4	2026-09-23T08:16:33.3535133Z Temporarily overriding HOME='/home/runner/work/_temp/ddb15b79-0df2-4b43-bbe3-8ed51ebd0288' before making global git config changes
higress-wasmplugin-test (RUST)	Run actions/checkout@v4	2026-09-23T08:16:33.3537594Z Adding repository directory to the temporary git global config as a safe directory
higress-wasmplugin-test (RUST)	Run actions/checkout@v4	2026-09-23T08:16:33.3540036Z [command]/usr/bin/git config --global --add safe.directory /home/runner/work/higress/higress
higress-wasmplugin-test (RUST)	Run actions/checkout@v4	2026-09-23T08:16:33.3568317Z Deleting the contents of '/home/runner/work/higress/higress'
higress-wasmplugin-test (RUST)	Run actions/checkout@v4	2026-09-23T08:16:33.3572262Z ##[group]Initializing the repository
higress-wasmplugin-test (RUST)	Run actions/checkout@v4	2026-09-23T08:16:33.3575678Z [command]/usr/bin/git init /home/runner/work/higress/higress
higress-wasmplugin-test (RUST)	Run actions/checkout@v4	2026-09-23T08:16:33.3652540Z hint: Using 'master' as the name for the initial branch. This default branch name
higress-wasmplugin-test (RUST)	Run actions/checkout@v4	2026-09-23T08:16:33.3655181Z hint: will change to "main" in Git 3.0. To configure the initial branch name
higress-wasmplugin-test (RUST)	Run actions/checkout@v4	2026-09-23T08:16:33.3657504Z hint: to use in all of your new repositories, which will suppress this warning,
higress-wasmplugin-test (RUST)	Run actions/checkout@v4	2026-09-23T08:16:33.3659160Z hint: call:
higress-wasmplugin-test (RUST)	Run actions/checkout@v4	2026-09-23T08:16:33.3660061Z hint:
higress-wasmplugin-test (RUST)	Run actions/checkout@v4	2026-09-23T08:16:33.3661217Z hint: 	git config --global init.defaultBranch <name>
higress-wasmplugin-test (RUST)	Run actions/checkout@v4	2026-09-23T08:16:33.3662512Z hint:
higress-wasmplugin-test (RUST)	Run actions/checkout@v4	2026-09-23T08:16:33.3663734Z hint: Names commonly chosen instead of 'master' are 'main', 'trunk' and
higress-wasmplugin-test (RUST)	Run actions/checkout@v4	2026-09-23T08:16:33.3665847Z hint: 'development'. The just-created branch can be renamed via this command:
higress-wasmplugin-test (RUST)	Run actions/checkout@v4	2026-09-23T08:16:33.3667348Z hint:
higress-wasmplugin-test (RUST)	Run actions/checkout@v4	2026-09-23T08:16:33.3668170Z hint: 	git branch -m <name>
higress-wasmplugin-test (RUST)	Run actions/checkout@v4	2026-09-23T08:16:33.3668886Z hint:
higress-wasmplugin-test (RUST)	Run actions/checkout@v4	2026-09-23T08:16:33.3669830Z hint: Disable this message with "git config set advice.defaultBranchName false"
higress-wasmplugin-test (RUST)	Run actions/checkout@v4	2026-09-23T08:16:33.3671424Z Initialized empty Git repository in /home/runner/work/higress/higress/.git/
higress-wasmplugin-test (RUST)	Run actions/checkout@v4	2026-09-23T08:16:33.3674887Z [command]/usr/bin/git remote add origin https://github.com/higress-group/higress
higress-wasmplugin-test (RUST)	Run actions/checkout@v4	2026-09-23T08:16:33.3688326Z ##[endgroup]
higress-wasmplugin-test (RUST)	Run actions/checkout@v4	2026-09-23T08:16:33.3690067Z ##[group]Disabling automatic garbage collection
higress-wasmplugin-test (RUST)	Run actions/checkout@v4	2026-09-23T08:16:33.3691450Z [command]/usr/bin/git config --local gc.auto 0
higress-wasmplugin-test (RUST)	Run actions/checkout@v4	2026-09-23T08:16:33.3714459Z ##[endgroup]
higress-wasmplugin-test (RUST)	Run actions/checkout@v4	2026-09-23T08:16:33.3715636Z ##[group]Setting up auth
higress-wasmplugin-test (RUST)	Run actions/checkout@v4	2026-09-23T08:16:33.3719416Z [command]/usr/bin/git config --local --name-only --get-regexp core\.sshCommand
higress-wasmplugin-test (RUST)	Run actions/checkout@v4	2026-09-23T08:16:33.3743190Z [command]/usr/bin/git submodule foreach --recursive sh -c "git config --local --name-only --get-regexp 'core\.sshCommand' && git config --local --unset-all 'core.sshCommand' || :"
higress-wasmplugin-test (RUST)	Run actions/checkout@v4	2026-09-23T08:16:33.3985303Z [command]/usr/bin/git config --local --name-only --get-regexp http\.https\:\/\/github\.com\/\.extraheader
higress-wasmplugin-test (RUST)	Run actions/checkout@v4	2026-09-23T08:16:33.4010343Z [command]/usr/bin/git submodule foreach --recursive sh -c "git config --local --name-only --get-regexp 'http\.https\:\/\/github\.com\/\.extraheader' && git config --local --unset-all 'http.https://github.com/.extraheader' || :"
higress-wasmplugin-test (RUST)	Run actions/checkout@v4	2026-09-23T08:16:33.4178243Z [command]/usr/bin/git config --local --name-only --get-regexp ^includeIf\.gitdir:
higress-wasmplugin-test (RUST)	Run actions/checkout@v4	2026-09-23T08:16:33.4200689Z [command]/usr/bin/git submodule foreach --recursive git config --local --show-origin --name-only --get-regexp remote.origin.url
higress-wasmplugin-test (RUST)	Run actions/checkout@v4	2026-09-23T08:16:33.4369428Z [command]/usr/bin/git config --local http.https://github.com/.extraheader AUTHORIZATION: basic ***
higress-wasmplugin-test (RUST)	Run actions/checkout@v4	2026-09-23T08:16:33.4395262Z ##[endgroup]
higress-wasmplugin-test (RUST)	Run actions/checkout@v4	2026-09-23T08:16:33.4396662Z ##[group]Fetching the repository
higress-wasmplugin-test (RUST)	Run actions/checkout@v4	2026-09-23T08:16:33.4411310Z [command]/usr/bin/git -c protocol.version=2 fetch --no-tags --prune --no-recurse-submodules --depth=1 origin +a01636191d45d3bda350611b95f6d2363482dac2:refs/remotes/pull/4685/merge
higress-wasmplugin-test (RUST)	Run actions/checkout@v4	2026-09-23T08:16:35.2252353Z From https://github.com/higress-group/higress
higress-wasmplugin-test (RUST)	Run actions/checkout@v4	2026-09-23T08:16:35.2253164Z  * [new ref]         a01636191d45d3bda350611b95f6d2363482dac2 -> pull/4685/merge
higress-wasmplugin-test (RUST)	Run actions/checkout@v4	2026-09-23T08:16:35.2255411Z ##[endgroup]
higress-wasmplugin-test (RUST)	Run actions/checkout@v4	2026-09-23T08:16:35.2255989Z ##[group]Determining the checkout info
higress-wasmplugin-test (RUST)	Run actions/checkout@v4	2026-09-23T08:16:35.2258341Z ##[endgroup]
higress-wasmplugin-test (RUST)	Run actions/checkout@v4	2026-09-23T08:16:35.2263209Z [command]/usr/bin/git sparse-checkout disable
higress-wasmplugin-test (RUST)	Run actions/checkout@v4	2026-09-23T08:16:35.2294498Z [command]/usr/bin/git config --local --unset-all extensions.worktreeConfig
higress-wasmplugin-test (RUST)	Run actions/checkout@v4	2026-09-23T08:16:35.2315988Z ##[group]Checking out the ref
higress-wasmplugin-test (RUST)	Run actions/checkout@v4	2026-09-23T08:16:35.2320224Z [command]/usr/bin/git checkout --progress --force refs/remotes/pull/4685/merge
higress-wasmplugin-test (RUST)	Run actions/checkout@v4	2026-09-23T08:16:35.6713453Z Note: switching to 'refs/remotes/pull/4685/merge'.
higress-wasmplugin-test (RUST)	Run actions/checkout@v4	2026-09-23T08:16:35.6714214Z 
higress-wasmplugin-test (RUST)	Run actions/checkout@v4	2026-09-23T08:16:35.6714693Z You are in 'detached HEAD' state. You can look around, make experimental
higress-wasmplugin-test (RUST)	Run actions/checkout@v4	2026-09-23T08:16:35.6715324Z changes and commit them, and you can discard any commits you make in this
higress-wasmplugin-test (RUST)	Run actions/checkout@v4	2026-09-23T08:16:35.6716001Z state without impacting any branches by switching back to a branch.
higress-wasmplugin-test (RUST)	Run actions/checkout@v4	2026-09-23T08:16:35.6716421Z 
higress-wasmplugin-test (RUST)	Run actions/checkout@v4	2026-09-23T08:16:35.6716735Z If you want to create a new branch to retain commits you create, you may
higress-wasmplugin-test (RUST)	Run actions/checkout@v4	2026-09-23T08:16:35.6717289Z do so (now or later) by using -c with the switch command. Example:
higress-wasmplugin-test (RUST)	Run actions/checkout@v4	2026-09-23T08:16:35.6717625Z 
higress-wasmplugin-test (RUST)	Run actions/checkout@v4	2026-09-23T08:16:35.6717781Z   git switch -c <new-branch-name>
higress-wasmplugin-test (RUST)	Run actions/checkout@v4	2026-09-23T08:16:35.6718031Z 
higress-wasmplugin-test (RUST)	Run actions/checkout@v4	2026-09-23T08:16:35.6718195Z Or undo this operation with:
higress-wasmplugin-test (RUST)	Run actions/checkout@v4	2026-09-23T08:16:35.6718437Z 
higress-wasmplugin-test (RUST)	Run actions/checkout@v4	2026-09-23T08:16:35.6718557Z   git switch -
higress-wasmplugin-test (RUST)	Run actions/checkout@v4	2026-09-23T08:16:35.6718769Z 
higress-wasmplugin-test (RUST)	Run actions/checkout@v4	2026-09-23T08:16:35.6719038Z Turn off this advice by setting config variable advice.detachedHead to false
higress-wasmplugin-test (RUST)	Run actions/checkout@v4	2026-09-23T08:16:35.6719421Z 
higress-wasmplugin-test (RUST)	Run actions/checkout@v4	2026-09-23T08:16:35.6719838Z HEAD is now at a016361 Merge 06f864dc1eba5fbb8bf42a54c938c74abcb4ee88 into a42482341eb199b2c1553a560c81137ebad14441
higress-wasmplugin-test (RUST)	Run actions/checkout@v4	2026-09-23T08:16:35.6731789Z ##[endgroup]
higress-wasmplugin-test (RUST)	Run actions/checkout@v4	2026-09-23T08:16:35.6767556Z [command]/usr/bin/git log -1 --format=%H
higress-wasmplugin-test (RUST)	Run actions/checkout@v4	2026-09-23T08:16:35.6788759Z a01636191d45d3bda350611b95f6d2363482dac2
higress-wasmplugin-test (RUST)	Disable containerd image store	﻿2026-09-23T08:16:35.8058684Z ##[group]Run sudo bash -c 'cat > /etc/docker/daemon.json << EOF
higress-wasmplugin-test (RUST)	Disable containerd image store	2026-09-23T08:16:35.8059182Z ^[[36;1msudo bash -c 'cat > /etc/docker/daemon.json << EOF^[[0m
higress-wasmplugin-test (RUST)	Disable containerd image store	2026-09-23T08:16:35.8059457Z ^[[36;1m{^[[0m
higress-wasmplugin-test (RUST)	Disable containerd image store	2026-09-23T08:16:35.8059655Z ^[[36;1m  "features": {^[[0m
higress-wasmplugin-test (RUST)	Disable containerd image store	2026-09-23T08:16:35.8059888Z ^[[36;1m    "containerd-snapshotter": false^[[0m
higress-wasmplugin-test (RUST)	Disable containerd image store	2026-09-23T08:16:35.8060126Z ^[[36;1m  }^[[0m
higress-wasmplugin-test (RUST)	Disable containerd image store	2026-09-23T08:16:35.8060299Z ^[[36;1m}^[[0m
higress-wasmplugin-test (RUST)	Disable containerd image store	2026-09-23T08:16:35.8060493Z ^[[36;1mEOF'^[[0m
higress-wasmplugin-test (RUST)	Disable containerd image store	2026-09-23T08:16:35.8060681Z ^[[36;1msudo systemctl restart docker^[[0m
higress-wasmplugin-test (RUST)	Disable containerd image store	2026-09-23T08:16:35.8060930Z ^[[36;1mdocker info -f '{{ .DriverStatus }}'^[[0m
higress-wasmplugin-test (RUST)	Disable containerd image store	2026-09-23T08:16:35.8501065Z shell: /usr/bin/bash -e {0}
higress-wasmplugin-test (RUST)	Disable containerd image store	2026-09-23T08:16:35.8501419Z ##[endgroup]
higress-wasmplugin-test (RUST)	Disable containerd image store	2026-09-23T08:16:37.4624275Z [[Backing Filesystem extfs] [Supports d_type true] [Using metacopy false] [Native Overlay Diff false] [userxattr false]]
higress-wasmplugin-test (RUST)	Free Up GitHub Actions Ubuntu Runner Disk Space 🔧	﻿2026-09-23T08:16:37.5210220Z ##[group]Run jlumbroso/free-disk-space@main
higress-wasmplugin-test (RUST)	Free Up GitHub Actions Ubuntu Runner Disk Space 🔧	2026-09-23T08:16:37.5210521Z with:
higress-wasmplugin-test (RUST)	Free Up GitHub Actions Ubuntu Runner Disk Space 🔧	2026-09-23T08:16:37.5210705Z   tool-cache: false
higress-wasmplugin-test (RUST)	Free Up GitHub Actions Ubuntu Runner Disk Space 🔧	2026-09-23T08:16:37.5210885Z   android: true
higress-wasmplugin-test (RUST)	Free Up GitHub Actions Ubuntu Runner Disk Space 🔧	2026-09-23T08:16:37.5211058Z   dotnet: true
higress-wasmplugin-test (RUST)	Free Up GitHub Actions Ubuntu Runner Disk Space 🔧	2026-09-23T08:16:37.5211226Z   haskell: true
higress-wasmplugin-test (RUST)	Free Up GitHub Actions Ubuntu Runner Disk Space 🔧	2026-09-23T08:16:37.5211401Z   large-packages: true
higress-wasmplugin-test (RUST)	Free Up GitHub Actions Ubuntu Runner Disk Space 🔧	2026-09-23T08:16:37.5211586Z   swap-storage: true
higress-wasmplugin-test (RUST)	Free Up GitHub Actions Ubuntu Runner Disk Space 🔧	2026-09-23T08:16:37.5211764Z   docker-images: true
higress-wasmplugin-test (RUST)	Free Up GitHub Actions Ubuntu Runner Disk Space 🔧	2026-09-23T08:16:37.5211962Z   preinstalled-runtimes: false
higress-wasmplugin-test (RUST)	Free Up GitHub Actions Ubuntu Runner Disk Space 🔧	2026-09-23T08:16:37.5212182Z ##[endgroup]
higress-wasmplugin-test (RUST)	Free Up GitHub Actions Ubuntu Runner Disk Space 🔧	2026-09-23T08:16:37.5372130Z ##[start-action display=Run # ======;id=__jlumbroso_free-disk-space.__run]
higress-wasmplugin-test (RUST)	Free Up GitHub Actions Ubuntu Runner Disk Space 🔧	2026-09-23T08:16:37.5508383Z ##[group]Run # ======
higress-wasmplugin-test (RUST)	Free Up GitHub Actions Ubuntu Runner Disk Space 🔧	2026-09-23T08:16:37.5509070Z ^[[36;1m^[[0m
higress-wasmplugin-test (RUST)	Free Up GitHub Actions Ubuntu Runner Disk Space 🔧	2026-09-23T08:16:37.5509250Z ^[[36;1m# ======^[[0m
higress-wasmplugin-test (RUST)	Free Up GitHub Actions Ubuntu Runner Disk Space 🔧	2026-09-23T08:16:37.5509438Z ^[[36;1m# MACROS^[[0m
higress-wasmplugin-test (RUST)	Free Up GitHub Actions Ubuntu Runner Disk Space 🔧	2026-09-23T08:16:37.5509620Z ^[[36;1m# ======^[[0m
higress-wasmplugin-test (RUST)	Free Up GitHub Actions Ubuntu Runner Disk Space 🔧	2026-09-23T08:16:37.5509796Z ^[[36;1m^[[0m
higress-wasmplugin-test (RUST)	Free Up GitHub Actions Ubuntu Runner Disk Space 🔧	2026-09-23T08:16:37.5509993Z ^[[36;1m# macro to print a line of equals^[[0m
higress-wasmplugin-test (RUST)	Free Up GitHub Actions Ubuntu Runner Disk Space 🔧	2026-09-23T08:16:37.5510256Z ^[[36;1m# (silly but works)^[[0m
higress-wasmplugin-test (RUST)	Free Up GitHub Actions Ubuntu Runner Disk Space 🔧	2026-09-23T08:16:37.5510725Z ^[[36;1mprintSeparationLine() {^[[0m
higress-wasmplugin-test (RUST)	Free Up GitHub Actions Ubuntu Runner Disk Space 🔧	2026-09-23T08:16:37.5510967Z ^[[36;1m  str=${1:=}^[[0m
higress-wasmplugin-test (RUST)	Free Up GitHub Actions Ubuntu Runner Disk Space 🔧	2026-09-23T08:16:37.5511166Z ^[[36;1m  num=${2:-80}^[[0m
higress-wasmplugin-test (RUST)	Free Up GitHub Actions Ubuntu Runner Disk Space 🔧	2026-09-23T08:16:37.5511373Z ^[[36;1m  counter=1^[[0m
higress-wasmplugin-test (RUST)	Free Up GitHub Actions Ubuntu Runner Disk Space 🔧	2026-09-23T08:16:37.5511572Z ^[[36;1m  output=""^[[0m
higress-wasmplugin-test (RUST)	Free Up GitHub Actions Ubuntu Runner Disk Space 🔧	2026-09-23T08:16:37.5511790Z ^[[36;1m  while [ $counter -le $num ]^[[0m
higress-wasmplugin-test (RUST)	Free Up GitHub Actions Ubuntu Runner Disk Space 🔧	2026-09-23T08:16:37.5512022Z ^[[36;1m  do^[[0m
higress-wasmplugin-test (RUST)	Free Up GitHub Actions Ubuntu Runner Disk Space 🔧	2026-09-23T08:16:37.5512222Z ^[[36;1m     output="${output}${str}"^[[0m
higress-wasmplugin-test (RUST)	Free Up GitHub Actions Ubuntu Runner Disk Space 🔧	2026-09-23T08:16:37.5512479Z ^[[36;1m     counter=$((counter+1))^[[0m
higress-wasmplugin-test (RUST)	Free Up GitHub Actions Ubuntu Runner Disk Space 🔧	2026-09-23T08:16:37.5512700Z ^[[36;1m  done^[[0m
higress-wasmplugin-test (RUST)	Free Up GitHub Actions Ubuntu Runner Disk Space 🔧	2026-09-23T08:16:37.5512891Z ^[[36;1m  echo "${output}"^[[0m
higress-wasmplugin-test (RUST)	Free Up GitHub Actions Ubuntu Runner Disk Space 🔧	2026-09-23T08:16:37.5513097Z ^[[36;1m}^[[0m
higress-wasmplugin-test (RUST)	Free Up GitHub Actions Ubuntu Runner Disk Space 🔧	2026-09-23T08:16:37.5513267Z ^[[36;1m^[[0m
higress-wasmplugin-test (RUST)	Free Up GitHub Actions Ubuntu Runner Disk Space 🔧	2026-09-23T08:16:37.5513464Z ^[[36;1m# macro to compute available space^[[0m
higress-wasmplugin-test (RUST)	Free Up GitHub Actions Ubuntu Runner Disk Space 🔧	2026-09-23T08:16:37.5513794Z ^[[36;1m# REF: https://unix.stackexchange.com/a/42049/60849^[[0m
higress-wasmplugin-test (RUST)	Free Up GitHub Actions Ubuntu Runner Disk Space 🔧	2026-09-23T08:16:37.5514261Z ^[[36;1m# REF: https://stackoverflow.com/a/450821/408734^[[0m
higress-wasmplugin-test (RUST)	Free Up GitHub Actions Ubuntu Runner Disk Space 🔧	2026-09-23T08:16:37.5514689Z ^[[36;1mgetAvailableSpace() { echo $(df -a $1 | awk 'NR > 1 {avail+=$4} END {print avail}'); }^[[0m
higress-wasmplugin-test (RUST)	Free Up GitHub Actions Ubuntu Runner Disk Space 🔧	2026-09-23T08:16:37.5515066Z ^[[36;1m^[[0m
higress-wasmplugin-test (RUST)	Free Up GitHub Actions Ubuntu Runner Disk Space 🔧	2026-09-23T08:16:37.5515306Z ^[[36;1m# macro to make Kb human readable (assume the input is Kb)^[[0m
higress-wasmplugin-test (RUST)	Free Up GitHub Actions Ubuntu Runner Disk Space 🔧	2026-09-23T08:16:37.5515658Z ^[[36;1m# REF: https://unix.stackexchange.com/a/44087/60849^[[0m
higress-wasmplugin-test (RUST)	Free Up GitHub Actions Ubuntu Runner Disk Space 🔧	2026-09-23T08:16:37.5516050Z ^[[36;1mformatByteCount() { echo $(numfmt --to=iec-i --suffix=B --padding=7 $1'000'); }^[[0m
higress-wasmplugin-test (RUST)	Free Up GitHub Actions Ubuntu Runner Disk Space 🔧	2026-09-23T08:16:37.5516387Z ^[[36;1m^[[0m
higress-wasmplugin-test (RUST)	Free Up GitHub Actions Ubuntu Runner Disk Space 🔧	2026-09-23T08:16:37.5516570Z ^[[36;1m# macro to output saved space^[[0m
higress-wasmplugin-test (RUST)	Free Up GitHub Actions Ubuntu Runner Disk Space 🔧	2026-09-23T08:16:37.5516809Z ^[[36;1mprintSavedSpace() {^[[0m
higress-wasmplugin-test (RUST)	Free Up GitHub Actions Ubuntu Runner Disk Space 🔧	2026-09-23T08:16:37.5517022Z ^[[36;1m  saved=${1}^[[0m
higress-wasmplugin-test (RUST)	Free Up GitHub Actions Ubuntu Runner Disk Space 🔧	2026-09-23T08:16:37.5517215Z ^[[36;1m  title=${2:-}^[[0m
higress-wasmplugin-test (RUST)	Free Up GitHub Actions Ubuntu Runner Disk Space 🔧	2026-09-23T08:16:37.5517408Z ^[[36;1m^[[0m
higress-wasmplugin-test (RUST)	Free Up GitHub Actions Ubuntu Runner Disk Space 🔧	2026-09-23T08:16:37.5517571Z ^[[36;1m  echo ""^[[0m
higress-wasmplugin-test (RUST)	Free Up GitHub Actions Ubuntu Runner Disk Space 🔧	2026-09-23T08:16:37.5517770Z ^[[36;1m  printSeparationLine '*' 80^[[0m
higress-wasmplugin-test (RUST)	Free Up GitHub Actions Ubuntu Runner Disk Space 🔧	2026-09-23T08:16:37.5518007Z ^[[36;1m  if [ ! -z "${title}" ]; then^[[0m
higress-wasmplugin-test (RUST)	Free Up GitHub Actions Ubuntu Runner Disk Space 🔧	2026-09-23T08:16:37.5518288Z ^[[36;1m    echo "=> ${title}: Saved $(formatByteCount $saved)"^[[0m
higress-wasmplugin-test (RUST)	Free Up GitHub Actions Ubuntu Runner Disk Space 🔧	2026-09-23T08:16:37.5518566Z ^[[36;1m  else^[[0m
higress-wasmplugin-test (RUST)	Free Up GitHub Actions Ubuntu Runner Disk Space 🔧	2026-09-23T08:16:37.5518784Z ^[[36;1m    echo "=> Saved $(formatByteCount $saved)"^[[0m
higress-wasmplugin-test (RUST)	Free Up GitHub Actions Ubuntu Runner Disk Space 🔧	2026-09-23T08:16:37.5519032Z ^[[36;1m  fi^[[0m
higress-wasmplugin-test (RUST)	Free Up GitHub Actions Ubuntu Runner Disk Space 🔧	2026-09-23T08:16:37.5519224Z ^[[36;1m  printSeparationLine '*' 80^[[0m
higress-wasmplugin-test (RUST)	Free Up GitHub Actions Ubuntu Runner Disk Space 🔧	2026-09-23T08:16:37.5519442Z ^[[36;1m  echo ""^[[0m
higress-wasmplugin-test (RUST)	Free Up GitHub Actions Ubuntu Runner Disk Space 🔧	2026-09-23T08:16:37.5519624Z ^[[36;1m}^[[0m
higress-wasmplugin-test (RUST)	Free Up GitHub Actions Ubuntu Runner Disk Space 🔧	2026-09-23T08:16:37.5519785Z ^[[36;1m^[[0m
higress-wasmplugin-test (RUST)	Free Up GitHub Actions Ubuntu Runner Disk Space 🔧	2026-09-23T08:16:37.5519985Z ^[[36;1m# macro to print output of dh with caption^[[0m
higress-wasmplugin-test (RUST)	Free Up GitHub Actions Ubuntu Runner Disk Space 🔧	2026-09-23T08:16:37.5520236Z ^[[36;1mprintDH() {^[[0m
higress-wasmplugin-test (RUST)	Free Up GitHub Actions Ubuntu Runner Disk Space 🔧	2026-09-23T08:16:37.5520431Z ^[[36;1m  caption=${1:-}^[[0m
higress-wasmplugin-test (RUST)	Free Up GitHub Actions Ubuntu Runner Disk Space 🔧	2026-09-23T08:16:37.5520624Z ^[[36;1m^[[0m
higress-wasmplugin-test (RUST)	Free Up GitHub Actions Ubuntu Runner Disk Space 🔧	2026-09-23T08:16:37.5520797Z ^[[36;1m  printSeparationLine '=' 80^[[0m
higress-wasmplugin-test (RUST)	Free Up GitHub Actions Ubuntu Runner Disk Space 🔧	2026-09-23T08:16:37.5521027Z ^[[36;1m  echo "${caption}"^[[0m
higress-wasmplugin-test (RUST)	Free Up GitHub Actions Ubuntu Runner Disk Space 🔧	2026-09-23T08:16:37.5521231Z ^[[36;1m  echo ""^[[0m
higress-wasmplugin-test (RUST)	Free Up GitHub Actions Ubuntu Runner Disk Space 🔧	2026-09-23T08:16:37.5521425Z ^[[36;1m  echo "$ dh -h /"^[[0m
higress-wasmplugin-test (RUST)	Free Up GitHub Actions Ubuntu Runner Disk Space 🔧	2026-09-23T08:16:37.5521637Z ^[[36;1m  echo ""^[[0m
higress-wasmplugin-test (RUST)	Free Up GitHub Actions Ubuntu Runner Disk Space 🔧	2026-09-23T08:16:37.5521821Z ^[[36;1m  df -h /^[[0m
higress-wasmplugin-test (RUST)	Free Up GitHub Actions Ubuntu Runner Disk Space 🔧	2026-09-23T08:16:37.5522008Z ^[[36;1m  echo "$ dh -a /"^[[0m
higress-wasmplugin-test (RUST)	Free Up GitHub Actions Ubuntu Runner Disk Space 🔧	2026-09-23T08:16:37.5522351Z ^[[36;1m  echo ""^[[0m
higress-wasmplugin-test (RUST)	Free Up GitHub Actions Ubuntu Runner Disk Space 🔧	2026-09-23T08:16:37.5522542Z ^[[36;1m  df -a /^[[0m
higress-wasmplugin-test (RUST)	Free Up GitHub Actions Ubuntu Runner Disk Space 🔧	2026-09-23T08:16:37.5522730Z ^[[36;1m  echo "$ dh -a"^[[0m
higress-wasmplugin-test (RUST)	Free Up GitHub Actions Ubuntu Runner Disk Space 🔧	2026-09-23T08:16:37.5522931Z ^[[36;1m  echo ""^[[0m
higress-wasmplugin-test (RUST)	Free Up GitHub Actions Ubuntu Runner Disk Space 🔧	2026-09-23T08:16:37.5523115Z ^[[36;1m  df -a^[[0m
higress-wasmplugin-test (RUST)	Free Up GitHub Actions Ubuntu Runner Disk Space 🔧	2026-09-23T08:16:37.5523319Z ^[[36;1m  printSeparationLine '=' 80^[[0m
higress-wasmplugin-test (RUST)	Free Up GitHub Actions Ubuntu Runner Disk Space 🔧	2026-09-23T08:16:37.5523546Z ^[[36;1m}^[[0m
higress-wasmplugin-test (RUST)	Free Up GitHub Actions Ubuntu Runner Disk Space 🔧	2026-09-23T08:16:37.5523720Z ^[[36;1m^[[0m
higress-wasmplugin-test (RUST)	Free Up GitHub Actions Ubuntu Runner Disk Space 🔧	2026-09-23T08:16:37.5524013Z ^[[36;1m^[[0m
higress-wasmplugin-test (RUST)	Free Up GitHub Actions Ubuntu Runner Disk Space 🔧	2026-09-23T08:16:37.5524226Z ^[[36;1m^[[0m
higress-wasmplugin-test (RUST)	Free Up GitHub Actions Ubuntu Runner Disk Space 🔧	2026-09-23T08:16:37.5524394Z ^[[36;1m# ======^[[0m
higress-wasmplugin-test (RUST)	Free Up GitHub Actions Ubuntu Runner Disk Space 🔧	2026-09-23T08:16:37.5524583Z ^[[36;1m# SCRIPT^[[0m
higress-wasmplugin-test (RUST)	Free Up GitHub Actions Ubuntu Runner Disk Space 🔧	2026-09-23T08:16:37.5524763Z ^[[36;1m# ======^[[0m
higress-wasmplugin-test (RUST)	Free Up GitHub Actions Ubuntu Runner Disk Space 🔧	2026-09-23T08:16:37.5524934Z ^[[36;1m^[[0m
higress-wasmplugin-test (RUST)	Free Up GitHub Actions Ubuntu Runner Disk Space 🔧	2026-09-23T08:16:37.5525124Z ^[[36;1m# Display initial disk space stats^[[0m
higress-wasmplugin-test (RUST)	Free Up GitHub Actions Ubuntu Runner Disk Space 🔧	2026-09-23T08:16:37.5525364Z ^[[36;1m^[[0m
higress-wasmplugin-test (RUST)	Free Up GitHub Actions Ubuntu Runner Disk Space 🔧	2026-09-23T08:16:37.5525569Z ^[[36;1mAVAILABLE_INITIAL=$(getAvailableSpace)^[[0m
higress-wasmplugin-test (RUST)	Free Up GitHub Actions Ubuntu Runner Disk Space 🔧	2026-09-23T08:16:37.5525895Z ^[[36;1mAVAILABLE_ROOT_INITIAL=$(getAvailableSpace '/')^[[0m
higress-wasmplugin-test (RUST)	Free Up GitHub Actions Ubuntu Runner Disk Space 🔧	2026-09-23T08:16:37.5526166Z ^[[36;1m^[[0m
higress-wasmplugin-test (RUST)	Free Up GitHub Actions Ubuntu Runner Disk Space 🔧	2026-09-23T08:16:37.5526357Z ^[[36;1mprintDH "BEFORE CLEAN-UP:"^[[0m
higress-wasmplugin-test (RUST)	Free Up GitHub Actions Ubuntu Runner Disk Space 🔧	2026-09-23T08:16:37.5526668Z ^[[36;1mecho ""^[[0m
higress-wasmplugin-test (RUST)	Free Up GitHub Actions Ubuntu Runner Disk Space 🔧	2026-09-23T08:16:37.5526846Z ^[[36;1m^[[0m
higress-wasmplugin-test (RUST)	Free Up GitHub Actions Ubuntu Runner Disk Space 🔧	2026-09-23T08:16:37.5527006Z ^[[36;1m^[[0m
higress-wasmplugin-test (RUST)	Free Up GitHub Actions Ubuntu Runner Disk Space 🔧	2026-09-23T08:16:37.5527206Z ^[[36;1m# Option: Remove Android library^[[0m
higress-wasmplugin-test (RUST)	Free Up GitHub Actions Ubuntu Runner Disk Space 🔧	2026-09-23T08:16:37.5527437Z ^[[36;1m^[[0m
higress-wasmplugin-test (RUST)	Free Up GitHub Actions Ubuntu Runner Disk Space 🔧	2026-09-23T08:16:37.5527629Z ^[[36;1mif [[ "$ANDROID" == 'true' ]]; then^[[0m
higress-wasmplugin-test (RUST)	Free Up GitHub Actions Ubuntu Runner Disk Space 🔧	2026-09-23T08:16:37.5527888Z ^[[36;1m  BEFORE=$(getAvailableSpace)^[[0m
higress-wasmplugin-test (RUST)	Free Up GitHub Actions Ubuntu Runner Disk Space 🔧	2026-09-23T08:16:37.5528124Z ^[[36;1m  ^[[0m
higress-wasmplugin-test (RUST)	Free Up GitHub Actions Ubuntu Runner Disk Space 🔧	2026-09-23T08:16:37.5528347Z ^[[36;1m  sudo rm -rf /usr/local/lib/android || true^[[0m
higress-wasmplugin-test (RUST)	Free Up GitHub Actions Ubuntu Runner Disk Space 🔧	2026-09-23T08:16:37.5528597Z ^[[36;1m^[[0m
higress-wasmplugin-test (RUST)	Free Up GitHub Actions Ubuntu Runner Disk Space 🔧	2026-09-23T08:16:37.5528783Z ^[[36;1m  AFTER=$(getAvailableSpace)^[[0m
higress-wasmplugin-test (RUST)	Free Up GitHub Actions Ubuntu Runner Disk Space 🔧	2026-09-23T08:16:37.5529025Z ^[[36;1m  SAVED=$((AFTER-BEFORE))^[[0m
higress-wasmplugin-test (RUST)	Free Up GitHub Actions Ubuntu Runner Disk Space 🔧	2026-09-23T08:16:37.5529289Z ^[[36;1m  printSavedSpace $SAVED "Android library"^[[0m
higress-wasmplugin-test (RUST)	Free Up GitHub Actions Ubuntu Runner Disk Space 🔧	2026-09-23T08:16:37.5529536Z ^[[36;1mfi^[[0m
higress-wasmplugin-test (RUST)	Free Up GitHub Actions Ubuntu Runner Disk Space 🔧	2026-09-23T08:16:37.5529703Z ^[[36;1m^[[0m
higress-wasmplugin-test (RUST)	Free Up GitHub Actions Ubuntu Runner Disk Space 🔧	2026-09-23T08:16:37.5529882Z ^[[36;1m# Option: Remove .NET runtime^[[0m
higress-wasmplugin-test (RUST)	Free Up GitHub Actions Ubuntu Runner Disk Space 🔧	2026-09-23T08:16:37.5530104Z ^[[36;1m^[[0m
higress-wasmplugin-test (RUST)	Free Up GitHub Actions Ubuntu Runner Disk Space 🔧	2026-09-23T08:16:37.5530306Z ^[[36;1mif [[ "$DOTNET" == 'true' ]]; then^[[0m
higress-wasmplugin-test (RUST)	Free Up GitHub Actions Ubuntu Runner Disk Space 🔧	2026-09-23T08:16:37.5530556Z ^[[36;1m  BEFORE=$(getAvailableSpace)^[[0m
higress-wasmplugin-test (RUST)	Free Up GitHub Actions Ubuntu Runner Disk Space 🔧	2026-09-23T08:16:37.5530778Z ^[[36;1m^[[0m
higress-wasmplugin-test (RUST)	Free Up GitHub Actions Ubuntu Runner Disk Space 🔧	2026-09-23T08:16:37.5531106Z ^[[36;1m  # https://github.community/t/bigger-github-hosted-runners-disk-space/17267/11^[[0m
higress-wasmplugin-test (RUST)	Free Up GitHub Actions Ubuntu Runner Disk Space 🔧	2026-09-23T08:16:37.5531508Z ^[[36;1m  sudo rm -rf /usr/share/dotnet || true^[[0m
higress-wasmplugin-test (RUST)	Free Up GitHub Actions Ubuntu Runner Disk Space 🔧	2026-09-23T08:16:37.5531753Z ^[[36;1m  ^[[0m
higress-wasmplugin-test (RUST)	Free Up GitHub Actions Ubuntu Runner Disk Space 🔧	2026-09-23T08:16:37.5531943Z ^[[36;1m  AFTER=$(getAvailableSpace)^[[0m
higress-wasmplugin-test (RUST)	Free Up GitHub Actions Ubuntu Runner Disk Space 🔧	2026-09-23T08:16:37.5532182Z ^[[36;1m  SAVED=$((AFTER-BEFORE))^[[0m
higress-wasmplugin-test (RUST)	Free Up GitHub Actions Ubuntu Runner Disk Space 🔧	2026-09-23T08:16:37.5532435Z ^[[36;1m  printSavedSpace $SAVED ".NET runtime"^[[0m
higress-wasmplugin-test (RUST)	Free Up GitHub Actions Ubuntu Runner Disk Space 🔧	2026-09-23T08:16:37.5532687Z ^[[36;1mfi^[[0m
higress-wasmplugin-test (RUST)	Free Up GitHub Actions Ubuntu Runner Disk Space 🔧	2026-09-23T08:16:37.5532857Z ^[[36;1m^[[0m
higress-wasmplugin-test (RUST)	Free Up GitHub Actions Ubuntu Runner Disk Space 🔧	2026-09-23T08:16:37.5533040Z ^[[36;1m# Option: Remove Haskell runtime^[[0m
higress-wasmplugin-test (RUST)	Free Up GitHub Actions Ubuntu Runner Disk Space 🔧	2026-09-23T08:16:37.5533270Z ^[[36;1m^[[0m
higress-wasmplugin-test (RUST)	Free Up GitHub Actions Ubuntu Runner Disk Space 🔧	2026-09-23T08:16:37.5533456Z ^[[36;1mif [[ "$HASKELL" == 'true' ]]; then^[[0m
higress-wasmplugin-test (RUST)	Free Up GitHub Actions Ubuntu Runner Disk Space 🔧	2026-09-23T08:16:37.5533709Z ^[[36;1m  BEFORE=$(getAvailableSpace)^[[0m
higress-wasmplugin-test (RUST)	Free Up GitHub Actions Ubuntu Runner Disk Space 🔧	2026-09-23T08:16:37.5534093Z ^[[36;1m^[[0m
higress-wasmplugin-test (RUST)	Free Up GitHub Actions Ubuntu Runner Disk Space 🔧	2026-09-23T08:16:37.5534299Z ^[[36;1m  sudo rm -rf /opt/ghc || true^[[0m
higress-wasmplugin-test (RUST)	Free Up GitHub Actions Ubuntu Runner Disk Space 🔧	2026-09-23T08:16:37.5534561Z ^[[36;1m  sudo rm -rf /usr/local/.ghcup || true^[[0m
higress-wasmplugin-test (RUST)	Free Up GitHub Actions Ubuntu Runner Disk Space 🔧	2026-09-23T08:16:37.5534803Z ^[[36;1m  ^[[0m
higress-wasmplugin-test (RUST)	Free Up GitHub Actions Ubuntu Runner Disk Space 🔧	2026-09-23T08:16:37.5534995Z ^[[36;1m  AFTER=$(getAvailableSpace)^[[0m
higress-wasmplugin-test (RUST)	Free Up GitHub Actions Ubuntu Runner Disk Space 🔧	2026-09-23T08:16:37.5535241Z ^[[36;1m  SAVED=$((AFTER-BEFORE))^[[0m
higress-wasmplugin-test (RUST)	Free Up GitHub Actions Ubuntu Runner Disk Space 🔧	2026-09-23T08:16:37.5535507Z ^[[36;1m  printSavedSpace $SAVED "Haskell runtime"^[[0m
higress-wasmplugin-test (RUST)	Free Up GitHub Actions Ubuntu Runner Disk Space 🔧	2026-09-23T08:16:37.5535759Z ^[[36;1mfi^[[0m
higress-wasmplugin-test (RUST)	Free Up GitHub Actions Ubuntu Runner Disk Space 🔧	2026-09-23T08:16:37.5535926Z ^[[36;1m^[[0m
higress-wasmplugin-test (RUST)	Free Up GitHub Actions Ubuntu Runner Disk Space 🔧	2026-09-23T08:16:37.5536111Z ^[[36;1m# Option: Remove large packages^[[0m
higress-wasmplugin-test (RUST)	Free Up GitHub Actions Ubuntu Runner Disk Space 🔧	2026-09-23T08:16:37.5536509Z ^[[36;1m# REF: https://github.com/apache/flink/blob/master/tools/azure-pipelines/free_disk_space.sh^[[0m
higress-wasmplugin-test (RUST)	Free Up GitHub Actions Ubuntu Runner Disk Space 🔧	2026-09-23T08:16:37.5536890Z ^[[36;1m^[[0m
higress-wasmplugin-test (RUST)	Free Up GitHub Actions Ubuntu Runner Disk Space 🔧	2026-09-23T08:16:37.5537094Z ^[[36;1mif [[ "$LARGE_PACKAGES" == 'true' ]]; then^[[0m
higress-wasmplugin-test (RUST)	Free Up GitHub Actions Ubuntu Runner Disk Space 🔧	2026-09-23T08:16:37.5537356Z ^[[36;1m  BEFORE=$(getAvailableSpace)^[[0m
higress-wasmplugin-test (RUST)	Free Up GitHub Actions Ubuntu Runner Disk Space 🔧	2026-09-23T08:16:37.5537587Z ^[[36;1m^[[0m
higress-wasmplugin-test (RUST)	Free Up GitHub Actions Ubuntu Runner Disk Space 🔧	2026-09-23T08:16:37.5537864Z ^[[36;1m  # PRECEDENCE: a specific subject-toggle outranks this general category.^[[0m
higress-wasmplugin-test (RUST)	Free Up GitHub Actions Ubuntu Runner Disk Space 🔧	2026-09-23T08:16:37.5538393Z ^[[36;1m  # Setting `dotnet: false` keeps .NET everywhere, including the apt^[[0m
higress-wasmplugin-test (RUST)	Free Up GitHub Actions Ubuntu Runner Disk Space 🔧	2026-09-23T08:16:37.5538757Z ^[[36;1m  # packages this block would otherwise sweep up.^[[0m
higress-wasmplugin-test (RUST)	Free Up GitHub Actions Ubuntu Runner Disk Space 🔧	2026-09-23T08:16:37.5539022Z ^[[36;1m  #^[[0m
higress-wasmplugin-test (RUST)	Free Up GitHub Actions Ubuntu Runner Disk Space 🔧	2026-09-23T08:16:37.5539282Z ^[[36;1m  # Reported by @gmij in #6 (2023), again by @ashleney in #33 (2024), and^[[0m
higress-wasmplugin-test (RUST)	Free Up GitHub Actions Ubuntu Runner Disk Space 🔧	2026-09-23T08:16:37.5539647Z ^[[36;1m  # diagnosed with a workaround by @ax3l in #33 (2025).^[[0m
higress-wasmplugin-test (RUST)	Free Up GitHub Actions Ubuntu Runner Disk Space 🔧	2026-09-23T08:16:37.5539927Z ^[[36;1m  #^[[0m
higress-wasmplugin-test (RUST)	Free Up GitHub Actions Ubuntu Runner Disk Space 🔧	2026-09-23T08:16:37.5540206Z ^[[36;1m  # The policy is explicit; this applies it to .NET. A future subject^[[0m
higress-wasmplugin-test (RUST)	Free Up GitHub Actions Ubuntu Runner Disk Space 🔧	2026-09-23T08:16:37.5540613Z ^[[36;1m  # option must add and test its own exemption here — there is no general^[[0m
higress-wasmplugin-test (RUST)	Free Up GitHub Actions Ubuntu Runner Disk Space 🔧	2026-09-23T08:16:37.5540961Z ^[[36;1m  # mechanism that does it automatically.^[[0m
higress-wasmplugin-test (RUST)	Free Up GitHub Actions Ubuntu Runner Disk Space 🔧	2026-09-23T08:16:37.5541230Z ^[[36;1m  if [[ "$DOTNET" == 'true' ]]; then^[[0m
higress-wasmplugin-test (RUST)	Free Up GitHub Actions Ubuntu Runner Disk Space 🔧	2026-09-23T08:16:37.5541788Z ^[[36;1m    sudo apt-get remove -y '^aspnetcore-.*' || echo "::warning::The command [sudo apt-get remove -y '^aspnetcore-.*'] failed to complete successfully. Proceeding..."^[[0m
higress-wasmplugin-test (RUST)	Free Up GitHub Actions Ubuntu Runner Disk Space 🔧	2026-09-23T08:16:37.5542744Z ^[[36;1m    sudo apt-get remove -y '^dotnet-.*' --fix-missing || echo "::warning::The command [sudo apt-get remove -y '^dotnet-.*' --fix-missing] failed to complete successfully. Proceeding..."^[[0m
higress-wasmplugin-test (RUST)	Free Up GitHub Actions Ubuntu Runner Disk Space 🔧	2026-09-23T08:16:37.5543317Z ^[[36;1m  else^[[0m
higress-wasmplugin-test (RUST)	Free Up GitHub Actions Ubuntu Runner Disk Space 🔧	2026-09-23T08:16:37.5543687Z ^[[36;1m    echo "::notice::dotnet: false — .NET packages exempted from large-packages (dotnet-*, aspnetcore-*)."^[[0m
higress-wasmplugin-test (RUST)	Free Up GitHub Actions Ubuntu Runner Disk Space 🔧	2026-09-23T08:16:37.5544184Z ^[[36;1m  fi^[[0m
higress-wasmplugin-test (RUST)	Free Up GitHub Actions Ubuntu Runner Disk Space 🔧	2026-09-23T08:16:37.5544372Z ^[[36;1m^[[0m
higress-wasmplugin-test (RUST)	Free Up GitHub Actions Ubuntu Runner Disk Space 🔧	2026-09-23T08:16:37.5544882Z ^[[36;1m  sudo apt-get remove -y '^llvm-.*' --fix-missing || echo "::warning::The command [sudo apt-get remove -y '^llvm-.*' --fix-missing] failed to complete successfully. Proceeding..."^[[0m
higress-wasmplugin-test (RUST)	Free Up GitHub Actions Ubuntu Runner Disk Space 🔧	2026-09-23T08:16:37.5545749Z ^[[36;1m  sudo apt-get remove -y 'php.*' --fix-missing || echo "::warning::The command [sudo apt-get remove -y 'php.*' --fix-missing] failed to complete successfully. Proceeding..."^[[0m
higress-wasmplugin-test (RUST)	Free Up GitHub Actions Ubuntu Runner Disk Space 🔧	2026-09-23T08:16:37.5546651Z ^[[36;1m  sudo apt-get remove -y '^mongodb-.*' --fix-missing || echo "::warning::The command [sudo apt-get remove -y '^mongodb-.*' --fix-missing] failed to complete successfully. Proceeding..."^[[0m
higress-wasmplugin-test (RUST)	Free Up GitHub Actions Ubuntu Runner Disk Space 🔧	2026-09-23T08:16:37.5547542Z ^[[36;1m  sudo apt-get remove -y '^mysql-.*' --fix-missing || echo "::warning::The command [sudo apt-get remove -y '^mysql-.*' --fix-missing] failed to complete successfully. Proceeding..."^[[0m
higress-wasmplugin-test (RUST)	Free Up GitHub Actions Ubuntu Runner Disk Space 🔧	2026-09-23T08:16:37.5548816Z ^[[36;1m  sudo apt-get remove -y azure-cli google-chrome-stable firefox powershell mono-devel libgl1-mesa-dri --fix-missing || echo "::warning::The command [sudo apt-get remove -y azure-cli google-chrome-stable firefox powershell mono-devel libgl1-mesa-dri --fix-missing] failed to complete successfully. Proceeding..."^[[0m
higress-wasmplugin-test (RUST)	Free Up GitHub Actions Ubuntu Runner Disk Space 🔧	2026-09-23T08:16:37.5550138Z ^[[36;1m  sudo apt-get remove -y google-cloud-sdk --fix-missing || echo "::debug::The command [sudo apt-get remove -y google-cloud-sdk --fix-missing] failed to complete successfully. Proceeding..."^[[0m
higress-wasmplugin-test (RUST)	Free Up GitHub Actions Ubuntu Runner Disk Space 🔧	2026-09-23T08:16:37.5551108Z ^[[36;1m  sudo apt-get remove -y google-cloud-cli --fix-missing || echo "::debug::The command [sudo apt-get remove -y google-cloud-cli --fix-missing] failed to complete successfully. Proceeding..."^[[0m
higress-wasmplugin-test (RUST)	Free Up GitHub Actions Ubuntu Runner Disk Space 🔧	2026-09-23T08:16:37.5551949Z ^[[36;1m  sudo apt-get autoremove -y || echo "::warning::The command [sudo apt-get autoremove -y] failed to complete successfully. Proceeding..."^[[0m
higress-wasmplugin-test (RUST)	Free Up GitHub Actions Ubuntu Runner Disk Space 🔧	2026-09-23T08:16:37.5552623Z ^[[36;1m  sudo apt-get clean || echo "::warning::The command [sudo apt-get clean] failed to complete successfully. Proceeding..."^[[0m
higress-wasmplugin-test (RUST)	Free Up GitHub Actions Ubuntu Runner Disk Space 🔧	2026-09-23T08:16:37.5553057Z ^[[36;1m^[[0m
higress-wasmplugin-test (RUST)	Free Up GitHub Actions Ubuntu Runner Disk Space 🔧	2026-09-23T08:16:37.5553247Z ^[[36;1m  AFTER=$(getAvailableSpace)^[[0m
higress-wasmplugin-test (RUST)	Free Up GitHub Actions Ubuntu Runner Disk Space 🔧	2026-09-23T08:16:37.5553496Z ^[[36;1m  SAVED=$((AFTER-BEFORE))^[[0m
higress-wasmplugin-test (RUST)	Free Up GitHub Actions Ubuntu Runner Disk Space 🔧	2026-09-23T08:16:37.5553773Z ^[[36;1m  printSavedSpace $SAVED "Large misc. packages"^[[0m
higress-wasmplugin-test (RUST)	Free Up GitHub Actions Ubuntu Runner Disk Space 🔧	2026-09-23T08:16:37.5554114Z ^[[36;1mfi^[[0m
higress-wasmplugin-test (RUST)	Free Up GitHub Actions Ubuntu Runner Disk Space 🔧	2026-09-23T08:16:37.5554301Z ^[[36;1m^[[0m
higress-wasmplugin-test (RUST)	Free Up GitHub Actions Ubuntu Runner Disk Space 🔧	2026-09-23T08:16:37.5554485Z ^[[36;1m# Option: Remove Docker images^[[0m
higress-wasmplugin-test (RUST)	Free Up GitHub Actions Ubuntu Runner Disk Space 🔧	2026-09-23T08:16:37.5554777Z ^[[36;1m^[[0m
higress-wasmplugin-test (RUST)	Free Up GitHub Actions Ubuntu Runner Disk Space 🔧	2026-09-23T08:16:37.5554981Z ^[[36;1mif [[ "$DOCKER_IMAGES" == 'true' ]]; then^[[0m
higress-wasmplugin-test (RUST)	Free Up GitHub Actions Ubuntu Runner Disk Space 🔧	2026-09-23T08:16:37.5555244Z ^[[36;1m  BEFORE=$(getAvailableSpace)^[[0m
higress-wasmplugin-test (RUST)	Free Up GitHub Actions Ubuntu Runner Disk Space 🔧	2026-09-23T08:16:37.5555466Z ^[[36;1m^[[0m
higress-wasmplugin-test (RUST)	Free Up GitHub Actions Ubuntu Runner Disk Space 🔧	2026-09-23T08:16:37.5555682Z ^[[36;1m  sudo docker image prune --all --force || true^[[0m
higress-wasmplugin-test (RUST)	Free Up GitHub Actions Ubuntu Runner Disk Space 🔧	2026-09-23T08:16:37.5555938Z ^[[36;1m^[[0m
higress-wasmplugin-test (RUST)	Free Up GitHub Actions Ubuntu Runner Disk Space 🔧	2026-09-23T08:16:37.5556117Z ^[[36;1m  AFTER=$(getAvailableSpace)^[[0m
higress-wasmplugin-test (RUST)	Free Up GitHub Actions Ubuntu Runner Disk Space 🔧	2026-09-23T08:16:37.5556355Z ^[[36;1m  SAVED=$((AFTER-BEFORE))^[[0m
higress-wasmplugin-test (RUST)	Free Up GitHub Actions Ubuntu Runner Disk Space 🔧	2026-09-23T08:16:37.5556615Z ^[[36;1m  printSavedSpace $SAVED "Docker images"^[[0m
higress-wasmplugin-test (RUST)	Free Up GitHub Actions Ubuntu Runner Disk Space 🔧	2026-09-23T08:16:37.5556855Z ^[[36;1mfi^[[0m
higress-wasmplugin-test (RUST)	Free Up GitHub Actions Ubuntu Runner Disk Space 🔧	2026-09-23T08:16:37.5557021Z ^[[36;1m^[[0m
higress-wasmplugin-test (RUST)	Free Up GitHub Actions Ubuntu Runner Disk Space 🔧	2026-09-23T08:16:37.5557203Z ^[[36;1m# Option: Remove tool cache^[[0m
higress-wasmplugin-test (RUST)	Free Up GitHub Actions Ubuntu Runner Disk Space 🔧	2026-09-23T08:16:37.5557593Z ^[[36;1m# REF: https://github.com/actions/virtual-environments/issues/2875#issuecomment-1163392159^[[0m
higress-wasmplugin-test (RUST)	Free Up GitHub Actions Ubuntu Runner Disk Space 🔧	2026-09-23T08:16:37.5557966Z ^[[36;1m^[[0m
higress-wasmplugin-test (RUST)	Free Up GitHub Actions Ubuntu Runner Disk Space 🔧	2026-09-23T08:16:37.5558231Z ^[[36;1m# `tool-cache` was renamed `preinstalled-runtimes` in v2.0.0. The old^[[0m
higress-wasmplugin-test (RUST)	Free Up GitHub Actions Ubuntu Runner Disk Space 🔧	2026-09-23T08:16:37.5558636Z ^[[36;1m# input is still honoured so no existing workflow breaks; either one^[[0m
higress-wasmplugin-test (RUST)	Free Up GitHub Actions Ubuntu Runner Disk Space 🔧	2026-09-23T08:16:37.5559102Z ^[[36;1m# being true removes the directory. The warning fires only when someone^[[0m
higress-wasmplugin-test (RUST)	Free Up GitHub Actions Ubuntu Runner Disk Space 🔧	2026-09-23T08:16:37.5559514Z ^[[36;1m# actually relies on the old name — an expected-absence stays quiet,^[[0m
higress-wasmplugin-test (RUST)	Free Up GitHub Actions Ubuntu Runner Disk Space 🔧	2026-09-23T08:16:37.5559870Z ^[[36;1m# per the severity convention in docs/adr/0004.^[[0m
higress-wasmplugin-test (RUST)	Free Up GitHub Actions Ubuntu Runner Disk Space 🔧	2026-09-23T08:16:37.5560160Z ^[[36;1mif [[ "$TOOL_CACHE" == 'true' ]]; then^[[0m
higress-wasmplugin-test (RUST)	Free Up GitHub Actions Ubuntu Runner Disk Space 🔧	2026-09-23T08:16:37.5560789Z ^[[36;1m  echo "::warning::The 'tool-cache' input is deprecated; it was renamed to 'preinstalled-runtimes'. It still works and will keep working until v3.0.0 — please rename it when convenient."^[[0m
higress-wasmplugin-test (RUST)	Free Up GitHub Actions Ubuntu Runner Disk Space 🔧	2026-09-23T08:16:37.5561379Z ^[[36;1mfi^[[0m
higress-wasmplugin-test (RUST)	Free Up GitHub Actions Ubuntu Runner Disk Space 🔧	2026-09-23T08:16:37.5561550Z ^[[36;1m^[[0m
higress-wasmplugin-test (RUST)	Free Up GitHub Actions Ubuntu Runner Disk Space 🔧	2026-09-23T08:16:37.5561823Z ^[[36;1mif [[ "$PREINSTALLED_RUNTIMES" == 'true' || "$TOOL_CACHE" == 'true' ]]; then^[[0m
higress-wasmplugin-test (RUST)	Free Up GitHub Actions Ubuntu Runner Disk Space 🔧	2026-09-23T08:16:37.5562180Z ^[[36;1m  BEFORE=$(getAvailableSpace)^[[0m
higress-wasmplugin-test (RUST)	Free Up GitHub Actions Ubuntu Runner Disk Space 🔧	2026-09-23T08:16:37.5562407Z ^[[36;1m^[[0m
higress-wasmplugin-test (RUST)	Free Up GitHub Actions Ubuntu Runner Disk Space 🔧	2026-09-23T08:16:37.5562629Z ^[[36;1m  sudo rm -rf "$AGENT_TOOLSDIRECTORY" || true^[[0m
higress-wasmplugin-test (RUST)	Free Up GitHub Actions Ubuntu Runner Disk Space 🔧	2026-09-23T08:16:37.5562889Z ^[[36;1m^[[0m
higress-wasmplugin-test (RUST)	Free Up GitHub Actions Ubuntu Runner Disk Space 🔧	2026-09-23T08:16:37.5563074Z ^[[36;1m  AFTER=$(getAvailableSpace)^[[0m
higress-wasmplugin-test (RUST)	Free Up GitHub Actions Ubuntu Runner Disk Space 🔧	2026-09-23T08:16:37.5563311Z ^[[36;1m  SAVED=$((AFTER-BEFORE))^[[0m
higress-wasmplugin-test (RUST)	Free Up GitHub Actions Ubuntu Runner Disk Space 🔧	2026-09-23T08:16:37.5563585Z ^[[36;1m  printSavedSpace $SAVED "Pre-installed runtimes"^[[0m
higress-wasmplugin-test (RUST)	Free Up GitHub Actions Ubuntu Runner Disk Space 🔧	2026-09-23T08:16:37.5563912Z ^[[36;1mfi^[[0m
higress-wasmplugin-test (RUST)	Free Up GitHub Actions Ubuntu Runner Disk Space 🔧	2026-09-23T08:16:37.5564094Z ^[[36;1m^[[0m
higress-wasmplugin-test (RUST)	Free Up GitHub Actions Ubuntu Runner Disk Space 🔧	2026-09-23T08:16:37.5564274Z ^[[36;1m# Option: Remove Swap storage^[[0m
higress-wasmplugin-test (RUST)	Free Up GitHub Actions Ubuntu Runner Disk Space 🔧	2026-09-23T08:16:37.5564501Z ^[[36;1m^[[0m
higress-wasmplugin-test (RUST)	Free Up GitHub Actions Ubuntu Runner Disk Space 🔧	2026-09-23T08:16:37.5564691Z ^[[36;1mif [[ "$SWAP_STORAGE" == 'true' ]]; then^[[0m
higress-wasmplugin-test (RUST)	Free Up GitHub Actions Ubuntu Runner Disk Space 🔧	2026-09-23T08:16:37.5564972Z ^[[36;1m  BEFORE=$(getAvailableSpace)^[[0m
higress-wasmplugin-test (RUST)	Free Up GitHub Actions Ubuntu Runner Disk Space 🔧	2026-09-23T08:16:37.5565191Z ^[[36;1m^[[0m
higress-wasmplugin-test (RUST)	Free Up GitHub Actions Ubuntu Runner Disk Space 🔧	2026-09-23T08:16:37.5565369Z ^[[36;1m  sudo swapoff -a || true^[[0m
higress-wasmplugin-test (RUST)	Free Up GitHub Actions Ubuntu Runner Disk Space 🔧	2026-09-23T08:16:37.5565621Z ^[[36;1m  sudo rm -f /mnt/swapfile || true^[[0m
higress-wasmplugin-test (RUST)	Free Up GitHub Actions Ubuntu Runner Disk Space 🔧	2026-09-23T08:16:37.5565858Z ^[[36;1m  free -h^[[0m
higress-wasmplugin-test (RUST)	Free Up GitHub Actions Ubuntu Runner Disk Space 🔧	2026-09-23T08:16:37.5566042Z ^[[36;1m  ^[[0m
higress-wasmplugin-test (RUST)	Free Up GitHub Actions Ubuntu Runner Disk Space 🔧	2026-09-23T08:16:37.5566229Z ^[[36;1m  AFTER=$(getAvailableSpace)^[[0m
higress-wasmplugin-test (RUST)	Free Up GitHub Actions Ubuntu Runner Disk Space 🔧	2026-09-23T08:16:37.5566474Z ^[[36;1m  SAVED=$((AFTER-BEFORE))^[[0m
higress-wasmplugin-test (RUST)	Free Up GitHub Actions Ubuntu Runner Disk Space 🔧	2026-09-23T08:16:37.5566728Z ^[[36;1m  printSavedSpace $SAVED "Swap storage"^[[0m
higress-wasmplugin-test (RUST)	Free Up GitHub Actions Ubuntu Runner Disk Space 🔧	2026-09-23T08:16:37.5566973Z ^[[36;1mfi^[[0m
higress-wasmplugin-test (RUST)	Free Up GitHub Actions Ubuntu Runner Disk Space 🔧	2026-09-23T08:16:37.5567135Z ^[[36;1m^[[0m
higress-wasmplugin-test (RUST)	Free Up GitHub Actions Ubuntu Runner Disk Space 🔧	2026-09-23T08:16:37.5567294Z ^[[36;1m^[[0m
higress-wasmplugin-test (RUST)	Free Up GitHub Actions Ubuntu Runner Disk Space 🔧	2026-09-23T08:16:37.5567454Z ^[[36;1m^[[0m
higress-wasmplugin-test (RUST)	Free Up GitHub Actions Ubuntu Runner Disk Space 🔧	2026-09-23T08:16:37.5567648Z ^[[36;1m# Output saved space statistic^[[0m
higress-wasmplugin-test (RUST)	Free Up GitHub Actions Ubuntu Runner Disk Space 🔧	2026-09-23T08:16:37.5567875Z ^[[36;1m^[[0m
higress-wasmplugin-test (RUST)	Free Up GitHub Actions Ubuntu Runner Disk Space 🔧	2026-09-23T08:16:37.5568066Z ^[[36;1mAVAILABLE_END=$(getAvailableSpace)^[[0m
higress-wasmplugin-test (RUST)	Free Up GitHub Actions Ubuntu Runner Disk Space 🔧	2026-09-23T08:16:37.5568360Z ^[[36;1mAVAILABLE_ROOT_END=$(getAvailableSpace '/')^[[0m
higress-wasmplugin-test (RUST)	Free Up GitHub Actions Ubuntu Runner Disk Space 🔧	2026-09-23T08:16:37.5568611Z ^[[36;1m^[[0m
higress-wasmplugin-test (RUST)	Free Up GitHub Actions Ubuntu Runner Disk Space 🔧	2026-09-23T08:16:37.5568776Z ^[[36;1mecho ""^[[0m
higress-wasmplugin-test (RUST)	Free Up GitHub Actions Ubuntu Runner Disk Space 🔧	2026-09-23T08:16:37.5568976Z ^[[36;1mprintDH "AFTER CLEAN-UP:"^[[0m
higress-wasmplugin-test (RUST)	Free Up GitHub Actions Ubuntu Runner Disk Space 🔧	2026-09-23T08:16:37.5569189Z ^[[36;1m^[[0m
higress-wasmplugin-test (RUST)	Free Up GitHub Actions Ubuntu Runner Disk Space 🔧	2026-09-23T08:16:37.5569358Z ^[[36;1mecho ""^[[0m
higress-wasmplugin-test (RUST)	Free Up GitHub Actions Ubuntu Runner Disk Space 🔧	2026-09-23T08:16:37.5569537Z ^[[36;1mecho ""^[[0m
higress-wasmplugin-test (RUST)	Free Up GitHub Actions Ubuntu Runner Disk Space 🔧	2026-09-23T08:16:37.5569709Z ^[[36;1m^[[0m
higress-wasmplugin-test (RUST)	Free Up GitHub Actions Ubuntu Runner Disk Space 🔧	2026-09-23T08:16:37.5569888Z ^[[36;1mecho "/dev/root:"^[[0m
higress-wasmplugin-test (RUST)	Free Up GitHub Actions Ubuntu Runner Disk Space 🔧	2026-09-23T08:16:37.5570190Z ^[[36;1mprintSavedSpace $((AVAILABLE_ROOT_END - AVAILABLE_ROOT_INITIAL))^[[0m
higress-wasmplugin-test (RUST)	Free Up GitHub Actions Ubuntu Runner Disk Space 🔧	2026-09-23T08:16:37.5570602Z ^[[36;1mecho "overall:"^[[0m
higress-wasmplugin-test (RUST)	Free Up GitHub Actions Ubuntu Runner Disk Space 🔧	2026-09-23T08:16:37.5570869Z ^[[36;1mprintSavedSpace $((AVAILABLE_END - AVAILABLE_INITIAL))^[[0m
higress-wasmplugin-test (RUST)	Free Up GitHub Actions Ubuntu Runner Disk Space 🔧	2026-09-23T08:16:37.5608439Z shell: /usr/bin/bash --noprofile --norc -e -o pipefail {0}
higress-wasmplugin-test (RUST)	Free Up GitHub Actions Ubuntu Runner Disk Space 🔧	2026-09-23T08:16:37.5608735Z env:
higress-wasmplugin-test (RUST)	Free Up GitHub Actions Ubuntu Runner Disk Space 🔧	2026-09-23T08:16:37.5608908Z   ANDROID: true
higress-wasmplugin-test (RUST)	Free Up GitHub Actions Ubuntu Runner Disk Space 🔧	2026-09-23T08:16:37.5609080Z   DOTNET: true
higress-wasmplugin-test (RUST)	Free Up GitHub Actions Ubuntu Runner Disk Space 🔧	2026-09-23T08:16:37.5609245Z   HASKELL: true
higress-wasmplugin-test (RUST)	Free Up GitHub Actions Ubuntu Runner Disk Space 🔧	2026-09-23T08:16:37.5609417Z   LARGE_PACKAGES: true
higress-wasmplugin-test (RUST)	Free Up GitHub Actions Ubuntu Runner Disk Space 🔧	2026-09-23T08:16:37.5609603Z   DOCKER_IMAGES: true
higress-wasmplugin-test (RUST)	Free Up GitHub Actions Ubuntu Runner Disk Space 🔧	2026-09-23T08:16:37.5609793Z   PREINSTALLED_RUNTIMES: false
higress-wasmplugin-test (RUST)	Free Up GitHub Actions Ubuntu Runner Disk Space 🔧	2026-09-23T08:16:37.5610007Z   TOOL_CACHE: false
higress-wasmplugin-test (RUST)	Free Up GitHub Actions Ubuntu Runner Disk Space 🔧	2026-09-23T08:16:37.5610184Z   SWAP_STORAGE: true
higress-wasmplugin-test (RUST)	Free Up GitHub Actions Ubuntu Runner Disk Space 🔧	2026-09-23T08:16:37.5610364Z ##[endgroup]
higress-wasmplugin-test (RUST)	Free Up GitHub Actions Ubuntu Runner Disk Space 🔧	2026-09-23T08:16:37.5788162Z ================================================================================
higress-wasmplugin-test (RUST)	Free Up GitHub Actions Ubuntu Runner Disk Space 🔧	2026-09-23T08:16:37.5788677Z BEFORE CLEAN-UP:
higress-wasmplugin-test (RUST)	Free Up GitHub Actions Ubuntu Runner Disk Space 🔧	2026-09-23T08:16:37.5788863Z 
higress-wasmplugin-test (RUST)	Free Up GitHub Actions Ubuntu Runner Disk Space 🔧	2026-09-23T08:16:37.5788966Z $ dh -h /
higress-wasmplugin-test (RUST)	Free Up GitHub Actions Ubuntu Runner Disk Space 🔧	2026-09-23T08:16:37.5789073Z 
higress-wasmplugin-test (RUST)	Free Up GitHub Actions Ubuntu Runner Disk Space 🔧	2026-09-23T08:16:37.5797254Z Filesystem      Size  Used Avail Use% Mounted on
higress-wasmplugin-test (RUST)	Free Up GitHub Actions Ubuntu Runner Disk Space 🔧	2026-09-23T08:16:37.5797911Z /dev/root       146G   60G   87G  41% /
higress-wasmplugin-test (RUST)	Free Up GitHub Actions Ubuntu Runner Disk Space 🔧	2026-09-23T08:16:37.5798416Z $ dh -a /
higress-wasmplugin-test (RUST)	Free Up GitHub Actions Ubuntu Runner Disk Space 🔧	2026-09-23T08:16:37.5798784Z 
higress-wasmplugin-test (RUST)	Free Up GitHub Actions Ubuntu Runner Disk Space 🔧	2026-09-23T08:16:37.5806415Z Filesystem     1K-blocks     Used Available Use% Mounted on
higress-wasmplugin-test (RUST)	Free Up GitHub Actions Ubuntu Runner Disk Space 🔧	2026-09-23T08:16:37.5806775Z /dev/root      152243760 61888924  90338452  41% /
higress-wasmplugin-test (RUST)	Free Up GitHub Actions Ubuntu Runner Disk Space 🔧	2026-09-23T08:16:37.5807360Z $ dh -a
higress-wasmplugin-test (RUST)	Free Up GitHub Actions Ubuntu Runner Disk Space 🔧	2026-09-23T08:16:37.5807526Z 
higress-wasmplugin-test (RUST)	Free Up GitHub Actions Ubuntu Runner Disk Space 🔧	2026-09-23T08:16:37.5817428Z Filesystem      1K-blocks     Used Available Use% Mounted on
higress-wasmplugin-test (RUST)	Free Up GitHub Actions Ubuntu Runner Disk Space 🔧	2026-09-23T08:16:37.5817878Z /dev/root       152243760 61888924  90338452  41% /
higress-wasmplugin-test (RUST)	Free Up GitHub Actions Ubuntu Runner Disk Space 🔧	2026-09-23T08:16:37.5818278Z devtmpfs          8166092        0   8166092   0% /dev
higress-wasmplugin-test (RUST)	Free Up GitHub Actions Ubuntu Runner Disk Space 🔧	2026-09-23T08:16:37.5818687Z proc                    0        0         0    - /proc
higress-wasmplugin-test (RUST)	Free Up GitHub Actions Ubuntu Runner Disk Space 🔧	2026-09-23T08:16:37.5819110Z sysfs                   0        0         0    - /sys
higress-wasmplugin-test (RUST)	Free Up GitHub Actions Ubuntu Runner Disk Space 🔧	2026-09-23T08:16:37.5819584Z securityfs              0        0         0    - /sys/kernel/security
higress-wasmplugin-test (RUST)	Free Up GitHub Actions Ubuntu Runner Disk Space 🔧	2026-09-23T08:16:37.5820072Z tmpfs             8185728      172   8185556   1% /dev/shm
higress-wasmplugin-test (RUST)	Free Up GitHub Actions Ubuntu Runner Disk Space 🔧	2026-09-23T08:16:37.5820549Z devpts                  0        0         0    - /dev/pts
higress-wasmplugin-test (RUST)	Free Up GitHub Actions Ubuntu Runner Disk Space 🔧	2026-09-23T08:16:37.5820978Z tmpfs             3274292     1020   3273272   1% /run
higress-wasmplugin-test (RUST)	Free Up GitHub Actions Ubuntu Runner Disk Space 🔧	2026-09-23T08:16:37.5821402Z tmpfs                5120        0      5120   0% /run/lock
higress-wasmplugin-test (RUST)	Free Up GitHub Actions Ubuntu Runner Disk Space 🔧	2026-09-23T08:16:37.5821865Z cgroup2                 0        0         0    - /sys/fs/cgroup
higress-wasmplugin-test (RUST)	Free Up GitHub Actions Ubuntu Runner Disk Space 🔧	2026-09-23T08:16:37.5822361Z pstore                  0        0         0    - /sys/fs/pstore
higress-wasmplugin-test (RUST)	Free Up GitHub Actions Ubuntu Runner Disk Space 🔧	2026-09-23T08:16:37.5822864Z efivarfs                0        0         0    - /sys/firmware/efi/efivars
higress-wasmplugin-test (RUST)	Free Up GitHub Actions Ubuntu Runner Disk Space 🔧	2026-09-23T08:16:37.5823365Z bpf                     0        0         0    - /sys/fs/bpf
higress-wasmplugin-test (RUST)	Free Up GitHub Actions Ubuntu Runner Disk Space 🔧	2026-09-23T08:16:37.5823974Z systemd-1               -        -         -    - /proc/sys/fs/binfmt_misc
higress-wasmplugin-test (RUST)	Free Up GitHub Actions Ubuntu Runner Disk Space 🔧	2026-09-23T08:16:37.5824556Z hugetlbfs               0        0         0    - /dev/hugepages
higress-wasmplugin-test (RUST)	Free Up GitHub Actions Ubuntu Runner Disk Space 🔧	2026-09-23T08:16:37.5825024Z mqueue                  0        0         0    - /dev/mqueue
higress-wasmplugin-test (RUST)	Free Up GitHub Actions Ubuntu Runner Disk Space 🔧	2026-09-23T08:16:37.5827185Z debugfs                 0        0         0    - /sys/kernel/debug
higress-wasmplugin-test (RUST)	Free Up GitHub Actions Ubuntu Runner Disk Space 🔧	2026-09-23T08:16:37.5827705Z tracefs                 0        0         0    - /sys/kernel/tracing
higress-wasmplugin-test (RUST)	Free Up GitHub Actions Ubuntu Runner Disk Space 🔧	2026-09-23T08:16:37.5828113Z fusectl                 0        0         0    - /sys/fs/fuse/connections
higress-wasmplugin-test (RUST)	Free Up GitHub Actions Ubuntu Runner Disk Space 🔧	2026-09-23T08:16:37.5828428Z configfs                0        0         0    - /sys/kernel/config
higress-wasmplugin-test (RUST)	Free Up GitHub Actions Ubuntu Runner Disk Space 🔧	2026-09-23T08:16:37.5828756Z ramfs                   0        0         0    - /run/credentials/systemd-sysusers.service
higress-wasmplugin-test (RUST)	Free Up GitHub Actions Ubuntu Runner Disk Space 🔧	2026-09-23T08:16:37.5829099Z /dev/loop0          75776    75776         0 100% /snap/core22/2411
higress-wasmplugin-test (RUST)	Free Up GitHub Actions Ubuntu Runner Disk Space 🔧	2026-09-23T08:16:37.5829427Z /dev/loop1         118144   118144         0 100% /snap/lxd/40338
higress-wasmplugin-test (RUST)	Free Up GitHub Actions Ubuntu Runner Disk Space 🔧	2026-09-23T08:16:37.5829861Z /dev/loop2          51328    51328         0 100% /snap/snapd/27591
higress-wasmplugin-test (RUST)	Free Up GitHub Actions Ubuntu Runner Disk Space 🔧	2026-09-23T08:16:37.5830281Z /dev/nvme0n1p15    106832     6194    100638   6% /boot/efi
higress-wasmplugin-test (RUST)	Free Up GitHub Actions Ubuntu Runner Disk Space 🔧	2026-09-23T08:16:37.5830731Z binfmt_misc             0        0         0    - /proc/sys/fs/binfmt_misc
higress-wasmplugin-test (RUST)	Free Up GitHub Actions Ubuntu Runner Disk Space 🔧	2026-09-23T08:16:37.5831193Z tmpfs             3274292     1020   3273272   1% /run/snapd/ns
higress-wasmplugin-test (RUST)	Free Up GitHub Actions Ubuntu Runner Disk Space 🔧	2026-09-23T08:16:37.5831798Z tmpfs             1637144       12   1637132   1% /run/user/1001
higress-wasmplugin-test (RUST)	Free Up GitHub Actions Ubuntu Runner Disk Space 🔧	2026-09-23T08:16:37.5832197Z nsfs                    0        0         0    - /run/snapd/ns/lxd.mnt
higress-wasmplugin-test (RUST)	Free Up GitHub Actions Ubuntu Runner Disk Space 🔧	2026-09-23T08:16:37.5832615Z ================================================================================
higress-wasmplugin-test (RUST)	Free Up GitHub Actions Ubuntu Runner Disk Space 🔧	2026-09-23T08:16:37.5832882Z 
higress-wasmplugin-test (RUST)	Free Up GitHub Actions Ubuntu Runner Disk Space 🔧	2026-09-23T08:16:55.2572962Z 
higress-wasmplugin-test (RUST)	Free Up GitHub Actions Ubuntu Runner Disk Space 🔧	2026-09-23T08:16:55.2578302Z ********************************************************************************
higress-wasmplugin-test (RUST)	Free Up GitHub Actions Ubuntu Runner Disk Space 🔧	2026-09-23T08:16:55.3162927Z => Android library: Saved 11GiB
higress-wasmplugin-test (RUST)	Free Up GitHub Actions Ubuntu Runner Disk Space 🔧	2026-09-23T08:16:55.3167939Z ********************************************************************************
higress-wasmplugin-test (RUST)	Free Up GitHub Actions Ubuntu Runner Disk Space 🔧	2026-09-23T08:16:55.3168222Z 
higress-wasmplugin-test (RUST)	Free Up GitHub Actions Ubuntu Runner Disk Space 🔧	2026-09-23T08:16:58.3383661Z 
higress-wasmplugin-test (RUST)	Free Up GitHub Actions Ubuntu Runner Disk Space 🔧	2026-09-23T08:16:58.3388313Z ********************************************************************************
higress-wasmplugin-test (RUST)	Free Up GitHub Actions Ubuntu Runner Disk Space 🔧	2026-09-23T08:16:58.3402913Z => .NET runtime: Saved 5.4GiB
higress-wasmplugin-test (RUST)	Free Up GitHub Actions Ubuntu Runner Disk Space 🔧	2026-09-23T08:16:58.3408177Z ********************************************************************************
higress-wasmplugin-test (RUST)	Free Up GitHub Actions Ubuntu Runner Disk Space 🔧	2026-09-23T08:16:58.3408517Z 
higress-wasmplugin-test (RUST)	Free Up GitHub Actions Ubuntu Runner Disk Space 🔧	2026-09-23T08:16:59.0716000Z 
higress-wasmplugin-test (RUST)	Free Up GitHub Actions Ubuntu Runner Disk Space 🔧	2026-09-23T08:16:59.0721195Z ********************************************************************************
higress-wasmplugin-test (RUST)	Free Up GitHub Actions Ubuntu Runner Disk Space 🔧	2026-09-23T08:16:59.0736613Z => Haskell runtime: Saved 3.6GiB
higress-wasmplugin-test (RUST)	Free Up GitHub Actions Ubuntu Runner Disk Space 🔧	2026-09-23T08:16:59.0741494Z ********************************************************************************
higress-wasmplugin-test (RUST)	Free Up GitHub Actions Ubuntu Runner Disk Space 🔧	2026-09-23T08:16:59.0741844Z 
higress-wasmplugin-test (RUST)	Free Up GitHub Actions Ubuntu Runner Disk Space 🔧	2026-09-23T08:17:01.9718159Z Reading package lists...
higress-wasmplugin-test (RUST)	Free Up GitHub Actions Ubuntu Runner Disk Space 🔧	2026-09-23T08:17:02.4135926Z Building dependency tree...
higress-wasmplugin-test (RUST)	Free Up GitHub Actions Ubuntu Runner Disk Space 🔧	2026-09-23T08:17:02.4150452Z Reading state information...
higress-wasmplugin-test (RUST)	Free Up GitHub Actions Ubuntu Runner Disk Space 🔧	2026-09-23T08:17:02.7005435Z Package 'aspnetcore-targeting-pack-3.1' is not installed, so not removed
higress-wasmplugin-test (RUST)	Free Up GitHub Actions Ubuntu Runner Disk Space 🔧	2026-09-23T08:17:02.7006136Z Package 'aspnetcore-runtime-6.0' is not installed, so not removed
higress-wasmplugin-test (RUST)	Free Up GitHub Actions Ubuntu Runner Disk Space 🔧	2026-09-23T08:17:02.7006557Z Package 'aspnetcore-targeting-pack-6.0' is not installed, so not removed
higress-wasmplugin-test (RUST)	Free Up GitHub Actions Ubuntu Runner Disk Space 🔧	2026-09-23T08:17:02.7006978Z Package 'aspnetcore-runtime-7.0' is not installed, so not removed
higress-wasmplugin-test (RUST)	Free Up GitHub Actions Ubuntu Runner Disk Space 🔧	2026-09-23T08:17:02.7007371Z Package 'aspnetcore-runtime-dbg-8.0' is not installed, so not removed
higress-wasmplugin-test (RUST)	Free Up GitHub Actions Ubuntu Runner Disk Space 🔧	2026-09-23T08:17:02.7007810Z Package 'aspnetcore-targeting-pack-7.0' is not installed, so not removed
higress-wasmplugin-test (RUST)	Free Up GitHub Actions Ubuntu Runner Disk Space 🔧	2026-09-23T08:17:02.7008222Z Package 'aspnetcore-runtime-3.1' is not installed, so not removed
higress-wasmplugin-test (RUST)	Free Up GitHub Actions Ubuntu Runner Disk Space 🔧	2026-09-23T08:17:02.7008607Z Package 'aspnetcore-targeting-pack-9.0' is not installed, so not removed
higress-wasmplugin-test (RUST)	Free Up GitHub Actions Ubuntu Runner Disk Space 🔧	2026-09-23T08:17:02.7009011Z Package 'aspnetcore-targeting-pack-8.0' is not installed, so not removed
higress-wasmplugin-test (RUST)	Free Up GitHub Actions Ubuntu Runner Disk Space 🔧	2026-09-23T08:17:02.7009583Z Package 'aspnetcore-runtime-9.0' is not installed, so not removed
higress-wasmplugin-test (RUST)	Free Up GitHub Actions Ubuntu Runner Disk Space 🔧	2026-09-23T08:17:02.7010030Z Package 'aspnetcore-runtime-8.0' is not installed, so not removed
higress-wasmplugin-test (RUST)	Free Up GitHub Actions Ubuntu Runner Disk Space 🔧	2026-09-23T08:17:02.7010527Z 0 upgraded, 0 newly installed, 0 to remove and 8 not upgraded.
higress-wasmplugin-test (RUST)	Free Up GitHub Actions Ubuntu Runner Disk Space 🔧	2026-09-23T08:17:02.7484685Z Reading package lists...
higress-wasmplugin-test (RUST)	Free Up GitHub Actions Ubuntu Runner Disk Space 🔧	2026-09-23T08:17:02.9753664Z Building dependency tree...
higress-wasmplugin-test (RUST)	Free Up GitHub Actions Ubuntu Runner Disk Space 🔧	2026-09-23T08:17:02.9764052Z Reading state information...
higress-wasmplugin-test (RUST)	Free Up GitHub Actions Ubuntu Runner Disk Space 🔧	2026-09-23T08:17:03.2536345Z Package 'dotnet-nightly' is not installed, so not removed
higress-wasmplugin-test (RUST)	Free Up GitHub Actions Ubuntu Runner Disk Space 🔧	2026-09-23T08:17:03.2536907Z Package 'dotnet-targeting-pack-3.1' is not installed, so not removed
higress-wasmplugin-test (RUST)	Free Up GitHub Actions Ubuntu Runner Disk Space 🔧	2026-09-23T08:17:03.2537437Z Package 'dotnet-apphost-pack-6.0' is not installed, so not removed
higress-wasmplugin-test (RUST)	Free Up GitHub Actions Ubuntu Runner Disk Space 🔧	2026-09-23T08:17:03.2537882Z Package 'dotnet-host-8.0' is not installed, so not removed
higress-wasmplugin-test (RUST)	Free Up GitHub Actions Ubuntu Runner Disk Space 🔧	2026-09-23T08:17:03.2538317Z Package 'dotnet-hostfxr-6.0' is not installed, so not removed
higress-wasmplugin-test (RUST)	Free Up GitHub Actions Ubuntu Runner Disk Space 🔧	2026-09-23T08:17:03.2538734Z Package 'dotnet-runtime-6.0' is not installed, so not removed
higress-wasmplugin-test (RUST)	Free Up GitHub Actions Ubuntu Runner Disk Space 🔧	2026-09-23T08:17:03.2539228Z Package 'dotnet-sdk-6.0-source-built-artifacts' is not installed, so not removed
higress-wasmplugin-test (RUST)	Free Up GitHub Actions Ubuntu Runner Disk Space 🔧	2026-09-23T08:17:03.2539782Z Package 'dotnet-sdk-8.0-source-built-artifacts' is not installed, so not removed
higress-wasmplugin-test (RUST)	Free Up GitHub Actions Ubuntu Runner Disk Space 🔧	2026-09-23T08:17:03.2540294Z Package 'dotnet-targeting-pack-6.0' is not installed, so not removed
higress-wasmplugin-test (RUST)	Free Up GitHub Actions Ubuntu Runner Disk Space 🔧	2026-09-23T08:17:03.2540815Z Package 'dotnet-templates-6.0' is not installed, so not removed
higress-wasmplugin-test (RUST)	Free Up GitHub Actions Ubuntu Runner Disk Space 🔧	2026-09-23T08:17:03.2541267Z Package 'dotnet-templates-8.0' is not installed, so not removed
higress-wasmplugin-test (RUST)	Free Up GitHub Actions Ubuntu Runner Disk Space 🔧	2026-09-23T08:17:03.2541726Z Package 'dotnet-apphost-pack-7.0' is not installed, so not removed
higress-wasmplugin-test (RUST)	Free Up GitHub Actions Ubuntu Runner Disk Space 🔧	2026-09-23T08:17:03.2542218Z Package 'dotnet-host-7.0' is not installed, so not removed
higress-wasmplugin-test (RUST)	Free Up GitHub Actions Ubuntu Runner Disk Space 🔧	2026-09-23T08:17:03.2543194Z Package 'dotnet-hostfxr-7.0' is not installed, so not removed
higress-wasmplugin-test (RUST)	Free Up GitHub Actions Ubuntu Runner Disk Space 🔧	2026-09-23T08:17:03.2543707Z Package 'dotnet-runtime-7.0' is not installed, so not removed
higress-wasmplugin-test (RUST)	Free Up GitHub Actions Ubuntu Runner Disk Space 🔧	2026-09-23T08:17:03.2544379Z Package 'dotnet-runtime-dbg-8.0' is not installed, so not removed
higress-wasmplugin-test (RUST)	Free Up GitHub Actions Ubuntu Runner Disk Space 🔧	2026-09-23T08:17:03.2544956Z Package 'dotnet-sdk-7.0-source-built-artifacts' is not installed, so not removed
higress-wasmplugin-test (RUST)	Free Up GitHub Actions Ubuntu Runner Disk Space 🔧	2026-09-23T08:17:03.2545547Z Package 'dotnet-sdk-dbg-8.0' is not installed, so not removed
higress-wasmplugin-test (RUST)	Free Up GitHub Actions Ubuntu Runner Disk Space 🔧	2026-09-23T08:17:03.2546095Z Package 'dotnet-targeting-pack-7.0' is not installed, so not removed
higress-wasmplugin-test (RUST)	Free Up GitHub Actions Ubuntu Runner Disk Space 🔧	2026-09-23T08:17:03.2546625Z Package 'dotnet-templates-7.0' is not installed, so not removed
higress-wasmplugin-test (RUST)	Free Up GitHub Actions Ubuntu Runner Disk Space 🔧	2026-09-23T08:17:03.2547115Z Package 'dotnet-sdk-8.0' is not installed, so not removed
higress-wasmplugin-test (RUST)	Free Up GitHub Actions Ubuntu Runner Disk Space 🔧	2026-09-23T08:17:03.2547600Z Package 'dotnet-runtime-3.1' is not installed, so not removed
higress-wasmplugin-test (RUST)	Free Up GitHub Actions Ubuntu Runner Disk Space 🔧	2026-09-23T08:17:03.2548091Z Package 'dotnet-sdk-6.0' is not installed, so not removed
higress-wasmplugin-test (RUST)	Free Up GitHub Actions Ubuntu Runner Disk Space 🔧	2026-09-23T08:17:03.2548554Z Package 'dotnet-runtime-deps-6.0' is not installed, so not removed
higress-wasmplugin-test (RUST)	Free Up GitHub Actions Ubuntu Runner Disk Space 🔧	2026-09-23T08:17:03.2549505Z Package 'dotnet-apphost-pack-8.0' is not installed, so not removed
higress-wasmplugin-test (RUST)	Free Up GitHub Actions Ubuntu Runner Disk Space 🔧	2026-09-23T08:17:03.2549996Z Package 'dotnet-sdk-7.0' is not installed, so not removed
higress-wasmplugin-test (RUST)	Free Up GitHub Actions Ubuntu Runner Disk Space 🔧	2026-09-23T08:17:03.2550464Z Package 'dotnet-runtime-deps-7.0' is not installed, so not removed
higress-wasmplugin-test (RUST)	Free Up GitHub Actions Ubuntu Runner Disk Space 🔧	2026-09-23T08:17:03.2550963Z Package 'dotnet-apphost-pack-9.0' is not installed, so not removed
higress-wasmplugin-test (RUST)	Free Up GitHub Actions Ubuntu Runner Disk Space 🔧	2026-09-23T08:17:03.2551467Z Package 'dotnet-targeting-pack-9.0' is not installed, so not removed
higress-wasmplugin-test (RUST)	Free Up GitHub Actions Ubuntu Runner Disk Space 🔧	2026-09-23T08:17:03.2551915Z Package 'dotnet-host' is not installed, so not removed
higress-wasmplugin-test (RUST)	Free Up GitHub Actions Ubuntu Runner Disk Space 🔧	2026-09-23T08:17:03.2552249Z Package 'dotnet-runtime-deps-8.0' is not installed, so not removed
higress-wasmplugin-test (RUST)	Free Up GitHub Actions Ubuntu Runner Disk Space 🔧	2026-09-23T08:17:03.2552590Z Package 'dotnet-sdk-3.1' is not installed, so not removed
higress-wasmplugin-test (RUST)	Free Up GitHub Actions Ubuntu Runner Disk Space 🔧	2026-09-23T08:17:03.2552934Z Package 'dotnet-targeting-pack-8.0' is not installed, so not removed
higress-wasmplugin-test (RUST)	Free Up GitHub Actions Ubuntu Runner Disk Space 🔧	2026-09-23T08:17:03.2553301Z Package 'dotnet-runtime-deps-3.1' is not installed, so not removed
higress-wasmplugin-test (RUST)	Free Up GitHub Actions Ubuntu Runner Disk Space 🔧	2026-09-23T08:17:03.2553666Z Package 'dotnet-sdk-9.0' is not installed, so not removed
higress-wasmplugin-test (RUST)	Free Up GitHub Actions Ubuntu Runner Disk Space 🔧	2026-09-23T08:17:03.2554275Z Package 'dotnet-apphost-pack-3.1' is not installed, so not removed
higress-wasmplugin-test (RUST)	Free Up GitHub Actions Ubuntu Runner Disk Space 🔧	2026-09-23T08:17:03.2554641Z Package 'dotnet-runtime-deps-9.0' is not installed, so not removed
higress-wasmplugin-test (RUST)	Free Up GitHub Actions Ubuntu Runner Disk Space 🔧	2026-09-23T08:17:03.2554993Z Package 'dotnet-runtime-8.0' is not installed, so not removed
higress-wasmplugin-test (RUST)	Free Up GitHub Actions Ubuntu Runner Disk Space 🔧	2026-09-23T08:17:03.2555340Z Package 'dotnet-hostfxr-8.0' is not installed, so not removed
higress-wasmplugin-test (RUST)	Free Up GitHub Actions Ubuntu Runner Disk Space 🔧	2026-09-23T08:17:03.2555676Z Package 'dotnet-hostfxr-3.1' is not installed, so not removed
higress-wasmplugin-test (RUST)	Free Up GitHub Actions Ubuntu Runner Disk Space 🔧	2026-09-23T08:17:03.2556010Z Package 'dotnet-runtime-9.0' is not installed, so not removed
higress-wasmplugin-test (RUST)	Free Up GitHub Actions Ubuntu Runner Disk Space 🔧	2026-09-23T08:17:03.2556335Z Package 'dotnet-hostfxr-9.0' is not installed, so not removed
higress-wasmplugin-test (RUST)	Free Up GitHub Actions Ubuntu Runner Disk Space 🔧	2026-09-23T08:17:03.2556677Z 0 upgraded, 0 newly installed, 0 to remove and 8 not upgraded.
higress-wasmplugin-test (RUST)	Free Up GitHub Actions Ubuntu Runner Disk Space 🔧	2026-09-23T08:17:03.3003658Z Reading package lists...
higress-wasmplugin-test (RUST)	Free Up GitHub Actions Ubuntu Runner Disk Space 🔧	2026-09-23T08:17:03.5112032Z Building dependency tree...
higress-wasmplugin-test (RUST)	Free Up GitHub Actions Ubuntu Runner Disk Space 🔧	2026-09-23T08:17:03.5120181Z Reading state information...
higress-wasmplugin-test (RUST)	Free Up GitHub Actions Ubuntu Runner Disk Space 🔧	2026-09-23T08:17:03.7670061Z Package 'llvm-17' is not installed, so not removed
higress-wasmplugin-test (RUST)	Free Up GitHub Actions Ubuntu Runner Disk Space 🔧	2026-09-23T08:17:03.7670683Z Package 'llvm-18' is not installed, so not removed
higress-wasmplugin-test (RUST)	Free Up GitHub Actions Ubuntu Runner Disk Space 🔧	2026-09-23T08:17:03.7670992Z Package 'llvm-19' is not installed, so not removed
higress-wasmplugin-test (RUST)	Free Up GitHub Actions Ubuntu Runner Disk Space 🔧	2026-09-23T08:17:03.7671624Z Package 'llvm-21' is not installed, so not removed
higress-wasmplugin-test (RUST)	Free Up GitHub Actions Ubuntu Runner Disk Space 🔧	2026-09-23T08:17:03.7671994Z Package 'llvm-11' is not installed, so not removed
higress-wasmplugin-test (RUST)	Free Up GitHub Actions Ubuntu Runner Disk Space 🔧	2026-09-23T08:17:03.7672734Z Package 'llvm-11-dev' is not installed, so not removed
higress-wasmplugin-test (RUST)	Free Up GitHub Actions Ubuntu Runner Disk Space 🔧	2026-09-23T08:17:03.7673236Z Package 'llvm-11-doc' is not installed, so not removed
higress-wasmplugin-test (RUST)	Free Up GitHub Actions Ubuntu Runner Disk Space 🔧	2026-09-23T08:17:03.7673634Z Package 'llvm-11-examples' is not installed, so not removed
higress-wasmplugin-test (RUST)	Free Up GitHub Actions Ubuntu Runner Disk Space 🔧	2026-09-23T08:17:03.7674271Z Package 'llvm-11-linker-tools' is not installed, so not removed
higress-wasmplugin-test (RUST)	Free Up GitHub Actions Ubuntu Runner Disk Space 🔧	2026-09-23T08:17:03.7674694Z Package 'llvm-11-runtime' is not installed, so not removed
higress-wasmplugin-test (RUST)	Free Up GitHub Actions Ubuntu Runner Disk Space 🔧	2026-09-23T08:17:03.7675089Z Package 'llvm-11-tools' is not installed, so not removed
higress-wasmplugin-test (RUST)	Free Up GitHub Actions Ubuntu Runner Disk Space 🔧	2026-09-23T08:17:03.7675447Z Package 'llvm-12' is not installed, so not removed
higress-wasmplugin-test (RUST)	Free Up GitHub Actions Ubuntu Runner Disk Space 🔧	2026-09-23T08:17:03.7675886Z Package 'llvm-12-dev' is not installed, so not removed
higress-wasmplugin-test (RUST)	Free Up GitHub Actions Ubuntu Runner Disk Space 🔧	2026-09-23T08:17:03.7676732Z Package 'llvm-12-doc' is not installed, so not removed
higress-wasmplugin-test (RUST)	Free Up GitHub Actions Ubuntu Runner Disk Space 🔧	2026-09-23T08:17:03.7677245Z Package 'llvm-12-examples' is not installed, so not removed
higress-wasmplugin-test (RUST)	Free Up GitHub Actions Ubuntu Runner Disk Space 🔧	2026-09-23T08:17:03.7677787Z Package 'llvm-12-linker-tools' is not installed, so not removed
higress-wasmplugin-test (RUST)	Free Up GitHub Actions Ubuntu Runner Disk Space 🔧	2026-09-23T08:17:03.7678316Z Package 'llvm-12-runtime' is not installed, so not removed
higress-wasmplugin-test (RUST)	Free Up GitHub Actions Ubuntu Runner Disk Space 🔧	2026-09-23T08:17:03.7678815Z Package 'llvm-12-tools' is not installed, so not removed
higress-wasmplugin-test (RUST)	Free Up GitHub Actions Ubuntu Runner Disk Space 🔧	2026-09-23T08:17:03.7679277Z Package 'llvm-dev' is not installed, so not removed
higress-wasmplugin-test (RUST)	Free Up GitHub Actions Ubuntu Runner Disk Space 🔧	2026-09-23T08:17:03.7679741Z Package 'llvm-runtime' is not installed, so not removed
higress-wasmplugin-test (RUST)	Free Up GitHub Actions Ubuntu Runner Disk Space 🔧	2026-09-23T08:17:03.7680214Z Package 'llvm-spirv' is not installed, so not removed
higress-wasmplugin-test (RUST)	Free Up GitHub Actions Ubuntu Runner Disk Space 🔧	2026-09-23T08:17:03.7680709Z Package 'llvm-spirv-12' is not installed, so not removed
higress-wasmplugin-test (RUST)	Free Up GitHub Actions Ubuntu Runner Disk Space 🔧	2026-09-23T08:17:03.7681117Z Package 'llvm-15-doc' is not installed, so not removed
higress-wasmplugin-test (RUST)	Free Up GitHub Actions Ubuntu Runner Disk Space 🔧	2026-09-23T08:17:03.7681431Z Package 'llvm-15-examples' is not installed, so not removed
higress-wasmplugin-test (RUST)	Free Up GitHub Actions Ubuntu Runner Disk Space 🔧	2026-09-23T08:17:03.7681747Z Package 'llvm-13-doc' is not installed, so not removed
higress-wasmplugin-test (RUST)	Free Up GitHub Actions Ubuntu Runner Disk Space 🔧	2026-09-23T08:17:03.7682063Z Package 'llvm-13-examples' is not installed, so not removed
higress-wasmplugin-test (RUST)	Free Up GitHub Actions Ubuntu Runner Disk Space 🔧	2026-09-23T08:17:03.7682485Z Package 'llvm-14-doc' is not installed, so not removed
higress-wasmplugin-test (RUST)	Free Up GitHub Actions Ubuntu Runner Disk Space 🔧	2026-09-23T08:17:03.7682793Z Package 'llvm-14-examples' is not installed, so not removed
higress-wasmplugin-test (RUST)	Free Up GitHub Actions Ubuntu Runner Disk Space 🔧	2026-09-23T08:17:03.7683110Z Package 'llvm-spirv-14' is not installed, so not removed
higress-wasmplugin-test (RUST)	Free Up GitHub Actions Ubuntu Runner Disk Space 🔧	2026-09-23T08:17:03.7683419Z Package 'llvm-spirv-15' is not installed, so not removed
higress-wasmplugin-test (RUST)	Free Up GitHub Actions Ubuntu Runner Disk Space 🔧	2026-09-23T08:17:03.7683705Z The following packages will be REMOVED:
higress-wasmplugin-test (RUST)	Free Up GitHub Actions Ubuntu Runner Disk Space 🔧	2026-09-23T08:17:03.7684258Z   clang-13 clang-14 clang-15 clang-tidy-13 clang-tidy-14 clang-tidy-15
higress-wasmplugin-test (RUST)	Free Up GitHub Actions Ubuntu Runner Disk Space 🔧	2026-09-23T08:17:03.7684806Z   clang-tools-13 clang-tools-14 clang-tools-15 lldb-14 llvm-13 llvm-13-dev
higress-wasmplugin-test (RUST)	Free Up GitHub Actions Ubuntu Runner Disk Space 🔧	2026-09-23T08:17:03.7685220Z   llvm-13-linker-tools llvm-13-runtime llvm-13-tools llvm-14 llvm-14-dev
higress-wasmplugin-test (RUST)	Free Up GitHub Actions Ubuntu Runner Disk Space 🔧	2026-09-23T08:17:03.7685623Z   llvm-14-linker-tools llvm-14-runtime llvm-14-tools llvm-15 llvm-15-dev
higress-wasmplugin-test (RUST)	Free Up GitHub Actions Ubuntu Runner Disk Space 🔧	2026-09-23T08:17:03.7685983Z   llvm-15-linker-tools llvm-15-runtime llvm-15-tools
higress-wasmplugin-test (RUST)	Free Up GitHub Actions Ubuntu Runner Disk Space 🔧	2026-09-23T08:17:04.0291058Z 0 upgraded, 0 newly installed, 25 to remove and 8 not upgraded.
higress-wasmplugin-test (RUST)	Free Up GitHub Actions Ubuntu Runner Disk Space 🔧	2026-09-23T08:17:04.0291722Z After this operation, 1150 MB disk space will be freed.
higress-wasmplugin-test (RUST)	Free Up GitHub Actions Ubuntu Runner Disk Space 🔧	2026-09-23T08:17:04.0648394Z (Reading database ... 
higress-wasmplugin-test (RUST)	Free Up GitHub Actions Ubuntu Runner Disk Space 🔧	2026-09-23T08:17:04.0648873Z (Reading database ... 5%
higress-wasmplugin-test (RUST)	Free Up GitHub Actions Ubuntu Runner Disk Space 🔧	2026-09-23T08:17:04.0649188Z (Reading database ... 10%
higress-wasmplugin-test (RUST)	Free Up GitHub Actions Ubuntu Runner Disk Space 🔧	2026-09-23T08:17:04.0649510Z (Reading database ... 15%
higress-wasmplugin-test (RUST)	Free Up GitHub Actions Ubuntu Runner Disk Space 🔧	2026-09-23T08:17:04.0649848Z (Reading database ... 20%
higress-wasmplugin-test (RUST)	Free Up GitHub Actions Ubuntu Runner Disk Space 🔧	2026-09-23T08:17:04.0650207Z (Reading database ... 25%
higress-wasmplugin-test (RUST)	Free Up GitHub Actions Ubuntu Runner Disk Space 🔧	2026-09-23T08:17:04.0650557Z (Reading database ... 30%
higress-wasmplugin-test (RUST)	Free Up GitHub Actions Ubuntu Runner Disk Space 🔧	2026-09-23T08:17:04.0650896Z (Reading database ... 35%
higress-wasmplugin-test (RUST)	Free Up GitHub Actions Ubuntu Runner Disk Space 🔧	2026-09-23T08:17:04.0651221Z (Reading database ... 40%
higress-wasmplugin-test (RUST)	Free Up GitHub Actions Ubuntu Runner Disk Space 🔧	2026-09-23T08:17:04.0651627Z (Reading database ... 45%
higress-wasmplugin-test (RUST)	Free Up GitHub Actions Ubuntu Runner Disk Space 🔧	2026-09-23T08:17:04.0652055Z (Reading database ... 50%
higress-wasmplugin-test (RUST)	Free Up GitHub Actions Ubuntu Runner Disk Space 🔧	2026-09-23T08:17:04.0952673Z (Reading database ... 55%
higress-wasmplugin-test (RUST)	Free Up GitHub Actions Ubuntu Runner Disk Space 🔧	2026-09-23T08:17:04.3007880Z (Reading database ... 60%
higress-wasmplugin-test (RUST)	Free Up GitHub Actions Ubuntu Runner Disk Space 🔧	2026-09-23T08:17:04.5482196Z (Reading database ... 65%
higress-wasmplugin-test (RUST)	Free Up GitHub Actions Ubuntu Runner Disk Space 🔧	2026-09-23T08:17:04.8030790Z (Reading database ... 70%
higress-wasmplugin-test (RUST)	Free Up GitHub Actions Ubuntu Runner Disk Space 🔧	2026-09-23T08:17:04.9863962Z (Reading database ... 75%
higress-wasmplugin-test (RUST)	Free Up GitHub Actions Ubuntu Runner Disk Space 🔧	2026-09-23T08:17:05.1505877Z (Reading database ... 80%
higress-wasmplugin-test (RUST)	Free Up GitHub Actions Ubuntu Runner Disk Space 🔧	2026-09-23T08:17:05.3966422Z (Reading database ... 85%
higress-wasmplugin-test (RUST)	Free Up GitHub Actions Ubuntu Runner Disk Space 🔧	2026-09-23T08:17:05.6224860Z (Reading database ... 90%
higress-wasmplugin-test (RUST)	Free Up GitHub Actions Ubuntu Runner Disk Space 🔧	2026-09-23T08:17:05.7938088Z (Reading database ... 95%
higress-wasmplugin-test (RUST)	Free Up GitHub Actions Ubuntu Runner Disk Space 🔧	2026-09-23T08:17:05.7938612Z (Reading database ... 100%
higress-wasmplugin-test (RUST)	Free Up GitHub Actions Ubuntu Runner Disk Space 🔧	2026-09-23T08:17:05.7939113Z (Reading database ... 262147 files and directories currently installed.)
higress-wasmplugin-test (RUST)	Free Up GitHub Actions Ubuntu Runner Disk Space 🔧	2026-09-23T08:17:05.8002155Z Removing clang-tidy-13 (1:13.0.1-2ubuntu2.2) ...
higress-wasmplugin-test (RUST)	Free Up GitHub Actions Ubuntu Runner Disk Space 🔧	2026-09-23T08:17:05.8311565Z Removing clang-tools-13 (1:13.0.1-2ubuntu2.2) ...
higress-wasmplugin-test (RUST)	Free Up GitHub Actions Ubuntu Runner Disk Space 🔧	2026-09-23T08:17:05.8682318Z Removing clang-13 (1:13.0.1-2ubuntu2.2) ...
higress-wasmplugin-test (RUST)	Free Up GitHub Actions Ubuntu Runner Disk Space 🔧	2026-09-23T08:17:05.8975629Z Removing clang-tidy-14 (1:14.0.0-1ubuntu1.1) ...
higress-wasmplugin-test (RUST)	Free Up GitHub Actions Ubuntu Runner Disk Space 🔧	2026-09-23T08:17:05.9260131Z Removing clang-tools-14 (1:14.0.0-1ubuntu1.1) ...
higress-wasmplugin-test (RUST)	Free Up GitHub Actions Ubuntu Runner Disk Space 🔧	2026-09-23T08:17:05.9607541Z Removing clang-14 (1:14.0.0-1ubuntu1.1) ...
higress-wasmplugin-test (RUST)	Free Up GitHub Actions Ubuntu Runner Disk Space 🔧	2026-09-23T08:17:05.9858023Z Removing clang-tidy-15 (1:15.0.7-0ubuntu0.22.04.3) ...
higress-wasmplugin-test (RUST)	Free Up GitHub Actions Ubuntu Runner Disk Space 🔧	2026-09-23T08:17:06.0253551Z Removing clang-tools-15 (1:15.0.7-0ubuntu0.22.04.3) ...
higress-wasmplugin-test (RUST)	Free Up GitHub Actions Ubuntu Runner Disk Space 🔧	2026-09-23T08:17:06.0487518Z Removing clang-15 (1:15.0.7-0ubuntu0.22.04.3) ...
higress-wasmplugin-test (RUST)	Free Up GitHub Actions Ubuntu Runner Disk Space 🔧	2026-09-23T08:17:06.0740169Z Removing lldb-14 (1:14.0.0-1ubuntu1.1) ...
higress-wasmplugin-test (RUST)	Free Up GitHub Actions Ubuntu Runner Disk Space 🔧	2026-09-23T08:17:06.1039470Z Removing llvm-13-dev (1:13.0.1-2ubuntu2.2) ...
higress-wasmplugin-test (RUST)	Free Up GitHub Actions Ubuntu Runner Disk Space 🔧	2026-09-23T08:17:06.2754237Z Removing llvm-13 (1:13.0.1-2ubuntu2.2) ...
higress-wasmplugin-test (RUST)	Free Up GitHub Actions Ubuntu Runner Disk Space 🔧	2026-09-23T08:17:06.2965073Z Removing llvm-13-linker-tools (1:13.0.1-2ubuntu2.2) ...
higress-wasmplugin-test (RUST)	Free Up GitHub Actions Ubuntu Runner Disk Space 🔧	2026-09-23T08:17:06.3185568Z Removing llvm-13-runtime (1:13.0.1-2ubuntu2.2) ...
higress-wasmplugin-test (RUST)	Free Up GitHub Actions Ubuntu Runner Disk Space 🔧	2026-09-23T08:17:06.3514787Z Removing llvm-13-tools (1:13.0.1-2ubuntu2.2) ...
higress-wasmplugin-test (RUST)	Free Up GitHub Actions Ubuntu Runner Disk Space 🔧	2026-09-23T08:17:06.4572375Z Removing llvm-14-dev (1:14.0.0-1ubuntu1.1) ...
higress-wasmplugin-test (RUST)	Free Up GitHub Actions Ubuntu Runner Disk Space 🔧	2026-09-23T08:17:06.6695465Z Removing llvm-14 (1:14.0.0-1ubuntu1.1) ...
higress-wasmplugin-test (RUST)	Free Up GitHub Actions Ubuntu Runner Disk Space 🔧	2026-09-23T08:17:06.6911547Z Removing llvm-14-linker-tools (1:14.0.0-1ubuntu1.1) ...
higress-wasmplugin-test (RUST)	Free Up GitHub Actions Ubuntu Runner Disk Space 🔧	2026-09-23T08:17:06.7091980Z Removing llvm-14-runtime (1:14.0.0-1ubuntu1.1) ...
higress-wasmplugin-test (RUST)	Free Up GitHub Actions Ubuntu Runner Disk Space 🔧	2026-09-23T08:17:06.7446452Z Removing llvm-14-tools (1:14.0.0-1ubuntu1.1) ...
higress-wasmplugin-test (RUST)	Free Up GitHub Actions Ubuntu Runner Disk Space 🔧	2026-09-23T08:17:06.8531640Z Removing llvm-15-dev (1:15.0.7-0ubuntu0.22.04.3) ...
higress-wasmplugin-test (RUST)	Free Up GitHub Actions Ubuntu Runner Disk Space 🔧	2026-09-23T08:17:07.0381505Z Removing llvm-15 (1:15.0.7-0ubuntu0.22.04.3) ...
higress-wasmplugin-test (RUST)	Free Up GitHub Actions Ubuntu Runner Disk Space 🔧	2026-09-23T08:17:07.0619150Z Removing llvm-15-linker-tools (1:15.0.7-0ubuntu0.22.04.3) ...
higress-wasmplugin-test (RUST)	Free Up GitHub Actions Ubuntu Runner Disk Space 🔧	2026-09-23T08:17:07.0812196Z Removing llvm-15-runtime (1:15.0.7-0ubuntu0.22.04.3) ...
higress-wasmplugin-test (RUST)	Free Up GitHub Actions Ubuntu Runner Disk Space 🔧	2026-09-23T08:17:07.1170771Z Removing llvm-15-tools (1:15.0.7-0ubuntu0.22.04.3) ...
higress-wasmplugin-test (RUST)	Free Up GitHub Actions Ubuntu Runner Disk Space 🔧	2026-09-23T08:17:07.2433230Z Processing triggers for man-db (2.10.2-1) ...
higress-wasmplugin-test (RUST)	Free Up GitHub Actions Ubuntu Runner Disk Space 🔧	2026-09-23T08:17:07.2456533Z Not building database; man-db/auto-update is not 'true'.
higress-wasmplugin-test (RUST)	Free Up GitHub Actions Ubuntu Runner Disk Space 🔧	2026-09-23T08:17:07.2470845Z Processing triggers for libc-bin (2.35-0ubuntu3.14) ...
higress-wasmplugin-test (RUST)	Free Up GitHub Actions Ubuntu Runner Disk Space 🔧	2026-09-23T08:17:11.4134932Z Reading package lists...
higress-wasmplugin-test (RUST)	Free Up GitHub Actions Ubuntu Runner Disk Space 🔧	2026-09-23T08:17:11.6332932Z Building dependency tree...
higress-wasmplugin-test (RUST)	Free Up GitHub Actions Ubuntu Runner Disk Space 🔧	2026-09-23T08:17:11.6341238Z Reading state information...
higress-wasmplugin-test (RUST)	Free Up GitHub Actions Ubuntu Runner Disk Space 🔧	2026-09-23T08:17:11.7444964Z Package 'php-lua' is not installed, so not removed
higress-wasmplugin-test (RUST)	Free Up GitHub Actions Ubuntu Runner Disk Space 🔧	2026-09-23T08:17:11.7445916Z Package 'php-mysqlnd-ms' is not installed, so not removed
higress-wasmplugin-test (RUST)	Free Up GitHub Actions Ubuntu Runner Disk Space 🔧	2026-09-23T08:17:11.7446371Z Package 'php-radius' is not installed, so not removed
higress-wasmplugin-test (RUST)	Free Up GitHub Actions Ubuntu Runner Disk Space 🔧	2026-09-23T08:17:11.7447156Z Package 'php-stomp' is not installed, so not removed
higress-wasmplugin-test (RUST)	Free Up GitHub Actions Ubuntu Runner Disk Space 🔧	2026-09-23T08:17:11.7447757Z Package 'php5.6-common' is not installed, so not removed
higress-wasmplugin-test (RUST)	Free Up GitHub Actions Ubuntu Runner Disk Space 🔧	2026-09-23T08:17:11.7448186Z Package 'php5.6-json' is not installed, so not removed
higress-wasmplugin-test (RUST)	Free Up GitHub Actions Ubuntu Runner Disk Space 🔧	2026-09-23T08:17:11.7448650Z Package 'php7.0-common' is not installed, so not removed
higress-wasmplugin-test (RUST)	Free Up GitHub Actions Ubuntu Runner Disk Space 🔧	2026-09-23T08:17:11.7449129Z Package 'php7.1-common' is not installed, so not removed
higress-wasmplugin-test (RUST)	Free Up GitHub Actions Ubuntu Runner Disk Space 🔧	2026-09-23T08:17:11.7449602Z Package 'php7.2-common' is not installed, so not removed
higress-wasmplugin-test (RUST)	Free Up GitHub Actions Ubuntu Runner Disk Space 🔧	2026-09-23T08:17:11.7450076Z Package 'php7.3-common' is not installed, so not removed
higress-wasmplugin-test (RUST)	Free Up GitHub Actions Ubuntu Runner Disk Space 🔧	2026-09-23T08:17:11.7450557Z Package 'php7.4-common' is not installed, so not removed
higress-wasmplugin-test (RUST)	Free Up GitHub Actions Ubuntu Runner Disk Space 🔧	2026-09-23T08:17:11.7451024Z Package 'php8.0-common' is not installed, so not removed
higress-wasmplugin-test (RUST)	Free Up GitHub Actions Ubuntu Runner Disk Space 🔧	2026-09-23T08:17:11.7451536Z Package 'php-pear-frontend-gtk' is not installed, so not removed
higress-wasmplugin-test (RUST)	Free Up GitHub Actions Ubuntu Runner Disk Space 🔧	2026-09-23T08:17:11.7452112Z Package 'php-pear-frontend-web' is not installed, so not removed
higress-wasmplugin-test (RUST)	Free Up GitHub Actions Ubuntu Runner Disk Space 🔧	2026-09-23T08:17:11.7452628Z Package 'php7.0-curl' is not installed, so not removed
higress-wasmplugin-test (RUST)	Free Up GitHub Actions Ubuntu Runner Disk Space 🔧	2026-09-23T08:17:11.7453105Z Package 'php7.2-sodium' is not installed, so not removed
higress-wasmplugin-test (RUST)	Free Up GitHub Actions Ubuntu Runner Disk Space 🔧	2026-09-23T08:17:11.7453573Z Package 'php5-cli' is not installed, so not removed
higress-wasmplugin-test (RUST)	Free Up GitHub Actions Ubuntu Runner Disk Space 🔧	2026-09-23T08:17:11.7454138Z Package 'php5-curl' is not installed, so not removed
higress-wasmplugin-test (RUST)	Free Up GitHub Actions Ubuntu Runner Disk Space 🔧	2026-09-23T08:17:11.7454638Z Package 'php-mcrypt' is not installed, so not removed
higress-wasmplugin-test (RUST)	Free Up GitHub Actions Ubuntu Runner Disk Space 🔧	2026-09-23T08:17:11.7455097Z Package 'php5-mysql' is not installed, so not removed
higress-wasmplugin-test (RUST)	Free Up GitHub Actions Ubuntu Runner Disk Space 🔧	2026-09-23T08:17:11.7455562Z Package 'php5-pgsql' is not installed, so not removed
higress-wasmplugin-test (RUST)	Free Up GitHub Actions Ubuntu Runner Disk Space 🔧	2026-09-23T08:17:11.7455992Z Package 'php5-sqlite' is not installed, so not removed
higress-wasmplugin-test (RUST)	Free Up GitHub Actions Ubuntu Runner Disk Space 🔧	2026-09-23T08:17:11.7456399Z Package 'php5' is not installed, so not removed
higress-wasmplugin-test (RUST)	Free Up GitHub Actions Ubuntu Runner Disk Space 🔧	2026-09-23T08:17:11.7456793Z Package 'php5-ldap' is not installed, so not removed
higress-wasmplugin-test (RUST)	Free Up GitHub Actions Ubuntu Runner Disk Space 🔧	2026-09-23T08:17:11.7457228Z Package 'php-mapscript' is not installed, so not removed
higress-wasmplugin-test (RUST)	Free Up GitHub Actions Ubuntu Runner Disk Space 🔧	2026-09-23T08:17:11.7457648Z Package 'php-apc' is not installed, so not removed
higress-wasmplugin-test (RUST)	Free Up GitHub Actions Ubuntu Runner Disk Space 🔧	2026-09-23T08:17:11.7458068Z Package 'php-suhosin' is not installed, so not removed
higress-wasmplugin-test (RUST)	Free Up GitHub Actions Ubuntu Runner Disk Space 🔧	2026-09-23T08:17:11.7458537Z Package 'libapache2-mod-php5' is not installed, so not removed
higress-wasmplugin-test (RUST)	Free Up GitHub Actions Ubuntu Runner Disk Space 🔧	2026-09-23T08:17:11.7459481Z Package 'php5-fpm' is not installed, so not removed
higress-wasmplugin-test (RUST)	Free Up GitHub Actions Ubuntu Runner Disk Space 🔧	2026-09-23T08:17:11.7459959Z Package 'libapache2-mod-suphp' is not installed, so not removed
higress-wasmplugin-test (RUST)	Free Up GitHub Actions Ubuntu Runner Disk Space 🔧	2026-09-23T08:17:11.7460454Z Package 'libgv-php5' is not installed, so not removed
higress-wasmplugin-test (RUST)	Free Up GitHub Actions Ubuntu Runner Disk Space 🔧	2026-09-23T08:17:11.7460884Z Package 'libow-php5' is not installed, so not removed
higress-wasmplugin-test (RUST)	Free Up GitHub Actions Ubuntu Runner Disk Space 🔧	2026-09-23T08:17:11.7461382Z Package 'php-hayageek-oauth2-yahoo' is not installed, so not removed
higress-wasmplugin-test (RUST)	Free Up GitHub Actions Ubuntu Runner Disk Space 🔧	2026-09-23T08:17:11.7461952Z Package 'php-league-oauth2-google' is not installed, so not removed
higress-wasmplugin-test (RUST)	Free Up GitHub Actions Ubuntu Runner Disk Space 🔧	2026-09-23T08:17:11.7462573Z Package 'php-stevenmaguire-oauth2-microsoft' is not installed, so not removed
higress-wasmplugin-test (RUST)	Free Up GitHub Actions Ubuntu Runner Disk Space 🔧	2026-09-23T08:17:11.7463153Z Package 'phpphylotree' is not installed, so not removed
higress-wasmplugin-test (RUST)	Free Up GitHub Actions Ubuntu Runner Disk Space 🔧	2026-09-23T08:17:11.7463606Z Package 'php-xcache' is not installed, so not removed
higress-wasmplugin-test (RUST)	Free Up GitHub Actions Ubuntu Runner Disk Space 🔧	2026-09-23T08:17:11.7464211Z Package 'php-async-aws-s3' is not installed, so not removed
higress-wasmplugin-test (RUST)	Free Up GitHub Actions Ubuntu Runner Disk Space 🔧	2026-09-23T08:17:11.7464705Z Package 'php-console-color2' is not installed, so not removed
higress-wasmplugin-test (RUST)	Free Up GitHub Actions Ubuntu Runner Disk Space 🔧	2026-09-23T08:17:11.7465264Z Package 'php-alcaeus-mongo-php-adapter' is not installed, so not removed
higress-wasmplugin-test (RUST)	Free Up GitHub Actions Ubuntu Runner Disk Space 🔧	2026-09-23T08:17:11.7466161Z Package 'php-doctrine-phpcr-odm' is not installed, so not removed
higress-wasmplugin-test (RUST)	Free Up GitHub Actions Ubuntu Runner Disk Space 🔧	2026-09-23T08:17:11.7466707Z Package 'php-doctrine-mongodb-odm' is not installed, so not removed
higress-wasmplugin-test (RUST)	Free Up GitHub Actions Ubuntu Runner Disk Space 🔧	2026-09-23T08:17:11.7467220Z Package 'php-ml-json-ld' is not installed, so not removed
higress-wasmplugin-test (RUST)	Free Up GitHub Actions Ubuntu Runner Disk Space 🔧	2026-09-23T08:17:11.7467689Z Package 'php-semsol-arc2' is not installed, so not removed
higress-wasmplugin-test (RUST)	Free Up GitHub Actions Ubuntu Runner Disk Space 🔧	2026-09-23T08:17:11.7468158Z Package 'php-com-dotnet' is not installed, so not removed
higress-wasmplugin-test (RUST)	Free Up GitHub Actions Ubuntu Runner Disk Space 🔧	2026-09-23T08:17:11.7468598Z Package 'php-rar' is not installed, so not removed
higress-wasmplugin-test (RUST)	Free Up GitHub Actions Ubuntu Runner Disk Space 🔧	2026-09-23T08:17:11.7469121Z Package 'php-laminas-httphandlerrunner' is not installed, so not removed
higress-wasmplugin-test (RUST)	Free Up GitHub Actions Ubuntu Runner Disk Space 🔧	2026-09-23T08:17:11.7469748Z Package 'php-cordoval-hamcrest-php' is not installed, so not removed
higress-wasmplugin-test (RUST)	Free Up GitHub Actions Ubuntu Runner Disk Space 🔧	2026-09-23T08:17:11.7470364Z Package 'php-davedevelopment-hamcrest-php' is not installed, so not removed
higress-wasmplugin-test (RUST)	Free Up GitHub Actions Ubuntu Runner Disk Space 🔧	2026-09-23T08:17:11.7470979Z Package 'php-kodova-hamcrest-php' is not installed, so not removed
higress-wasmplugin-test (RUST)	Free Up GitHub Actions Ubuntu Runner Disk Space 🔧	2026-09-23T08:17:11.7471536Z Package 'php-scrutinizer-ocular' is not installed, so not removed
higress-wasmplugin-test (RUST)	Free Up GitHub Actions Ubuntu Runner Disk Space 🔧	2026-09-23T08:17:11.7472089Z Package 'php-league-flysystem-sftp' is not installed, so not removed
higress-wasmplugin-test (RUST)	Free Up GitHub Actions Ubuntu Runner Disk Space 🔧	2026-09-23T08:17:11.7472735Z Package 'php-league-flysystem-eventable-filesystem' is not installed, so not removed
higress-wasmplugin-test (RUST)	Free Up GitHub Actions Ubuntu Runner Disk Space 🔧	2026-09-23T08:17:11.7473419Z Package 'php-league-flysystem-rackspace' is not installed, so not removed
higress-wasmplugin-test (RUST)	Free Up GitHub Actions Ubuntu Runner Disk Space 🔧	2026-09-23T08:17:11.7474142Z Package 'php-league-flysystem-azure' is not installed, so not removed
higress-wasmplugin-test (RUST)	Free Up GitHub Actions Ubuntu Runner Disk Space 🔧	2026-09-23T08:17:11.7474729Z Package 'php-league-flysystem-webdav' is not installed, so not removed
higress-wasmplugin-test (RUST)	Free Up GitHub Actions Ubuntu Runner Disk Space 🔧	2026-09-23T08:17:11.7475343Z Package 'php-league-flysystem-aws-s3-v2' is not installed, so not removed
higress-wasmplugin-test (RUST)	Free Up GitHub Actions Ubuntu Runner Disk Space 🔧	2026-09-23T08:17:11.7475968Z Package 'php-league-flysystem-aws-s3-v3' is not installed, so not removed
higress-wasmplugin-test (RUST)	Free Up GitHub Actions Ubuntu Runner Disk Space 🔧	2026-09-23T08:17:11.7476579Z Package 'php-spatie-flysystem-dropbox' is not installed, so not removed
higress-wasmplugin-test (RUST)	Free Up GitHub Actions Ubuntu Runner Disk Space 🔧	2026-09-23T08:17:11.7477213Z Package 'php-srmklive-flysystem-dropbox-v2' is not installed, so not removed
higress-wasmplugin-test (RUST)	Free Up GitHub Actions Ubuntu Runner Disk Space 🔧	2026-09-23T08:17:11.7477894Z Package 'php-league-flysystem-cached-adapter' is not installed, so not removed
higress-wasmplugin-test (RUST)	Free Up GitHub Actions Ubuntu Runner Disk Space 🔧	2026-09-23T08:17:11.7478564Z Package 'php-league-flysystem-ziparchive' is not installed, so not removed
higress-wasmplugin-test (RUST)	Free Up GitHub Actions Ubuntu Runner Disk Space 🔧	2026-09-23T08:17:11.7479106Z Package 'php-sqlite' is not installed, so not removed
higress-wasmplugin-test (RUST)	Free Up GitHub Actions Ubuntu Runner Disk Space 🔧	2026-09-23T08:17:11.7479533Z Package 'php-lzf' is not installed, so not removed
higress-wasmplugin-test (RUST)	Free Up GitHub Actions Ubuntu Runner Disk Space 🔧	2026-09-23T08:17:11.7479984Z Package 'php-pnctl' is not installed, so not removed
higress-wasmplugin-test (RUST)	Free Up GitHub Actions Ubuntu Runner Disk Space 🔧	2026-09-23T08:17:11.7480461Z Package 'php-mdb2-driver-fbsql' is not installed, so not removed
higress-wasmplugin-test (RUST)	Free Up GitHub Actions Ubuntu Runner Disk Space 🔧	2026-09-23T08:17:11.7480982Z Package 'php-mdb2-driver-ibase' is not installed, so not removed
higress-wasmplugin-test (RUST)	Free Up GitHub Actions Ubuntu Runner Disk Space 🔧	2026-09-23T08:17:11.7481509Z Package 'php-mdb2-driver-mssql' is not installed, so not removed
higress-wasmplugin-test (RUST)	Free Up GitHub Actions Ubuntu Runner Disk Space 🔧	2026-09-23T08:17:11.7482046Z Package 'php-mdb2-driver-mysqli' is not installed, so not removed
higress-wasmplugin-test (RUST)	Free Up GitHub Actions Ubuntu Runner Disk Space 🔧	2026-09-23T08:17:11.7482572Z Package 'php-mdb2-driver-oci8' is not installed, so not removed
higress-wasmplugin-test (RUST)	Free Up GitHub Actions Ubuntu Runner Disk Space 🔧	2026-09-23T08:17:11.7483094Z Package 'php-mdb2-driver-odbc' is not installed, so not removed
higress-wasmplugin-test (RUST)	Free Up GitHub Actions Ubuntu Runner Disk Space 🔧	2026-09-23T08:17:11.7483931Z Package 'php-mdb2-driver-querysim' is not installed, so not removed
higress-wasmplugin-test (RUST)	Free Up GitHub Actions Ubuntu Runner Disk Space 🔧	2026-09-23T08:17:11.7484485Z Package 'php-mdb2-driver-sqlite' is not installed, so not removed
higress-wasmplugin-test (RUST)	Free Up GitHub Actions Ubuntu Runner Disk Space 🔧	2026-09-23T08:17:11.7485017Z Package 'php-mdb2-driver-sqlsrv' is not installed, so not removed
higress-wasmplugin-test (RUST)	Free Up GitHub Actions Ubuntu Runner Disk Space 🔧	2026-09-23T08:17:11.7485585Z Package 'php-barnabywalters-mf-cleaner' is not installed, so not removed
higress-wasmplugin-test (RUST)	Free Up GitHub Actions Ubuntu Runner Disk Space 🔧	2026-09-23T08:17:11.7486151Z Package 'php-php-mock-phpunit' is not installed, so not removed
higress-wasmplugin-test (RUST)	Free Up GitHub Actions Ubuntu Runner Disk Space 🔧	2026-09-23T08:17:11.7486664Z Package 'php-graylog2-gelf-php' is not installed, so not removed
higress-wasmplugin-test (RUST)	Free Up GitHub Actions Ubuntu Runner Disk Space 🔧	2026-09-23T08:17:11.7487174Z Package 'php-doctrine-couchdb' is not installed, so not removed
higress-wasmplugin-test (RUST)	Free Up GitHub Actions Ubuntu Runner Disk Space 🔧	2026-09-23T08:17:11.7487689Z Package 'php-ruflin-elastica' is not installed, so not removed
higress-wasmplugin-test (RUST)	Free Up GitHub Actions Ubuntu Runner Disk Space 🔧	2026-09-23T08:17:11.7488188Z Package 'php-elasticsearch' is not installed, so not removed
higress-wasmplugin-test (RUST)	Free Up GitHub Actions Ubuntu Runner Disk Space 🔧	2026-09-23T08:17:11.7488657Z Package 'php-aws-sdk' is not installed, so not removed
higress-wasmplugin-test (RUST)	Free Up GitHub Actions Ubuntu Runner Disk Space 🔧	2026-09-23T08:17:11.7489103Z Package 'php-rollbar' is not installed, so not removed
higress-wasmplugin-test (RUST)	Free Up GitHub Actions Ubuntu Runner Disk Space 🔧	2026-09-23T08:17:11.7489545Z Package 'php-console' is not installed, so not removed
higress-wasmplugin-test (RUST)	Free Up GitHub Actions Ubuntu Runner Disk Space 🔧	2026-09-23T08:17:11.7490106Z Package 'php-wfio' is not installed, so not removed
higress-wasmplugin-test (RUST)	Free Up GitHub Actions Ubuntu Runner Disk Space 🔧	2026-09-23T08:17:11.7490525Z Package 'php-dbase' is not installed, so not removed
higress-wasmplugin-test (RUST)	Free Up GitHub Actions Ubuntu Runner Disk Space 🔧	2026-09-23T08:17:11.7490961Z Package 'php-libsodium' is not installed, so not removed
higress-wasmplugin-test (RUST)	Free Up GitHub Actions Ubuntu Runner Disk Space 🔧	2026-09-23T08:17:11.7491420Z Package 'libphp-predis' is not installed, so not removed
higress-wasmplugin-test (RUST)	Free Up GitHub Actions Ubuntu Runner Disk Space 🔧	2026-09-23T08:17:11.7491880Z Package 'php-phpiredis' is not installed, so not removed
higress-wasmplugin-test (RUST)	Free Up GitHub Actions Ubuntu Runner Disk Space 🔧	2026-09-23T08:17:11.7492390Z Package 'php-ocramius-proxy-manager' is not installed, so not removed
higress-wasmplugin-test (RUST)	Free Up GitHub Actions Ubuntu Runner Disk Space 🔧	2026-09-23T08:17:11.7492995Z Package 'php-zendframework-zend-stdlib' is not installed, so not removed
higress-wasmplugin-test (RUST)	Free Up GitHub Actions Ubuntu Runner Disk Space 🔧	2026-09-23T08:17:11.7493560Z Package 'php-rhumsaa-uuid' is not installed, so not removed
higress-wasmplugin-test (RUST)	Free Up GitHub Actions Ubuntu Runner Disk Space 🔧	2026-09-23T08:17:11.7494214Z Package 'php-moontoast-math' is not installed, so not removed
higress-wasmplugin-test (RUST)	Free Up GitHub Actions Ubuntu Runner Disk Space 🔧	2026-09-23T08:17:11.7494736Z Package 'php-ramsey-uuid-console' is not installed, so not removed
higress-wasmplugin-test (RUST)	Free Up GitHub Actions Ubuntu Runner Disk Space 🔧	2026-09-23T08:17:11.7495281Z Package 'php-ramsey-uuid-doctrine' is not installed, so not removed
higress-wasmplugin-test (RUST)	Free Up GitHub Actions Ubuntu Runner Disk Space 🔧	2026-09-23T08:17:11.7495852Z Package 'php-paragonie-random-lib' is not installed, so not removed
higress-wasmplugin-test (RUST)	Free Up GitHub Actions Ubuntu Runner Disk Space 🔧	2026-09-23T08:17:11.7496380Z Package 'php-crypt-blowfish' is not installed, so not removed
higress-wasmplugin-test (RUST)	Free Up GitHub Actions Ubuntu Runner Disk Space 🔧	2026-09-23T08:17:11.7496846Z Package 'php-compat' is not installed, so not removed
higress-wasmplugin-test (RUST)	Free Up GitHub Actions Ubuntu Runner Disk Space 🔧	2026-09-23T08:17:11.7497269Z Package 'php-cache' is not installed, so not removed
higress-wasmplugin-test (RUST)	Free Up GitHub Actions Ubuntu Runner Disk Space 🔧	2026-09-23T08:17:11.7497722Z Package 'php-xml-serializer' is not installed, so not removed
higress-wasmplugin-test (RUST)	Free Up GitHub Actions Ubuntu Runner Disk Space 🔧	2026-09-23T08:17:11.7498193Z Package 'libssh2-php' is not installed, so not removed
higress-wasmplugin-test (RUST)	Free Up GitHub Actions Ubuntu Runner Disk Space 🔧	2026-09-23T08:17:11.7498700Z Package 'php-enqueue-messenger-adapter' is not installed, so not removed
higress-wasmplugin-test (RUST)	Free Up GitHub Actions Ubuntu Runner Disk Space 🔧	2026-09-23T08:17:11.7499241Z Package 'php-numbers-words' is not installed, so not removed
higress-wasmplugin-test (RUST)	Free Up GitHub Actions Ubuntu Runner Disk Space 🔧	2026-09-23T08:17:11.7499706Z Package 'php7.0-thrift' is not installed, so not removed
higress-wasmplugin-test (RUST)	Free Up GitHub Actions Ubuntu Runner Disk Space 🔧	2026-09-23T08:17:11.7500156Z Package 'php7.2-thrift' is not installed, so not removed
higress-wasmplugin-test (RUST)	Free Up GitHub Actions Ubuntu Runner Disk Space 🔧	2026-09-23T08:17:11.7500604Z Package 'php-net-idna' is not installed, so not removed
higress-wasmplugin-test (RUST)	Free Up GitHub Actions Ubuntu Runner Disk Space 🔧	2026-09-23T08:17:11.7501047Z Package 'php-phpstan' is not installed, so not removed
higress-wasmplugin-test (RUST)	Free Up GitHub Actions Ubuntu Runner Disk Space 🔧	2026-09-23T08:17:11.7501545Z Package 'php-vimeo-psalm' is not installed, so not removed
higress-wasmplugin-test (RUST)	Free Up GitHub Actions Ubuntu Runner Disk Space 🔧	2026-09-23T08:17:11.7502119Z Package 'php-zendframework-zend-eventmanager' is not installed, so not removed
higress-wasmplugin-test (RUST)	Free Up GitHub Actions Ubuntu Runner Disk Space 🔧	2026-09-23T08:17:11.7502740Z Package 'php-container-interop' is not installed, so not removed
higress-wasmplugin-test (RUST)	Free Up GitHub Actions Ubuntu Runner Disk Space 🔧	2026-09-23T08:17:11.7503225Z Package 'php-recode' is not installed, so not removed
higress-wasmplugin-test (RUST)	Free Up GitHub Actions Ubuntu Runner Disk Space 🔧	2026-09-23T08:17:11.7503631Z Package 'php-gd2' is not installed, so not removed
higress-wasmplugin-test (RUST)	Free Up GitHub Actions Ubuntu Runner Disk Space 🔧	2026-09-23T08:17:11.7504273Z Package 'php-pragmarx-google2fa-qrcode' is not installed, so not removed
higress-wasmplugin-test (RUST)	Free Up GitHub Actions Ubuntu Runner Disk Space 🔧	2026-09-23T08:17:11.7504873Z Package 'php-samyoul-u2f-php-server' is not installed, so not removed
higress-wasmplugin-test (RUST)	Free Up GitHub Actions Ubuntu Runner Disk Space 🔧	2026-09-23T08:17:11.7505378Z Package 'php5-xsl' is not installed, so not removed
higress-wasmplugin-test (RUST)	Free Up GitHub Actions Ubuntu Runner Disk Space 🔧	2026-09-23T08:17:11.7505812Z Package 'php5-imagick' is not installed, so not removed
higress-wasmplugin-test (RUST)	Free Up GitHub Actions Ubuntu Runner Disk Space 🔧	2026-09-23T08:17:11.7506281Z Package 'php-endroid-qr-code' is not installed, so not removed
higress-wasmplugin-test (RUST)	Free Up GitHub Actions Ubuntu Runner Disk Space 🔧	2026-09-23T08:17:11.7506802Z Package 'php-guzzlehttp-guzzle' is not installed, so not removed
higress-wasmplugin-test (RUST)	Free Up GitHub Actions Ubuntu Runner Disk Space 🔧	2026-09-23T08:17:11.7507566Z Package 'php-bjeavons-zxcvbn-php' is not installed, so not removed
higress-wasmplugin-test (RUST)	Free Up GitHub Actions Ubuntu Runner Disk Space 🔧	2026-09-23T08:17:11.7508052Z Package 'php7.4-fpm' is not installed, so not removed
higress-wasmplugin-test (RUST)	Free Up GitHub Actions Ubuntu Runner Disk Space 🔧	2026-09-23T08:17:11.7508514Z Package 'libapache2-mod-php' is not installed, so not removed
higress-wasmplugin-test (RUST)	Free Up GitHub Actions Ubuntu Runner Disk Space 🔧	2026-09-23T08:17:11.7508959Z Package 'php' is not installed, so not removed
higress-wasmplugin-test (RUST)	Free Up GitHub Actions Ubuntu Runner Disk Space 🔧	2026-09-23T08:17:11.7509369Z Package 'php-all-dev' is not installed, so not removed
higress-wasmplugin-test (RUST)	Free Up GitHub Actions Ubuntu Runner Disk Space 🔧	2026-09-23T08:17:11.7509789Z Package 'php-cgi' is not installed, so not removed
higress-wasmplugin-test (RUST)	Free Up GitHub Actions Ubuntu Runner Disk Space 🔧	2026-09-23T08:17:11.7510194Z Package 'php-cli' is not installed, so not removed
higress-wasmplugin-test (RUST)	Free Up GitHub Actions Ubuntu Runner Disk Space 🔧	2026-09-23T08:17:11.7510605Z Package 'php-curl' is not installed, so not removed
higress-wasmplugin-test (RUST)	Free Up GitHub Actions Ubuntu Runner Disk Space 🔧	2026-09-23T08:17:11.7511009Z Package 'php-dev' is not installed, so not removed
higress-wasmplugin-test (RUST)	Free Up GitHub Actions Ubuntu Runner Disk Space 🔧	2026-09-23T08:17:11.7511418Z Package 'php-gd' is not installed, so not removed
higress-wasmplugin-test (RUST)	Free Up GitHub Actions Ubuntu Runner Disk Space 🔧	2026-09-23T08:17:11.7511821Z Package 'php-gmp' is not installed, so not removed
higress-wasmplugin-test (RUST)	Free Up GitHub Actions Ubuntu Runner Disk Space 🔧	2026-09-23T08:17:11.7512230Z Package 'php-json' is not installed, so not removed
higress-wasmplugin-test (RUST)	Free Up GitHub Actions Ubuntu Runner Disk Space 🔧	2026-09-23T08:17:11.7512754Z Package 'php-ldap' is not installed, so not removed
higress-wasmplugin-test (RUST)	Free Up GitHub Actions Ubuntu Runner Disk Space 🔧	2026-09-23T08:17:11.7513170Z Package 'php-mysql' is not installed, so not removed
higress-wasmplugin-test (RUST)	Free Up GitHub Actions Ubuntu Runner Disk Space 🔧	2026-09-23T08:17:11.7513583Z Package 'php-odbc' is not installed, so not removed
higress-wasmplugin-test (RUST)	Free Up GitHub Actions Ubuntu Runner Disk Space 🔧	2026-09-23T08:17:11.7514119Z Package 'php-pgsql' is not installed, so not removed
higress-wasmplugin-test (RUST)	Free Up GitHub Actions Ubuntu Runner Disk Space 🔧	2026-09-23T08:17:11.7514553Z Package 'php-pspell' is not installed, so not removed
higress-wasmplugin-test (RUST)	Free Up GitHub Actions Ubuntu Runner Disk Space 🔧	2026-09-23T08:17:11.7514970Z Package 'php-snmp' is not installed, so not removed
higress-wasmplugin-test (RUST)	Free Up GitHub Actions Ubuntu Runner Disk Space 🔧	2026-09-23T08:17:11.7515404Z Package 'php-sqlite3' is not installed, so not removed
higress-wasmplugin-test (RUST)	Free Up GitHub Actions Ubuntu Runner Disk Space 🔧	2026-09-23T08:17:11.7515820Z Package 'php-tidy' is not installed, so not removed
higress-wasmplugin-test (RUST)	Free Up GitHub Actions Ubuntu Runner Disk Space 🔧	2026-09-23T08:17:11.7516226Z Package 'php-xml' is not installed, so not removed
higress-wasmplugin-test (RUST)	Free Up GitHub Actions Ubuntu Runner Disk Space 🔧	2026-09-23T08:17:11.7516657Z Package 'pkg-php-tools' is not installed, so not removed
higress-wasmplugin-test (RUST)	Free Up GitHub Actions Ubuntu Runner Disk Space 🔧	2026-09-23T08:17:11.7517090Z Package 'cakephp' is not installed, so not removed
higress-wasmplugin-test (RUST)	Free Up GitHub Actions Ubuntu Runner Disk Space 🔧	2026-09-23T08:17:11.7517533Z Package 'cakephp-scripts' is not installed, so not removed
higress-wasmplugin-test (RUST)	Free Up GitHub Actions Ubuntu Runner Disk Space 🔧	2026-09-23T08:17:11.7517980Z Package 'dh-php' is not installed, so not removed
higress-wasmplugin-test (RUST)	Free Up GitHub Actions Ubuntu Runner Disk Space 🔧	2026-09-23T08:17:11.7518417Z Package 'elpa-php-mode' is not installed, so not removed
higress-wasmplugin-test (RUST)	Free Up GitHub Actions Ubuntu Runner Disk Space 🔧	2026-09-23T08:17:11.7518983Z Package 'golang-github-phpdave11-gofpdi-dev' is not installed, so not removed
higress-wasmplugin-test (RUST)	Free Up GitHub Actions Ubuntu Runner Disk Space 🔧	2026-09-23T08:17:11.7519590Z Package 'gosa-plugin-phpgw' is not installed, so not removed
higress-wasmplugin-test (RUST)	Free Up GitHub Actions Ubuntu Runner Disk Space 🔧	2026-09-23T08:17:11.7520122Z Package 'gosa-plugin-phpgw-schema' is not installed, so not removed
higress-wasmplugin-test (RUST)	Free Up GitHub Actions Ubuntu Runner Disk Space 🔧	2026-09-23T08:17:11.7520690Z Package 'gosa-plugin-phpscheduleit' is not installed, so not removed
higress-wasmplugin-test (RUST)	Free Up GitHub Actions Ubuntu Runner Disk Space 🔧	2026-09-23T08:17:11.7521309Z Package 'gosa-plugin-phpscheduleit-schema' is not installed, so not removed
higress-wasmplugin-test (RUST)	Free Up GitHub Actions Ubuntu Runner Disk Space 🔧	2026-09-23T08:17:11.7521911Z Package 'icinga-php-library' is not installed, so not removed
higress-wasmplugin-test (RUST)	Free Up GitHub Actions Ubuntu Runner Disk Space 🔧	2026-09-23T08:17:11.7522440Z Package 'icinga-php-thirdparty' is not installed, so not removed
higress-wasmplugin-test (RUST)	Free Up GitHub Actions Ubuntu Runner Disk Space 🔧	2026-09-23T08:17:11.7522943Z Package 'kdevelop-php' is not installed, so not removed
higress-wasmplugin-test (RUST)	Free Up GitHub Actions Ubuntu Runner Disk Space 🔧	2026-09-23T08:17:11.7523413Z Package 'kdevelop-php-l10n' is not installed, so not removed
higress-wasmplugin-test (RUST)	Free Up GitHub Actions Ubuntu Runner Disk Space 🔧	2026-09-23T08:17:11.7524012Z Package 'libawl-php' is not installed, so not removed
higress-wasmplugin-test (RUST)	Free Up GitHub Actions Ubuntu Runner Disk Space 🔧	2026-09-23T08:17:11.7524606Z Package 'libhtml-wikiconverter-phpwiki-perl' is not installed, so not removed
higress-wasmplugin-test (RUST)	Free Up GitHub Actions Ubuntu Runner Disk Space 🔧	2026-09-23T08:17:11.7525245Z Package 'libjs-php-date-formatter' is not installed, so not removed
higress-wasmplugin-test (RUST)	Free Up GitHub Actions Ubuntu Runner Disk Space 🔧	2026-09-23T08:17:11.7525771Z Package 'libmarkdown-php' is not installed, so not removed
higress-wasmplugin-test (RUST)	Free Up GitHub Actions Ubuntu Runner Disk Space 🔧	2026-09-23T08:17:11.7526192Z Package 'libnusoap-php' is not installed, so not removed
higress-wasmplugin-test (RUST)	Free Up GitHub Actions Ubuntu Runner Disk Space 🔧	2026-09-23T08:17:11.7526620Z Package 'libow-php7' is not installed, so not removed
higress-wasmplugin-test (RUST)	Free Up GitHub Actions Ubuntu Runner Disk Space 🔧	2026-09-23T08:17:11.7527032Z Package 'libownet-php' is not installed, so not removed
higress-wasmplugin-test (RUST)	Free Up GitHub Actions Ubuntu Runner Disk Space 🔧	2026-09-23T08:17:11.7527449Z Package 'libphp-embed' is not installed, so not removed
higress-wasmplugin-test (RUST)	Free Up GitHub Actions Ubuntu Runner Disk Space 🔧	2026-09-23T08:17:11.7527879Z Package 'libphp-jabber' is not installed, so not removed
higress-wasmplugin-test (RUST)	Free Up GitHub Actions Ubuntu Runner Disk Space 🔧	2026-09-23T08:17:11.7528320Z Package 'libphp-jpgraph' is not installed, so not removed
higress-wasmplugin-test (RUST)	Free Up GitHub Actions Ubuntu Runner Disk Space 🔧	2026-09-23T08:17:11.7528813Z Package 'libphp-jpgraph-examples' is not installed, so not removed
higress-wasmplugin-test (RUST)	Free Up GitHub Actions Ubuntu Runner Disk Space 🔧	2026-09-23T08:17:11.7529321Z Package 'libphp-phpmailer' is not installed, so not removed
higress-wasmplugin-test (RUST)	Free Up GitHub Actions Ubuntu Runner Disk Space 🔧	2026-09-23T08:17:11.7530002Z Package 'libphp-serialization-perl' is not installed, so not removed
higress-wasmplugin-test (RUST)	Free Up GitHub Actions Ubuntu Runner Disk Space 🔧	2026-09-23T08:17:11.7530598Z Package 'libphp-simplepie' is not installed, so not removed
higress-wasmplugin-test (RUST)	Free Up GitHub Actions Ubuntu Runner Disk Space 🔧	2026-09-23T08:17:11.7531059Z Package 'libphp-snoopy' is not installed, so not removed
higress-wasmplugin-test (RUST)	Free Up GitHub Actions Ubuntu Runner Disk Space 🔧	2026-09-23T08:17:11.7531493Z Package 'libphpy-dev' is not installed, so not removed
higress-wasmplugin-test (RUST)	Free Up GitHub Actions Ubuntu Runner Disk Space 🔧	2026-09-23T08:17:11.7531897Z Package 'libphpy1' is not installed, so not removed
higress-wasmplugin-test (RUST)	Free Up GitHub Actions Ubuntu Runner Disk Space 🔧	2026-09-23T08:17:11.7532352Z Package 'libsparkline-php' is not installed, so not removed
higress-wasmplugin-test (RUST)	Free Up GitHub Actions Ubuntu Runner Disk Space 🔧	2026-09-23T08:17:11.7532842Z Package 'libxrdcephposix0' is not installed, so not removed
higress-wasmplugin-test (RUST)	Free Up GitHub Actions Ubuntu Runner Disk Space 🔧	2026-09-23T08:17:11.7533321Z Package 'mlmmj-php-web' is not installed, so not removed
higress-wasmplugin-test (RUST)	Free Up GitHub Actions Ubuntu Runner Disk Space 🔧	2026-09-23T08:17:11.7533789Z Package 'mlmmj-php-web-admin' is not installed, so not removed
higress-wasmplugin-test (RUST)	Free Up GitHub Actions Ubuntu Runner Disk Space 🔧	2026-09-23T08:17:11.7534426Z Package 'php-amqp' is not installed, so not removed
higress-wasmplugin-test (RUST)	Free Up GitHub Actions Ubuntu Runner Disk Space 🔧	2026-09-23T08:17:11.7534876Z Package 'php-amqp-all-dev' is not installed, so not removed
higress-wasmplugin-test (RUST)	Free Up GitHub Actions Ubuntu Runner Disk Space 🔧	2026-09-23T08:17:11.7535349Z Package 'php-amqplib' is not installed, so not removed
higress-wasmplugin-test (RUST)	Free Up GitHub Actions Ubuntu Runner Disk Space 🔧	2026-09-23T08:17:11.7535913Z Package 'php-apcu' is not installed, so not removed
higress-wasmplugin-test (RUST)	Free Up GitHub Actions Ubuntu Runner Disk Space 🔧	2026-09-23T08:17:11.7536344Z Package 'php-apcu-all-dev' is not installed, so not removed
higress-wasmplugin-test (RUST)	Free Up GitHub Actions Ubuntu Runner Disk Space 🔧	2026-09-23T08:17:11.7536895Z Package 'php-arthurhoaro-web-thumbnailer' is not installed, so not removed
higress-wasmplugin-test (RUST)	Free Up GitHub Actions Ubuntu Runner Disk Space 🔧	2026-09-23T08:17:11.7537410Z Package 'php-ast' is not installed, so not removed
higress-wasmplugin-test (RUST)	Free Up GitHub Actions Ubuntu Runner Disk Space 🔧	2026-09-23T08:17:11.7537854Z Package 'php-ast-all-dev' is not installed, so not removed
higress-wasmplugin-test (RUST)	Free Up GitHub Actions Ubuntu Runner Disk Space 🔧	2026-09-23T08:17:11.7538331Z Package 'php-async-aws-core' is not installed, so not removed
higress-wasmplugin-test (RUST)	Free Up GitHub Actions Ubuntu Runner Disk Space 🔧	2026-09-23T08:17:11.7538809Z Package 'php-async-aws-ses' is not installed, so not removed
higress-wasmplugin-test (RUST)	Free Up GitHub Actions Ubuntu Runner Disk Space 🔧	2026-09-23T08:17:11.7539287Z Package 'php-async-aws-sns' is not installed, so not removed
higress-wasmplugin-test (RUST)	Free Up GitHub Actions Ubuntu Runner Disk Space 🔧	2026-09-23T08:17:11.7539771Z Package 'php-async-aws-sqs' is not installed, so not removed
higress-wasmplugin-test (RUST)	Free Up GitHub Actions Ubuntu Runner Disk Space 🔧	2026-09-23T08:17:11.7540225Z Package 'php-auth-sasl' is not installed, so not removed
higress-wasmplugin-test (RUST)	Free Up GitHub Actions Ubuntu Runner Disk Space 🔧	2026-09-23T08:17:11.7540679Z Package 'php-bacon-qr-code' is not installed, so not removed
higress-wasmplugin-test (RUST)	Free Up GitHub Actions Ubuntu Runner Disk Space 🔧	2026-09-23T08:17:11.7541140Z Package 'php-bcmath' is not installed, so not removed
higress-wasmplugin-test (RUST)	Free Up GitHub Actions Ubuntu Runner Disk Space 🔧	2026-09-23T08:17:11.7541544Z Package 'php-bz2' is not installed, so not removed
higress-wasmplugin-test (RUST)	Free Up GitHub Actions Ubuntu Runner Disk Space 🔧	2026-09-23T08:17:11.7542031Z Package 'php-cache-integration-tests' is not installed, so not removed
higress-wasmplugin-test (RUST)	Free Up GitHub Actions Ubuntu Runner Disk Space 🔧	2026-09-23T08:17:11.7542553Z Package 'php-cache-lite' is not installed, so not removed
higress-wasmplugin-test (RUST)	Free Up GitHub Actions Ubuntu Runner Disk Space 🔧	2026-09-23T08:17:11.7543042Z Package 'php-cache-tag-interop' is not installed, so not removed
higress-wasmplugin-test (RUST)	Free Up GitHub Actions Ubuntu Runner Disk Space 🔧	2026-09-23T08:17:11.7543543Z Package 'php-codecoverage' is not installed, so not removed
higress-wasmplugin-test (RUST)	Free Up GitHub Actions Ubuntu Runner Disk Space 🔧	2026-09-23T08:17:11.7544207Z Package 'php-codesniffer' is not installed, so not removed
higress-wasmplugin-test (RUST)	Free Up GitHub Actions Ubuntu Runner Disk Space 🔧	2026-09-23T08:17:11.7544712Z Package 'php-composer-ca-bundle' is not installed, so not removed
higress-wasmplugin-test (RUST)	Free Up GitHub Actions Ubuntu Runner Disk Space 🔧	2026-09-23T08:17:11.7545257Z Package 'php-composer-metadata-minifier' is not installed, so not removed
higress-wasmplugin-test (RUST)	Free Up GitHub Actions Ubuntu Runner Disk Space 🔧	2026-09-23T08:17:11.7545804Z Package 'php-composer-pcre' is not installed, so not removed
higress-wasmplugin-test (RUST)	Free Up GitHub Actions Ubuntu Runner Disk Space 🔧	2026-09-23T08:17:11.7546274Z Package 'php-composer-semver' is not installed, so not removed
higress-wasmplugin-test (RUST)	Free Up GitHub Actions Ubuntu Runner Disk Space 🔧	2026-09-23T08:17:11.7546801Z Package 'php-composer-spdx-licenses' is not installed, so not removed
higress-wasmplugin-test (RUST)	Free Up GitHub Actions Ubuntu Runner Disk Space 🔧	2026-09-23T08:17:11.7547359Z Package 'php-composer-xdebug-handler' is not installed, so not removed
higress-wasmplugin-test (RUST)	Free Up GitHub Actions Ubuntu Runner Disk Space 🔧	2026-09-23T08:17:11.7547888Z Package 'php-console-commandline' is not installed, so not removed
higress-wasmplugin-test (RUST)	Free Up GitHub Actions Ubuntu Runner Disk Space 🔧	2026-09-23T08:17:11.7548365Z Package 'php-console-table' is not installed, so not removed
higress-wasmplugin-test (RUST)	Free Up GitHub Actions Ubuntu Runner Disk Space 🔧	2026-09-23T08:17:11.7548827Z Package 'php-constant-time' is not installed, so not removed
higress-wasmplugin-test (RUST)	Free Up GitHub Actions Ubuntu Runner Disk Space 🔧	2026-09-23T08:17:11.7549266Z Package 'php-crypt-gpg' is not installed, so not removed
higress-wasmplugin-test (RUST)	Free Up GitHub Actions Ubuntu Runner Disk Space 🔧	2026-09-23T08:17:11.7549723Z Package 'php-dapphp-radius' is not installed, so not removed
higress-wasmplugin-test (RUST)	Free Up GitHub Actions Ubuntu Runner Disk Space 🔧	2026-09-23T08:17:11.7550175Z Package 'php-dasprid-enum' is not installed, so not removed
higress-wasmplugin-test (RUST)	Free Up GitHub Actions Ubuntu Runner Disk Space 🔧	2026-09-23T08:17:11.7550603Z Package 'php-date' is not installed, so not removed
higress-wasmplugin-test (RUST)	Free Up GitHub Actions Ubuntu Runner Disk Space 🔧	2026-09-23T08:17:11.7550986Z Package 'php-db' is not installed, so not removed
higress-wasmplugin-test (RUST)	Free Up GitHub Actions Ubuntu Runner Disk Space 🔧	2026-09-23T08:17:11.7551381Z Package 'php-deepcopy' is not installed, so not removed
higress-wasmplugin-test (RUST)	Free Up GitHub Actions Ubuntu Runner Disk Space 🔧	2026-09-23T08:17:11.7551844Z Package 'php-directory-scanner' is not installed, so not removed
higress-wasmplugin-test (RUST)	Free Up GitHub Actions Ubuntu Runner Disk Space 🔧	2026-09-23T08:17:11.7552555Z Package 'php-doctrine-annotations' is not installed, so not removed
higress-wasmplugin-test (RUST)	Free Up GitHub Actions Ubuntu Runner Disk Space 🔧	2026-09-23T08:17:11.7553061Z Package 'php-doctrine-cache' is not installed, so not removed
higress-wasmplugin-test (RUST)	Free Up GitHub Actions Ubuntu Runner Disk Space 🔧	2026-09-23T08:17:11.7553566Z Package 'php-doctrine-collections' is not installed, so not removed
higress-wasmplugin-test (RUST)	Free Up GitHub Actions Ubuntu Runner Disk Space 🔧	2026-09-23T08:17:11.7554208Z Package 'php-doctrine-common' is not installed, so not removed
higress-wasmplugin-test (RUST)	Free Up GitHub Actions Ubuntu Runner Disk Space 🔧	2026-09-23T08:17:11.7554738Z Package 'php-doctrine-data-fixtures' is not installed, so not removed
higress-wasmplugin-test (RUST)	Free Up GitHub Actions Ubuntu Runner Disk Space 🔧	2026-09-23T08:17:11.7555268Z Package 'php-doctrine-dbal' is not installed, so not removed
higress-wasmplugin-test (RUST)	Free Up GitHub Actions Ubuntu Runner Disk Space 🔧	2026-09-23T08:17:11.7555783Z Package 'php-doctrine-deprecations' is not installed, so not removed
higress-wasmplugin-test (RUST)	Free Up GitHub Actions Ubuntu Runner Disk Space 🔧	2026-09-23T08:17:11.7556332Z Package 'php-doctrine-event-manager' is not installed, so not removed
higress-wasmplugin-test (RUST)	Free Up GitHub Actions Ubuntu Runner Disk Space 🔧	2026-09-23T08:17:11.7556867Z Package 'php-doctrine-inflector' is not installed, so not removed
higress-wasmplugin-test (RUST)	Free Up GitHub Actions Ubuntu Runner Disk Space 🔧	2026-09-23T08:17:11.7557392Z Package 'php-doctrine-instantiator' is not installed, so not removed
higress-wasmplugin-test (RUST)	Free Up GitHub Actions Ubuntu Runner Disk Space 🔧	2026-09-23T08:17:11.7557938Z Package 'php-doctrine-lexer' is not installed, so not removed
higress-wasmplugin-test (RUST)	Free Up GitHub Actions Ubuntu Runner Disk Space 🔧	2026-09-23T08:17:11.7558758Z Package 'php-doctrine-orm' is not installed, so not removed
higress-wasmplugin-test (RUST)	Free Up GitHub Actions Ubuntu Runner Disk Space 🔧	2026-09-23T08:17:11.7559260Z Package 'php-doctrine-persistence' is not installed, so not removed
higress-wasmplugin-test (RUST)	Free Up GitHub Actions Ubuntu Runner Disk Space 🔧	2026-09-23T08:17:11.7559787Z Package 'php-doctrine-reflection' is not installed, so not removed
higress-wasmplugin-test (RUST)	Free Up GitHub Actions Ubuntu Runner Disk Space 🔧	2026-09-23T08:17:11.7560382Z Package 'php-dragonmantank-cron-expression' is not installed, so not removed
higress-wasmplugin-test (RUST)	Free Up GitHub Actions Ubuntu Runner Disk Space 🔧	2026-09-23T08:17:11.7560907Z Package 'php-ds' is not installed, so not removed
higress-wasmplugin-test (RUST)	Free Up GitHub Actions Ubuntu Runner Disk Space 🔧	2026-09-23T08:17:11.7561321Z Package 'php-ds-all-dev' is not installed, so not removed
higress-wasmplugin-test (RUST)	Free Up GitHub Actions Ubuntu Runner Disk Space 🔧	2026-09-23T08:17:11.7561753Z Package 'php-easyrdf' is not installed, so not removed
higress-wasmplugin-test (RUST)	Free Up GitHub Actions Ubuntu Runner Disk Space 🔧	2026-09-23T08:17:11.7562210Z Package 'php-email-validator' is not installed, so not removed
higress-wasmplugin-test (RUST)	Free Up GitHub Actions Ubuntu Runner Disk Space 🔧	2026-09-23T08:17:11.7562662Z Package 'php-enchant' is not installed, so not removed
higress-wasmplugin-test (RUST)	Free Up GitHub Actions Ubuntu Runner Disk Space 🔧	2026-09-23T08:17:11.7563080Z Package 'php-excimer' is not installed, so not removed
higress-wasmplugin-test (RUST)	Free Up GitHub Actions Ubuntu Runner Disk Space 🔧	2026-09-23T08:17:11.7563514Z Package 'php-facedetect' is not installed, so not removed
higress-wasmplugin-test (RUST)	Free Up GitHub Actions Ubuntu Runner Disk Space 🔧	2026-09-23T08:17:11.7564124Z Package 'php-fdomdocument' is not installed, so not removed
higress-wasmplugin-test (RUST)	Free Up GitHub Actions Ubuntu Runner Disk Space 🔧	2026-09-23T08:17:11.7564617Z Package 'php-fig-link-util' is not installed, so not removed
higress-wasmplugin-test (RUST)	Free Up GitHub Actions Ubuntu Runner Disk Space 🔧	2026-09-23T08:17:11.7565083Z Package 'php-file-iterator' is not installed, so not removed
higress-wasmplugin-test (RUST)	Free Up GitHub Actions Ubuntu Runner Disk Space 🔧	2026-09-23T08:17:11.7565538Z Package 'php-finder-facade' is not installed, so not removed
higress-wasmplugin-test (RUST)	Free Up GitHub Actions Ubuntu Runner Disk Space 🔧	2026-09-23T08:17:11.7566015Z Package 'php-finder-facade-doc' is not installed, so not removed
higress-wasmplugin-test (RUST)	Free Up GitHub Actions Ubuntu Runner Disk Space 🔧	2026-09-23T08:17:11.7566483Z Package 'php-font-lib' is not installed, so not removed
higress-wasmplugin-test (RUST)	Free Up GitHub Actions Ubuntu Runner Disk Space 🔧	2026-09-23T08:17:11.7566893Z Package 'php-fpdf' is not installed, so not removed
higress-wasmplugin-test (RUST)	Free Up GitHub Actions Ubuntu Runner Disk Space 🔧	2026-09-23T08:17:11.7567277Z Package 'php-fpm' is not installed, so not removed
higress-wasmplugin-test (RUST)	Free Up GitHub Actions Ubuntu Runner Disk Space 🔧	2026-09-23T08:17:11.7567663Z Package 'php-fxsl' is not installed, so not removed
higress-wasmplugin-test (RUST)	Free Up GitHub Actions Ubuntu Runner Disk Space 🔧	2026-09-23T08:17:11.7568057Z Package 'php-gearman' is not installed, so not removed
higress-wasmplugin-test (RUST)	Free Up GitHub Actions Ubuntu Runner Disk Space 🔧	2026-09-23T08:17:11.7568519Z Package 'php-gearman-all-dev' is not installed, so not removed
higress-wasmplugin-test (RUST)	Free Up GitHub Actions Ubuntu Runner Disk Space 🔧	2026-09-23T08:17:11.7568950Z Package 'php-geos' is not installed, so not removed
higress-wasmplugin-test (RUST)	Free Up GitHub Actions Ubuntu Runner Disk Space 🔧	2026-09-23T08:17:11.7569356Z Package 'php-geshi' is not installed, so not removed
higress-wasmplugin-test (RUST)	Free Up GitHub Actions Ubuntu Runner Disk Space 🔧	2026-09-23T08:17:11.7569790Z Package 'php-getallheaders' is not installed, so not removed
higress-wasmplugin-test (RUST)	Free Up GitHub Actions Ubuntu Runner Disk Space 🔧	2026-09-23T08:17:11.7570230Z Package 'php-getid3' is not installed, so not removed
higress-wasmplugin-test (RUST)	Free Up GitHub Actions Ubuntu Runner Disk Space 🔧	2026-09-23T08:17:11.7570686Z Package 'php-gettext-languages' is not installed, so not removed
higress-wasmplugin-test (RUST)	Free Up GitHub Actions Ubuntu Runner Disk Space 🔧	2026-09-23T08:17:11.7571144Z Package 'php-gmagick' is not installed, so not removed
higress-wasmplugin-test (RUST)	Free Up GitHub Actions Ubuntu Runner Disk Space 🔧	2026-09-23T08:17:11.7571590Z Package 'php-gmagick-all-dev' is not installed, so not removed
higress-wasmplugin-test (RUST)	Free Up GitHub Actions Ubuntu Runner Disk Space 🔧	2026-09-23T08:17:11.7572034Z Package 'php-gnupg' is not installed, so not removed
higress-wasmplugin-test (RUST)	Free Up GitHub Actions Ubuntu Runner Disk Space 🔧	2026-09-23T08:17:11.7572473Z Package 'php-gnupg-all-dev' is not installed, so not removed
higress-wasmplugin-test (RUST)	Free Up GitHub Actions Ubuntu Runner Disk Space 🔧	2026-09-23T08:17:11.7572949Z Package 'php-google-recaptcha' is not installed, so not removed
higress-wasmplugin-test (RUST)	Free Up GitHub Actions Ubuntu Runner Disk Space 🔧	2026-09-23T08:17:11.7573407Z Package 'php-guestfs' is not installed, so not removed
higress-wasmplugin-test (RUST)	Free Up GitHub Actions Ubuntu Runner Disk Space 🔧	2026-09-23T08:17:11.7574040Z Package 'php-guzzlehttp-promises' is not installed, so not removed
higress-wasmplugin-test (RUST)	Free Up GitHub Actions Ubuntu Runner Disk Space 🔧	2026-09-23T08:17:11.7574735Z Package 'php-guzzlehttp-psr7' is not installed, so not removed
higress-wasmplugin-test (RUST)	Free Up GitHub Actions Ubuntu Runner Disk Space 🔧	2026-09-23T08:17:11.7575203Z Package 'php-hamcrest' is not installed, so not removed
higress-wasmplugin-test (RUST)	Free Up GitHub Actions Ubuntu Runner Disk Space 🔧	2026-09-23T08:17:11.7575839Z Package 'php-htmlawed' is not installed, so not removed
higress-wasmplugin-test (RUST)	Free Up GitHub Actions Ubuntu Runner Disk Space 🔧	2026-09-23T08:17:11.7576284Z Package 'php-htmlpurifier' is not installed, so not removed
higress-wasmplugin-test (RUST)	Free Up GitHub Actions Ubuntu Runner Disk Space 🔧	2026-09-23T08:17:11.7576726Z Package 'php-http' is not installed, so not removed
higress-wasmplugin-test (RUST)	Free Up GitHub Actions Ubuntu Runner Disk Space 🔧	2026-09-23T08:17:11.7577151Z Package 'php-http-all-dev' is not installed, so not removed
higress-wasmplugin-test (RUST)	Free Up GitHub Actions Ubuntu Runner Disk Space 🔧	2026-09-23T08:17:11.7577612Z Package 'php-http-httplug' is not installed, so not removed
higress-wasmplugin-test (RUST)	Free Up GitHub Actions Ubuntu Runner Disk Space 🔧	2026-09-23T08:17:11.7578160Z Package 'php-http-interop-http-factory-tests' is not installed, so not removed
higress-wasmplugin-test (RUST)	Free Up GitHub Actions Ubuntu Runner Disk Space 🔧	2026-09-23T08:17:11.7578757Z Package 'php-http-message-factory' is not installed, so not removed
higress-wasmplugin-test (RUST)	Free Up GitHub Actions Ubuntu Runner Disk Space 🔧	2026-09-23T08:17:11.7579255Z Package 'php-http-promise' is not installed, so not removed
higress-wasmplugin-test (RUST)	Free Up GitHub Actions Ubuntu Runner Disk Space 🔧	2026-09-23T08:17:11.7579785Z Package 'php-http-psr7-integration-tests' is not installed, so not removed
higress-wasmplugin-test (RUST)	Free Up GitHub Actions Ubuntu Runner Disk Space 🔧	2026-09-23T08:17:11.7580322Z Package 'php-http-request' is not installed, so not removed
higress-wasmplugin-test (RUST)	Free Up GitHub Actions Ubuntu Runner Disk Space 🔧	2026-09-23T08:17:11.7580944Z Package 'php-http-request2' is not installed, so not removed
higress-wasmplugin-test (RUST)	Free Up GitHub Actions Ubuntu Runner Disk Space 🔧	2026-09-23T08:17:11.7581433Z Package 'php-http-webdav-server' is not installed, so not removed
higress-wasmplugin-test (RUST)	Free Up GitHub Actions Ubuntu Runner Disk Space 🔧	2026-09-23T08:17:11.7581915Z Package 'php-httpful' is not installed, so not removed
higress-wasmplugin-test (RUST)	Free Up GitHub Actions Ubuntu Runner Disk Space 🔧	2026-09-23T08:17:11.7582327Z Package 'php-icinga' is not installed, so not removed
higress-wasmplugin-test (RUST)	Free Up GitHub Actions Ubuntu Runner Disk Space 🔧	2026-09-23T08:17:11.7582735Z Package 'php-igbinary' is not installed, so not removed
higress-wasmplugin-test (RUST)	Free Up GitHub Actions Ubuntu Runner Disk Space 🔧	2026-09-23T08:17:11.7583188Z Package 'php-igbinary-all-dev' is not installed, so not removed
higress-wasmplugin-test (RUST)	Free Up GitHub Actions Ubuntu Runner Disk Space 🔧	2026-09-23T08:17:11.7583650Z Package 'php-image-text' is not installed, so not removed
higress-wasmplugin-test (RUST)	Free Up GitHub Actions Ubuntu Runner Disk Space 🔧	2026-09-23T08:17:11.7584219Z Package 'php-imagick' is not installed, so not removed
higress-wasmplugin-test (RUST)	Free Up GitHub Actions Ubuntu Runner Disk Space 🔧	2026-09-23T08:17:11.7584689Z Package 'php-imagick-all-dev' is not installed, so not removed
higress-wasmplugin-test (RUST)	Free Up GitHub Actions Ubuntu Runner Disk Space 🔧	2026-09-23T08:17:11.7585143Z Package 'php-imap' is not installed, so not removed
higress-wasmplugin-test (RUST)	Free Up GitHub Actions Ubuntu Runner Disk Space 🔧	2026-09-23T08:17:11.7585577Z Package 'php-interbase' is not installed, so not removed
higress-wasmplugin-test (RUST)	Free Up GitHub Actions Ubuntu Runner Disk Space 🔧	2026-09-23T08:17:11.7586005Z Package 'php-intl' is not installed, so not removed
higress-wasmplugin-test (RUST)	Free Up GitHub Actions Ubuntu Runner Disk Space 🔧	2026-09-23T08:17:11.7586404Z Package 'php-invoker' is not installed, so not removed
higress-wasmplugin-test (RUST)	Free Up GitHub Actions Ubuntu Runner Disk Space 🔧	2026-09-23T08:17:11.7586848Z Package 'php-json-schema' is not installed, so not removed
higress-wasmplugin-test (RUST)	Free Up GitHub Actions Ubuntu Runner Disk Space 🔧	2026-09-23T08:17:11.7587291Z Package 'php-klogger' is not installed, so not removed
higress-wasmplugin-test (RUST)	Free Up GitHub Actions Ubuntu Runner Disk Space 🔧	2026-09-23T08:17:11.7587742Z Package 'php-league-commonmark' is not installed, so not removed
higress-wasmplugin-test (RUST)	Free Up GitHub Actions Ubuntu Runner Disk Space 🔧	2026-09-23T08:17:11.7588241Z Package 'php-league-flysystem' is not installed, so not removed
higress-wasmplugin-test (RUST)	Free Up GitHub Actions Ubuntu Runner Disk Space 🔧	2026-09-23T08:17:11.7588760Z Package 'php-league-html-to-markdown' is not installed, so not removed
higress-wasmplugin-test (RUST)	Free Up GitHub Actions Ubuntu Runner Disk Space 🔧	2026-09-23T08:17:11.7589330Z Package 'php-league-mime-type-detection' is not installed, so not removed
higress-wasmplugin-test (RUST)	Free Up GitHub Actions Ubuntu Runner Disk Space 🔧	2026-09-23T08:17:11.7589867Z Package 'php-letodms-core' is not installed, so not removed
higress-wasmplugin-test (RUST)	Free Up GitHub Actions Ubuntu Runner Disk Space 🔧	2026-09-23T08:17:11.7590326Z Package 'php-libvirt-php' is not installed, so not removed
higress-wasmplugin-test (RUST)	Free Up GitHub Actions Ubuntu Runner Disk Space 🔧	2026-09-23T08:17:11.7590746Z Package 'php-log' is not installed, so not removed
higress-wasmplugin-test (RUST)	Free Up GitHub Actions Ubuntu Runner Disk Space 🔧	2026-09-23T08:17:11.7591171Z Package 'php-lorenzo-pinky' is not installed, so not removed
higress-wasmplugin-test (RUST)	Free Up GitHub Actions Ubuntu Runner Disk Space 🔧	2026-09-23T08:17:11.7591638Z Package 'php-luasandbox' is not installed, so not removed
higress-wasmplugin-test (RUST)	Free Up GitHub Actions Ubuntu Runner Disk Space 🔧	2026-09-23T08:17:11.7592054Z Package 'php-mail' is not installed, so not removed
higress-wasmplugin-test (RUST)	Free Up GitHub Actions Ubuntu Runner Disk Space 🔧	2026-09-23T08:17:11.7592461Z Package 'php-mail-mime' is not installed, so not removed
higress-wasmplugin-test (RUST)	Free Up GitHub Actions Ubuntu Runner Disk Space 🔧	2026-09-23T08:17:11.7592894Z Package 'php-mailparse' is not installed, so not removed
higress-wasmplugin-test (RUST)	Free Up GitHub Actions Ubuntu Runner Disk Space 🔧	2026-09-23T08:17:11.7593351Z Package 'php-mailparse-all-dev' is not installed, so not removed
higress-wasmplugin-test (RUST)	Free Up GitHub Actions Ubuntu Runner Disk Space 🔧	2026-09-23T08:17:11.7593971Z Package 'php-malkusch-lock' is not installed, so not removed
higress-wasmplugin-test (RUST)	Free Up GitHub Actions Ubuntu Runner Disk Space 🔧	2026-09-23T08:17:11.7594483Z Package 'php-mariadb-mysql-kbs' is not installed, so not removed
higress-wasmplugin-test (RUST)	Free Up GitHub Actions Ubuntu Runner Disk Space 🔧	2026-09-23T08:17:11.7594991Z Package 'php-masterminds-html5' is not installed, so not removed
higress-wasmplugin-test (RUST)	Free Up GitHub Actions Ubuntu Runner Disk Space 🔧	2026-09-23T08:17:11.7595464Z Package 'php-mbstring' is not installed, so not removed
higress-wasmplugin-test (RUST)	Free Up GitHub Actions Ubuntu Runner Disk Space 🔧	2026-09-23T08:17:11.7595875Z Package 'php-mdb2' is not installed, so not removed
higress-wasmplugin-test (RUST)	Free Up GitHub Actions Ubuntu Runner Disk Space 🔧	2026-09-23T08:17:11.7596320Z Package 'php-mdb2-driver-mysql' is not installed, so not removed
higress-wasmplugin-test (RUST)	Free Up GitHub Actions Ubuntu Runner Disk Space 🔧	2026-09-23T08:17:11.7597066Z Package 'php-mdb2-driver-pgsql' is not installed, so not removed
higress-wasmplugin-test (RUST)	Free Up GitHub Actions Ubuntu Runner Disk Space 🔧	2026-09-23T08:17:11.7597534Z Package 'php-memcache' is not installed, so not removed
higress-wasmplugin-test (RUST)	Free Up GitHub Actions Ubuntu Runner Disk Space 🔧	2026-09-23T08:17:11.7597991Z Package 'php-memcache-all-dev' is not installed, so not removed
higress-wasmplugin-test (RUST)	Free Up GitHub Actions Ubuntu Runner Disk Space 🔧	2026-09-23T08:17:11.7598474Z Package 'php-memcached' is not installed, so not removed
higress-wasmplugin-test (RUST)	Free Up GitHub Actions Ubuntu Runner Disk Space 🔧	2026-09-23T08:17:11.7598938Z Package 'php-memcached-all-dev' is not installed, so not removed
higress-wasmplugin-test (RUST)	Free Up GitHub Actions Ubuntu Runner Disk Space 🔧	2026-09-23T08:17:11.7599379Z Package 'php-mf2' is not installed, so not removed
higress-wasmplugin-test (RUST)	Free Up GitHub Actions Ubuntu Runner Disk Space 🔧	2026-09-23T08:17:11.7599827Z Package 'php-mikey179-vfsstream' is not installed, so not removed
higress-wasmplugin-test (RUST)	Free Up GitHub Actions Ubuntu Runner Disk Space 🔧	2026-09-23T08:17:11.7600307Z Package 'php-mime-type' is not installed, so not removed
higress-wasmplugin-test (RUST)	Free Up GitHub Actions Ubuntu Runner Disk Space 🔧	2026-09-23T08:17:11.7600721Z Package 'php-mock' is not installed, so not removed
higress-wasmplugin-test (RUST)	Free Up GitHub Actions Ubuntu Runner Disk Space 🔧	2026-09-23T08:17:11.7601175Z Package 'php-mock-integration' is not installed, so not removed
higress-wasmplugin-test (RUST)	Free Up GitHub Actions Ubuntu Runner Disk Space 🔧	2026-09-23T08:17:11.7601653Z Package 'php-mock-phpunit' is not installed, so not removed
higress-wasmplugin-test (RUST)	Free Up GitHub Actions Ubuntu Runner Disk Space 🔧	2026-09-23T08:17:11.7602096Z Package 'php-mockery' is not installed, so not removed
higress-wasmplugin-test (RUST)	Free Up GitHub Actions Ubuntu Runner Disk Space 🔧	2026-09-23T08:17:11.7602694Z Package 'php-mockery-doc' is not installed, so not removed
higress-wasmplugin-test (RUST)	Free Up GitHub Actions Ubuntu Runner Disk Space 🔧	2026-09-23T08:17:11.7603132Z Package 'php-mongodb' is not installed, so not removed
higress-wasmplugin-test (RUST)	Free Up GitHub Actions Ubuntu Runner Disk Space 🔧	2026-09-23T08:17:11.7603586Z Package 'php-mongodb-all-dev' is not installed, so not removed
higress-wasmplugin-test (RUST)	Free Up GitHub Actions Ubuntu Runner Disk Space 🔧	2026-09-23T08:17:11.7604185Z Package 'php-monolog' is not installed, so not removed
higress-wasmplugin-test (RUST)	Free Up GitHub Actions Ubuntu Runner Disk Space 🔧	2026-09-23T08:17:11.7604612Z Package 'php-msgpack' is not installed, so not removed
higress-wasmplugin-test (RUST)	Free Up GitHub Actions Ubuntu Runner Disk Space 🔧	2026-09-23T08:17:11.7605067Z Package 'php-msgpack-all-dev' is not installed, so not removed
higress-wasmplugin-test (RUST)	Free Up GitHub Actions Ubuntu Runner Disk Space 🔧	2026-09-23T08:17:11.7605533Z Package 'php-net-dime' is not installed, so not removed
higress-wasmplugin-test (RUST)	Free Up GitHub Actions Ubuntu Runner Disk Space 🔧	2026-09-23T08:17:11.7605957Z Package 'php-net-dns2' is not installed, so not removed
higress-wasmplugin-test (RUST)	Free Up GitHub Actions Ubuntu Runner Disk Space 🔧	2026-09-23T08:17:11.7606374Z Package 'php-net-ftp' is not installed, so not removed
higress-wasmplugin-test (RUST)	Free Up GitHub Actions Ubuntu Runner Disk Space 🔧	2026-09-23T08:17:11.7606801Z Package 'php-net-imap' is not installed, so not removed
higress-wasmplugin-test (RUST)	Free Up GitHub Actions Ubuntu Runner Disk Space 🔧	2026-09-23T08:17:11.7607224Z Package 'php-net-ipv6' is not installed, so not removed
higress-wasmplugin-test (RUST)	Free Up GitHub Actions Ubuntu Runner Disk Space 🔧	2026-09-23T08:17:11.7607651Z Package 'php-net-ldap2' is not installed, so not removed
higress-wasmplugin-test (RUST)	Free Up GitHub Actions Ubuntu Runner Disk Space 🔧	2026-09-23T08:17:11.7608112Z Package 'php-net-ldap3' is not installed, so not removed
higress-wasmplugin-test (RUST)	Free Up GitHub Actions Ubuntu Runner Disk Space 🔧	2026-09-23T08:17:11.7608549Z Package 'php-net-nntp' is not installed, so not removed
higress-wasmplugin-test (RUST)	Free Up GitHub Actions Ubuntu Runner Disk Space 🔧	2026-09-23T08:17:11.7609008Z Package 'php-net-publicsuffix' is not installed, so not removed
higress-wasmplugin-test (RUST)	Free Up GitHub Actions Ubuntu Runner Disk Space 🔧	2026-09-23T08:17:11.7609488Z Package 'php-net-sieve' is not installed, so not removed
higress-wasmplugin-test (RUST)	Free Up GitHub Actions Ubuntu Runner Disk Space 🔧	2026-09-23T08:17:11.7609922Z Package 'php-net-smtp' is not installed, so not removed
higress-wasmplugin-test (RUST)	Free Up GitHub Actions Ubuntu Runner Disk Space 🔧	2026-09-23T08:17:11.7610365Z Package 'php-net-socket' is not installed, so not removed
higress-wasmplugin-test (RUST)	Free Up GitHub Actions Ubuntu Runner Disk Space 🔧	2026-09-23T08:17:11.7610824Z Package 'php-net-url' is not installed, so not removed
higress-wasmplugin-test (RUST)	Free Up GitHub Actions Ubuntu Runner Disk Space 🔧	2026-09-23T08:17:11.7611255Z Package 'php-net-url2' is not installed, so not removed
higress-wasmplugin-test (RUST)	Free Up GitHub Actions Ubuntu Runner Disk Space 🔧	2026-09-23T08:17:11.7611688Z Package 'php-net-whois' is not installed, so not removed
higress-wasmplugin-test (RUST)	Free Up GitHub Actions Ubuntu Runner Disk Space 🔧	2026-09-23T08:17:11.7612206Z Package 'php-netscape-bookmark-parser' is not installed, so not removed
higress-wasmplugin-test (RUST)	Free Up GitHub Actions Ubuntu Runner Disk Space 🔧	2026-09-23T08:17:11.7612759Z Package 'php-nikic-fast-route' is not installed, so not removed
higress-wasmplugin-test (RUST)	Free Up GitHub Actions Ubuntu Runner Disk Space 🔧	2026-09-23T08:17:11.7613259Z Package 'php-nrk-predis' is not installed, so not removed
higress-wasmplugin-test (RUST)	Free Up GitHub Actions Ubuntu Runner Disk Space 🔧	2026-09-23T08:17:11.7613738Z Package 'php-nyholm-psr7' is not installed, so not removed
higress-wasmplugin-test (RUST)	Free Up GitHub Actions Ubuntu Runner Disk Space 🔧	2026-09-23T08:17:11.7614788Z Package 'php-oauth' is not installed, so not removed
higress-wasmplugin-test (RUST)	Free Up GitHub Actions Ubuntu Runner Disk Space 🔧	2026-09-23T08:17:11.7615165Z Package 'php-oauth-all-dev' is not installed, so not removed
higress-wasmplugin-test (RUST)	Free Up GitHub Actions Ubuntu Runner Disk Space 🔧	2026-09-23T08:17:11.7615509Z Package 'php-opis-closure' is not installed, so not removed
higress-wasmplugin-test (RUST)	Free Up GitHub Actions Ubuntu Runner Disk Space 🔧	2026-09-23T08:17:11.7615826Z Package 'php-parsedown' is not installed, so not removed
higress-wasmplugin-test (RUST)	Free Up GitHub Actions Ubuntu Runner Disk Space 🔧	2026-09-23T08:17:11.7616158Z Package 'php-parsedown-extra' is not installed, so not removed
higress-wasmplugin-test (RUST)	Free Up GitHub Actions Ubuntu Runner Disk Space 🔧	2026-09-23T08:17:11.7616471Z Package 'php-parser' is not installed, so not removed
higress-wasmplugin-test (RUST)	Free Up GitHub Actions Ubuntu Runner Disk Space 🔧	2026-09-23T08:17:11.7616774Z Package 'php-patchwork-utf8' is not installed, so not removed
higress-wasmplugin-test (RUST)	Free Up GitHub Actions Ubuntu Runner Disk Space 🔧	2026-09-23T08:17:11.7617082Z Package 'php-pclzip' is not installed, so not removed
higress-wasmplugin-test (RUST)	Free Up GitHub Actions Ubuntu Runner Disk Space 🔧	2026-09-23T08:17:11.7617360Z Package 'php-pcov' is not installed, so not removed
higress-wasmplugin-test (RUST)	Free Up GitHub Actions Ubuntu Runner Disk Space 🔧	2026-09-23T08:17:11.7617653Z Package 'php-pcov-all-dev' is not installed, so not removed
higress-wasmplugin-test (RUST)	Free Up GitHub Actions Ubuntu Runner Disk Space 🔧	2026-09-23T08:17:11.7618461Z Package 'php-pda-pheanstalk' is not installed, so not removed
higress-wasmplugin-test (RUST)	Free Up GitHub Actions Ubuntu Runner Disk Space 🔧	2026-09-23T08:17:11.7618818Z Package 'php-phar-io-manifest' is not installed, so not removed
higress-wasmplugin-test (RUST)	Free Up GitHub Actions Ubuntu Runner Disk Space 🔧	2026-09-23T08:17:11.7619179Z Package 'php-phar-io-version' is not installed, so not removed
higress-wasmplugin-test (RUST)	Free Up GitHub Actions Ubuntu Runner Disk Space 🔧	2026-09-23T08:17:11.7619520Z Package 'php-php-gettext' is not installed, so not removed
higress-wasmplugin-test (RUST)	Free Up GitHub Actions Ubuntu Runner Disk Space 🔧	2026-09-23T08:17:11.7619851Z Package 'php-phpdbg' is not installed, so not removed
higress-wasmplugin-test (RUST)	Free Up GitHub Actions Ubuntu Runner Disk Space 🔧	2026-09-23T08:17:11.7620265Z Package 'php-phpdocumentor-reflection-common' is not installed, so not removed
higress-wasmplugin-test (RUST)	Free Up GitHub Actions Ubuntu Runner Disk Space 🔧	2026-09-23T08:17:11.7620765Z Package 'php-phpdocumentor-reflection-docblock' is not installed, so not removed
higress-wasmplugin-test (RUST)	Free Up GitHub Actions Ubuntu Runner Disk Space 🔧	2026-09-23T08:17:11.7621455Z Package 'php-phpdocumentor-type-resolver' is not installed, so not removed
higress-wasmplugin-test (RUST)	Free Up GitHub Actions Ubuntu Runner Disk Space 🔧	2026-09-23T08:17:11.7621884Z Package 'php-phpmyadmin-motranslator' is not installed, so not removed
higress-wasmplugin-test (RUST)	Free Up GitHub Actions Ubuntu Runner Disk Space 🔧	2026-09-23T08:17:11.7622268Z Package 'php-phpmyadmin-shapefile' is not installed, so not removed
higress-wasmplugin-test (RUST)	Free Up GitHub Actions Ubuntu Runner Disk Space 🔧	2026-09-23T08:17:11.7622649Z Package 'php-phpmyadmin-sql-parser' is not installed, so not removed
higress-wasmplugin-test (RUST)	Free Up GitHub Actions Ubuntu Runner Disk Space 🔧	2026-09-23T08:17:11.7623111Z Package 'php-phpoption' is not installed, so not removed
higress-wasmplugin-test (RUST)	Free Up GitHub Actions Ubuntu Runner Disk Space 🔧	2026-09-23T08:17:11.7623440Z Package 'php-phpseclib' is not installed, so not removed
higress-wasmplugin-test (RUST)	Free Up GitHub Actions Ubuntu Runner Disk Space 🔧	2026-09-23T08:17:11.7623780Z Package 'php-phpseclib3' is not installed, so not removed
higress-wasmplugin-test (RUST)	Free Up GitHub Actions Ubuntu Runner Disk Space 🔧	2026-09-23T08:17:11.7624246Z Package 'php-phpspec-prophecy' is not installed, so not removed
higress-wasmplugin-test (RUST)	Free Up GitHub Actions Ubuntu Runner Disk Space 🔧	2026-09-23T08:17:11.7624667Z Package 'php-phpspec-prophecy-phpunit' is not installed, so not removed
higress-wasmplugin-test (RUST)	Free Up GitHub Actions Ubuntu Runner Disk Space 🔧	2026-09-23T08:17:11.7625304Z Package 'php-phpstan-phpdoc-parser' is not installed, so not removed
higress-wasmplugin-test (RUST)	Free Up GitHub Actions Ubuntu Runner Disk Space 🔧	2026-09-23T08:17:11.7625685Z Package 'php-predis' is not installed, so not removed
higress-wasmplugin-test (RUST)	Free Up GitHub Actions Ubuntu Runner Disk Space 🔧	2026-09-23T08:17:11.7626030Z Package 'php-proxy-manager' is not installed, so not removed
higress-wasmplugin-test (RUST)	Free Up GitHub Actions Ubuntu Runner Disk Space 🔧	2026-09-23T08:17:11.7626452Z Package 'php-ps' is not installed, so not removed
higress-wasmplugin-test (RUST)	Free Up GitHub Actions Ubuntu Runner Disk Space 🔧	2026-09-23T08:17:11.7626785Z Package 'php-ps-all-dev' is not installed, so not removed
higress-wasmplugin-test (RUST)	Free Up GitHub Actions Ubuntu Runner Disk Space 🔧	2026-09-23T08:17:11.7627111Z Package 'php-psr' is not installed, so not removed
higress-wasmplugin-test (RUST)	Free Up GitHub Actions Ubuntu Runner Disk Space 🔧	2026-09-23T08:17:11.7627693Z Package 'php-psr-all-dev' is not installed, so not removed
higress-wasmplugin-test (RUST)	Free Up GitHub Actions Ubuntu Runner Disk Space 🔧	2026-09-23T08:17:11.7628045Z Package 'php-psr-cache' is not installed, so not removed
higress-wasmplugin-test (RUST)	Free Up GitHub Actions Ubuntu Runner Disk Space 🔧	2026-09-23T08:17:11.7628389Z Package 'php-psr-container' is not installed, so not removed
higress-wasmplugin-test (RUST)	Free Up GitHub Actions Ubuntu Runner Disk Space 🔧	2026-09-23T08:17:11.7628765Z Package 'php-psr-event-dispatcher' is not installed, so not removed
higress-wasmplugin-test (RUST)	Free Up GitHub Actions Ubuntu Runner Disk Space 🔧	2026-09-23T08:17:11.7629152Z Package 'php-psr-http-client' is not installed, so not removed
higress-wasmplugin-test (RUST)	Free Up GitHub Actions Ubuntu Runner Disk Space 🔧	2026-09-23T08:17:11.7629634Z Package 'php-psr-http-factory' is not installed, so not removed
higress-wasmplugin-test (RUST)	Free Up GitHub Actions Ubuntu Runner Disk Space 🔧	2026-09-23T08:17:11.7630027Z Package 'php-psr-http-message' is not installed, so not removed
higress-wasmplugin-test (RUST)	Free Up GitHub Actions Ubuntu Runner Disk Space 🔧	2026-09-23T08:17:11.7630434Z Package 'php-psr-link' is not installed, so not removed
higress-wasmplugin-test (RUST)	Free Up GitHub Actions Ubuntu Runner Disk Space 🔧	2026-09-23T08:17:11.7630773Z Package 'php-psr-log' is not installed, so not removed
higress-wasmplugin-test (RUST)	Free Up GitHub Actions Ubuntu Runner Disk Space 🔧	2026-09-23T08:17:11.7631118Z Package 'php-psr-simple-cache' is not installed, so not removed
higress-wasmplugin-test (RUST)	Free Up GitHub Actions Ubuntu Runner Disk Space 🔧	2026-09-23T08:17:11.7631512Z Package 'php-pubsubhubbub-publisher' is not installed, so not removed
higress-wasmplugin-test (RUST)	Free Up GitHub Actions Ubuntu Runner Disk Space 🔧	2026-09-23T08:17:11.7631897Z Package 'php-ramsey-uuid' is not installed, so not removed
higress-wasmplugin-test (RUST)	Free Up GitHub Actions Ubuntu Runner Disk Space 🔧	2026-09-23T08:17:11.7632575Z Package 'php-random-compat' is not installed, so not removed
higress-wasmplugin-test (RUST)	Free Up GitHub Actions Ubuntu Runner Disk Space 🔧	2026-09-23T08:17:11.7632926Z Package 'php-raphf' is not installed, so not removed
higress-wasmplugin-test (RUST)	Free Up GitHub Actions Ubuntu Runner Disk Space 🔧	2026-09-23T08:17:11.7633275Z Package 'php-raphf-all-dev' is not installed, so not removed
higress-wasmplugin-test (RUST)	Free Up GitHub Actions Ubuntu Runner Disk Space 🔧	2026-09-23T08:17:11.7633663Z Package 'php-react-promise' is not installed, so not removed
higress-wasmplugin-test (RUST)	Free Up GitHub Actions Ubuntu Runner Disk Space 🔧	2026-09-23T08:17:11.7634173Z Package 'php-readline' is not installed, so not removed
higress-wasmplugin-test (RUST)	Free Up GitHub Actions Ubuntu Runner Disk Space 🔧	2026-09-23T08:17:11.7634538Z Package 'php-redis' is not installed, so not removed
higress-wasmplugin-test (RUST)	Free Up GitHub Actions Ubuntu Runner Disk Space 🔧	2026-09-23T08:17:11.7634877Z Package 'php-redis-all-dev' is not installed, so not removed
higress-wasmplugin-test (RUST)	Free Up GitHub Actions Ubuntu Runner Disk Space 🔧	2026-09-23T08:17:11.7635219Z Package 'php-remctl' is not installed, so not removed
higress-wasmplugin-test (RUST)	Free Up GitHub Actions Ubuntu Runner Disk Space 🔧	2026-09-23T08:17:11.7635592Z Package 'php-roundcube-rtf-html-php' is not installed, so not removed
higress-wasmplugin-test (RUST)	Free Up GitHub Actions Ubuntu Runner Disk Space 🔧	2026-09-23T08:17:11.7635961Z Package 'php-rrd' is not installed, so not removed
higress-wasmplugin-test (RUST)	Free Up GitHub Actions Ubuntu Runner Disk Space 🔧	2026-09-23T08:17:11.7636292Z Package 'php-rrd-all-dev' is not installed, so not removed
higress-wasmplugin-test (RUST)	Free Up GitHub Actions Ubuntu Runner Disk Space 🔧	2026-09-23T08:17:11.7636738Z Package 'php-sabre-dav' is not installed, so not removed
higress-wasmplugin-test (RUST)	Free Up GitHub Actions Ubuntu Runner Disk Space 🔧	2026-09-23T08:17:11.7637085Z Package 'php-sabre-vobject' is not installed, so not removed
higress-wasmplugin-test (RUST)	Free Up GitHub Actions Ubuntu Runner Disk Space 🔧	2026-09-23T08:17:11.7637417Z Package 'php-sass' is not installed, so not removed
higress-wasmplugin-test (RUST)	Free Up GitHub Actions Ubuntu Runner Disk Space 🔧	2026-09-23T08:17:11.7637737Z Package 'php-seclib' is not installed, so not removed
higress-wasmplugin-test (RUST)	Free Up GitHub Actions Ubuntu Runner Disk Space 🔧	2026-09-23T08:17:11.7638070Z Package 'php-services-json' is not installed, so not removed
higress-wasmplugin-test (RUST)	Free Up GitHub Actions Ubuntu Runner Disk Space 🔧	2026-09-23T08:17:11.7638438Z Package 'php-services-weather' is not installed, so not removed
higress-wasmplugin-test (RUST)	Free Up GitHub Actions Ubuntu Runner Disk Space 🔧	2026-09-23T08:17:11.7638802Z Package 'php-shellcommand' is not installed, so not removed
higress-wasmplugin-test (RUST)	Free Up GitHub Actions Ubuntu Runner Disk Space 🔧	2026-09-23T08:17:11.7639147Z Package 'php-smbclient' is not installed, so not removed
higress-wasmplugin-test (RUST)	Free Up GitHub Actions Ubuntu Runner Disk Space 🔧	2026-09-23T08:17:11.7639511Z Package 'php-smbclient-all-dev' is not installed, so not removed
higress-wasmplugin-test (RUST)	Free Up GitHub Actions Ubuntu Runner Disk Space 🔧	2026-09-23T08:17:11.7639865Z Package 'php-soap' is not installed, so not removed
higress-wasmplugin-test (RUST)	Free Up GitHub Actions Ubuntu Runner Disk Space 🔧	2026-09-23T08:17:11.7640175Z Package 'php-solr' is not installed, so not removed
higress-wasmplugin-test (RUST)	Free Up GitHub Actions Ubuntu Runner Disk Space 🔧	2026-09-23T08:17:11.7640501Z Package 'php-solr-all-dev' is not installed, so not removed
higress-wasmplugin-test (RUST)	Free Up GitHub Actions Ubuntu Runner Disk Space 🔧	2026-09-23T08:17:11.7640955Z Package 'php-sql-formatter' is not installed, so not removed
higress-wasmplugin-test (RUST)	Free Up GitHub Actions Ubuntu Runner Disk Space 🔧	2026-09-23T08:17:11.7641290Z Package 'php-ssh2' is not installed, so not removed
higress-wasmplugin-test (RUST)	Free Up GitHub Actions Ubuntu Runner Disk Space 🔧	2026-09-23T08:17:11.7641615Z Package 'php-ssh2-all-dev' is not installed, so not removed
higress-wasmplugin-test (RUST)	Free Up GitHub Actions Ubuntu Runner Disk Space 🔧	2026-09-23T08:17:11.7641966Z Package 'php-swiftmailer' is not installed, so not removed
higress-wasmplugin-test (RUST)	Free Up GitHub Actions Ubuntu Runner Disk Space 🔧	2026-09-23T08:17:11.7642295Z Package 'php-sybase' is not installed, so not removed
higress-wasmplugin-test (RUST)	Free Up GitHub Actions Ubuntu Runner Disk Space 🔧	2026-09-23T08:17:11.7642616Z Package 'php-symfony' is not installed, so not removed
higress-wasmplugin-test (RUST)	Free Up GitHub Actions Ubuntu Runner Disk Space 🔧	2026-09-23T08:17:11.7643009Z Package 'php-symfony-all-my-sms-notifier' is not installed, so not removed
higress-wasmplugin-test (RUST)	Free Up GitHub Actions Ubuntu Runner Disk Space 🔧	2026-09-23T08:17:11.7643480Z Package 'php-symfony-amazon-mailer' is not installed, so not removed
higress-wasmplugin-test (RUST)	Free Up GitHub Actions Ubuntu Runner Disk Space 🔧	2026-09-23T08:17:11.7643980Z Package 'php-symfony-amazon-sns-notifier' is not installed, so not removed
higress-wasmplugin-test (RUST)	Free Up GitHub Actions Ubuntu Runner Disk Space 🔧	2026-09-23T08:17:11.7644449Z Package 'php-symfony-amazon-sqs-messenger' is not installed, so not removed
higress-wasmplugin-test (RUST)	Free Up GitHub Actions Ubuntu Runner Disk Space 🔧	2026-09-23T08:17:11.7644888Z Package 'php-symfony-amqp-messenger' is not installed, so not removed
higress-wasmplugin-test (RUST)	Free Up GitHub Actions Ubuntu Runner Disk Space 🔧	2026-09-23T08:17:11.7645282Z Package 'php-symfony-asset' is not installed, so not removed
higress-wasmplugin-test (RUST)	Free Up GitHub Actions Ubuntu Runner Disk Space 🔧	2026-09-23T08:17:11.7645692Z Package 'php-symfony-beanstalkd-messenger' is not installed, so not removed
higress-wasmplugin-test (RUST)	Free Up GitHub Actions Ubuntu Runner Disk Space 🔧	2026-09-23T08:17:11.7646123Z Package 'php-symfony-browser-kit' is not installed, so not removed
higress-wasmplugin-test (RUST)	Free Up GitHub Actions Ubuntu Runner Disk Space 🔧	2026-09-23T08:17:11.7646507Z Package 'php-symfony-cache' is not installed, so not removed
higress-wasmplugin-test (RUST)	Free Up GitHub Actions Ubuntu Runner Disk Space 🔧	2026-09-23T08:17:11.7646895Z Package 'php-symfony-cache-contracts' is not installed, so not removed
higress-wasmplugin-test (RUST)	Free Up GitHub Actions Ubuntu Runner Disk Space 🔧	2026-09-23T08:17:11.7647331Z Package 'php-symfony-clickatell-notifier' is not installed, so not removed
higress-wasmplugin-test (RUST)	Free Up GitHub Actions Ubuntu Runner Disk Space 🔧	2026-09-23T08:17:11.7647741Z Package 'php-symfony-config' is not installed, so not removed
higress-wasmplugin-test (RUST)	Free Up GitHub Actions Ubuntu Runner Disk Space 🔧	2026-09-23T08:17:11.7648109Z Package 'php-symfony-console' is not installed, so not removed
higress-wasmplugin-test (RUST)	Free Up GitHub Actions Ubuntu Runner Disk Space 🔧	2026-09-23T08:17:11.7648488Z Package 'php-symfony-contracts' is not installed, so not removed
higress-wasmplugin-test (RUST)	Free Up GitHub Actions Ubuntu Runner Disk Space 🔧	2026-09-23T08:17:11.7648938Z Package 'php-symfony-crowdin-translation-provider' is not installed, so not removed
higress-wasmplugin-test (RUST)	Free Up GitHub Actions Ubuntu Runner Disk Space 🔧	2026-09-23T08:17:11.7649412Z Package 'php-symfony-css-selector' is not installed, so not removed
higress-wasmplugin-test (RUST)	Free Up GitHub Actions Ubuntu Runner Disk Space 🔧	2026-09-23T08:17:11.7649819Z Package 'php-symfony-debug-bundle' is not installed, so not removed
higress-wasmplugin-test (RUST)	Free Up GitHub Actions Ubuntu Runner Disk Space 🔧	2026-09-23T08:17:11.7650260Z Package 'php-symfony-dependency-injection' is not installed, so not removed
higress-wasmplugin-test (RUST)	Free Up GitHub Actions Ubuntu Runner Disk Space 🔧	2026-09-23T08:17:11.7650731Z Package 'php-symfony-deprecation-contracts' is not installed, so not removed
higress-wasmplugin-test (RUST)	Free Up GitHub Actions Ubuntu Runner Disk Space 🔧	2026-09-23T08:17:11.7651183Z Package 'php-symfony-discord-notifier' is not installed, so not removed
higress-wasmplugin-test (RUST)	Free Up GitHub Actions Ubuntu Runner Disk Space 🔧	2026-09-23T08:17:11.7651610Z Package 'php-symfony-doctrine-bridge' is not installed, so not removed
higress-wasmplugin-test (RUST)	Free Up GitHub Actions Ubuntu Runner Disk Space 🔧	2026-09-23T08:17:11.7652044Z Package 'php-symfony-doctrine-messenger' is not installed, so not removed
higress-wasmplugin-test (RUST)	Free Up GitHub Actions Ubuntu Runner Disk Space 🔧	2026-09-23T08:17:11.7652493Z Package 'php-symfony-dom-crawler' is not installed, so not removed
higress-wasmplugin-test (RUST)	Free Up GitHub Actions Ubuntu Runner Disk Space 🔧	2026-09-23T08:17:11.7652879Z Package 'php-symfony-dotenv' is not installed, so not removed
higress-wasmplugin-test (RUST)	Free Up GitHub Actions Ubuntu Runner Disk Space 🔧	2026-09-23T08:17:11.7653267Z Package 'php-symfony-error-handler' is not installed, so not removed
higress-wasmplugin-test (RUST)	Free Up GitHub Actions Ubuntu Runner Disk Space 🔧	2026-09-23T08:17:11.7653692Z Package 'php-symfony-esendex-notifier' is not installed, so not removed
higress-wasmplugin-test (RUST)	Free Up GitHub Actions Ubuntu Runner Disk Space 🔧	2026-09-23T08:17:11.7654279Z Package 'php-symfony-event-dispatcher' is not installed, so not removed
higress-wasmplugin-test (RUST)	Free Up GitHub Actions Ubuntu Runner Disk Space 🔧	2026-09-23T08:17:11.7654746Z Package 'php-symfony-event-dispatcher-contracts' is not installed, so not removed
higress-wasmplugin-test (RUST)	Free Up GitHub Actions Ubuntu Runner Disk Space 🔧	2026-09-23T08:17:11.7655209Z Package 'php-symfony-expo-notifier' is not installed, so not removed
higress-wasmplugin-test (RUST)	Free Up GitHub Actions Ubuntu Runner Disk Space 🔧	2026-09-23T08:17:11.7655636Z Package 'php-symfony-expression-language' is not installed, so not removed
higress-wasmplugin-test (RUST)	Free Up GitHub Actions Ubuntu Runner Disk Space 🔧	2026-09-23T08:17:11.7656078Z Package 'php-symfony-fake-chat-notifier' is not installed, so not removed
higress-wasmplugin-test (RUST)	Free Up GitHub Actions Ubuntu Runner Disk Space 🔧	2026-09-23T08:17:11.7656506Z Package 'php-symfony-fake-sms-notifier' is not installed, so not removed
higress-wasmplugin-test (RUST)	Free Up GitHub Actions Ubuntu Runner Disk Space 🔧	2026-09-23T08:17:11.7656916Z Package 'php-symfony-filesystem' is not installed, so not removed
higress-wasmplugin-test (RUST)	Free Up GitHub Actions Ubuntu Runner Disk Space 🔧	2026-09-23T08:17:11.7657303Z Package 'php-symfony-finder' is not installed, so not removed
higress-wasmplugin-test (RUST)	Free Up GitHub Actions Ubuntu Runner Disk Space 🔧	2026-09-23T08:17:11.7657699Z Package 'php-symfony-firebase-notifier' is not installed, so not removed
higress-wasmplugin-test (RUST)	Free Up GitHub Actions Ubuntu Runner Disk Space 🔧	2026-09-23T08:17:11.7658089Z Package 'php-symfony-form' is not installed, so not removed
higress-wasmplugin-test (RUST)	Free Up GitHub Actions Ubuntu Runner Disk Space 🔧	2026-09-23T08:17:11.7658559Z Package 'php-symfony-framework-bundle' is not installed, so not removed
higress-wasmplugin-test (RUST)	Free Up GitHub Actions Ubuntu Runner Disk Space 🔧	2026-09-23T08:17:11.7658999Z Package 'php-symfony-free-mobile-notifier' is not installed, so not removed
higress-wasmplugin-test (RUST)	Free Up GitHub Actions Ubuntu Runner Disk Space 🔧	2026-09-23T08:17:11.7659448Z Package 'php-symfony-gateway-api-notifier' is not installed, so not removed
higress-wasmplugin-test (RUST)	Free Up GitHub Actions Ubuntu Runner Disk Space 🔧	2026-09-23T08:17:11.7659884Z Package 'php-symfony-gitter-notifier' is not installed, so not removed
higress-wasmplugin-test (RUST)	Free Up GitHub Actions Ubuntu Runner Disk Space 🔧	2026-09-23T08:17:11.7660347Z Package 'php-symfony-google-chat-notifier' is not installed, so not removed
higress-wasmplugin-test (RUST)	Free Up GitHub Actions Ubuntu Runner Disk Space 🔧	2026-09-23T08:17:11.7660807Z Package 'php-symfony-google-mailer' is not installed, so not removed
higress-wasmplugin-test (RUST)	Free Up GitHub Actions Ubuntu Runner Disk Space 🔧	2026-09-23T08:17:11.7661244Z Package 'php-symfony-http-client' is not installed, so not removed
higress-wasmplugin-test (RUST)	Free Up GitHub Actions Ubuntu Runner Disk Space 🔧	2026-09-23T08:17:11.7661703Z Package 'php-symfony-http-client-contracts' is not installed, so not removed
higress-wasmplugin-test (RUST)	Free Up GitHub Actions Ubuntu Runner Disk Space 🔧	2026-09-23T08:17:11.7662188Z Package 'php-symfony-http-foundation' is not installed, so not removed
higress-wasmplugin-test (RUST)	Free Up GitHub Actions Ubuntu Runner Disk Space 🔧	2026-09-23T08:17:11.7662626Z Package 'php-symfony-http-kernel' is not installed, so not removed
higress-wasmplugin-test (RUST)	Free Up GitHub Actions Ubuntu Runner Disk Space 🔧	2026-09-23T08:17:11.7663113Z Package 'php-symfony-inflector' is not installed, so not removed
higress-wasmplugin-test (RUST)	Free Up GitHub Actions Ubuntu Runner Disk Space 🔧	2026-09-23T08:17:11.7663562Z Package 'php-symfony-infobip-notifier' is not installed, so not removed
higress-wasmplugin-test (RUST)	Free Up GitHub Actions Ubuntu Runner Disk Space 🔧	2026-09-23T08:17:11.7664259Z Package 'php-symfony-intl' is not installed, so not removed
higress-wasmplugin-test (RUST)	Free Up GitHub Actions Ubuntu Runner Disk Space 🔧	2026-09-23T08:17:11.7664702Z Package 'php-symfony-iqsms-notifier' is not installed, so not removed
higress-wasmplugin-test (RUST)	Free Up GitHub Actions Ubuntu Runner Disk Space 🔧	2026-09-23T08:17:11.7665121Z Package 'php-symfony-ldap' is not installed, so not removed
higress-wasmplugin-test (RUST)	Free Up GitHub Actions Ubuntu Runner Disk Space 🔧	2026-09-23T08:17:11.7665516Z Package 'php-symfony-light-sms-notifier' is not installed, so not removed
higress-wasmplugin-test (RUST)	Free Up GitHub Actions Ubuntu Runner Disk Space 🔧	2026-09-23T08:17:11.7665959Z Package 'php-symfony-linked-in-notifier' is not installed, so not removed
higress-wasmplugin-test (RUST)	Free Up GitHub Actions Ubuntu Runner Disk Space 🔧	2026-09-23T08:17:11.7666352Z Package 'php-symfony-lock' is not installed, so not removed
higress-wasmplugin-test (RUST)	Free Up GitHub Actions Ubuntu Runner Disk Space 🔧	2026-09-23T08:17:11.7666771Z Package 'php-symfony-loco-translation-provider' is not installed, so not removed
higress-wasmplugin-test (RUST)	Free Up GitHub Actions Ubuntu Runner Disk Space 🔧	2026-09-23T08:17:11.7667282Z Package 'php-symfony-lokalise-translation-provider' is not installed, so not removed
higress-wasmplugin-test (RUST)	Free Up GitHub Actions Ubuntu Runner Disk Space 🔧	2026-09-23T08:17:11.7667757Z Package 'php-symfony-mailchimp-mailer' is not installed, so not removed
higress-wasmplugin-test (RUST)	Free Up GitHub Actions Ubuntu Runner Disk Space 🔧	2026-09-23T08:17:11.7668161Z Package 'php-symfony-mailer' is not installed, so not removed
higress-wasmplugin-test (RUST)	Free Up GitHub Actions Ubuntu Runner Disk Space 🔧	2026-09-23T08:17:11.7668557Z Package 'php-symfony-mailgun-mailer' is not installed, so not removed
higress-wasmplugin-test (RUST)	Free Up GitHub Actions Ubuntu Runner Disk Space 🔧	2026-09-23T08:17:11.7668965Z Package 'php-symfony-mailjet-mailer' is not installed, so not removed
higress-wasmplugin-test (RUST)	Free Up GitHub Actions Ubuntu Runner Disk Space 🔧	2026-09-23T08:17:11.7669373Z Package 'php-symfony-mailjet-notifier' is not installed, so not removed
higress-wasmplugin-test (RUST)	Free Up GitHub Actions Ubuntu Runner Disk Space 🔧	2026-09-23T08:17:11.7669800Z Package 'php-symfony-mattermost-notifier' is not installed, so not removed
higress-wasmplugin-test (RUST)	Free Up GitHub Actions Ubuntu Runner Disk Space 🔧	2026-09-23T08:17:11.7670204Z Package 'php-symfony-mercure' is not installed, so not removed
higress-wasmplugin-test (RUST)	Free Up GitHub Actions Ubuntu Runner Disk Space 🔧	2026-09-23T08:17:11.7670596Z Package 'php-symfony-mercure-notifier' is not installed, so not removed
higress-wasmplugin-test (RUST)	Free Up GitHub Actions Ubuntu Runner Disk Space 🔧	2026-09-23T08:17:11.7671034Z Package 'php-symfony-message-bird-notifier' is not installed, so not removed
higress-wasmplugin-test (RUST)	Free Up GitHub Actions Ubuntu Runner Disk Space 🔧	2026-09-23T08:17:11.7671496Z Package 'php-symfony-message-media-notifier' is not installed, so not removed
higress-wasmplugin-test (RUST)	Free Up GitHub Actions Ubuntu Runner Disk Space 🔧	2026-09-23T08:17:11.7671919Z Package 'php-symfony-messenger' is not installed, so not removed
higress-wasmplugin-test (RUST)	Free Up GitHub Actions Ubuntu Runner Disk Space 🔧	2026-09-23T08:17:11.7672447Z Package 'php-symfony-microsoft-teams-notifier' is not installed, so not removed
higress-wasmplugin-test (RUST)	Free Up GitHub Actions Ubuntu Runner Disk Space 🔧	2026-09-23T08:17:11.7672877Z Package 'php-symfony-mime' is not installed, so not removed
higress-wasmplugin-test (RUST)	Free Up GitHub Actions Ubuntu Runner Disk Space 🔧	2026-09-23T08:17:11.7673261Z Package 'php-symfony-mobyt-notifier' is not installed, so not removed
higress-wasmplugin-test (RUST)	Free Up GitHub Actions Ubuntu Runner Disk Space 🔧	2026-09-23T08:17:11.7673670Z Package 'php-symfony-monolog-bridge' is not installed, so not removed
higress-wasmplugin-test (RUST)	Free Up GitHub Actions Ubuntu Runner Disk Space 🔧	2026-09-23T08:17:11.7674208Z Package 'php-symfony-nexmo-notifier' is not installed, so not removed
higress-wasmplugin-test (RUST)	Free Up GitHub Actions Ubuntu Runner Disk Space 🔧	2026-09-23T08:17:11.7674601Z Package 'php-symfony-notifier' is not installed, so not removed
higress-wasmplugin-test (RUST)	Free Up GitHub Actions Ubuntu Runner Disk Space 🔧	2026-09-23T08:17:11.7675001Z Package 'php-symfony-octopush-notifier' is not installed, so not removed
higress-wasmplugin-test (RUST)	Free Up GitHub Actions Ubuntu Runner Disk Space 🔧	2026-09-23T08:17:11.7675431Z Package 'php-symfony-oh-my-smtp-mailer' is not installed, so not removed
higress-wasmplugin-test (RUST)	Free Up GitHub Actions Ubuntu Runner Disk Space 🔧	2026-09-23T08:17:11.7675870Z Package 'php-symfony-one-signal-notifier' is not installed, so not removed
higress-wasmplugin-test (RUST)	Free Up GitHub Actions Ubuntu Runner Disk Space 🔧	2026-09-23T08:17:11.7676300Z Package 'php-symfony-options-resolver' is not installed, so not removed
higress-wasmplugin-test (RUST)	Free Up GitHub Actions Ubuntu Runner Disk Space 🔧	2026-09-23T08:17:11.7676799Z Package 'php-symfony-ovh-cloud-notifier' is not installed, so not removed
higress-wasmplugin-test (RUST)	Free Up GitHub Actions Ubuntu Runner Disk Space 🔧	2026-09-23T08:17:11.7677232Z Package 'php-symfony-password-hasher' is not installed, so not removed
higress-wasmplugin-test (RUST)	Free Up GitHub Actions Ubuntu Runner Disk Space 🔧	2026-09-23T08:17:11.7677645Z Package 'php-symfony-phpunit-bridge' is not installed, so not removed
higress-wasmplugin-test (RUST)	Free Up GitHub Actions Ubuntu Runner Disk Space 🔧	2026-09-23T08:17:11.7678032Z Package 'php-symfony-polyfill' is not installed, so not removed
higress-wasmplugin-test (RUST)	Free Up GitHub Actions Ubuntu Runner Disk Space 🔧	2026-09-23T08:17:11.7678426Z Package 'php-symfony-polyfill-apcu' is not installed, so not removed
higress-wasmplugin-test (RUST)	Free Up GitHub Actions Ubuntu Runner Disk Space 🔧	2026-09-23T08:17:11.7678827Z Package 'php-symfony-polyfill-ctype' is not installed, so not removed
higress-wasmplugin-test (RUST)	Free Up GitHub Actions Ubuntu Runner Disk Space 🔧	2026-09-23T08:17:11.7679241Z Package 'php-symfony-polyfill-iconv' is not installed, so not removed
higress-wasmplugin-test (RUST)	Free Up GitHub Actions Ubuntu Runner Disk Space 🔧	2026-09-23T08:17:11.7679677Z Package 'php-symfony-polyfill-intl-grapheme' is not installed, so not removed
higress-wasmplugin-test (RUST)	Free Up GitHub Actions Ubuntu Runner Disk Space 🔧	2026-09-23T08:17:11.7680128Z Package 'php-symfony-polyfill-intl-icu' is not installed, so not removed
higress-wasmplugin-test (RUST)	Free Up GitHub Actions Ubuntu Runner Disk Space 🔧	2026-09-23T08:17:11.7680558Z Package 'php-symfony-polyfill-intl-idn' is not installed, so not removed
higress-wasmplugin-test (RUST)	Free Up GitHub Actions Ubuntu Runner Disk Space 🔧	2026-09-23T08:17:11.7681035Z Package 'php-symfony-polyfill-intl-messageformatter' is not installed, so not removed
higress-wasmplugin-test (RUST)	Free Up GitHub Actions Ubuntu Runner Disk Space 🔧	2026-09-23T08:17:11.7681554Z Package 'php-symfony-polyfill-intl-normalizer' is not installed, so not removed
higress-wasmplugin-test (RUST)	Free Up GitHub Actions Ubuntu Runner Disk Space 🔧	2026-09-23T08:17:11.7682010Z Package 'php-symfony-polyfill-mbstring' is not installed, so not removed
higress-wasmplugin-test (RUST)	Free Up GitHub Actions Ubuntu Runner Disk Space 🔧	2026-09-23T08:17:11.7682425Z Package 'php-symfony-polyfill-php72' is not installed, so not removed
higress-wasmplugin-test (RUST)	Free Up GitHub Actions Ubuntu Runner Disk Space 🔧	2026-09-23T08:17:11.7682838Z Package 'php-symfony-polyfill-php73' is not installed, so not removed
higress-wasmplugin-test (RUST)	Free Up GitHub Actions Ubuntu Runner Disk Space 🔧	2026-09-23T08:17:11.7683241Z Package 'php-symfony-polyfill-php74' is not installed, so not removed
higress-wasmplugin-test (RUST)	Free Up GitHub Actions Ubuntu Runner Disk Space 🔧	2026-09-23T08:17:11.7683641Z Package 'php-symfony-polyfill-php80' is not installed, so not removed
higress-wasmplugin-test (RUST)	Free Up GitHub Actions Ubuntu Runner Disk Space 🔧	2026-09-23T08:17:11.7684112Z Package 'php-symfony-polyfill-php81' is not installed, so not removed
higress-wasmplugin-test (RUST)	Free Up GitHub Actions Ubuntu Runner Disk Space 🔧	2026-09-23T08:17:11.7684522Z Package 'php-symfony-polyfill-util' is not installed, so not removed
higress-wasmplugin-test (RUST)	Free Up GitHub Actions Ubuntu Runner Disk Space 🔧	2026-09-23T08:17:11.7684923Z Package 'php-symfony-polyfill-uuid' is not installed, so not removed
higress-wasmplugin-test (RUST)	Free Up GitHub Actions Ubuntu Runner Disk Space 🔧	2026-09-23T08:17:11.7685323Z Package 'php-symfony-polyfill-xml' is not installed, so not removed
higress-wasmplugin-test (RUST)	Free Up GitHub Actions Ubuntu Runner Disk Space 🔧	2026-09-23T08:17:11.7685738Z Package 'php-symfony-postmark-mailer' is not installed, so not removed
higress-wasmplugin-test (RUST)	Free Up GitHub Actions Ubuntu Runner Disk Space 🔧	2026-09-23T08:17:11.7686129Z Package 'php-symfony-process' is not installed, so not removed
higress-wasmplugin-test (RUST)	Free Up GitHub Actions Ubuntu Runner Disk Space 🔧	2026-09-23T08:17:11.7686526Z Package 'php-symfony-property-access' is not installed, so not removed
higress-wasmplugin-test (RUST)	Free Up GitHub Actions Ubuntu Runner Disk Space 🔧	2026-09-23T08:17:11.7686928Z Package 'php-symfony-property-info' is not installed, so not removed
higress-wasmplugin-test (RUST)	Free Up GitHub Actions Ubuntu Runner Disk Space 🔧	2026-09-23T08:17:11.7687359Z Package 'php-symfony-proxy-manager-bridge' is not installed, so not removed
higress-wasmplugin-test (RUST)	Free Up GitHub Actions Ubuntu Runner Disk Space 🔧	2026-09-23T08:17:11.7687783Z Package 'php-symfony-rate-limiter' is not installed, so not removed
higress-wasmplugin-test (RUST)	Free Up GitHub Actions Ubuntu Runner Disk Space 🔧	2026-09-23T08:17:11.7688188Z Package 'php-symfony-redis-messenger' is not installed, so not removed
higress-wasmplugin-test (RUST)	Free Up GitHub Actions Ubuntu Runner Disk Space 🔧	2026-09-23T08:17:11.7688627Z Package 'php-symfony-rocket-chat-notifier' is not installed, so not removed
higress-wasmplugin-test (RUST)	Free Up GitHub Actions Ubuntu Runner Disk Space 🔧	2026-09-23T08:17:11.7689036Z Package 'php-symfony-routing' is not installed, so not removed
higress-wasmplugin-test (RUST)	Free Up GitHub Actions Ubuntu Runner Disk Space 🔧	2026-09-23T08:17:11.7689402Z Package 'php-symfony-runtime' is not installed, so not removed
higress-wasmplugin-test (RUST)	Free Up GitHub Actions Ubuntu Runner Disk Space 🔧	2026-09-23T08:17:11.7689868Z Package 'php-symfony-security-acl' is not installed, so not removed
higress-wasmplugin-test (RUST)	Free Up GitHub Actions Ubuntu Runner Disk Space 🔧	2026-09-23T08:17:11.7690273Z Package 'php-symfony-security-bundle' is not installed, so not removed
higress-wasmplugin-test (RUST)	Free Up GitHub Actions Ubuntu Runner Disk Space 🔧	2026-09-23T08:17:11.7690683Z Package 'php-symfony-security-core' is not installed, so not removed
higress-wasmplugin-test (RUST)	Free Up GitHub Actions Ubuntu Runner Disk Space 🔧	2026-09-23T08:17:11.7691084Z Package 'php-symfony-security-csrf' is not installed, so not removed
higress-wasmplugin-test (RUST)	Free Up GitHub Actions Ubuntu Runner Disk Space 🔧	2026-09-23T08:17:11.7691491Z Package 'php-symfony-security-guard' is not installed, so not removed
higress-wasmplugin-test (RUST)	Free Up GitHub Actions Ubuntu Runner Disk Space 🔧	2026-09-23T08:17:11.7691896Z Package 'php-symfony-security-http' is not installed, so not removed
higress-wasmplugin-test (RUST)	Free Up GitHub Actions Ubuntu Runner Disk Space 🔧	2026-09-23T08:17:11.7692287Z Package 'php-symfony-semaphore' is not installed, so not removed
higress-wasmplugin-test (RUST)	Free Up GitHub Actions Ubuntu Runner Disk Space 🔧	2026-09-23T08:17:11.7692685Z Package 'php-symfony-sendgrid-mailer' is not installed, so not removed
higress-wasmplugin-test (RUST)	Free Up GitHub Actions Ubuntu Runner Disk Space 🔧	2026-09-23T08:17:11.7693108Z Package 'php-symfony-sendinblue-mailer' is not installed, so not removed
higress-wasmplugin-test (RUST)	Free Up GitHub Actions Ubuntu Runner Disk Space 🔧	2026-09-23T08:17:11.7693557Z Package 'php-symfony-sendinblue-notifier' is not installed, so not removed
higress-wasmplugin-test (RUST)	Free Up GitHub Actions Ubuntu Runner Disk Space 🔧	2026-09-23T08:17:11.7694066Z Package 'php-symfony-serializer' is not installed, so not removed
higress-wasmplugin-test (RUST)	Free Up GitHub Actions Ubuntu Runner Disk Space 🔧	2026-09-23T08:17:11.7694551Z Package 'php-symfony-service-contracts' is not installed, so not removed
higress-wasmplugin-test (RUST)	Free Up GitHub Actions Ubuntu Runner Disk Space 🔧	2026-09-23T08:17:11.7694964Z Package 'php-symfony-sinch-notifier' is not installed, so not removed
higress-wasmplugin-test (RUST)	Free Up GitHub Actions Ubuntu Runner Disk Space 🔧	2026-09-23T08:17:11.7695367Z Package 'php-symfony-slack-notifier' is not installed, so not removed
higress-wasmplugin-test (RUST)	Free Up GitHub Actions Ubuntu Runner Disk Space 🔧	2026-09-23T08:17:11.7695788Z Package 'php-symfony-sms-biuras-notifier' is not installed, so not removed
higress-wasmplugin-test (RUST)	Free Up GitHub Actions Ubuntu Runner Disk Space 🔧	2026-09-23T08:17:11.7696210Z Package 'php-symfony-sms77-notifier' is not installed, so not removed
higress-wasmplugin-test (RUST)	Free Up GitHub Actions Ubuntu Runner Disk Space 🔧	2026-09-23T08:17:11.7696615Z Package 'php-symfony-smsapi-notifier' is not installed, so not removed
higress-wasmplugin-test (RUST)	Free Up GitHub Actions Ubuntu Runner Disk Space 🔧	2026-09-23T08:17:11.7697029Z Package 'php-symfony-smsc-notifier' is not installed, so not removed
higress-wasmplugin-test (RUST)	Free Up GitHub Actions Ubuntu Runner Disk Space 🔧	2026-09-23T08:17:11.7697436Z Package 'php-symfony-spot-hit-notifier' is not installed, so not removed
higress-wasmplugin-test (RUST)	Free Up GitHub Actions Ubuntu Runner Disk Space 🔧	2026-09-23T08:17:11.7697835Z Package 'php-symfony-stopwatch' is not installed, so not removed
higress-wasmplugin-test (RUST)	Free Up GitHub Actions Ubuntu Runner Disk Space 🔧	2026-09-23T08:17:11.7698209Z Package 'php-symfony-string' is not installed, so not removed
higress-wasmplugin-test (RUST)	Free Up GitHub Actions Ubuntu Runner Disk Space 🔧	2026-09-23T08:17:11.7698622Z Package 'php-symfony-telegram-notifier' is not installed, so not removed
higress-wasmplugin-test (RUST)	Free Up GitHub Actions Ubuntu Runner Disk Space 🔧	2026-09-23T08:17:11.7699038Z Package 'php-symfony-telnyx-notifier' is not installed, so not removed
higress-wasmplugin-test (RUST)	Free Up GitHub Actions Ubuntu Runner Disk Space 🔧	2026-09-23T08:17:11.7699438Z Package 'php-symfony-templating' is not installed, so not removed
higress-wasmplugin-test (RUST)	Free Up GitHub Actions Ubuntu Runner Disk Space 🔧	2026-09-23T08:17:11.7699831Z Package 'php-symfony-translation' is not installed, so not removed
higress-wasmplugin-test (RUST)	Free Up GitHub Actions Ubuntu Runner Disk Space 🔧	2026-09-23T08:17:11.7700270Z Package 'php-symfony-translation-contracts' is not installed, so not removed
higress-wasmplugin-test (RUST)	Free Up GitHub Actions Ubuntu Runner Disk Space 🔧	2026-09-23T08:17:11.7700724Z Package 'php-symfony-turbo-sms-notifier' is not installed, so not removed
higress-wasmplugin-test (RUST)	Free Up GitHub Actions Ubuntu Runner Disk Space 🔧	2026-09-23T08:17:11.7701139Z Package 'php-symfony-twig-bridge' is not installed, so not removed
higress-wasmplugin-test (RUST)	Free Up GitHub Actions Ubuntu Runner Disk Space 🔧	2026-09-23T08:17:11.7701523Z Package 'php-symfony-twig-bundle' is not installed, so not removed
higress-wasmplugin-test (RUST)	Free Up GitHub Actions Ubuntu Runner Disk Space 🔧	2026-09-23T08:17:11.7701921Z Package 'php-symfony-twilio-notifier' is not installed, so not removed
higress-wasmplugin-test (RUST)	Free Up GitHub Actions Ubuntu Runner Disk Space 🔧	2026-09-23T08:17:11.7702305Z Package 'php-symfony-uid' is not installed, so not removed
higress-wasmplugin-test (RUST)	Free Up GitHub Actions Ubuntu Runner Disk Space 🔧	2026-09-23T08:17:11.7702674Z Package 'php-symfony-validator' is not installed, so not removed
higress-wasmplugin-test (RUST)	Free Up GitHub Actions Ubuntu Runner Disk Space 🔧	2026-09-23T08:17:11.7703055Z Package 'php-symfony-var-dumper' is not installed, so not removed
higress-wasmplugin-test (RUST)	Free Up GitHub Actions Ubuntu Runner Disk Space 🔧	2026-09-23T08:17:11.7703450Z Package 'php-symfony-var-exporter' is not installed, so not removed
higress-wasmplugin-test (RUST)	Free Up GitHub Actions Ubuntu Runner Disk Space 🔧	2026-09-23T08:17:11.7703935Z Package 'php-symfony-vonage-notifier' is not installed, so not removed
higress-wasmplugin-test (RUST)	Free Up GitHub Actions Ubuntu Runner Disk Space 🔧	2026-09-23T08:17:11.7704344Z Package 'php-symfony-web-link' is not installed, so not removed
higress-wasmplugin-test (RUST)	Free Up GitHub Actions Ubuntu Runner Disk Space 🔧	2026-09-23T08:17:11.7704754Z Package 'php-symfony-web-profiler-bundle' is not installed, so not removed
higress-wasmplugin-test (RUST)	Free Up GitHub Actions Ubuntu Runner Disk Space 🔧	2026-09-23T08:17:11.7705165Z Package 'php-symfony-workflow' is not installed, so not removed
higress-wasmplugin-test (RUST)	Free Up GitHub Actions Ubuntu Runner Disk Space 🔧	2026-09-23T08:17:11.7705533Z Package 'php-symfony-yaml' is not installed, so not removed
higress-wasmplugin-test (RUST)	Free Up GitHub Actions Ubuntu Runner Disk Space 🔧	2026-09-23T08:17:11.7705926Z Package 'php-symfony-yunpian-notifier' is not installed, so not removed
higress-wasmplugin-test (RUST)	Free Up GitHub Actions Ubuntu Runner Disk Space 🔧	2026-09-23T08:17:11.7706346Z Package 'php-symfony-zulip-notifier' is not installed, so not removed
higress-wasmplugin-test (RUST)	Free Up GitHub Actions Ubuntu Runner Disk Space 🔧	2026-09-23T08:17:11.7706718Z Package 'php-tcpdf' is not installed, so not removed
higress-wasmplugin-test (RUST)	Free Up GitHub Actions Ubuntu Runner Disk Space 🔧	2026-09-23T08:17:11.7707171Z Package 'php-text-captcha' is not installed, so not removed
higress-wasmplugin-test (RUST)	Free Up GitHub Actions Ubuntu Runner Disk Space 🔧	2026-09-23T08:17:11.7707525Z Package 'php-text-figlet' is not installed, so not removed
higress-wasmplugin-test (RUST)	Free Up GitHub Actions Ubuntu Runner Disk Space 🔧	2026-09-23T08:17:11.7707899Z Package 'php-text-languagedetect' is not installed, so not removed
higress-wasmplugin-test (RUST)	Free Up GitHub Actions Ubuntu Runner Disk Space 🔧	2026-09-23T08:17:11.7708274Z Package 'php-text-password' is not installed, so not removed
higress-wasmplugin-test (RUST)	Free Up GitHub Actions Ubuntu Runner Disk Space 🔧	2026-09-23T08:17:11.7708638Z Package 'php-text-template' is not installed, so not removed
higress-wasmplugin-test (RUST)	Free Up GitHub Actions Ubuntu Runner Disk Space 🔧	2026-09-23T08:17:11.7708985Z Package 'php-text-wiki' is not installed, so not removed
higress-wasmplugin-test (RUST)	Free Up GitHub Actions Ubuntu Runner Disk Space 🔧	2026-09-23T08:17:11.7709313Z Package 'php-thrift' is not installed, so not removed
higress-wasmplugin-test (RUST)	Free Up GitHub Actions Ubuntu Runner Disk Space 🔧	2026-09-23T08:17:11.7709637Z Package 'php-tideways' is not installed, so not removed
higress-wasmplugin-test (RUST)	Free Up GitHub Actions Ubuntu Runner Disk Space 🔧	2026-09-23T08:17:11.7710045Z Package 'php-tijsverkoyen-css-to-inline-styles' is not installed, so not removed
higress-wasmplugin-test (RUST)	Free Up GitHub Actions Ubuntu Runner Disk Space 🔧	2026-09-23T08:17:11.7710459Z Package 'php-timer' is not installed, so not removed
higress-wasmplugin-test (RUST)	Free Up GitHub Actions Ubuntu Runner Disk Space 🔧	2026-09-23T08:17:11.7710789Z Package 'php-token-stream' is not installed, so not removed
higress-wasmplugin-test (RUST)	Free Up GitHub Actions Ubuntu Runner Disk Space 🔧	2026-09-23T08:17:11.7711210Z Package 'php-tokenizer' is not installed, so not removed
higress-wasmplugin-test (RUST)	Free Up GitHub Actions Ubuntu Runner Disk Space 🔧	2026-09-23T08:17:11.7711533Z Package 'php-twig' is not installed, so not removed
higress-wasmplugin-test (RUST)	Free Up GitHub Actions Ubuntu Runner Disk Space 🔧	2026-09-23T08:17:11.7711875Z Package 'php-twig-cache-extra' is not installed, so not removed
higress-wasmplugin-test (RUST)	Free Up GitHub Actions Ubuntu Runner Disk Space 🔧	2026-09-23T08:17:11.7712264Z Package 'php-twig-cssinliner-extra' is not installed, so not removed
higress-wasmplugin-test (RUST)	Free Up GitHub Actions Ubuntu Runner Disk Space 🔧	2026-09-23T08:17:11.7712635Z Package 'php-twig-doc' is not installed, so not removed
higress-wasmplugin-test (RUST)	Free Up GitHub Actions Ubuntu Runner Disk Space 🔧	2026-09-23T08:17:11.7712984Z Package 'php-twig-extra-bundle' is not installed, so not removed
higress-wasmplugin-test (RUST)	Free Up GitHub Actions Ubuntu Runner Disk Space 🔧	2026-09-23T08:17:11.7713356Z Package 'php-twig-html-extra' is not installed, so not removed
higress-wasmplugin-test (RUST)	Free Up GitHub Actions Ubuntu Runner Disk Space 🔧	2026-09-23T08:17:11.7713797Z Package 'php-twig-i18n-extension' is not installed, so not removed
higress-wasmplugin-test (RUST)	Free Up GitHub Actions Ubuntu Runner Disk Space 🔧	2026-09-23T08:17:11.7714265Z Package 'php-twig-inky-extra' is not installed, so not removed
higress-wasmplugin-test (RUST)	Free Up GitHub Actions Ubuntu Runner Disk Space 🔧	2026-09-23T08:17:11.7714631Z Package 'php-twig-intl-extra' is not installed, so not removed
higress-wasmplugin-test (RUST)	Free Up GitHub Actions Ubuntu Runner Disk Space 🔧	2026-09-23T08:17:11.7715007Z Package 'php-twig-markdown-extra' is not installed, so not removed
higress-wasmplugin-test (RUST)	Free Up GitHub Actions Ubuntu Runner Disk Space 🔧	2026-09-23T08:17:11.7715396Z Package 'php-twig-string-extra' is not installed, so not removed
higress-wasmplugin-test (RUST)	Free Up GitHub Actions Ubuntu Runner Disk Space 🔧	2026-09-23T08:17:11.7715751Z Package 'php-uopz' is not installed, so not removed
higress-wasmplugin-test (RUST)	Free Up GitHub Actions Ubuntu Runner Disk Space 🔧	2026-09-23T08:17:11.7716087Z Package 'php-uopz-all-dev' is not installed, so not removed
higress-wasmplugin-test (RUST)	Free Up GitHub Actions Ubuntu Runner Disk Space 🔧	2026-09-23T08:17:11.7716450Z Package 'php-uploadprogress' is not installed, so not removed
higress-wasmplugin-test (RUST)	Free Up GitHub Actions Ubuntu Runner Disk Space 🔧	2026-09-23T08:17:11.7716848Z Package 'php-uploadprogress-all-dev' is not installed, so not removed
higress-wasmplugin-test (RUST)	Free Up GitHub Actions Ubuntu Runner Disk Space 🔧	2026-09-23T08:17:11.7717234Z Package 'php-uuid' is not installed, so not removed
higress-wasmplugin-test (RUST)	Free Up GitHub Actions Ubuntu Runner Disk Space 🔧	2026-09-23T08:17:11.7717570Z Package 'php-uuid-all-dev' is not installed, so not removed
higress-wasmplugin-test (RUST)	Free Up GitHub Actions Ubuntu Runner Disk Space 🔧	2026-09-23T08:17:11.7717915Z Package 'php-validate' is not installed, so not removed
higress-wasmplugin-test (RUST)	Free Up GitHub Actions Ubuntu Runner Disk Space 🔧	2026-09-23T08:17:11.7718270Z Package 'php-vlucas-phpdotenv' is not installed, so not removed
higress-wasmplugin-test (RUST)	Free Up GitHub Actions Ubuntu Runner Disk Space 🔧	2026-09-23T08:17:11.7718653Z Package 'php-webmozart-assert' is not installed, so not removed
higress-wasmplugin-test (RUST)	Free Up GitHub Actions Ubuntu Runner Disk Space 🔧	2026-09-23T08:17:11.7719019Z Package 'php-wikidiff2' is not installed, so not removed
higress-wasmplugin-test (RUST)	Free Up GitHub Actions Ubuntu Runner Disk Space 🔧	2026-09-23T08:17:11.7719349Z Package 'php-xajax' is not installed, so not removed
higress-wasmplugin-test (RUST)	Free Up GitHub Actions Ubuntu Runner Disk Space 🔧	2026-09-23T08:17:11.7719683Z Package 'php-xdebug' is not installed, so not removed
higress-wasmplugin-test (RUST)	Free Up GitHub Actions Ubuntu Runner Disk Space 🔧	2026-09-23T08:17:11.7720030Z Package 'php-xdebug-all-dev' is not installed, so not removed
higress-wasmplugin-test (RUST)	Free Up GitHub Actions Ubuntu Runner Disk Space 🔧	2026-09-23T08:17:11.7720416Z Package 'php-xml-htmlsax3' is not installed, so not removed
higress-wasmplugin-test (RUST)	Free Up GitHub Actions Ubuntu Runner Disk Space 🔧	2026-09-23T08:17:11.7720766Z Package 'php-xml-rpc2' is not installed, so not removed
higress-wasmplugin-test (RUST)	Free Up GitHub Actions Ubuntu Runner Disk Space 🔧	2026-09-23T08:17:11.7721102Z Package 'php-xml-svg' is not installed, so not removed
higress-wasmplugin-test (RUST)	Free Up GitHub Actions Ubuntu Runner Disk Space 🔧	2026-09-23T08:17:11.7721434Z Package 'php-xmlrpc' is not installed, so not removed
higress-wasmplugin-test (RUST)	Free Up GitHub Actions Ubuntu Runner Disk Space 🔧	2026-09-23T08:17:11.7721779Z Package 'php-xmlrpc-all-dev' is not installed, so not removed
higress-wasmplugin-test (RUST)	Free Up GitHub Actions Ubuntu Runner Disk Space 🔧	2026-09-23T08:17:11.7722120Z Package 'php-yac' is not installed, so not removed
higress-wasmplugin-test (RUST)	Free Up GitHub Actions Ubuntu Runner Disk Space 🔧	2026-09-23T08:17:11.7722455Z Package 'php-yac-all-dev' is not installed, so not removed
higress-wasmplugin-test (RUST)	Free Up GitHub Actions Ubuntu Runner Disk Space 🔧	2026-09-23T08:17:11.7722790Z Package 'php-yaml' is not installed, so not removed
higress-wasmplugin-test (RUST)	Free Up GitHub Actions Ubuntu Runner Disk Space 🔧	2026-09-23T08:17:11.7723121Z Package 'php-yaml-all-dev' is not installed, so not removed
higress-wasmplugin-test (RUST)	Free Up GitHub Actions Ubuntu Runner Disk Space 🔧	2026-09-23T08:17:11.7723474Z Package 'php-zend-code' is not installed, so not removed
higress-wasmplugin-test (RUST)	Free Up GitHub Actions Ubuntu Runner Disk Space 🔧	2026-09-23T08:17:11.7723978Z Package 'php-zend-eventmanager' is not installed, so not removed
higress-wasmplugin-test (RUST)	Free Up GitHub Actions Ubuntu Runner Disk Space 🔧	2026-09-23T08:17:11.7724354Z Package 'php-zend-stdlib' is not installed, so not removed
higress-wasmplugin-test (RUST)	Free Up GitHub Actions Ubuntu Runner Disk Space 🔧	2026-09-23T08:17:11.7724699Z Package 'php-zeroc-ice' is not installed, so not removed
higress-wasmplugin-test (RUST)	Free Up GitHub Actions Ubuntu Runner Disk Space 🔧	2026-09-23T08:17:11.7725034Z Package 'php-zeta-base' is not installed, so not removed
higress-wasmplugin-test (RUST)	Free Up GitHub Actions Ubuntu Runner Disk Space 🔧	2026-09-23T08:17:11.7725392Z Package 'php-zeta-console-tools' is not installed, so not removed
higress-wasmplugin-test (RUST)	Free Up GitHub Actions Ubuntu Runner Disk Space 🔧	2026-09-23T08:17:11.7725768Z Package 'php-zeta-unit-test' is not installed, so not removed
higress-wasmplugin-test (RUST)	Free Up GitHub Actions Ubuntu Runner Disk Space 🔧	2026-09-23T08:17:11.7726106Z Package 'php-zip' is not installed, so not removed
higress-wasmplugin-test (RUST)	Free Up GitHub Actions Ubuntu Runner Disk Space 🔧	2026-09-23T08:17:11.7726417Z Package 'php-zmq' is not installed, so not removed
higress-wasmplugin-test (RUST)	Free Up GitHub Actions Ubuntu Runner Disk Space 🔧	2026-09-23T08:17:11.7726999Z Package 'php-zmq-all-dev' is not installed, so not removed
higress-wasmplugin-test (RUST)	Free Up GitHub Actions Ubuntu Runner Disk Space 🔧	2026-09-23T08:17:11.7727449Z Package 'php8.1-ast' is not installed, so not removed
higress-wasmplugin-test (RUST)	Free Up GitHub Actions Ubuntu Runner Disk Space 🔧	2026-09-23T08:17:11.7727872Z Package 'php8.1-ds' is not installed, so not removed
higress-wasmplugin-test (RUST)	Free Up GitHub Actions Ubuntu Runner Disk Space 🔧	2026-09-23T08:17:11.7728348Z Package 'php8.1-gearman' is not installed, so not removed
higress-wasmplugin-test (RUST)	Free Up GitHub Actions Ubuntu Runner Disk Space 🔧	2026-09-23T08:17:11.7729013Z Package 'php8.1-gmagick' is not installed, so not removed
higress-wasmplugin-test (RUST)	Free Up GitHub Actions Ubuntu Runner Disk Space 🔧	2026-09-23T08:17:11.7729513Z Package 'php8.1-gnupg' is not installed, so not removed
higress-wasmplugin-test (RUST)	Free Up GitHub Actions Ubuntu Runner Disk Space 🔧	2026-09-23T08:17:11.7730027Z Package 'php8.1-http' is not installed, so not removed
higress-wasmplugin-test (RUST)	Free Up GitHub Actions Ubuntu Runner Disk Space 🔧	2026-09-23T08:17:11.7730537Z Package 'php8.1-mailparse' is not installed, so not removed
higress-wasmplugin-test (RUST)	Free Up GitHub Actions Ubuntu Runner Disk Space 🔧	2026-09-23T08:17:11.7731087Z Package 'php8.1-oauth' is not installed, so not removed
higress-wasmplugin-test (RUST)	Free Up GitHub Actions Ubuntu Runner Disk Space 🔧	2026-09-23T08:17:11.7731612Z Package 'php8.1-ps' is not installed, so not removed
higress-wasmplugin-test (RUST)	Free Up GitHub Actions Ubuntu Runner Disk Space 🔧	2026-09-23T08:17:11.7732109Z Package 'php8.1-psr' is not installed, so not removed
higress-wasmplugin-test (RUST)	Free Up GitHub Actions Ubuntu Runner Disk Space 🔧	2026-09-23T08:17:11.7732601Z Package 'php8.1-raphf' is not installed, so not removed
higress-wasmplugin-test (RUST)	Free Up GitHub Actions Ubuntu Runner Disk Space 🔧	2026-09-23T08:17:11.7733116Z Package 'php8.1-rrd' is not installed, so not removed
higress-wasmplugin-test (RUST)	Free Up GitHub Actions Ubuntu Runner Disk Space 🔧	2026-09-23T08:17:11.7733605Z Package 'php8.1-smbclient' is not installed, so not removed
higress-wasmplugin-test (RUST)	Free Up GitHub Actions Ubuntu Runner Disk Space 🔧	2026-09-23T08:17:11.7734268Z Package 'php8.1-solr' is not installed, so not removed
higress-wasmplugin-test (RUST)	Free Up GitHub Actions Ubuntu Runner Disk Space 🔧	2026-09-23T08:17:11.7734760Z Package 'php8.1-ssh2' is not installed, so not removed
higress-wasmplugin-test (RUST)	Free Up GitHub Actions Ubuntu Runner Disk Space 🔧	2026-09-23T08:17:11.7735278Z Package 'php8.1-uopz' is not installed, so not removed
higress-wasmplugin-test (RUST)	Free Up GitHub Actions Ubuntu Runner Disk Space 🔧	2026-09-23T08:17:11.7735845Z Package 'php8.1-uploadprogress' is not installed, so not removed
higress-wasmplugin-test (RUST)	Free Up GitHub Actions Ubuntu Runner Disk Space 🔧	2026-09-23T08:17:11.7736382Z Package 'php8.1-uuid' is not installed, so not removed
higress-wasmplugin-test (RUST)	Free Up GitHub Actions Ubuntu Runner Disk Space 🔧	2026-09-23T08:17:11.7736919Z Package 'php8.1-xmlrpc' is not installed, so not removed
higress-wasmplugin-test (RUST)	Free Up GitHub Actions Ubuntu Runner Disk Space 🔧	2026-09-23T08:17:11.7737401Z Package 'php8.1-yac' is not installed, so not removed
higress-wasmplugin-test (RUST)	Free Up GitHub Actions Ubuntu Runner Disk Space 🔧	2026-09-23T08:17:11.7737859Z Package 'phpab' is not installed, so not removed
higress-wasmplugin-test (RUST)	Free Up GitHub Actions Ubuntu Runner Disk Space 🔧	2026-09-23T08:17:11.7738316Z Package 'phpcpd' is not installed, so not removed
higress-wasmplugin-test (RUST)	Free Up GitHub Actions Ubuntu Runner Disk Space 🔧	2026-09-23T08:17:11.7738767Z Package 'phpdox' is not installed, so not removed
higress-wasmplugin-test (RUST)	Free Up GitHub Actions Ubuntu Runner Disk Space 🔧	2026-09-23T08:17:11.7739248Z Package 'phpldapadmin' is not installed, so not removed
higress-wasmplugin-test (RUST)	Free Up GitHub Actions Ubuntu Runner Disk Space 🔧	2026-09-23T08:17:11.7739753Z Package 'phpliteadmin' is not installed, so not removed
higress-wasmplugin-test (RUST)	Free Up GitHub Actions Ubuntu Runner Disk Space 🔧	2026-09-23T08:17:11.7740259Z Package 'phpliteadmin-themes' is not installed, so not removed
higress-wasmplugin-test (RUST)	Free Up GitHub Actions Ubuntu Runner Disk Space 🔧	2026-09-23T08:17:11.7740680Z Package 'phploc' is not installed, so not removed
higress-wasmplugin-test (RUST)	Free Up GitHub Actions Ubuntu Runner Disk Space 🔧	2026-09-23T08:17:11.7740986Z Package 'phpmd' is not installed, so not removed
higress-wasmplugin-test (RUST)	Free Up GitHub Actions Ubuntu Runner Disk Space 🔧	2026-09-23T08:17:11.7741282Z Package 'phpmyadmin' is not installed, so not removed
higress-wasmplugin-test (RUST)	Free Up GitHub Actions Ubuntu Runner Disk Space 🔧	2026-09-23T08:17:11.7741587Z Package 'phppgadmin' is not installed, so not removed
higress-wasmplugin-test (RUST)	Free Up GitHub Actions Ubuntu Runner Disk Space 🔧	2026-09-23T08:17:11.7741891Z Package 'phpqrcode' is not installed, so not removed
higress-wasmplugin-test (RUST)	Free Up GitHub Actions Ubuntu Runner Disk Space 🔧	2026-09-23T08:17:11.7742182Z Package 'phpsysinfo' is not installed, so not removed
higress-wasmplugin-test (RUST)	Free Up GitHub Actions Ubuntu Runner Disk Space 🔧	2026-09-23T08:17:11.7742475Z Package 'phpunit' is not installed, so not removed
higress-wasmplugin-test (RUST)	Free Up GitHub Actions Ubuntu Runner Disk Space 🔧	2026-09-23T08:17:11.7742799Z Package 'phpunit-cli-parser' is not installed, so not removed
higress-wasmplugin-test (RUST)	Free Up GitHub Actions Ubuntu Runner Disk Space 🔧	2026-09-23T08:17:11.7743149Z Package 'phpunit-code-unit' is not installed, so not removed
higress-wasmplugin-test (RUST)	Free Up GitHub Actions Ubuntu Runner Disk Space 🔧	2026-09-23T08:17:11.7743548Z Package 'phpunit-code-unit-reverse-lookup' is not installed, so not removed
higress-wasmplugin-test (RUST)	Free Up GitHub Actions Ubuntu Runner Disk Space 🔧	2026-09-23T08:17:11.7744295Z Package 'phpunit-comparator' is not installed, so not removed
higress-wasmplugin-test (RUST)	Free Up GitHub Actions Ubuntu Runner Disk Space 🔧	2026-09-23T08:17:11.7744657Z Package 'phpunit-complexity' is not installed, so not removed
higress-wasmplugin-test (RUST)	Free Up GitHub Actions Ubuntu Runner Disk Space 🔧	2026-09-23T08:17:11.7744998Z Package 'phpunit-diff' is not installed, so not removed
higress-wasmplugin-test (RUST)	Free Up GitHub Actions Ubuntu Runner Disk Space 🔧	2026-09-23T08:17:11.7745560Z Package 'phpunit-environment' is not installed, so not removed
higress-wasmplugin-test (RUST)	Free Up GitHub Actions Ubuntu Runner Disk Space 🔧	2026-09-23T08:17:11.7745913Z Package 'phpunit-exporter' is not installed, so not removed
higress-wasmplugin-test (RUST)	Free Up GitHub Actions Ubuntu Runner Disk Space 🔧	2026-09-23T08:17:11.7746238Z Package 'phpunit-git' is not installed, so not removed
higress-wasmplugin-test (RUST)	Free Up GitHub Actions Ubuntu Runner Disk Space 🔧	2026-09-23T08:17:11.9261357Z Package 'phpunit-global-state' is not installed, so not removed
higress-wasmplugin-test (RUST)	Free Up GitHub Actions Ubuntu Runner Disk Space 🔧	2026-09-23T08:17:11.9262131Z Package 'phpunit-lines-of-code' is not installed, so not removed
higress-wasmplugin-test (RUST)	Free Up GitHub Actions Ubuntu Runner Disk Space 🔧	2026-09-23T08:17:11.9262496Z Package 'phpunit-object-enumerator' is not installed, so not removed
higress-wasmplugin-test (RUST)	Free Up GitHub Actions Ubuntu Runner Disk Space 🔧	2026-09-23T08:17:11.9262874Z Package 'phpunit-object-reflector' is not installed, so not removed
higress-wasmplugin-test (RUST)	Free Up GitHub Actions Ubuntu Runner Disk Space 🔧	2026-09-23T08:17:11.9263232Z Package 'phpunit-recursion-context' is not installed, so not removed
higress-wasmplugin-test (RUST)	Free Up GitHub Actions Ubuntu Runner Disk Space 🔧	2026-09-23T08:17:11.9263603Z Package 'phpunit-resource-operations' is not installed, so not removed
higress-wasmplugin-test (RUST)	Free Up GitHub Actions Ubuntu Runner Disk Space 🔧	2026-09-23T08:17:11.9264167Z Package 'phpunit-type' is not installed, so not removed
higress-wasmplugin-test (RUST)	Free Up GitHub Actions Ubuntu Runner Disk Space 🔧	2026-09-23T08:17:11.9264485Z Package 'phpunit-version' is not installed, so not removed
higress-wasmplugin-test (RUST)	Free Up GitHub Actions Ubuntu Runner Disk Space 🔧	2026-09-23T08:17:11.9265195Z Package 'phpwebcounter' is not installed, so not removed
higress-wasmplugin-test (RUST)	Free Up GitHub Actions Ubuntu Runner Disk Space 🔧	2026-09-23T08:17:11.9265526Z Package 'phpwebcounter-extra' is not installed, so not removed
higress-wasmplugin-test (RUST)	Free Up GitHub Actions Ubuntu Runner Disk Space 🔧	2026-09-23T08:17:11.9265862Z Package 'python3-phply' is not installed, so not removed
higress-wasmplugin-test (RUST)	Free Up GitHub Actions Ubuntu Runner Disk Space 🔧	2026-09-23T08:17:11.9266187Z Package 'python3-phpserialize' is not installed, so not removed
higress-wasmplugin-test (RUST)	Free Up GitHub Actions Ubuntu Runner Disk Space 🔧	2026-09-23T08:17:11.9266513Z Package 'simplesamlphp' is not installed, so not removed
higress-wasmplugin-test (RUST)	Free Up GitHub Actions Ubuntu Runner Disk Space 🔧	2026-09-23T08:17:11.9266814Z Package 'slbackup-php' is not installed, so not removed
higress-wasmplugin-test (RUST)	Free Up GitHub Actions Ubuntu Runner Disk Space 🔧	2026-09-23T08:17:11.9267108Z Package 'uphpmvault' is not installed, so not removed
higress-wasmplugin-test (RUST)	Free Up GitHub Actions Ubuntu Runner Disk Space 🔧	2026-09-23T08:17:11.9267389Z Package 'weechat-php' is not installed, so not removed
higress-wasmplugin-test (RUST)	Free Up GitHub Actions Ubuntu Runner Disk Space 🔧	2026-09-23T08:17:11.9267699Z Package 'zabbix-frontend-php' is not installed, so not removed
higress-wasmplugin-test (RUST)	Free Up GitHub Actions Ubuntu Runner Disk Space 🔧	2026-09-23T08:17:11.9268000Z Package 'php-mythtv' is not installed, so not removed
higress-wasmplugin-test (RUST)	Free Up GitHub Actions Ubuntu Runner Disk Space 🔧	2026-09-23T08:17:11.9268315Z Package 'libapache2-mod-php8.1' is not installed, so not removed
higress-wasmplugin-test (RUST)	Free Up GitHub Actions Ubuntu Runner Disk Space 🔧	2026-09-23T08:17:11.9268664Z Package 'libapache2-mod-php7.4' is not installed, so not removed
higress-wasmplugin-test (RUST)	Free Up GitHub Actions Ubuntu Runner Disk Space 🔧	2026-09-23T08:17:11.9269001Z Package 'libapache2-mod-php8.0' is not installed, so not removed
higress-wasmplugin-test (RUST)	Free Up GitHub Actions Ubuntu Runner Disk Space 🔧	2026-09-23T08:17:11.9269310Z Package 'libphp-adodb' is not installed, so not removed
higress-wasmplugin-test (RUST)	Free Up GitHub Actions Ubuntu Runner Disk Space 🔧	2026-09-23T08:17:11.9269657Z Package 'libphp8.1-embed' is not installed, so not removed
higress-wasmplugin-test (RUST)	Free Up GitHub Actions Ubuntu Runner Disk Space 🔧	2026-09-23T08:17:11.9269949Z Package 'php-cas' is not installed, so not removed
higress-wasmplugin-test (RUST)	Free Up GitHub Actions Ubuntu Runner Disk Space 🔧	2026-09-23T08:17:11.9270223Z Package 'php-dompdf' is not installed, so not removed
higress-wasmplugin-test (RUST)	Free Up GitHub Actions Ubuntu Runner Disk Space 🔧	2026-09-23T08:17:11.9270499Z Package 'php-mapi' is not installed, so not removed
higress-wasmplugin-test (RUST)	Free Up GitHub Actions Ubuntu Runner Disk Space 🔧	2026-09-23T08:17:11.9270760Z The following packages will be REMOVED:
higress-wasmplugin-test (RUST)	Free Up GitHub Actions Ubuntu Runner Disk Space 🔧	2026-09-23T08:17:11.9271097Z   php-common php-pear php8.1 php8.1-amqp php8.1-apcu php8.1-bcmath php8.1-bz2
higress-wasmplugin-test (RUST)	Free Up GitHub Actions Ubuntu Runner Disk Space 🔧	2026-09-23T08:17:11.9271501Z   php8.1-cgi php8.1-cli php8.1-common php8.1-curl php8.1-dba php8.1-dev
higress-wasmplugin-test (RUST)	Free Up GitHub Actions Ubuntu Runner Disk Space 🔧	2026-09-23T08:17:11.9271848Z   php8.1-enchant php8.1-fpm php8.1-gd php8.1-gmp php8.1-igbinary
higress-wasmplugin-test (RUST)	Free Up GitHub Actions Ubuntu Runner Disk Space 🔧	2026-09-23T08:17:11.9272193Z   php8.1-imagick php8.1-imap php8.1-interbase php8.1-intl php8.1-ldap
higress-wasmplugin-test (RUST)	Free Up GitHub Actions Ubuntu Runner Disk Space 🔧	2026-09-23T08:17:11.9272557Z   php8.1-mbstring php8.1-memcache php8.1-memcached php8.1-mongodb
higress-wasmplugin-test (RUST)	Free Up GitHub Actions Ubuntu Runner Disk Space 🔧	2026-09-23T08:17:11.9272907Z   php8.1-msgpack php8.1-mysql php8.1-odbc php8.1-opcache php8.1-pcov
higress-wasmplugin-test (RUST)	Free Up GitHub Actions Ubuntu Runner Disk Space 🔧	2026-09-23T08:17:11.9273269Z   php8.1-pgsql php8.1-phpdbg php8.1-pspell php8.1-readline php8.1-redis
higress-wasmplugin-test (RUST)	Free Up GitHub Actions Ubuntu Runner Disk Space 🔧	2026-09-23T08:17:11.9273635Z   php8.1-snmp php8.1-soap php8.1-sqlite3 php8.1-sybase php8.1-tidy
higress-wasmplugin-test (RUST)	Free Up GitHub Actions Ubuntu Runner Disk Space 🔧	2026-09-23T08:17:11.9274109Z   php8.1-xdebug php8.1-xml php8.1-xsl php8.1-yaml php8.1-zip php8.1-zmq
higress-wasmplugin-test (RUST)	Free Up GitHub Actions Ubuntu Runner Disk Space 🔧	2026-09-23T08:17:12.1990317Z 0 upgraded, 0 newly installed, 48 to remove and 8 not upgraded.
higress-wasmplugin-test (RUST)	Free Up GitHub Actions Ubuntu Runner Disk Space 🔧	2026-09-23T08:17:12.2163196Z After this operation, 56.7 MB disk space will be freed.
higress-wasmplugin-test (RUST)	Free Up GitHub Actions Ubuntu Runner Disk Space 🔧	2026-09-23T08:17:12.2163684Z (Reading database ... 
higress-wasmplugin-test (RUST)	Free Up GitHub Actions Ubuntu Runner Disk Space 🔧	2026-09-23T08:17:12.2164105Z (Reading database ... 5%
higress-wasmplugin-test (RUST)	Free Up GitHub Actions Ubuntu Runner Disk Space 🔧	2026-09-23T08:17:12.2164428Z (Reading database ... 10%
higress-wasmplugin-test (RUST)	Free Up GitHub Actions Ubuntu Runner Disk Space 🔧	2026-09-23T08:17:12.2164830Z (Reading database ... 15%
higress-wasmplugin-test (RUST)	Free Up GitHub Actions Ubuntu Runner Disk Space 🔧	2026-09-23T08:17:12.2165144Z (Reading database ... 20%
higress-wasmplugin-test (RUST)	Free Up GitHub Actions Ubuntu Runner Disk Space 🔧	2026-09-23T08:17:12.2165428Z (Reading database ... 25%
higress-wasmplugin-test (RUST)	Free Up GitHub Actions Ubuntu Runner Disk Space 🔧	2026-09-23T08:17:12.2166043Z (Reading database ... 30%
higress-wasmplugin-test (RUST)	Free Up GitHub Actions Ubuntu Runner Disk Space 🔧	2026-09-23T08:17:12.2166263Z (Reading database ... 35%
higress-wasmplugin-test (RUST)	Free Up GitHub Actions Ubuntu Runner Disk Space 🔧	2026-09-23T08:17:12.2166464Z (Reading database ... 40%
higress-wasmplugin-test (RUST)	Free Up GitHub Actions Ubuntu Runner Disk Space 🔧	2026-09-23T08:17:12.2166674Z (Reading database ... 45%
higress-wasmplugin-test (RUST)	Free Up GitHub Actions Ubuntu Runner Disk Space 🔧	2026-09-23T08:17:12.2166873Z (Reading database ... 50%
higress-wasmplugin-test (RUST)	Free Up GitHub Actions Ubuntu Runner Disk Space 🔧	2026-09-23T08:17:12.2182353Z (Reading database ... 55%
higress-wasmplugin-test (RUST)	Free Up GitHub Actions Ubuntu Runner Disk Space 🔧	2026-09-23T08:17:12.2208268Z (Reading database ... 60%
higress-wasmplugin-test (RUST)	Free Up GitHub Actions Ubuntu Runner Disk Space 🔧	2026-09-23T08:17:12.2229583Z (Reading database ... 65%
higress-wasmplugin-test (RUST)	Free Up GitHub Actions Ubuntu Runner Disk Space 🔧	2026-09-23T08:17:12.2247466Z (Reading database ... 70%
higress-wasmplugin-test (RUST)	Free Up GitHub Actions Ubuntu Runner Disk Space 🔧	2026-09-23T08:17:12.2346699Z (Reading database ... 75%
higress-wasmplugin-test (RUST)	Free Up GitHub Actions Ubuntu Runner Disk Space 🔧	2026-09-23T08:17:12.2504142Z (Reading database ... 80%
higress-wasmplugin-test (RUST)	Free Up GitHub Actions Ubuntu Runner Disk Space 🔧	2026-09-23T08:17:12.2659116Z (Reading database ... 85%
higress-wasmplugin-test (RUST)	Free Up GitHub Actions Ubuntu Runner Disk Space 🔧	2026-09-23T08:17:12.2889619Z (Reading database ... 90%
higress-wasmplugin-test (RUST)	Free Up GitHub Actions Ubuntu Runner Disk Space 🔧	2026-09-23T08:17:12.3003784Z (Reading database ... 95%
higress-wasmplugin-test (RUST)	Free Up GitHub Actions Ubuntu Runner Disk Space 🔧	2026-09-23T08:17:12.3004316Z (Reading database ... 100%
higress-wasmplugin-test (RUST)	Free Up GitHub Actions Ubuntu Runner Disk Space 🔧	2026-09-23T08:17:12.3004781Z (Reading database ... 253085 files and directories currently installed.)
higress-wasmplugin-test (RUST)	Free Up GitHub Actions Ubuntu Runner Disk Space 🔧	2026-09-23T08:17:12.3059557Z Removing php8.1-zip (8.1.2-1ubuntu2.25) ...
higress-wasmplugin-test (RUST)	Free Up GitHub Actions Ubuntu Runner Disk Space 🔧	2026-09-23T08:17:12.4564771Z Removing php8.1-sybase (8.1.2-1ubuntu2.25) ...
higress-wasmplugin-test (RUST)	Free Up GitHub Actions Ubuntu Runner Disk Space 🔧	2026-09-23T08:17:12.5684581Z Removing php-pear (1:1.10.12+submodules+notgz+20210212-1ubuntu3) ...
higress-wasmplugin-test (RUST)	Free Up GitHub Actions Ubuntu Runner Disk Space 🔧	2026-09-23T08:17:12.7544990Z Removing php8.1 (8.1.2-1ubuntu2.25) ...
higress-wasmplugin-test (RUST)	Free Up GitHub Actions Ubuntu Runner Disk Space 🔧	2026-09-23T08:17:12.7796613Z Removing php8.1-amqp (1.11.0-4) ...
higress-wasmplugin-test (RUST)	Free Up GitHub Actions Ubuntu Runner Disk Space 🔧	2026-09-23T08:17:12.8882309Z Removing php8.1-apcu (5.1.21+4.0.11-7ubuntu1) ...
higress-wasmplugin-test (RUST)	Free Up GitHub Actions Ubuntu Runner Disk Space 🔧	2026-09-23T08:17:13.0138649Z Removing php8.1-bcmath (8.1.2-1ubuntu2.25) ...
higress-wasmplugin-test (RUST)	Free Up GitHub Actions Ubuntu Runner Disk Space 🔧	2026-09-23T08:17:13.1195167Z Removing php8.1-bz2 (8.1.2-1ubuntu2.25) ...
higress-wasmplugin-test (RUST)	Free Up GitHub Actions Ubuntu Runner Disk Space 🔧	2026-09-23T08:17:13.2265298Z Removing php8.1-zmq (1.1.3-23) ...
higress-wasmplugin-test (RUST)	Free Up GitHub Actions Ubuntu Runner Disk Space 🔧	2026-09-23T08:17:13.3421724Z Removing php8.1-yaml (2.2.2+2.1.0+2.0.4+1.3.2-5) ...
higress-wasmplugin-test (RUST)	Free Up GitHub Actions Ubuntu Runner Disk Space 🔧	2026-09-23T08:17:13.4520029Z Removing php8.1-cgi (8.1.2-1ubuntu2.25) ...
higress-wasmplugin-test (RUST)	Free Up GitHub Actions Ubuntu Runner Disk Space 🔧	2026-09-23T08:17:14.9147707Z apache2_invoke php8.1-cgi prerm: No action required
higress-wasmplugin-test (RUST)	Free Up GitHub Actions Ubuntu Runner Disk Space 🔧	2026-09-23T08:17:14.9438865Z Removing php8.1-dev (8.1.2-1ubuntu2.25) ...
higress-wasmplugin-test (RUST)	Free Up GitHub Actions Ubuntu Runner Disk Space 🔧	2026-09-23T08:17:15.0345298Z Removing php8.1-xdebug (3.1.2+2.9.8+2.8.1+2.5.5-4) ...
higress-wasmplugin-test (RUST)	Free Up GitHub Actions Ubuntu Runner Disk Space 🔧	2026-09-23T08:17:15.1275190Z Removing php8.1-phpdbg (8.1.2-1ubuntu2.25) ...
higress-wasmplugin-test (RUST)	Free Up GitHub Actions Ubuntu Runner Disk Space 🔧	2026-09-23T08:17:16.3311241Z Removing php8.1-redis (5.3.5+4.3.0-5.1) ...
higress-wasmplugin-test (RUST)	Free Up GitHub Actions Ubuntu Runner Disk Space 🔧	2026-09-23T08:17:16.4094760Z Removing php8.1-xsl (8.1.2-1ubuntu2.25) ...
higress-wasmplugin-test (RUST)	Free Up GitHub Actions Ubuntu Runner Disk Space 🔧	2026-09-23T08:17:16.4268820Z Removing php8.1-soap (8.1.2-1ubuntu2.25) ...
higress-wasmplugin-test (RUST)	Free Up GitHub Actions Ubuntu Runner Disk Space 🔧	2026-09-23T08:17:16.5107199Z Removing php8.1-curl (8.1.2-1ubuntu2.25) ...
higress-wasmplugin-test (RUST)	Free Up GitHub Actions Ubuntu Runner Disk Space 🔧	2026-09-23T08:17:16.5862149Z Removing php8.1-dba (8.1.2-1ubuntu2.25) ...
higress-wasmplugin-test (RUST)	Free Up GitHub Actions Ubuntu Runner Disk Space 🔧	2026-09-23T08:17:16.6547982Z Removing php8.1-enchant (8.1.2-1ubuntu2.25) ...
higress-wasmplugin-test (RUST)	Free Up GitHub Actions Ubuntu Runner Disk Space 🔧	2026-09-23T08:17:16.7361761Z Removing php8.1-pcov (1.0.11-4) ...
higress-wasmplugin-test (RUST)	Free Up GitHub Actions Ubuntu Runner Disk Space 🔧	2026-09-23T08:17:16.7929620Z Removing php8.1-fpm (8.1.2-1ubuntu2.25) ...
higress-wasmplugin-test (RUST)	Free Up GitHub Actions Ubuntu Runner Disk Space 🔧	2026-09-23T08:17:17.8648406Z apache2_invoke php8.1-fpm prerm: No action required
higress-wasmplugin-test (RUST)	Free Up GitHub Actions Ubuntu Runner Disk Space 🔧	2026-09-23T08:17:18.0988611Z Removing php8.1-gd (8.1.2-1ubuntu2.25) ...
higress-wasmplugin-test (RUST)	Free Up GitHub Actions Ubuntu Runner Disk Space 🔧	2026-09-23T08:17:18.1685685Z Removing php8.1-gmp (8.1.2-1ubuntu2.25) ...
higress-wasmplugin-test (RUST)	Free Up GitHub Actions Ubuntu Runner Disk Space 🔧	2026-09-23T08:17:18.2268941Z Removing php8.1-memcached (3.1.5+2.2.0-14.1) ...
higress-wasmplugin-test (RUST)	Free Up GitHub Actions Ubuntu Runner Disk Space 🔧	2026-09-23T08:17:18.2941422Z Removing php8.1-igbinary (3.2.6+2.0.8-7ubuntu1) ...
higress-wasmplugin-test (RUST)	Free Up GitHub Actions Ubuntu Runner Disk Space 🔧	2026-09-23T08:17:18.3620854Z Removing php8.1-imagick (3.6.0-4ubuntu1) ...
higress-wasmplugin-test (RUST)	Free Up GitHub Actions Ubuntu Runner Disk Space 🔧	2026-09-23T08:17:18.4270706Z Removing php8.1-imap (8.1.2-1ubuntu2.25) ...
higress-wasmplugin-test (RUST)	Free Up GitHub Actions Ubuntu Runner Disk Space 🔧	2026-09-23T08:17:18.4890610Z Removing php8.1-interbase (8.1.2-1ubuntu2.25) ...
higress-wasmplugin-test (RUST)	Free Up GitHub Actions Ubuntu Runner Disk Space 🔧	2026-09-23T08:17:18.5490626Z Removing php8.1-intl (8.1.2-1ubuntu2.25) ...
higress-wasmplugin-test (RUST)	Free Up GitHub Actions Ubuntu Runner Disk Space 🔧	2026-09-23T08:17:18.6137308Z Removing php8.1-ldap (8.1.2-1ubuntu2.25) ...
higress-wasmplugin-test (RUST)	Free Up GitHub Actions Ubuntu Runner Disk Space 🔧	2026-09-23T08:17:18.6675902Z Removing php8.1-mbstring (8.1.2-1ubuntu2.25) ...
higress-wasmplugin-test (RUST)	Free Up GitHub Actions Ubuntu Runner Disk Space 🔧	2026-09-23T08:17:18.7256529Z Removing php8.1-memcache (8.0+4.0.5.2+3.0.9~20170802.e702b5f9+-7) ...
higress-wasmplugin-test (RUST)	Free Up GitHub Actions Ubuntu Runner Disk Space 🔧	2026-09-23T08:17:18.7844929Z Removing php8.1-mongodb (1.12.0+1.9.2+1.7.5-4) ...
higress-wasmplugin-test (RUST)	Free Up GitHub Actions Ubuntu Runner Disk Space 🔧	2026-09-23T08:17:18.8415553Z Removing php8.1-msgpack (2.2.0~rc1+2.1.2+0.5.7-6) ...
higress-wasmplugin-test (RUST)	Free Up GitHub Actions Ubuntu Runner Disk Space 🔧	2026-09-23T08:17:18.9055689Z Removing php8.1-mysql (8.1.2-1ubuntu2.25) ...
higress-wasmplugin-test (RUST)	Free Up GitHub Actions Ubuntu Runner Disk Space 🔧	2026-09-23T08:17:19.0230925Z Removing php8.1-odbc (8.1.2-1ubuntu2.25) ...
higress-wasmplugin-test (RUST)	Free Up GitHub Actions Ubuntu Runner Disk Space 🔧	2026-09-23T08:17:19.1107946Z Removing php8.1-pgsql (8.1.2-1ubuntu2.25) ...
higress-wasmplugin-test (RUST)	Free Up GitHub Actions Ubuntu Runner Disk Space 🔧	2026-09-23T08:17:19.1860333Z Removing php8.1-pspell (8.1.2-1ubuntu2.25) ...
higress-wasmplugin-test (RUST)	Free Up GitHub Actions Ubuntu Runner Disk Space 🔧	2026-09-23T08:17:19.2541934Z Removing php8.1-snmp (8.1.2-1ubuntu2.25) ...
higress-wasmplugin-test (RUST)	Free Up GitHub Actions Ubuntu Runner Disk Space 🔧	2026-09-23T08:17:19.3065130Z Removing php8.1-sqlite3 (8.1.2-1ubuntu2.25) ...
higress-wasmplugin-test (RUST)	Free Up GitHub Actions Ubuntu Runner Disk Space 🔧	2026-09-23T08:17:19.3832923Z Removing php8.1-tidy (8.1.2-1ubuntu2.25) ...
higress-wasmplugin-test (RUST)	Free Up GitHub Actions Ubuntu Runner Disk Space 🔧	2026-09-23T08:17:19.4509231Z Removing php8.1-xml (8.1.2-1ubuntu2.25) ...
higress-wasmplugin-test (RUST)	Free Up GitHub Actions Ubuntu Runner Disk Space 🔧	2026-09-23T08:17:19.6239807Z Removing php8.1-cli (8.1.2-1ubuntu2.25) ...
higress-wasmplugin-test (RUST)	Free Up GitHub Actions Ubuntu Runner Disk Space 🔧	2026-09-23T08:17:20.0729994Z Removing php8.1-opcache (8.1.2-1ubuntu2.25) ...
higress-wasmplugin-test (RUST)	Free Up GitHub Actions Ubuntu Runner Disk Space 🔧	2026-09-23T08:17:20.1167487Z Removing php8.1-readline (8.1.2-1ubuntu2.25) ...
higress-wasmplugin-test (RUST)	Free Up GitHub Actions Ubuntu Runner Disk Space 🔧	2026-09-23T08:17:20.1665126Z Removing php8.1-common (8.1.2-1ubuntu2.25) ...
higress-wasmplugin-test (RUST)	Free Up GitHub Actions Ubuntu Runner Disk Space 🔧	2026-09-23T08:17:20.3293767Z Removing php-common (2:92ubuntu1) ...
higress-wasmplugin-test (RUST)	Free Up GitHub Actions Ubuntu Runner Disk Space 🔧	2026-09-23T08:17:20.3556051Z Warning: Stopping phpsessionclean.service, but it can still be activated by:
higress-wasmplugin-test (RUST)	Free Up GitHub Actions Ubuntu Runner Disk Space 🔧	2026-09-23T08:17:20.3556685Z   phpsessionclean.timer
higress-wasmplugin-test (RUST)	Free Up GitHub Actions Ubuntu Runner Disk Space 🔧	2026-09-23T08:17:20.8668009Z Processing triggers for man-db (2.10.2-1) ...
higress-wasmplugin-test (RUST)	Free Up GitHub Actions Ubuntu Runner Disk Space 🔧	2026-09-23T08:17:20.8690377Z Not building database; man-db/auto-update is not 'true'.
higress-wasmplugin-test (RUST)	Free Up GitHub Actions Ubuntu Runner Disk Space 🔧	2026-09-23T08:17:22.2136772Z Reading package lists...
higress-wasmplugin-test (RUST)	Free Up GitHub Actions Ubuntu Runner Disk Space 🔧	2026-09-23T08:17:22.4513607Z Building dependency tree...
higress-wasmplugin-test (RUST)	Free Up GitHub Actions Ubuntu Runner Disk Space 🔧	2026-09-23T08:17:22.4521964Z Reading state information...
higress-wasmplugin-test (RUST)	Free Up GitHub Actions Ubuntu Runner Disk Space 🔧	2026-09-23T08:17:22.7274447Z Package 'mongodb-dev' is not installed, so not removed
higress-wasmplugin-test (RUST)	Free Up GitHub Actions Ubuntu Runner Disk Space 🔧	2026-09-23T08:17:22.7275011Z Package 'mongodb-server' is not installed, so not removed
higress-wasmplugin-test (RUST)	Free Up GitHub Actions Ubuntu Runner Disk Space 🔧	2026-09-23T08:17:22.7275486Z 0 upgraded, 0 newly installed, 0 to remove and 8 not upgraded.
higress-wasmplugin-test (RUST)	Free Up GitHub Actions Ubuntu Runner Disk Space 🔧	2026-09-23T08:17:22.7748504Z Reading package lists...
higress-wasmplugin-test (RUST)	Free Up GitHub Actions Ubuntu Runner Disk Space 🔧	2026-09-23T08:17:23.0083185Z Building dependency tree...
higress-wasmplugin-test (RUST)	Free Up GitHub Actions Ubuntu Runner Disk Space 🔧	2026-09-23T08:17:23.0094426Z Reading state information...
higress-wasmplugin-test (RUST)	Free Up GitHub Actions Ubuntu Runner Disk Space 🔧	2026-09-23T08:17:23.2804172Z Package 'mysql-client-5.7' is not installed, so not removed
higress-wasmplugin-test (RUST)	Free Up GitHub Actions Ubuntu Runner Disk Space 🔧	2026-09-23T08:17:23.2805127Z Package 'mysql-client-core-5.7' is not installed, so not removed
higress-wasmplugin-test (RUST)	Free Up GitHub Actions Ubuntu Runner Disk Space 🔧	2026-09-23T08:17:23.2805892Z Package 'mysql-server-5.5' is not installed, so not removed
higress-wasmplugin-test (RUST)	Free Up GitHub Actions Ubuntu Runner Disk Space 🔧	2026-09-23T08:17:23.2806579Z Package 'mysql-server-5.7' is not installed, so not removed
higress-wasmplugin-test (RUST)	Free Up GitHub Actions Ubuntu Runner Disk Space 🔧	2026-09-23T08:17:23.2807206Z Package 'mysql-server-core-5.7' is not installed, so not removed
higress-wasmplugin-test (RUST)	Free Up GitHub Actions Ubuntu Runner Disk Space 🔧	2026-09-23T08:17:23.2807904Z Package 'mysql-client-core-5.5' is not installed, so not removed
higress-wasmplugin-test (RUST)	Free Up GitHub Actions Ubuntu Runner Disk Space 🔧	2026-09-23T08:17:23.2808669Z Package 'mysql-client-core-5.6' is not installed, so not removed
higress-wasmplugin-test (RUST)	Free Up GitHub Actions Ubuntu Runner Disk Space 🔧	2026-09-23T08:17:23.2809280Z Package 'mysql-client-5.5' is not installed, so not removed
higress-wasmplugin-test (RUST)	Free Up GitHub Actions Ubuntu Runner Disk Space 🔧	2026-09-23T08:17:23.2809923Z Package 'mysql-client-5.6' is not installed, so not removed
higress-wasmplugin-test (RUST)	Free Up GitHub Actions Ubuntu Runner Disk Space 🔧	2026-09-23T08:17:23.2810583Z Package 'mysql-server-core-5.5' is not installed, so not removed
higress-wasmplugin-test (RUST)	Free Up GitHub Actions Ubuntu Runner Disk Space 🔧	2026-09-23T08:17:23.2811296Z Package 'mysql-server-core-5.6' is not installed, so not removed
higress-wasmplugin-test (RUST)	Free Up GitHub Actions Ubuntu Runner Disk Space 🔧	2026-09-23T08:17:23.2811963Z Package 'mysql-server-5.6' is not installed, so not removed
higress-wasmplugin-test (RUST)	Free Up GitHub Actions Ubuntu Runner Disk Space 🔧	2026-09-23T08:17:23.2812631Z Package 'mysql-testsuite-5.5' is not installed, so not removed
higress-wasmplugin-test (RUST)	Free Up GitHub Actions Ubuntu Runner Disk Space 🔧	2026-09-23T08:17:23.2813293Z Package 'mysql-testsuite-5.6' is not installed, so not removed
higress-wasmplugin-test (RUST)	Free Up GitHub Actions Ubuntu Runner Disk Space 🔧	2026-09-23T08:17:23.2814168Z Package 'mysql-testsuite-5.7' is not installed, so not removed
higress-wasmplugin-test (RUST)	Free Up GitHub Actions Ubuntu Runner Disk Space 🔧	2026-09-23T08:17:23.2814886Z Package 'mysql-sandbox' is not installed, so not removed
higress-wasmplugin-test (RUST)	Free Up GitHub Actions Ubuntu Runner Disk Space 🔧	2026-09-23T08:17:23.2815536Z Package 'mysql-router' is not installed, so not removed
higress-wasmplugin-test (RUST)	Free Up GitHub Actions Ubuntu Runner Disk Space 🔧	2026-09-23T08:17:23.2816232Z Package 'mysql-source-8.0' is not installed, so not removed
higress-wasmplugin-test (RUST)	Free Up GitHub Actions Ubuntu Runner Disk Space 🔧	2026-09-23T08:17:23.2816888Z Package 'mysql-testsuite' is not installed, so not removed
higress-wasmplugin-test (RUST)	Free Up GitHub Actions Ubuntu Runner Disk Space 🔧	2026-09-23T08:17:23.2817575Z Package 'mysql-testsuite-8.0' is not installed, so not removed
higress-wasmplugin-test (RUST)	Free Up GitHub Actions Ubuntu Runner Disk Space 🔧	2026-09-23T08:17:23.2818172Z The following packages will be REMOVED:
higress-wasmplugin-test (RUST)	Free Up GitHub Actions Ubuntu Runner Disk Space 🔧	2026-09-23T08:17:23.2818775Z   libmysqlclient-dev libmysqlclient21 mysql-client mysql-client-8.0
higress-wasmplugin-test (RUST)	Free Up GitHub Actions Ubuntu Runner Disk Space 🔧	2026-09-23T08:17:23.2819443Z   mysql-client-core-8.0 mysql-common mysql-server mysql-server-8.0
higress-wasmplugin-test (RUST)	Free Up GitHub Actions Ubuntu Runner Disk Space 🔧	2026-09-23T08:17:23.2819969Z   mysql-server-core-8.0 sphinxsearch
higress-wasmplugin-test (RUST)	Free Up GitHub Actions Ubuntu Runner Disk Space 🔧	2026-09-23T08:17:23.5393329Z 0 upgraded, 0 newly installed, 10 to remove and 8 not upgraded.
higress-wasmplugin-test (RUST)	Free Up GitHub Actions Ubuntu Runner Disk Space 🔧	2026-09-23T08:17:23.5394137Z After this operation, 210 MB disk space will be freed.
higress-wasmplugin-test (RUST)	Free Up GitHub Actions Ubuntu Runner Disk Space 🔧	2026-09-23T08:17:23.5591738Z (Reading database ... 
higress-wasmplugin-test (RUST)	Free Up GitHub Actions Ubuntu Runner Disk Space 🔧	2026-09-23T08:17:23.5592130Z (Reading database ... 5%
higress-wasmplugin-test (RUST)	Free Up GitHub Actions Ubuntu Runner Disk Space 🔧	2026-09-23T08:17:23.5592356Z (Reading database ... 10%
higress-wasmplugin-test (RUST)	Free Up GitHub Actions Ubuntu Runner Disk Space 🔧	2026-09-23T08:17:23.5592572Z (Reading database ... 15%
higress-wasmplugin-test (RUST)	Free Up GitHub Actions Ubuntu Runner Disk Space 🔧	2026-09-23T08:17:23.5593038Z (Reading database ... 20%
higress-wasmplugin-test (RUST)	Free Up GitHub Actions Ubuntu Runner Disk Space 🔧	2026-09-23T08:17:23.5593254Z (Reading database ... 25%
higress-wasmplugin-test (RUST)	Free Up GitHub Actions Ubuntu Runner Disk Space 🔧	2026-09-23T08:17:23.5593457Z (Reading database ... 30%
higress-wasmplugin-test (RUST)	Free Up GitHub Actions Ubuntu Runner Disk Space 🔧	2026-09-23T08:17:23.5593660Z (Reading database ... 35%
higress-wasmplugin-test (RUST)	Free Up GitHub Actions Ubuntu Runner Disk Space 🔧	2026-09-23T08:17:23.5594359Z (Reading database ... 40%
higress-wasmplugin-test (RUST)	Free Up GitHub Actions Ubuntu Runner Disk Space 🔧	2026-09-23T08:17:23.5594578Z (Reading database ... 45%
higress-wasmplugin-test (RUST)	Free Up GitHub Actions Ubuntu Runner Disk Space 🔧	2026-09-23T08:17:23.5594791Z (Reading database ... 50%
higress-wasmplugin-test (RUST)	Free Up GitHub Actions Ubuntu Runner Disk Space 🔧	2026-09-23T08:17:23.5609367Z (Reading database ... 55%
higress-wasmplugin-test (RUST)	Free Up GitHub Actions Ubuntu Runner Disk Space 🔧	2026-09-23T08:17:23.5633562Z (Reading database ... 60%
higress-wasmplugin-test (RUST)	Free Up GitHub Actions Ubuntu Runner Disk Space 🔧	2026-09-23T08:17:23.5656703Z (Reading database ... 65%
higress-wasmplugin-test (RUST)	Free Up GitHub Actions Ubuntu Runner Disk Space 🔧	2026-09-23T08:17:23.5672890Z (Reading database ... 70%
higress-wasmplugin-test (RUST)	Free Up GitHub Actions Ubuntu Runner Disk Space 🔧	2026-09-23T08:17:23.5770472Z (Reading database ... 75%
higress-wasmplugin-test (RUST)	Free Up GitHub Actions Ubuntu Runner Disk Space 🔧	2026-09-23T08:17:23.5954581Z (Reading database ... 80%
higress-wasmplugin-test (RUST)	Free Up GitHub Actions Ubuntu Runner Disk Space 🔧	2026-09-23T08:17:23.6131622Z (Reading database ... 85%
higress-wasmplugin-test (RUST)	Free Up GitHub Actions Ubuntu Runner Disk Space 🔧	2026-09-23T08:17:23.6367788Z (Reading database ... 90%
higress-wasmplugin-test (RUST)	Free Up GitHub Actions Ubuntu Runner Disk Space 🔧	2026-09-23T08:17:23.6482949Z (Reading database ... 95%
higress-wasmplugin-test (RUST)	Free Up GitHub Actions Ubuntu Runner Disk Space 🔧	2026-09-23T08:17:23.6483403Z (Reading database ... 100%
higress-wasmplugin-test (RUST)	Free Up GitHub Actions Ubuntu Runner Disk Space 🔧	2026-09-23T08:17:23.6484067Z (Reading database ... 252098 files and directories currently installed.)
higress-wasmplugin-test (RUST)	Free Up GitHub Actions Ubuntu Runner Disk Space 🔧	2026-09-23T08:17:23.6539663Z Removing libmysqlclient-dev (8.0.46-0ubuntu0.22.04.4) ...
higress-wasmplugin-test (RUST)	Free Up GitHub Actions Ubuntu Runner Disk Space 🔧	2026-09-23T08:17:23.6924240Z Removing sphinxsearch (2.2.11-8) ...
higress-wasmplugin-test (RUST)	Free Up GitHub Actions Ubuntu Runner Disk Space 🔧	2026-09-23T08:17:23.7572273Z Removing libmysqlclient21:amd64 (8.0.46-0ubuntu0.22.04.4) ...
higress-wasmplugin-test (RUST)	Free Up GitHub Actions Ubuntu Runner Disk Space 🔧	2026-09-23T08:17:23.7877668Z Removing mysql-client (8.0.46-0ubuntu0.22.04.4) ...
higress-wasmplugin-test (RUST)	Free Up GitHub Actions Ubuntu Runner Disk Space 🔧	2026-09-23T08:17:23.8046751Z Removing mysql-server (8.0.46-0ubuntu0.22.04.4) ...
higress-wasmplugin-test (RUST)	Free Up GitHub Actions Ubuntu Runner Disk Space 🔧	2026-09-23T08:17:23.8222712Z Removing mysql-server-8.0 (8.0.46-0ubuntu0.22.04.4) ...
higress-wasmplugin-test (RUST)	Free Up GitHub Actions Ubuntu Runner Disk Space 🔧	2026-09-23T08:17:24.0661458Z update-alternatives: using /etc/mysql/my.cnf.fallback to provide /etc/mysql/my.cnf (my.cnf) in auto mode
higress-wasmplugin-test (RUST)	Free Up GitHub Actions Ubuntu Runner Disk Space 🔧	2026-09-23T08:17:24.2855654Z Removing mysql-client-8.0 (8.0.46-0ubuntu0.22.04.4) ...
higress-wasmplugin-test (RUST)	Free Up GitHub Actions Ubuntu Runner Disk Space 🔧	2026-09-23T08:17:24.3043164Z Removing mysql-client-core-8.0 (8.0.46-0ubuntu0.22.04.4) ...
higress-wasmplugin-test (RUST)	Free Up GitHub Actions Ubuntu Runner Disk Space 🔧	2026-09-23T08:17:24.3290921Z Removing mysql-common (5.8+1.0.8) ...
higress-wasmplugin-test (RUST)	Free Up GitHub Actions Ubuntu Runner Disk Space 🔧	2026-09-23T08:17:24.3767872Z Removing mysql-server-core-8.0 (8.0.46-0ubuntu0.22.04.4) ...
higress-wasmplugin-test (RUST)	Free Up GitHub Actions Ubuntu Runner Disk Space 🔧	2026-09-23T08:17:24.4535807Z Processing triggers for man-db (2.10.2-1) ...
higress-wasmplugin-test (RUST)	Free Up GitHub Actions Ubuntu Runner Disk Space 🔧	2026-09-23T08:17:24.4558941Z Not building database; man-db/auto-update is not 'true'.
higress-wasmplugin-test (RUST)	Free Up GitHub Actions Ubuntu Runner Disk Space 🔧	2026-09-23T08:17:24.4574322Z Processing triggers for libc-bin (2.35-0ubuntu3.14) ...
higress-wasmplugin-test (RUST)	Free Up GitHub Actions Ubuntu Runner Disk Space 🔧	2026-09-23T08:17:25.8458435Z Reading package lists...
higress-wasmplugin-test (RUST)	Free Up GitHub Actions Ubuntu Runner Disk Space 🔧	2026-09-23T08:17:26.0708959Z Building dependency tree...
higress-wasmplugin-test (RUST)	Free Up GitHub Actions Ubuntu Runner Disk Space 🔧	2026-09-23T08:17:26.0719789Z Reading state information...
higress-wasmplugin-test (RUST)	Free Up GitHub Actions Ubuntu Runner Disk Space 🔧	2026-09-23T08:17:26.2725724Z The following packages will be REMOVED:
higress-wasmplugin-test (RUST)	Free Up GitHub Actions Ubuntu Runner Disk Space 🔧	2026-09-23T08:17:26.2727751Z   azure-cli firefox google-chrome-stable libgl1 libgl1-mesa-dri libglx-mesa0
higress-wasmplugin-test (RUST)	Free Up GitHub Actions Ubuntu Runner Disk Space 🔧	2026-09-23T08:17:26.2733387Z   libglx0 mono-complete mono-devel mono-roslyn mono-xsp4 mono-xsp4-base
higress-wasmplugin-test (RUST)	Free Up GitHub Actions Ubuntu Runner Disk Space 🔧	2026-09-23T08:17:26.2735534Z   monodoc-http monodoc-manual powershell xvfb
higress-wasmplugin-test (RUST)	Free Up GitHub Actions Ubuntu Runner Disk Space 🔧	2026-09-23T08:17:26.5231281Z 0 upgraded, 0 newly installed, 16 to remove and 7 not upgraded.
higress-wasmplugin-test (RUST)	Free Up GitHub Actions Ubuntu Runner Disk Space 🔧	2026-09-23T08:17:26.5231861Z After this operation, 1755 MB disk space will be freed.
higress-wasmplugin-test (RUST)	Free Up GitHub Actions Ubuntu Runner Disk Space 🔧	2026-09-23T08:17:26.5401391Z (Reading database ... 
higress-wasmplugin-test (RUST)	Free Up GitHub Actions Ubuntu Runner Disk Space 🔧	2026-09-23T08:17:26.5401814Z (Reading database ... 5%
higress-wasmplugin-test (RUST)	Free Up GitHub Actions Ubuntu Runner Disk Space 🔧	2026-09-23T08:17:26.5402126Z (Reading database ... 10%
higress-wasmplugin-test (RUST)	Free Up GitHub Actions Ubuntu Runner Disk Space 🔧	2026-09-23T08:17:26.5402492Z (Reading database ... 15%
higress-wasmplugin-test (RUST)	Free Up GitHub Actions Ubuntu Runner Disk Space 🔧	2026-09-23T08:17:26.5402793Z (Reading database ... 20%
higress-wasmplugin-test (RUST)	Free Up GitHub Actions Ubuntu Runner Disk Space 🔧	2026-09-23T08:17:26.5403525Z (Reading database ... 25%
higress-wasmplugin-test (RUST)	Free Up GitHub Actions Ubuntu Runner Disk Space 🔧	2026-09-23T08:17:26.5403959Z (Reading database ... 30%
higress-wasmplugin-test (RUST)	Free Up GitHub Actions Ubuntu Runner Disk Space 🔧	2026-09-23T08:17:26.5404282Z (Reading database ... 35%
higress-wasmplugin-test (RUST)	Free Up GitHub Actions Ubuntu Runner Disk Space 🔧	2026-09-23T08:17:26.5404582Z (Reading database ... 40%
higress-wasmplugin-test (RUST)	Free Up GitHub Actions Ubuntu Runner Disk Space 🔧	2026-09-23T08:17:26.5404882Z (Reading database ... 45%
higress-wasmplugin-test (RUST)	Free Up GitHub Actions Ubuntu Runner Disk Space 🔧	2026-09-23T08:17:26.5405178Z (Reading database ... 50%
higress-wasmplugin-test (RUST)	Free Up GitHub Actions Ubuntu Runner Disk Space 🔧	2026-09-23T08:17:26.5419662Z (Reading database ... 55%
higress-wasmplugin-test (RUST)	Free Up GitHub Actions Ubuntu Runner Disk Space 🔧	2026-09-23T08:17:26.5443558Z (Reading database ... 60%
higress-wasmplugin-test (RUST)	Free Up GitHub Actions Ubuntu Runner Disk Space 🔧	2026-09-23T08:17:26.5466719Z (Reading database ... 65%
higress-wasmplugin-test (RUST)	Free Up GitHub Actions Ubuntu Runner Disk Space 🔧	2026-09-23T08:17:26.5482866Z (Reading database ... 70%
higress-wasmplugin-test (RUST)	Free Up GitHub Actions Ubuntu Runner Disk Space 🔧	2026-09-23T08:17:26.5580686Z (Reading database ... 75%
higress-wasmplugin-test (RUST)	Free Up GitHub Actions Ubuntu Runner Disk Space 🔧	2026-09-23T08:17:26.5760742Z (Reading database ... 80%
higress-wasmplugin-test (RUST)	Free Up GitHub Actions Ubuntu Runner Disk Space 🔧	2026-09-23T08:17:26.5929482Z (Reading database ... 85%
higress-wasmplugin-test (RUST)	Free Up GitHub Actions Ubuntu Runner Disk Space 🔧	2026-09-23T08:17:26.6158177Z (Reading database ... 90%
higress-wasmplugin-test (RUST)	Free Up GitHub Actions Ubuntu Runner Disk Space 🔧	2026-09-23T08:17:26.6267767Z (Reading database ... 95%
higress-wasmplugin-test (RUST)	Free Up GitHub Actions Ubuntu Runner Disk Space 🔧	2026-09-23T08:17:26.6268187Z (Reading database ... 100%
higress-wasmplugin-test (RUST)	Free Up GitHub Actions Ubuntu Runner Disk Space 🔧	2026-09-23T08:17:26.6269141Z (Reading database ... 251831 files and directories currently installed.)
higress-wasmplugin-test (RUST)	Free Up GitHub Actions Ubuntu Runner Disk Space 🔧	2026-09-23T08:17:26.6323969Z Removing azure-cli (2.90.0-1~jammy) ...
higress-wasmplugin-test (RUST)	Free Up GitHub Actions Ubuntu Runner Disk Space 🔧	2026-09-23T08:17:30.7322154Z Removing firefox (155.0+build1-0ubuntu0.22.04.1~mt1) ...
higress-wasmplugin-test (RUST)	Free Up GitHub Actions Ubuntu Runner Disk Space 🔧	2026-09-23T08:17:30.8885130Z Removing google-chrome-stable (152.0.7977.82-1) ...
higress-wasmplugin-test (RUST)	Free Up GitHub Actions Ubuntu Runner Disk Space 🔧	2026-09-23T08:17:31.0768485Z Removing xvfb (2:21.1.4-2ubuntu1.7~22.04.16) ...
higress-wasmplugin-test (RUST)	Free Up GitHub Actions Ubuntu Runner Disk Space 🔧	2026-09-23T08:17:31.1014917Z Removing libgl1:amd64 (1.4.0-1) ...
higress-wasmplugin-test (RUST)	Free Up GitHub Actions Ubuntu Runner Disk Space 🔧	2026-09-23T08:17:31.1228878Z Removing libglx0:amd64 (1.4.0-1) ...
higress-wasmplugin-test (RUST)	Free Up GitHub Actions Ubuntu Runner Disk Space 🔧	2026-09-23T08:17:31.1474145Z Removing libglx-mesa0:amd64 (23.2.1-1ubuntu3.1~22.04.4) ...
higress-wasmplugin-test (RUST)	Free Up GitHub Actions Ubuntu Runner Disk Space 🔧	2026-09-23T08:17:31.1823769Z Removing libgl1-mesa-dri:amd64 (23.2.1-1ubuntu3.1~22.04.4) ...
higress-wasmplugin-test (RUST)	Free Up GitHub Actions Ubuntu Runner Disk Space 🔧	2026-09-23T08:17:31.2170216Z Removing mono-complete (6.12.0.200-0xamarin2+ubuntu2004b1) ...
higress-wasmplugin-test (RUST)	Free Up GitHub Actions Ubuntu Runner Disk Space 🔧	2026-09-23T08:17:31.2521621Z Removing powershell (7.6.5-1.deb) ...
higress-wasmplugin-test (RUST)	Free Up GitHub Actions Ubuntu Runner Disk Space 🔧	2026-09-23T08:17:31.3498837Z Removing monodoc-http (4.2-3.1) ...
higress-wasmplugin-test (RUST)	Free Up GitHub Actions Ubuntu Runner Disk Space 🔧	2026-09-23T08:17:31.4979561Z Restarting mono-xsp4 (via systemctl): mono-xsp4.service.
higress-wasmplugin-test (RUST)	Free Up GitHub Actions Ubuntu Runner Disk Space 🔧	2026-09-23T08:17:31.5209869Z Removing monodoc-manual (6.12.0.200-0xamarin2+ubuntu2004b1) ...
higress-wasmplugin-test (RUST)	Free Up GitHub Actions Ubuntu Runner Disk Space 🔧	2026-09-23T08:17:31.5527404Z Removing mono-xsp4 (4.7.1-0xamarin3+ubuntu2004b1) ...
higress-wasmplugin-test (RUST)	Free Up GitHub Actions Ubuntu Runner Disk Space 🔧	2026-09-23T08:17:31.6176477Z Removing mono-xsp4-base (4.7.1-0xamarin3+ubuntu2004b1) ...
higress-wasmplugin-test (RUST)	Free Up GitHub Actions Ubuntu Runner Disk Space 🔧	2026-09-23T08:17:31.6738522Z Removing mono-roslyn (6.12.0.200-0xamarin2+ubuntu2004b1) ...
higress-wasmplugin-test (RUST)	Free Up GitHub Actions Ubuntu Runner Disk Space 🔧	2026-09-23T08:17:31.7701601Z Removing mono-devel (6.12.0.200-0xamarin2+ubuntu2004b1) ...
higress-wasmplugin-test (RUST)	Free Up GitHub Actions Ubuntu Runner Disk Space 🔧	2026-09-23T08:17:31.9797132Z Processing triggers for libc-bin (2.35-0ubuntu3.14) ...
higress-wasmplugin-test (RUST)	Free Up GitHub Actions Ubuntu Runner Disk Space 🔧	2026-09-23T08:17:31.9932422Z Processing triggers for man-db (2.10.2-1) ...
higress-wasmplugin-test (RUST)	Free Up GitHub Actions Ubuntu Runner Disk Space 🔧	2026-09-23T08:17:31.9950686Z Not building database; man-db/auto-update is not 'true'.
higress-wasmplugin-test (RUST)	Free Up GitHub Actions Ubuntu Runner Disk Space 🔧	2026-09-23T08:17:31.9967568Z Processing triggers for mailcap (3.70+nmu1ubuntu1.22.04.1) ...
higress-wasmplugin-test (RUST)	Free Up GitHub Actions Ubuntu Runner Disk Space 🔧	2026-09-23T08:17:32.0879078Z Processing triggers for hicolor-icon-theme (0.17-2) ...
higress-wasmplugin-test (RUST)	Free Up GitHub Actions Ubuntu Runner Disk Space 🔧	2026-09-23T08:17:33.5949621Z Reading package lists...
higress-wasmplugin-test (RUST)	Free Up GitHub Actions Ubuntu Runner Disk Space 🔧	2026-09-23T08:17:33.8034791Z Building dependency tree...
higress-wasmplugin-test (RUST)	Free Up GitHub Actions Ubuntu Runner Disk Space 🔧	2026-09-23T08:17:33.8042638Z Reading state information...
higress-wasmplugin-test (RUST)	Free Up GitHub Actions Ubuntu Runner Disk Space 🔧	2026-09-23T08:17:33.9992975Z Package 'google-cloud-sdk' is not installed, so not removed
higress-wasmplugin-test (RUST)	Free Up GitHub Actions Ubuntu Runner Disk Space 🔧	2026-09-23T08:17:33.9993651Z 0 upgraded, 0 newly installed, 0 to remove and 7 not upgraded.
higress-wasmplugin-test (RUST)	Free Up GitHub Actions Ubuntu Runner Disk Space 🔧	2026-09-23T08:17:34.0463305Z Reading package lists...
higress-wasmplugin-test (RUST)	Free Up GitHub Actions Ubuntu Runner Disk Space 🔧	2026-09-23T08:17:34.2724835Z Building dependency tree...
higress-wasmplugin-test (RUST)	Free Up GitHub Actions Ubuntu Runner Disk Space 🔧	2026-09-23T08:17:34.2734814Z Reading state information...
higress-wasmplugin-test (RUST)	Free Up GitHub Actions Ubuntu Runner Disk Space 🔧	2026-09-23T08:17:34.4635233Z The following packages will be REMOVED:
higress-wasmplugin-test (RUST)	Free Up GitHub Actions Ubuntu Runner Disk Space 🔧	2026-09-23T08:17:34.4641150Z   google-cloud-cli
higress-wasmplugin-test (RUST)	Free Up GitHub Actions Ubuntu Runner Disk Space 🔧	2026-09-23T08:17:34.7093587Z 0 upgraded, 0 newly installed, 1 to remove and 7 not upgraded.
higress-wasmplugin-test (RUST)	Free Up GitHub Actions Ubuntu Runner Disk Space 🔧	2026-09-23T08:17:34.7094300Z After this operation, 423 MB disk space will be freed.
higress-wasmplugin-test (RUST)	Free Up GitHub Actions Ubuntu Runner Disk Space 🔧	2026-09-23T08:17:34.7262906Z (Reading database ... 
higress-wasmplugin-test (RUST)	Free Up GitHub Actions Ubuntu Runner Disk Space 🔧	2026-09-23T08:17:34.7263586Z (Reading database ... 5%
higress-wasmplugin-test (RUST)	Free Up GitHub Actions Ubuntu Runner Disk Space 🔧	2026-09-23T08:17:34.7264541Z (Reading database ... 10%
higress-wasmplugin-test (RUST)	Free Up GitHub Actions Ubuntu Runner Disk Space 🔧	2026-09-23T08:17:34.7264870Z (Reading database ... 15%
higress-wasmplugin-test (RUST)	Free Up GitHub Actions Ubuntu Runner Disk Space 🔧	2026-09-23T08:17:34.7265087Z (Reading database ... 20%
higress-wasmplugin-test (RUST)	Free Up GitHub Actions Ubuntu Runner Disk Space 🔧	2026-09-23T08:17:34.7265295Z (Reading database ... 25%
higress-wasmplugin-test (RUST)	Free Up GitHub Actions Ubuntu Runner Disk Space 🔧	2026-09-23T08:17:34.7265500Z (Reading database ... 30%
higress-wasmplugin-test (RUST)	Free Up GitHub Actions Ubuntu Runner Disk Space 🔧	2026-09-23T08:17:34.7265740Z (Reading database ... 35%
higress-wasmplugin-test (RUST)	Free Up GitHub Actions Ubuntu Runner Disk Space 🔧	2026-09-23T08:17:34.7265954Z (Reading database ... 40%
higress-wasmplugin-test (RUST)	Free Up GitHub Actions Ubuntu Runner Disk Space 🔧	2026-09-23T08:17:34.7266152Z (Reading database ... 45%
higress-wasmplugin-test (RUST)	Free Up GitHub Actions Ubuntu Runner Disk Space 🔧	2026-09-23T08:17:34.7266354Z (Reading database ... 50%
higress-wasmplugin-test (RUST)	Free Up GitHub Actions Ubuntu Runner Disk Space 🔧	2026-09-23T08:17:34.7280183Z (Reading database ... 55%
higress-wasmplugin-test (RUST)	Free Up GitHub Actions Ubuntu Runner Disk Space 🔧	2026-09-23T08:17:34.7304486Z (Reading database ... 60%
higress-wasmplugin-test (RUST)	Free Up GitHub Actions Ubuntu Runner Disk Space 🔧	2026-09-23T08:17:34.7327989Z (Reading database ... 65%
higress-wasmplugin-test (RUST)	Free Up GitHub Actions Ubuntu Runner Disk Space 🔧	2026-09-23T08:17:34.7343940Z (Reading database ... 70%
higress-wasmplugin-test (RUST)	Free Up GitHub Actions Ubuntu Runner Disk Space 🔧	2026-09-23T08:17:34.7447014Z (Reading database ... 75%
higress-wasmplugin-test (RUST)	Free Up GitHub Actions Ubuntu Runner Disk Space 🔧	2026-09-23T08:17:34.7517843Z (Reading database ... 80%
higress-wasmplugin-test (RUST)	Free Up GitHub Actions Ubuntu Runner Disk Space 🔧	2026-09-23T08:17:34.7678107Z (Reading database ... 85%
higress-wasmplugin-test (RUST)	Free Up GitHub Actions Ubuntu Runner Disk Space 🔧	2026-09-23T08:17:34.7896701Z (Reading database ... 90%
higress-wasmplugin-test (RUST)	Free Up GitHub Actions Ubuntu Runner Disk Space 🔧	2026-09-23T08:17:34.7994876Z (Reading database ... 95%
higress-wasmplugin-test (RUST)	Free Up GitHub Actions Ubuntu Runner Disk Space 🔧	2026-09-23T08:17:34.7995189Z (Reading database ... 100%
higress-wasmplugin-test (RUST)	Free Up GitHub Actions Ubuntu Runner Disk Space 🔧	2026-09-23T08:17:34.7995594Z (Reading database ... 218174 files and directories currently installed.)
higress-wasmplugin-test (RUST)	Free Up GitHub Actions Ubuntu Runner Disk Space 🔧	2026-09-23T08:17:34.8044660Z Removing google-cloud-cli (583.0.0-0) ...
higress-wasmplugin-test (RUST)	Free Up GitHub Actions Ubuntu Runner Disk Space 🔧	2026-09-23T08:17:43.8861435Z Processing triggers for libc-bin (2.35-0ubuntu3.14) ...
higress-wasmplugin-test (RUST)	Free Up GitHub Actions Ubuntu Runner Disk Space 🔧	2026-09-23T08:17:45.1779493Z Reading package lists...
higress-wasmplugin-test (RUST)	Free Up GitHub Actions Ubuntu Runner Disk Space 🔧	2026-09-23T08:17:45.3945426Z Building dependency tree...
higress-wasmplugin-test (RUST)	Free Up GitHub Actions Ubuntu Runner Disk Space 🔧	2026-09-23T08:17:45.3955595Z Reading state information...
higress-wasmplugin-test (RUST)	Free Up GitHub Actions Ubuntu Runner Disk Space 🔧	2026-09-23T08:17:45.5893571Z The following packages will be REMOVED:
higress-wasmplugin-test (RUST)	Free Up GitHub Actions Ubuntu Runner Disk Space 🔧	2026-09-23T08:17:45.5894360Z   apport-symptoms bc dictionaries-common emacsen-common firebird3.0-common
higress-wasmplugin-test (RUST)	Free Up GitHub Actions Ubuntu Runner Disk Space 🔧	2026-09-23T08:17:45.5894966Z   firebird3.0-common-doc freetds-common hunspell-en-us landscape-common
higress-wasmplugin-test (RUST)	Free Up GitHub Actions Ubuntu Runner Disk Space 🔧	2026-09-23T08:17:45.5895601Z   lib32gcc-s1 lib32stdc++6 libaspell15 libc-client2007e libcanberra0
higress-wasmplugin-test (RUST)	Free Up GitHub Actions Ubuntu Runner Disk Space 🔧	2026-09-23T08:17:45.5896141Z   libcgi-fast-perl libcgi-pm-perl libclang-common-13-dev
higress-wasmplugin-test (RUST)	Free Up GitHub Actions Ubuntu Runner Disk Space 🔧	2026-09-23T08:17:45.5896725Z   libclang-common-14-dev libclang-common-15-dev libclang1-13 libclang1-14
higress-wasmplugin-test (RUST)	Free Up GitHub Actions Ubuntu Runner Disk Space 🔧	2026-09-23T08:17:45.5897392Z   libclang1-15 libclone-perl libdbusmenu-glib4 libdbusmenu-gtk3-4
higress-wasmplugin-test (RUST)	Free Up GitHub Actions Ubuntu Runner Disk Space 🔧	2026-09-23T08:17:45.5898020Z   libdrm-amdgpu1 libdrm-intel1 libdrm-nouveau2 libdrm-radeon1 libenchant-2-2
higress-wasmplugin-test (RUST)	Free Up GitHub Actions Ubuntu Runner Disk Space 🔧	2026-09-23T08:17:45.5898694Z   libencode-locale-perl libevent-pthreads-2.1-7 libfbclient2 libfcgi-bin
higress-wasmplugin-test (RUST)	Free Up GitHub Actions Ubuntu Runner Disk Space 🔧	2026-09-23T08:17:45.5899581Z   libfcgi-perl libfcgi0ldbl libfontenc1 libgc1 libglapi-mesa libglvnd0
higress-wasmplugin-test (RUST)	Free Up GitHub Actions Ubuntu Runner Disk Space 🔧	2026-09-23T08:17:45.5899975Z   libhtml-parser-perl libhtml-tagset-perl libhtml-template-perl
higress-wasmplugin-test (RUST)	Free Up GitHub Actions Ubuntu Runner Disk Space 🔧	2026-09-23T08:17:45.5900385Z   libhttp-date-perl libhttp-message-perl libhunspell-1.7-0 libintl-perl
higress-wasmplugin-test (RUST)	Free Up GitHub Actions Ubuntu Runner Disk Space 🔧	2026-09-23T08:17:45.5900797Z   libintl-xs-perl libio-html-perl libisns0 libjs-xmlextras liblldb-13
higress-wasmplugin-test (RUST)	Free Up GitHub Actions Ubuntu Runner Disk Space 🔧	2026-09-23T08:17:45.5901207Z   liblldb-14 liblldb-15 liblwp-mediatypes-perl libmecab2 libmemcached11
higress-wasmplugin-test (RUST)	Free Up GitHub Actions Ubuntu Runner Disk Space 🔧	2026-09-23T08:17:45.5901630Z   libmodule-find-perl libmodule-scandeps-perl libmono-2.0-1 libmono-2.0-dev
higress-wasmplugin-test (RUST)	Free Up GitHub Actions Ubuntu Runner Disk Space 🔧	2026-09-23T08:17:45.5902047Z   libmono-cairo4.0-cil libmono-cecil-private-cil libmono-cil-dev
higress-wasmplugin-test (RUST)	Free Up GitHub Actions Ubuntu Runner Disk Space 🔧	2026-09-23T08:17:45.5902467Z   libmono-codecontracts4.0-cil libmono-compilerservices-symbolwriter4.0-cil
higress-wasmplugin-test (RUST)	Free Up GitHub Actions Ubuntu Runner Disk Space 🔧	2026-09-23T08:17:45.5902857Z   libmono-cscompmgd0.0-cil libmono-csharp4.0c-cil
higress-wasmplugin-test (RUST)	Free Up GitHub Actions Ubuntu Runner Disk Space 🔧	2026-09-23T08:17:45.5903240Z   libmono-custommarshalers4.0-cil libmono-data-tds4.0-cil libmono-db2-1.0-cil
higress-wasmplugin-test (RUST)	Free Up GitHub Actions Ubuntu Runner Disk Space 🔧	2026-09-23T08:17:45.5903700Z   libmono-debugger-soft4.0a-cil libmono-http4.0-cil libmono-management4.0-cil
higress-wasmplugin-test (RUST)	Free Up GitHub Actions Ubuntu Runner Disk Space 🔧	2026-09-23T08:17:45.5904426Z   libmono-messaging-rabbitmq4.0-cil libmono-microsoft-build-engine4.0-cil
higress-wasmplugin-test (RUST)	Free Up GitHub Actions Ubuntu Runner Disk Space 🔧	2026-09-23T08:17:45.5905137Z   libmono-microsoft-build-tasks-v4.0-4.0-cil libmono-microsoft-build4.0-cil
higress-wasmplugin-test (RUST)	Free Up GitHub Actions Ubuntu Runner Disk Space 🔧	2026-09-23T08:17:45.5905705Z   libmono-microsoft-visualc10.0-cil
higress-wasmplugin-test (RUST)	Free Up GitHub Actions Ubuntu Runner Disk Space 🔧	2026-09-23T08:17:45.5906205Z   libmono-microsoft-web-infrastructure1.0-cil libmono-oracle4.0-cil
higress-wasmplugin-test (RUST)	Free Up GitHub Actions Ubuntu Runner Disk Space 🔧	2026-09-23T08:17:45.5906826Z   libmono-parallel4.0-cil libmono-peapi4.0a-cil libmono-profiler
higress-wasmplugin-test (RUST)	Free Up GitHub Actions Ubuntu Runner Disk Space 🔧	2026-09-23T08:17:45.5907305Z   libmono-rabbitmq4.0-cil libmono-relaxng4.0-cil libmono-sharpzip4.84-cil
higress-wasmplugin-test (RUST)	Free Up GitHub Actions Ubuntu Runner Disk Space 🔧	2026-09-23T08:17:45.5907671Z   libmono-simd4.0-cil libmono-smdiagnostics0.0-cil
higress-wasmplugin-test (RUST)	Free Up GitHub Actions Ubuntu Runner Disk Space 🔧	2026-09-23T08:17:45.5907981Z   libmono-system-data-datasetextensions4.0-cil
higress-wasmplugin-test (RUST)	Free Up GitHub Actions Ubuntu Runner Disk Space 🔧	2026-09-23T08:17:45.5908329Z   libmono-system-data-entity4.0-cil libmono-system-data-linq4.0-cil
higress-wasmplugin-test (RUST)	Free Up GitHub Actions Ubuntu Runner Disk Space 🔧	2026-09-23T08:17:45.5908734Z   libmono-system-data-services4.0-cil libmono-system-deployment4.0-cil
higress-wasmplugin-test (RUST)	Free Up GitHub Actions Ubuntu Runner Disk Space 🔧	2026-09-23T08:17:45.5909154Z   libmono-system-drawing-design4.0-cil libmono-system-dynamic4.0-cil
higress-wasmplugin-test (RUST)	Free Up GitHub Actions Ubuntu Runner Disk Space 🔧	2026-09-23T08:17:45.5909527Z   libmono-system-io-compression-filesystem4.0-cil
higress-wasmplugin-test (RUST)	Free Up GitHub Actions Ubuntu Runner Disk Space 🔧	2026-09-23T08:17:45.5909881Z   libmono-system-json-microsoft4.0-cil libmono-system-json4.0-cil
higress-wasmplugin-test (RUST)	Free Up GitHub Actions Ubuntu Runner Disk Space 🔧	2026-09-23T08:17:45.5910286Z   libmono-system-ldap-protocols4.0-cil libmono-system-management4.0-cil
higress-wasmplugin-test (RUST)	Free Up GitHub Actions Ubuntu Runner Disk Space 🔧	2026-09-23T08:17:45.5910646Z   libmono-system-net-http-formatting4.0-cil
higress-wasmplugin-test (RUST)	Free Up GitHub Actions Ubuntu Runner Disk Space 🔧	2026-09-23T08:17:45.5910994Z   libmono-system-net-http-webrequest4.0-cil libmono-system-net4.0-cil
higress-wasmplugin-test (RUST)	Free Up GitHub Actions Ubuntu Runner Disk Space 🔧	2026-09-23T08:17:45.5911435Z   libmono-system-numerics-vectors4.0-cil libmono-system-reactive-core2.2-cil
higress-wasmplugin-test (RUST)	Free Up GitHub Actions Ubuntu Runner Disk Space 🔧	2026-09-23T08:17:45.5911810Z   libmono-system-reactive-debugger2.2-cil
higress-wasmplugin-test (RUST)	Free Up GitHub Actions Ubuntu Runner Disk Space 🔧	2026-09-23T08:17:45.5912099Z   libmono-system-reactive-experimental2.2-cil
higress-wasmplugin-test (RUST)	Free Up GitHub Actions Ubuntu Runner Disk Space 🔧	2026-09-23T08:17:45.5912397Z   libmono-system-reactive-interfaces2.2-cil
higress-wasmplugin-test (RUST)	Free Up GitHub Actions Ubuntu Runner Disk Space 🔧	2026-09-23T08:17:45.5912673Z   libmono-system-reactive-linq2.2-cil
higress-wasmplugin-test (RUST)	Free Up GitHub Actions Ubuntu Runner Disk Space 🔧	2026-09-23T08:17:45.5912965Z   libmono-system-reactive-observable-aliases0.0-cil
higress-wasmplugin-test (RUST)	Free Up GitHub Actions Ubuntu Runner Disk Space 🔧	2026-09-23T08:17:45.5913290Z   libmono-system-reactive-platformservices2.2-cil
higress-wasmplugin-test (RUST)	Free Up GitHub Actions Ubuntu Runner Disk Space 🔧	2026-09-23T08:17:45.5913748Z   libmono-system-reactive-providers2.2-cil
higress-wasmplugin-test (RUST)	Free Up GitHub Actions Ubuntu Runner Disk Space 🔧	2026-09-23T08:17:45.5914211Z   libmono-system-reactive-runtime-remoting2.2-cil
higress-wasmplugin-test (RUST)	Free Up GitHub Actions Ubuntu Runner Disk Space 🔧	2026-09-23T08:17:45.5914540Z   libmono-system-reactive-windows-forms2.2-cil
higress-wasmplugin-test (RUST)	Free Up GitHub Actions Ubuntu Runner Disk Space 🔧	2026-09-23T08:17:45.5914859Z   libmono-system-reactive-windows-threading2.2-cil
higress-wasmplugin-test (RUST)	Free Up GitHub Actions Ubuntu Runner Disk Space 🔧	2026-09-23T08:17:45.5915168Z   libmono-system-reflection-context4.0-cil
higress-wasmplugin-test (RUST)	Free Up GitHub Actions Ubuntu Runner Disk Space 🔧	2026-09-23T08:17:45.5915451Z   libmono-system-runtime-caching4.0-cil
higress-wasmplugin-test (RUST)	Free Up GitHub Actions Ubuntu Runner Disk Space 🔧	2026-09-23T08:17:45.5915756Z   libmono-system-runtime-durableinstancing4.0-cil
higress-wasmplugin-test (RUST)	Free Up GitHub Actions Ubuntu Runner Disk Space 🔧	2026-09-23T08:17:45.5916163Z   libmono-system-runtime4.0-cil libmono-system-servicemodel-discovery4.0-cil
higress-wasmplugin-test (RUST)	Free Up GitHub Actions Ubuntu Runner Disk Space 🔧	2026-09-23T08:17:45.5916563Z   libmono-system-servicemodel-routing4.0-cil
higress-wasmplugin-test (RUST)	Free Up GitHub Actions Ubuntu Runner Disk Space 🔧	2026-09-23T08:17:45.5916948Z   libmono-system-servicemodel-web4.0-cil libmono-system-serviceprocess4.0-cil
higress-wasmplugin-test (RUST)	Free Up GitHub Actions Ubuntu Runner Disk Space 🔧	2026-09-23T08:17:45.5917355Z   libmono-system-threading-tasks-dataflow4.0-cil
higress-wasmplugin-test (RUST)	Free Up GitHub Actions Ubuntu Runner Disk Space 🔧	2026-09-23T08:17:45.5917763Z   libmono-system-web-abstractions4.0-cil libmono-system-web-dynamicdata4.0-cil
higress-wasmplugin-test (RUST)	Free Up GitHub Actions Ubuntu Runner Disk Space 🔧	2026-09-23T08:17:45.5918241Z   libmono-system-web-extensions-design4.0-cil
higress-wasmplugin-test (RUST)	Free Up GitHub Actions Ubuntu Runner Disk Space 🔧	2026-09-23T08:17:45.5918646Z   libmono-system-web-extensions4.0-cil libmono-system-web-http-selfhost4.0-cil
higress-wasmplugin-test (RUST)	Free Up GitHub Actions Ubuntu Runner Disk Space 🔧	2026-09-23T08:17:45.5919203Z   libmono-system-web-http-webhost4.0-cil libmono-system-web-http4.0-cil
higress-wasmplugin-test (RUST)	Free Up GitHub Actions Ubuntu Runner Disk Space 🔧	2026-09-23T08:17:45.5919887Z   libmono-system-web-mobile4.0-cil libmono-system-web-mvc3.0-cil
higress-wasmplugin-test (RUST)	Free Up GitHub Actions Ubuntu Runner Disk Space 🔧	2026-09-23T08:17:45.5920355Z   libmono-system-web-razor2.0-cil libmono-system-web-regularexpressions4.0-cil
higress-wasmplugin-test (RUST)	Free Up GitHub Actions Ubuntu Runner Disk Space 🔧	2026-09-23T08:17:45.5920721Z   libmono-system-web-routing4.0-cil
higress-wasmplugin-test (RUST)	Free Up GitHub Actions Ubuntu Runner Disk Space 🔧	2026-09-23T08:17:45.5921005Z   libmono-system-web-webpages-deployment2.0-cil
higress-wasmplugin-test (RUST)	Free Up GitHub Actions Ubuntu Runner Disk Space 🔧	2026-09-23T08:17:45.5921392Z   libmono-system-web-webpages-razor2.0-cil libmono-system-web-webpages2.0-cil
higress-wasmplugin-test (RUST)	Free Up GitHub Actions Ubuntu Runner Disk Space 🔧	2026-09-23T08:17:45.5921819Z   libmono-system-windows-forms-datavisualization4.0a-cil
higress-wasmplugin-test (RUST)	Free Up GitHub Actions Ubuntu Runner Disk Space 🔧	2026-09-23T08:17:45.5922222Z   libmono-system-windows4.0-cil libmono-system-workflow-activities4.0-cil
higress-wasmplugin-test (RUST)	Free Up GitHub Actions Ubuntu Runner Disk Space 🔧	2026-09-23T08:17:45.5922605Z   libmono-system-workflow-componentmodel4.0-cil
higress-wasmplugin-test (RUST)	Free Up GitHub Actions Ubuntu Runner Disk Space 🔧	2026-09-23T08:17:45.5922906Z   libmono-system-workflow-runtime4.0-cil
higress-wasmplugin-test (RUST)	Free Up GitHub Actions Ubuntu Runner Disk Space 🔧	2026-09-23T08:17:45.5923246Z   libmono-system-xml-serialization4.0-cil libmono-tasklets4.0-cil
higress-wasmplugin-test (RUST)	Free Up GitHub Actions Ubuntu Runner Disk Space 🔧	2026-09-23T08:17:45.5923674Z   libmono-webmatrix-data4.0-cil libmono-xbuild-tasks4.0-cil libmonoboehm-2.0-1
higress-wasmplugin-test (RUST)	Free Up GitHub Actions Ubuntu Runner Disk Space 🔧	2026-09-23T08:17:45.5924376Z   libmonosgen-2.0-1 libmonosgen-2.0-dev libmspack0 libnorm1 libobjc-11-dev
higress-wasmplugin-test (RUST)	Free Up GitHub Actions Ubuntu Runner Disk Space 🔧	2026-09-23T08:17:45.5924801Z   libobjc4 libogg0 libopeniscsiusr libpciaccess0 libpfm4 libpgm-5.3-0
higress-wasmplugin-test (RUST)	Free Up GitHub Actions Ubuntu Runner Disk Space 🔧	2026-09-23T08:17:45.5925229Z   libproc-processtable-perl libprotobuf-lite23 libqdbm14 librabbitmq4 libre2-9
higress-wasmplugin-test (RUST)	Free Up GitHub Actions Ubuntu Runner Disk Space 🔧	2026-09-23T08:17:45.5925682Z   libsnappy1v5 libsort-naturally-perl libsybdb5 libtdb1 libterm-readkey-perl
higress-wasmplugin-test (RUST)	Free Up GitHub Actions Ubuntu Runner Disk Space 🔧	2026-09-23T08:17:45.5926106Z   libtidy5deb1 libtimedate-perl libtinfo-dev libtommath1 liburi-perl
higress-wasmplugin-test (RUST)	Free Up GitHub Actions Ubuntu Runner Disk Space 🔧	2026-09-23T08:17:45.5926522Z   libvorbis0a libvorbisfile3 libx11-xcb1 libxaw7 libxcb-dri2-0 libxcb-dri3-0
higress-wasmplugin-test (RUST)	Free Up GitHub Actions Ubuntu Runner Disk Space 🔧	2026-09-23T08:17:45.5926965Z   libxcb-glx0 libxcb-present0 libxcb-sync1 libxcb-xfixes0 libxfont2 libxmlsec1
higress-wasmplugin-test (RUST)	Free Up GitHub Actions Ubuntu Runner Disk Space 🔧	2026-09-23T08:17:45.5927400Z   libxmlsec1-openssl libxmu6 libxshmfence1 libxxf86vm1 libz3-4 libz3-dev
higress-wasmplugin-test (RUST)	Free Up GitHub Actions Ubuntu Runner Disk Space 🔧	2026-09-23T08:17:45.5927824Z   libzip4 libzmq5 lxd-agent-loader mecab-ipadic mecab-ipadic-utf8 mecab-utils
higress-wasmplugin-test (RUST)	Free Up GitHub Actions Ubuntu Runner Disk Space 🔧	2026-09-23T08:17:45.5928246Z   mlock mono-4.0-service mono-csharp-shell mono-mcs mono-utils mono-xbuild
higress-wasmplugin-test (RUST)	Free Up GitHub Actions Ubuntu Runner Disk Space 🔧	2026-09-23T08:17:45.5928655Z   monodoc-base msbuild msbuild-libhostfxr msbuild-sdkresolver needrestart
higress-wasmplugin-test (RUST)	Free Up GitHub Actions Ubuntu Runner Disk Space 🔧	2026-09-23T08:17:45.5929074Z   open-iscsi open-vm-tools python3-apport python3-automat python3-bcrypt
higress-wasmplugin-test (RUST)	Free Up GitHub Actions Ubuntu Runner Disk Space 🔧	2026-09-23T08:17:45.5929486Z   python3-click python3-colorama python3-constantly python3-hamcrest
higress-wasmplugin-test (RUST)	Free Up GitHub Actions Ubuntu Runner Disk Space 🔧	2026-09-23T08:17:45.5929910Z   python3-hyperlink python3-incremental python3-lldb-14 python3-problem-report
higress-wasmplugin-test (RUST)	Free Up GitHub Actions Ubuntu Runner Disk Space 🔧	2026-09-23T08:17:45.5930343Z   python3-pyasn1 python3-pyasn1-modules python3-service-identity
higress-wasmplugin-test (RUST)	Free Up GitHub Actions Ubuntu Runner Disk Space 🔧	2026-09-23T08:17:45.5930708Z   python3-systemd python3-twisted python3-zope.interface
higress-wasmplugin-test (RUST)	Free Up GitHub Actions Ubuntu Runner Disk Space 🔧	2026-09-23T08:17:45.5931077Z   referenceassemblies-pcl shtool sound-theme-freedesktop x11-xkb-utils
higress-wasmplugin-test (RUST)	Free Up GitHub Actions Ubuntu Runner Disk Space 🔧	2026-09-23T08:17:45.5931418Z   xserver-common xul-ext-ubufox zerofree
higress-wasmplugin-test (RUST)	Free Up GitHub Actions Ubuntu Runner Disk Space 🔧	2026-09-23T08:17:45.8312225Z 0 upgraded, 0 newly installed, 237 to remove and 7 not upgraded.
higress-wasmplugin-test (RUST)	Free Up GitHub Actions Ubuntu Runner Disk Space 🔧	2026-09-23T08:17:45.8312746Z After this operation, 649 MB disk space will be freed.
higress-wasmplugin-test (RUST)	Free Up GitHub Actions Ubuntu Runner Disk Space 🔧	2026-09-23T08:17:45.8482133Z (Reading database ... 
higress-wasmplugin-test (RUST)	Free Up GitHub Actions Ubuntu Runner Disk Space 🔧	2026-09-23T08:17:45.8482723Z (Reading database ... 5%
higress-wasmplugin-test (RUST)	Free Up GitHub Actions Ubuntu Runner Disk Space 🔧	2026-09-23T08:17:45.8483243Z (Reading database ... 10%
higress-wasmplugin-test (RUST)	Free Up GitHub Actions Ubuntu Runner Disk Space 🔧	2026-09-23T08:17:45.8483668Z (Reading database ... 15%
higress-wasmplugin-test (RUST)	Free Up GitHub Actions Ubuntu Runner Disk Space 🔧	2026-09-23T08:17:45.8484260Z (Reading database ... 20%
higress-wasmplugin-test (RUST)	Free Up GitHub Actions Ubuntu Runner Disk Space 🔧	2026-09-23T08:17:45.8484680Z (Reading database ... 25%
higress-wasmplugin-test (RUST)	Free Up GitHub Actions Ubuntu Runner Disk Space 🔧	2026-09-23T08:17:45.8485074Z (Reading database ... 30%
higress-wasmplugin-test (RUST)	Free Up GitHub Actions Ubuntu Runner Disk Space 🔧	2026-09-23T08:17:45.8485483Z (Reading database ... 35%
higress-wasmplugin-test (RUST)	Free Up GitHub Actions Ubuntu Runner Disk Space 🔧	2026-09-23T08:17:45.8485879Z (Reading database ... 40%
higress-wasmplugin-test (RUST)	Free Up GitHub Actions Ubuntu Runner Disk Space 🔧	2026-09-23T08:17:45.8486274Z (Reading database ... 45%
higress-wasmplugin-test (RUST)	Free Up GitHub Actions Ubuntu Runner Disk Space 🔧	2026-09-23T08:17:45.8486670Z (Reading database ... 50%
higress-wasmplugin-test (RUST)	Free Up GitHub Actions Ubuntu Runner Disk Space 🔧	2026-09-23T08:17:45.8501475Z (Reading database ... 55%
higress-wasmplugin-test (RUST)	Free Up GitHub Actions Ubuntu Runner Disk Space 🔧	2026-09-23T08:17:45.8524633Z (Reading database ... 60%
higress-wasmplugin-test (RUST)	Free Up GitHub Actions Ubuntu Runner Disk Space 🔧	2026-09-23T08:17:45.8547476Z (Reading database ... 65%
higress-wasmplugin-test (RUST)	Free Up GitHub Actions Ubuntu Runner Disk Space 🔧	2026-09-23T08:17:45.8562636Z (Reading database ... 70%
higress-wasmplugin-test (RUST)	Free Up GitHub Actions Ubuntu Runner Disk Space 🔧	2026-09-23T08:17:45.8665396Z (Reading database ... 75%
higress-wasmplugin-test (RUST)	Free Up GitHub Actions Ubuntu Runner Disk Space 🔧	2026-09-23T08:17:45.8733423Z (Reading database ... 80%
higress-wasmplugin-test (RUST)	Free Up GitHub Actions Ubuntu Runner Disk Space 🔧	2026-09-23T08:17:45.8762228Z (Reading database ... 85%
higress-wasmplugin-test (RUST)	Free Up GitHub Actions Ubuntu Runner Disk Space 🔧	2026-09-23T08:17:45.8956286Z (Reading database ... 90%
higress-wasmplugin-test (RUST)	Free Up GitHub Actions Ubuntu Runner Disk Space 🔧	2026-09-23T08:17:45.9037110Z (Reading database ... 95%
higress-wasmplugin-test (RUST)	Free Up GitHub Actions Ubuntu Runner Disk Space 🔧	2026-09-23T08:17:45.9037447Z (Reading database ... 100%
higress-wasmplugin-test (RUST)	Free Up GitHub Actions Ubuntu Runner Disk Space 🔧	2026-09-23T08:17:45.9037902Z (Reading database ... 180971 files and directories currently installed.)
higress-wasmplugin-test (RUST)	Free Up GitHub Actions Ubuntu Runner Disk Space 🔧	2026-09-23T08:17:45.9074719Z Removing apport-symptoms (0.24) ...
higress-wasmplugin-test (RUST)	Free Up GitHub Actions Ubuntu Runner Disk Space 🔧	2026-09-23T08:17:45.9229260Z Removing landscape-common (23.02-0ubuntu1~22.04.7) ...
higress-wasmplugin-test (RUST)	Free Up GitHub Actions Ubuntu Runner Disk Space 🔧	2026-09-23T08:17:46.0210866Z Removing bc (1.07.1-3build1) ...
higress-wasmplugin-test (RUST)	Free Up GitHub Actions Ubuntu Runner Disk Space 🔧	2026-09-23T08:17:46.0449740Z Removing libenchant-2-2:amd64 (2.3.2-1ubuntu2) ...
higress-wasmplugin-test (RUST)	Free Up GitHub Actions Ubuntu Runner Disk Space 🔧	2026-09-23T08:17:46.0675162Z Removing hunspell-en-us (1:2020.12.07-2) ...
higress-wasmplugin-test (RUST)	Free Up GitHub Actions Ubuntu Runner Disk Space 🔧	2026-09-23T08:17:46.1345737Z Removing dictionaries-common (1.28.14) ...
higress-wasmplugin-test (RUST)	Free Up GitHub Actions Ubuntu Runner Disk Space 🔧	2026-09-23T08:17:46.2036176Z Removing 'diversion of /usr/share/dict/words to /usr/share/dict/words.pre-dictionaries-common by dictionaries-common'
higress-wasmplugin-test (RUST)	Free Up GitHub Actions Ubuntu Runner Disk Space 🔧	2026-09-23T08:17:46.2253094Z Removing emacsen-common (3.0.4) ...
higress-wasmplugin-test (RUST)	Free Up GitHub Actions Ubuntu Runner Disk Space 🔧	2026-09-23T08:17:46.2666393Z Removing libfbclient2:amd64 (3.0.8.33535.ds4-1ubuntu2) ...
higress-wasmplugin-test (RUST)	Free Up GitHub Actions Ubuntu Runner Disk Space 🔧	2026-09-23T08:17:46.2884860Z Removing firebird3.0-common (3.0.8.33535.ds4-1ubuntu2) ...
higress-wasmplugin-test (RUST)	Free Up GitHub Actions Ubuntu Runner Disk Space 🔧	2026-09-23T08:17:46.3114468Z Removing firebird3.0-common-doc (3.0.8.33535.ds4-1ubuntu2) ...
higress-wasmplugin-test (RUST)	Free Up GitHub Actions Ubuntu Runner Disk Space 🔧	2026-09-23T08:17:46.3322970Z Removing libsybdb5:amd64 (1.3.6-1) ...
higress-wasmplugin-test (RUST)	Free Up GitHub Actions Ubuntu Runner Disk Space 🔧	2026-09-23T08:17:46.3476749Z Removing freetds-common (1.3.6-1) ...
higress-wasmplugin-test (RUST)	Free Up GitHub Actions Ubuntu Runner Disk Space 🔧	2026-09-23T08:17:46.3696456Z Removing libclang-common-14-dev (1:14.0.0-1ubuntu1.1) ...
higress-wasmplugin-test (RUST)	Free Up GitHub Actions Ubuntu Runner Disk Space 🔧	2026-09-23T08:17:46.4050899Z Removing libclang-common-13-dev (1:13.0.1-2ubuntu2.2) ...
higress-wasmplugin-test (RUST)	Free Up GitHub Actions Ubuntu Runner Disk Space 🔧	2026-09-23T08:17:46.4363765Z Removing libclang-common-15-dev (1:15.0.7-0ubuntu0.22.04.3) ...
higress-wasmplugin-test (RUST)	Free Up GitHub Actions Ubuntu Runner Disk Space 🔧	2026-09-23T08:17:46.4799960Z Removing lib32stdc++6 (12.3.0-1ubuntu1~22.04.3) ...
higress-wasmplugin-test (RUST)	Free Up GitHub Actions Ubuntu Runner Disk Space 🔧	2026-09-23T08:17:46.5019162Z Removing libaspell15:amd64 (0.60.8-4build1) ...
higress-wasmplugin-test (RUST)	Free Up GitHub Actions Ubuntu Runner Disk Space 🔧	2026-09-23T08:17:46.5324346Z Removing libc-client2007e (8:2007f~dfsg-7build1) ...
higress-wasmplugin-test (RUST)	Free Up GitHub Actions Ubuntu Runner Disk Space 🔧	2026-09-23T08:17:46.5491795Z Removing libcanberra0:amd64 (0.30-10ubuntu1.22.04.1) ...
higress-wasmplugin-test (RUST)	Free Up GitHub Actions Ubuntu Runner Disk Space 🔧	2026-09-23T08:17:46.5799115Z Removing libcgi-fast-perl (1:2.15-1) ...
higress-wasmplugin-test (RUST)	Free Up GitHub Actions Ubuntu Runner Disk Space 🔧	2026-09-23T08:17:46.5960690Z Removing libhtml-template-perl (2.97-1.1) ...
higress-wasmplugin-test (RUST)	Free Up GitHub Actions Ubuntu Runner Disk Space 🔧	2026-09-23T08:17:46.6227405Z Removing libcgi-pm-perl (4.54-1) ...
higress-wasmplugin-test (RUST)	Free Up GitHub Actions Ubuntu Runner Disk Space 🔧	2026-09-23T08:17:46.6399136Z Removing libclang1-13 (1:13.0.1-2ubuntu2.2) ...
higress-wasmplugin-test (RUST)	Free Up GitHub Actions Ubuntu Runner Disk Space 🔧	2026-09-23T08:17:46.6631808Z Removing libclang1-14 (1:14.0.0-1ubuntu1.1) ...
higress-wasmplugin-test (RUST)	Free Up GitHub Actions Ubuntu Runner Disk Space 🔧	2026-09-23T08:17:46.6860174Z Removing libclang1-15 (1:15.0.7-0ubuntu0.22.04.3) ...
higress-wasmplugin-test (RUST)	Free Up GitHub Actions Ubuntu Runner Disk Space 🔧	2026-09-23T08:17:46.7149515Z Removing libclone-perl (0.45-1build3) ...
higress-wasmplugin-test (RUST)	Free Up GitHub Actions Ubuntu Runner Disk Space 🔧	2026-09-23T08:17:46.7306113Z Removing libdbusmenu-gtk3-4:amd64 (16.04.1+18.10.20180917-0ubuntu8) ...
higress-wasmplugin-test (RUST)	Free Up GitHub Actions Ubuntu Runner Disk Space 🔧	2026-09-23T08:17:46.7463550Z Removing libdbusmenu-glib4:amd64 (16.04.1+18.10.20180917-0ubuntu8) ...
higress-wasmplugin-test (RUST)	Free Up GitHub Actions Ubuntu Runner Disk Space 🔧	2026-09-23T08:17:46.7678512Z Removing libdrm-amdgpu1:amd64 (2.4.113-2~ubuntu0.22.04.1) ...
higress-wasmplugin-test (RUST)	Free Up GitHub Actions Ubuntu Runner Disk Space 🔧	2026-09-23T08:17:46.7995427Z Removing libdrm-intel1:amd64 (2.4.113-2~ubuntu0.22.04.1) ...
higress-wasmplugin-test (RUST)	Free Up GitHub Actions Ubuntu Runner Disk Space 🔧	2026-09-23T08:17:46.8204832Z Removing libdrm-nouveau2:amd64 (2.4.113-2~ubuntu0.22.04.1) ...
higress-wasmplugin-test (RUST)	Free Up GitHub Actions Ubuntu Runner Disk Space 🔧	2026-09-23T08:17:46.8363216Z Removing libdrm-radeon1:amd64 (2.4.113-2~ubuntu0.22.04.1) ...
higress-wasmplugin-test (RUST)	Free Up GitHub Actions Ubuntu Runner Disk Space 🔧	2026-09-23T08:17:46.8522729Z Removing libhttp-message-perl (6.36-1) ...
higress-wasmplugin-test (RUST)	Free Up GitHub Actions Ubuntu Runner Disk Space 🔧	2026-09-23T08:17:46.8685961Z Removing libencode-locale-perl (1.05-1.1) ...
higress-wasmplugin-test (RUST)	Free Up GitHub Actions Ubuntu Runner Disk Space 🔧	2026-09-23T08:17:46.8834307Z Removing libevent-pthreads-2.1-7:amd64 (2.1.12-stable-1ubuntu0.1) ...
higress-wasmplugin-test (RUST)	Free Up GitHub Actions Ubuntu Runner Disk Space 🔧	2026-09-23T08:17:46.9030168Z Removing libfcgi-bin (2.4.2-2ubuntu0.1) ...
higress-wasmplugin-test (RUST)	Free Up GitHub Actions Ubuntu Runner Disk Space 🔧	2026-09-23T08:17:46.9181419Z Removing libfcgi-perl:amd64 (0.82+ds-1build1) ...
higress-wasmplugin-test (RUST)	Free Up GitHub Actions Ubuntu Runner Disk Space 🔧	2026-09-23T08:17:46.9468700Z Removing libfcgi0ldbl:amd64 (2.4.2-2ubuntu0.1) ...
higress-wasmplugin-test (RUST)	Free Up GitHub Actions Ubuntu Runner Disk Space 🔧	2026-09-23T08:17:46.9609884Z Removing libxfont2:amd64 (1:2.0.5-1ubuntu0.2) ...
higress-wasmplugin-test (RUST)	Free Up GitHub Actions Ubuntu Runner Disk Space 🔧	2026-09-23T08:17:46.9804159Z Removing libfontenc1:amd64 (1:1.1.4-1build3) ...
higress-wasmplugin-test (RUST)	Free Up GitHub Actions Ubuntu Runner Disk Space 🔧	2026-09-23T08:17:46.9945009Z Removing libobjc-11-dev:amd64 (11.4.0-1ubuntu1~22.04.3) ...
higress-wasmplugin-test (RUST)	Free Up GitHub Actions Ubuntu Runner Disk Space 🔧	2026-09-23T08:17:47.0099451Z Removing libobjc4:amd64 (12.3.0-1ubuntu1~22.04.3) ...
higress-wasmplugin-test (RUST)	Free Up GitHub Actions Ubuntu Runner Disk Space 🔧	2026-09-23T08:17:47.0244602Z Removing libgc1:amd64 (1:8.0.6-1.1build1) ...
higress-wasmplugin-test (RUST)	Free Up GitHub Actions Ubuntu Runner Disk Space 🔧	2026-09-23T08:17:47.0440989Z Removing libglapi-mesa:amd64 (23.2.1-1ubuntu3.1~22.04.4) ...
higress-wasmplugin-test (RUST)	Free Up GitHub Actions Ubuntu Runner Disk Space 🔧	2026-09-23T08:17:47.0591064Z Removing libglvnd0:amd64 (1.4.0-1) ...
higress-wasmplugin-test (RUST)	Free Up GitHub Actions Ubuntu Runner Disk Space 🔧	2026-09-23T08:17:47.0753214Z Removing libhtml-parser-perl:amd64 (3.76-1ubuntu0.1) ...
higress-wasmplugin-test (RUST)	Free Up GitHub Actions Ubuntu Runner Disk Space 🔧	2026-09-23T08:17:47.0922844Z Removing libhtml-tagset-perl (3.20-4) ...
higress-wasmplugin-test (RUST)	Free Up GitHub Actions Ubuntu Runner Disk Space 🔧	2026-09-23T08:17:47.1068075Z Removing libhttp-date-perl (6.05-1ubuntu0.1) ...
higress-wasmplugin-test (RUST)	Free Up GitHub Actions Ubuntu Runner Disk Space 🔧	2026-09-23T08:17:47.1263787Z Removing libhunspell-1.7-0:amd64 (1.7.0-4build1) ...
higress-wasmplugin-test (RUST)	Free Up GitHub Actions Ubuntu Runner Disk Space 🔧	2026-09-23T08:17:47.1465203Z Removing libintl-xs-perl (1.26-3build2) ...
higress-wasmplugin-test (RUST)	Free Up GitHub Actions Ubuntu Runner Disk Space 🔧	2026-09-23T08:17:47.1621909Z Removing needrestart (3.5-5ubuntu2.5) ...
higress-wasmplugin-test (RUST)	Free Up GitHub Actions Ubuntu Runner Disk Space 🔧	2026-09-23T08:17:47.1962963Z Removing libintl-perl (1.26-3build2) ...
higress-wasmplugin-test (RUST)	Free Up GitHub Actions Ubuntu Runner Disk Space 🔧	2026-09-23T08:17:47.2206621Z Removing libio-html-perl (1.004-2) ...
higress-wasmplugin-test (RUST)	Free Up GitHub Actions Ubuntu Runner Disk Space 🔧	2026-09-23T08:17:47.2365107Z Removing open-iscsi (2.1.5-1ubuntu1.1) ...
higress-wasmplugin-test (RUST)	Free Up GitHub Actions Ubuntu Runner Disk Space 🔧	2026-09-23T08:17:47.6842338Z Warning: Stopping iscsid.service, but it can still be activated by:
higress-wasmplugin-test (RUST)	Free Up GitHub Actions Ubuntu Runner Disk Space 🔧	2026-09-23T08:17:47.6842881Z   iscsid.socket
higress-wasmplugin-test (RUST)	Free Up GitHub Actions Ubuntu Runner Disk Space 🔧	2026-09-23T08:17:48.7361270Z Removing libisns0:amd64 (0.101-0ubuntu2) ...
higress-wasmplugin-test (RUST)	Free Up GitHub Actions Ubuntu Runner Disk Space 🔧	2026-09-23T08:17:48.7786677Z Removing libjs-xmlextras (20060529-2) ...
higress-wasmplugin-test (RUST)	Free Up GitHub Actions Ubuntu Runner Disk Space 🔧	2026-09-23T08:17:48.8015985Z Removing liblldb-13 (1:13.0.1-2ubuntu2.2) ...
higress-wasmplugin-test (RUST)	Free Up GitHub Actions Ubuntu Runner Disk Space 🔧	2026-09-23T08:17:48.8193661Z Removing python3-lldb-14 (1:14.0.0-1ubuntu1.1) ...
higress-wasmplugin-test (RUST)	Free Up GitHub Actions Ubuntu Runner Disk Space 🔧	2026-09-23T08:17:48.8439106Z Removing liblldb-14 (1:14.0.0-1ubuntu1.1) ...
higress-wasmplugin-test (RUST)	Free Up GitHub Actions Ubuntu Runner Disk Space 🔧	2026-09-23T08:17:48.8629479Z Removing liblldb-15 (1:15.0.7-0ubuntu0.22.04.3) ...
higress-wasmplugin-test (RUST)	Free Up GitHub Actions Ubuntu Runner Disk Space 🔧	2026-09-23T08:17:48.8865433Z Removing liblwp-mediatypes-perl (6.04-1) ...
higress-wasmplugin-test (RUST)	Free Up GitHub Actions Ubuntu Runner Disk Space 🔧	2026-09-23T08:17:48.9089478Z Removing mecab-ipadic-utf8 (2.7.0-20070801+main-3) ...
higress-wasmplugin-test (RUST)	Free Up GitHub Actions Ubuntu Runner Disk Space 🔧	2026-09-23T08:17:48.9140438Z update-alternatives: using /var/lib/mecab/dic/ipadic to provide /var/lib/mecab/dic/debian (mecab-dictionary) in auto mode
higress-wasmplugin-test (RUST)	Free Up GitHub Actions Ubuntu Runner Disk Space 🔧	2026-09-23T08:17:48.9369541Z Removing mecab-ipadic (2.7.0-20070801+main-3) ...
higress-wasmplugin-test (RUST)	Free Up GitHub Actions Ubuntu Runner Disk Space 🔧	2026-09-23T08:17:48.9647001Z Removing mecab-utils (0.996-14build9) ...
higress-wasmplugin-test (RUST)	Free Up GitHub Actions Ubuntu Runner Disk Space 🔧	2026-09-23T08:17:48.9820529Z Removing libmecab2:amd64 (0.996-14build9) ...
higress-wasmplugin-test (RUST)	Free Up GitHub Actions Ubuntu Runner Disk Space 🔧	2026-09-23T08:17:48.9950639Z Removing libmemcached11:amd64 (1.0.18-4.2ubuntu4) ...
higress-wasmplugin-test (RUST)	Free Up GitHub Actions Ubuntu Runner Disk Space 🔧	2026-09-23T08:17:49.0108976Z Removing libmodule-find-perl (0.15-1) ...
higress-wasmplugin-test (RUST)	Free Up GitHub Actions Ubuntu Runner Disk Space 🔧	2026-09-23T08:17:49.0272755Z Removing libmodule-scandeps-perl (1.31-1ubuntu0.1) ...
higress-wasmplugin-test (RUST)	Free Up GitHub Actions Ubuntu Runner Disk Space 🔧	2026-09-23T08:17:49.0438634Z Removing libmono-2.0-1 (6.12.0.200-0xamarin2+ubuntu2004b1) ...
higress-wasmplugin-test (RUST)	Free Up GitHub Actions Ubuntu Runner Disk Space 🔧	2026-09-23T08:17:49.0594102Z Removing libmono-2.0-dev (6.12.0.200-0xamarin2+ubuntu2004b1) ...
higress-wasmplugin-test (RUST)	Free Up GitHub Actions Ubuntu Runner Disk Space 🔧	2026-09-23T08:17:49.0875220Z Removing libmono-cil-dev (6.12.0.200-0xamarin2+ubuntu2004b1) ...
higress-wasmplugin-test (RUST)	Free Up GitHub Actions Ubuntu Runner Disk Space 🔧	2026-09-23T08:17:49.1111608Z Removing libmono-cairo4.0-cil (6.12.0.200-0xamarin2+ubuntu2004b1) ...
higress-wasmplugin-test (RUST)	Free Up GitHub Actions Ubuntu Runner Disk Space 🔧	2026-09-23T08:17:49.1276798Z Removing libmono-codecontracts4.0-cil (6.12.0.200-0xamarin2+ubuntu2004b1) ...
higress-wasmplugin-test (RUST)	Free Up GitHub Actions Ubuntu Runner Disk Space 🔧	2026-09-23T08:17:49.1561949Z Removing monodoc-base (6.12.0.200-0xamarin2+ubuntu2004b1) ...
higress-wasmplugin-test (RUST)	Free Up GitHub Actions Ubuntu Runner Disk Space 🔧	2026-09-23T08:17:49.1839045Z Removing libmono-compilerservices-symbolwriter4.0-cil (6.12.0.200-0xamarin2+ubuntu2004b1) ...
higress-wasmplugin-test (RUST)	Free Up GitHub Actions Ubuntu Runner Disk Space 🔧	2026-09-23T08:17:49.1996522Z Removing libmono-cscompmgd0.0-cil (6.12.0.200-0xamarin2+ubuntu2004b1) ...
higress-wasmplugin-test (RUST)	Free Up GitHub Actions Ubuntu Runner Disk Space 🔧	2026-09-23T08:17:49.2151416Z Removing mono-csharp-shell (6.12.0.200-0xamarin2+ubuntu2004b1) ...
higress-wasmplugin-test (RUST)	Free Up GitHub Actions Ubuntu Runner Disk Space 🔧	2026-09-23T08:17:49.2302005Z Removing libmono-csharp4.0c-cil (6.12.0.200-0xamarin2+ubuntu2004b1) ...
higress-wasmplugin-test (RUST)	Free Up GitHub Actions Ubuntu Runner Disk Space 🔧	2026-09-23T08:17:49.2561090Z Removing libmono-custommarshalers4.0-cil (6.12.0.200-0xamarin2+ubuntu2004b1) ...
higress-wasmplugin-test (RUST)	Free Up GitHub Actions Ubuntu Runner Disk Space 🔧	2026-09-23T08:17:49.2718481Z Removing libmono-data-tds4.0-cil (6.12.0.200-0xamarin2+ubuntu2004b1) ...
higress-wasmplugin-test (RUST)	Free Up GitHub Actions Ubuntu Runner Disk Space 🔧	2026-09-23T08:17:49.2879368Z Removing libmono-db2-1.0-cil (6.12.0.200-0xamarin2+ubuntu2004b1) ...
higress-wasmplugin-test (RUST)	Free Up GitHub Actions Ubuntu Runner Disk Space 🔧	2026-09-23T08:17:49.3190464Z Removing libmono-debugger-soft4.0a-cil (6.12.0.200-0xamarin2+ubuntu2004b1) ...
higress-wasmplugin-test (RUST)	Free Up GitHub Actions Ubuntu Runner Disk Space 🔧	2026-09-23T08:17:49.3397657Z Removing libmono-http4.0-cil (6.12.0.200-0xamarin2+ubuntu2004b1) ...
higress-wasmplugin-test (RUST)	Free Up GitHub Actions Ubuntu Runner Disk Space 🔧	2026-09-23T08:17:49.3548483Z Removing libmono-management4.0-cil (6.12.0.200-0xamarin2+ubuntu2004b1) ...
higress-wasmplugin-test (RUST)	Free Up GitHub Actions Ubuntu Runner Disk Space 🔧	2026-09-23T08:17:49.3814580Z Removing libmono-messaging-rabbitmq4.0-cil (6.12.0.200-0xamarin2+ubuntu2004b1) ...
higress-wasmplugin-test (RUST)	Free Up GitHub Actions Ubuntu Runner Disk Space 🔧	2026-09-23T08:17:49.4096877Z Removing referenceassemblies-pcl (2014.04.14-1xamarin7+ubuntu2004b1) ...
higress-wasmplugin-test (RUST)	Free Up GitHub Actions Ubuntu Runner Disk Space 🔧	2026-09-23T08:17:49.6292794Z Removing mono-xbuild (6.12.0.200-0xamarin2+ubuntu2004b1) ...
higress-wasmplugin-test (RUST)	Free Up GitHub Actions Ubuntu Runner Disk Space 🔧	2026-09-23T08:17:49.7239325Z Removing libmono-microsoft-build-tasks-v4.0-4.0-cil (6.12.0.200-0xamarin2+ubuntu2004b1) ...
higress-wasmplugin-test (RUST)	Free Up GitHub Actions Ubuntu Runner Disk Space 🔧	2026-09-23T08:17:49.7516632Z Removing libmono-microsoft-build-engine4.0-cil (6.12.0.200-0xamarin2+ubuntu2004b1) ...
higress-wasmplugin-test (RUST)	Free Up GitHub Actions Ubuntu Runner Disk Space 🔧	2026-09-23T08:17:49.7690760Z Removing libmono-microsoft-build4.0-cil (6.12.0.200-0xamarin2+ubuntu2004b1) ...
higress-wasmplugin-test (RUST)	Free Up GitHub Actions Ubuntu Runner Disk Space 🔧	2026-09-23T08:17:49.7851716Z Removing libmono-microsoft-visualc10.0-cil (6.12.0.200-0xamarin2+ubuntu2004b1) ...
higress-wasmplugin-test (RUST)	Free Up GitHub Actions Ubuntu Runner Disk Space 🔧	2026-09-23T08:17:49.8128509Z Removing libmono-system-web-http-webhost4.0-cil (6.12.0.200-0xamarin2+ubuntu2004b1) ...
higress-wasmplugin-test (RUST)	Free Up GitHub Actions Ubuntu Runner Disk Space 🔧	2026-09-23T08:17:49.8350294Z Removing libmono-system-web-mvc3.0-cil (6.12.0.200-0xamarin2+ubuntu2004b1) ...
higress-wasmplugin-test (RUST)	Free Up GitHub Actions Ubuntu Runner Disk Space 🔧	2026-09-23T08:17:49.8623719Z Removing msbuild (1:16.10.1+xamarinxplat.2021.05.26.14.00-0xamarin2+ubuntu2004b1) ...
higress-wasmplugin-test (RUST)	Free Up GitHub Actions Ubuntu Runner Disk Space 🔧	2026-09-23T08:17:50.0125733Z Removing libmono-oracle4.0-cil (6.12.0.200-0xamarin2+ubuntu2004b1) ...
higress-wasmplugin-test (RUST)	Free Up GitHub Actions Ubuntu Runner Disk Space 🔧	2026-09-23T08:17:50.0400962Z Removing libmono-parallel4.0-cil (6.12.0.200-0xamarin2+ubuntu2004b1) ...
higress-wasmplugin-test (RUST)	Free Up GitHub Actions Ubuntu Runner Disk Space 🔧	2026-09-23T08:17:50.0671780Z Removing libmono-peapi4.0a-cil (6.12.0.200-0xamarin2+ubuntu2004b1) ...
higress-wasmplugin-test (RUST)	Free Up GitHub Actions Ubuntu Runner Disk Space 🔧	2026-09-23T08:17:50.0838831Z Removing libmono-profiler (6.12.0.200-0xamarin2+ubuntu2004b1) ...
higress-wasmplugin-test (RUST)	Free Up GitHub Actions Ubuntu Runner Disk Space 🔧	2026-09-23T08:17:50.1157314Z Removing libmono-rabbitmq4.0-cil (6.12.0.200-0xamarin2+ubuntu2004b1) ...
higress-wasmplugin-test (RUST)	Free Up GitHub Actions Ubuntu Runner Disk Space 🔧	2026-09-23T08:17:50.1384368Z Removing libmono-relaxng4.0-cil (6.12.0.200-0xamarin2+ubuntu2004b1) ...
higress-wasmplugin-test (RUST)	Free Up GitHub Actions Ubuntu Runner Disk Space 🔧	2026-09-23T08:17:50.1707657Z Removing libmono-sharpzip4.84-cil (6.12.0.200-0xamarin2+ubuntu2004b1) ...
higress-wasmplugin-test (RUST)	Free Up GitHub Actions Ubuntu Runner Disk Space 🔧	2026-09-23T08:17:50.1912635Z Removing libmono-simd4.0-cil (6.12.0.200-0xamarin2+ubuntu2004b1) ...
higress-wasmplugin-test (RUST)	Free Up GitHub Actions Ubuntu Runner Disk Space 🔧	2026-09-23T08:17:50.2072120Z Removing libmono-smdiagnostics0.0-cil (6.12.0.200-0xamarin2+ubuntu2004b1) ...
higress-wasmplugin-test (RUST)	Free Up GitHub Actions Ubuntu Runner Disk Space 🔧	2026-09-23T08:17:50.2228530Z Removing libmono-system-data-datasetextensions4.0-cil (6.12.0.200-0xamarin2+ubuntu2004b1) ...
higress-wasmplugin-test (RUST)	Free Up GitHub Actions Ubuntu Runner Disk Space 🔧	2026-09-23T08:17:50.2489097Z Removing libmono-system-data-entity4.0-cil (6.12.0.200-0xamarin2+ubuntu2004b1) ...
higress-wasmplugin-test (RUST)	Free Up GitHub Actions Ubuntu Runner Disk Space 🔧	2026-09-23T08:17:50.2754168Z Removing libmono-system-web-dynamicdata4.0-cil (6.12.0.200-0xamarin2+ubuntu2004b1) ...
higress-wasmplugin-test (RUST)	Free Up GitHub Actions Ubuntu Runner Disk Space 🔧	2026-09-23T08:17:50.3015114Z Removing libmono-system-web-http-selfhost4.0-cil (6.12.0.200-0xamarin2+ubuntu2004b1) ...
higress-wasmplugin-test (RUST)	Free Up GitHub Actions Ubuntu Runner Disk Space 🔧	2026-09-23T08:17:50.3170667Z Removing libmono-system-web-http4.0-cil (6.12.0.200-0xamarin2+ubuntu2004b1) ...
higress-wasmplugin-test (RUST)	Free Up GitHub Actions Ubuntu Runner Disk Space 🔧	2026-09-23T08:17:50.3336085Z Removing libmono-system-data-services4.0-cil (6.12.0.200-0xamarin2+ubuntu2004b1) ...
higress-wasmplugin-test (RUST)	Free Up GitHub Actions Ubuntu Runner Disk Space 🔧	2026-09-23T08:17:50.3740832Z Removing libmono-system-deployment4.0-cil (6.12.0.200-0xamarin2+ubuntu2004b1) ...
higress-wasmplugin-test (RUST)	Free Up GitHub Actions Ubuntu Runner Disk Space 🔧	2026-09-23T08:17:50.3958270Z Removing libmono-system-drawing-design4.0-cil (6.12.0.200-0xamarin2+ubuntu2004b1) ...
higress-wasmplugin-test (RUST)	Free Up GitHub Actions Ubuntu Runner Disk Space 🔧	2026-09-23T08:17:50.4218179Z Removing libmono-system-dynamic4.0-cil (6.12.0.200-0xamarin2+ubuntu2004b1) ...
higress-wasmplugin-test (RUST)	Free Up GitHub Actions Ubuntu Runner Disk Space 🔧	2026-09-23T08:17:50.4495561Z Removing libmono-system-io-compression-filesystem4.0-cil (6.12.0.200-0xamarin2+ubuntu2004b1) ...
higress-wasmplugin-test (RUST)	Free Up GitHub Actions Ubuntu Runner Disk Space 🔧	2026-09-23T08:17:50.4652202Z Removing libmono-system-json-microsoft4.0-cil (6.12.0.200-0xamarin2+ubuntu2004b1) ...
higress-wasmplugin-test (RUST)	Free Up GitHub Actions Ubuntu Runner Disk Space 🔧	2026-09-23T08:17:50.4906167Z Removing libmono-system-json4.0-cil (6.12.0.200-0xamarin2+ubuntu2004b1) ...
higress-wasmplugin-test (RUST)	Free Up GitHub Actions Ubuntu Runner Disk Space 🔧	2026-09-23T08:17:50.5445376Z Removing libmono-system-ldap-protocols4.0-cil (6.12.0.200-0xamarin2+ubuntu2004b1) ...
higress-wasmplugin-test (RUST)	Free Up GitHub Actions Ubuntu Runner Disk Space 🔧	2026-09-23T08:17:50.5747877Z Removing libmono-system-management4.0-cil (6.12.0.200-0xamarin2+ubuntu2004b1) ...
higress-wasmplugin-test (RUST)	Free Up GitHub Actions Ubuntu Runner Disk Space 🔧	2026-09-23T08:17:50.6011592Z Removing libmono-system-net-http-formatting4.0-cil (6.12.0.200-0xamarin2+ubuntu2004b1) ...
higress-wasmplugin-test (RUST)	Free Up GitHub Actions Ubuntu Runner Disk Space 🔧	2026-09-23T08:17:50.6225933Z Removing libmono-system-net-http-webrequest4.0-cil (6.12.0.200-0xamarin2+ubuntu2004b1) ...
higress-wasmplugin-test (RUST)	Free Up GitHub Actions Ubuntu Runner Disk Space 🔧	2026-09-23T08:17:50.6437107Z Removing libmono-system-net4.0-cil (6.12.0.200-0xamarin2+ubuntu2004b1) ...
higress-wasmplugin-test (RUST)	Free Up GitHub Actions Ubuntu Runner Disk Space 🔧	2026-09-23T08:17:50.6646853Z Removing libmono-system-numerics-vectors4.0-cil (6.12.0.200-0xamarin2+ubuntu2004b1) ...
higress-wasmplugin-test (RUST)	Free Up GitHub Actions Ubuntu Runner Disk Space 🔧	2026-09-23T08:17:50.6809881Z Removing libmono-system-reactive-experimental2.2-cil (6.12.0.200-0xamarin2+ubuntu2004b1) ...
higress-wasmplugin-test (RUST)	Free Up GitHub Actions Ubuntu Runner Disk Space 🔧	2026-09-23T08:17:50.7073089Z Removing libmono-system-reactive-windows-threading2.2-cil (6.12.0.200-0xamarin2+ubuntu2004b1) ...
higress-wasmplugin-test (RUST)	Free Up GitHub Actions Ubuntu Runner Disk Space 🔧	2026-09-23T08:17:50.7357935Z Removing libmono-system-reactive-debugger2.2-cil (6.12.0.200-0xamarin2+ubuntu2004b1) ...
higress-wasmplugin-test (RUST)	Free Up GitHub Actions Ubuntu Runner Disk Space 🔧	2026-09-23T08:17:50.7637673Z Removing libmono-system-reactive-windows-forms2.2-cil (6.12.0.200-0xamarin2+ubuntu2004b1) ...
higress-wasmplugin-test (RUST)	Free Up GitHub Actions Ubuntu Runner Disk Space 🔧	2026-09-23T08:17:50.7811605Z Removing libmono-system-reactive-observable-aliases0.0-cil (6.12.0.200-0xamarin2+ubuntu2004b1) ...
higress-wasmplugin-test (RUST)	Free Up GitHub Actions Ubuntu Runner Disk Space 🔧	2026-09-23T08:17:50.7975923Z Removing libmono-system-reactive-providers2.2-cil (6.12.0.200-0xamarin2+ubuntu2004b1) ...
higress-wasmplugin-test (RUST)	Free Up GitHub Actions Ubuntu Runner Disk Space 🔧	2026-09-23T08:17:50.8248239Z Removing libmono-system-reactive-platformservices2.2-cil (6.12.0.200-0xamarin2+ubuntu2004b1) ...
higress-wasmplugin-test (RUST)	Free Up GitHub Actions Ubuntu Runner Disk Space 🔧	2026-09-23T08:17:50.8465229Z Removing libmono-system-reactive-linq2.2-cil (6.12.0.200-0xamarin2+ubuntu2004b1) ...
higress-wasmplugin-test (RUST)	Free Up GitHub Actions Ubuntu Runner Disk Space 🔧	2026-09-23T08:17:50.8682695Z Removing libmono-system-reactive-runtime-remoting2.2-cil (6.12.0.200-0xamarin2+ubuntu2004b1) ...
higress-wasmplugin-test (RUST)	Free Up GitHub Actions Ubuntu Runner Disk Space 🔧	2026-09-23T08:17:50.8896828Z Removing libmono-system-reflection-context4.0-cil (6.12.0.200-0xamarin2+ubuntu2004b1) ...
higress-wasmplugin-test (RUST)	Free Up GitHub Actions Ubuntu Runner Disk Space 🔧	2026-09-23T08:17:50.9073764Z Removing libmono-system-runtime-caching4.0-cil (6.12.0.200-0xamarin2+ubuntu2004b1) ...
higress-wasmplugin-test (RUST)	Free Up GitHub Actions Ubuntu Runner Disk Space 🔧	2026-09-23T08:17:50.9276152Z Removing libmono-system-runtime-durableinstancing4.0-cil (6.12.0.200-0xamarin2+ubuntu2004b1) ...
higress-wasmplugin-test (RUST)	Free Up GitHub Actions Ubuntu Runner Disk Space 🔧	2026-09-23T08:17:50.9551252Z Removing libmono-system-runtime4.0-cil (6.12.0.200-0xamarin2+ubuntu2004b1) ...
higress-wasmplugin-test (RUST)	Free Up GitHub Actions Ubuntu Runner Disk Space 🔧	2026-09-23T08:17:50.9765301Z Removing libmono-system-servicemodel-discovery4.0-cil (6.12.0.200-0xamarin2+ubuntu2004b1) ...
higress-wasmplugin-test (RUST)	Free Up GitHub Actions Ubuntu Runner Disk Space 🔧	2026-09-23T08:17:50.9937209Z Removing libmono-system-servicemodel-routing4.0-cil (6.12.0.200-0xamarin2+ubuntu2004b1) ...
higress-wasmplugin-test (RUST)	Free Up GitHub Actions Ubuntu Runner Disk Space 🔧	2026-09-23T08:17:51.0213039Z Removing libmono-system-servicemodel-web4.0-cil (6.12.0.200-0xamarin2+ubuntu2004b1) ...
higress-wasmplugin-test (RUST)	Free Up GitHub Actions Ubuntu Runner Disk Space 🔧	2026-09-23T08:17:51.0536962Z Removing mono-4.0-service (6.12.0.200-0xamarin2+ubuntu2004b1) ...
higress-wasmplugin-test (RUST)	Free Up GitHub Actions Ubuntu Runner Disk Space 🔧	2026-09-23T08:17:51.0703405Z Removing libmono-system-serviceprocess4.0-cil (6.12.0.200-0xamarin2+ubuntu2004b1) ...
higress-wasmplugin-test (RUST)	Free Up GitHub Actions Ubuntu Runner Disk Space 🔧	2026-09-23T08:17:51.0866044Z Removing libmono-system-threading-tasks-dataflow4.0-cil (6.12.0.200-0xamarin2+ubuntu2004b1) ...
higress-wasmplugin-test (RUST)	Free Up GitHub Actions Ubuntu Runner Disk Space 🔧	2026-09-23T08:17:51.1035459Z Removing libmono-system-web-abstractions4.0-cil (6.12.0.200-0xamarin2+ubuntu2004b1) ...
higress-wasmplugin-test (RUST)	Free Up GitHub Actions Ubuntu Runner Disk Space 🔧	2026-09-23T08:17:51.1208608Z Removing libmono-system-web-extensions-design4.0-cil (6.12.0.200-0xamarin2+ubuntu2004b1) ...
higress-wasmplugin-test (RUST)	Free Up GitHub Actions Ubuntu Runner Disk Space 🔧	2026-09-23T08:17:51.1374421Z Removing libmono-system-web-extensions4.0-cil (6.12.0.200-0xamarin2+ubuntu2004b1) ...
higress-wasmplugin-test (RUST)	Free Up GitHub Actions Ubuntu Runner Disk Space 🔧	2026-09-23T08:17:51.1647821Z Removing libmono-system-web-mobile4.0-cil (6.12.0.200-0xamarin2+ubuntu2004b1) ...
higress-wasmplugin-test (RUST)	Free Up GitHub Actions Ubuntu Runner Disk Space 🔧	2026-09-23T08:17:51.1867764Z Removing libmono-system-web-webpages-razor2.0-cil (6.12.0.200-0xamarin2+ubuntu2004b1) ...
higress-wasmplugin-test (RUST)	Free Up GitHub Actions Ubuntu Runner Disk Space 🔧	2026-09-23T08:17:51.2131567Z Removing libmono-system-web-regularexpressions4.0-cil (6.12.0.200-0xamarin2+ubuntu2004b1) ...
higress-wasmplugin-test (RUST)	Free Up GitHub Actions Ubuntu Runner Disk Space 🔧	2026-09-23T08:17:51.2291127Z Removing libmono-system-web-routing4.0-cil (6.12.0.200-0xamarin2+ubuntu2004b1) ...
higress-wasmplugin-test (RUST)	Free Up GitHub Actions Ubuntu Runner Disk Space 🔧	2026-09-23T08:17:51.2466428Z Removing libmono-system-windows-forms-datavisualization4.0a-cil (6.12.0.200-0xamarin2+ubuntu2004b1) ...
higress-wasmplugin-test (RUST)	Free Up GitHub Actions Ubuntu Runner Disk Space 🔧	2026-09-23T08:17:51.2707567Z Removing libmono-system-windows4.0-cil (6.12.0.200-0xamarin2+ubuntu2004b1) ...
higress-wasmplugin-test (RUST)	Free Up GitHub Actions Ubuntu Runner Disk Space 🔧	2026-09-23T08:17:51.2872688Z Removing libmono-system-workflow-activities4.0-cil (6.12.0.200-0xamarin2+ubuntu2004b1) ...
higress-wasmplugin-test (RUST)	Free Up GitHub Actions Ubuntu Runner Disk Space 🔧	2026-09-23T08:17:51.3036685Z Removing libmono-system-workflow-componentmodel4.0-cil (6.12.0.200-0xamarin2+ubuntu2004b1) ...
higress-wasmplugin-test (RUST)	Free Up GitHub Actions Ubuntu Runner Disk Space 🔧	2026-09-23T08:17:51.3192274Z Removing libmono-system-workflow-runtime4.0-cil (6.12.0.200-0xamarin2+ubuntu2004b1) ...
higress-wasmplugin-test (RUST)	Free Up GitHub Actions Ubuntu Runner Disk Space 🔧	2026-09-23T08:17:51.3407466Z Removing libmono-system-xml-serialization4.0-cil (6.12.0.200-0xamarin2+ubuntu2004b1) ...
higress-wasmplugin-test (RUST)	Free Up GitHub Actions Ubuntu Runner Disk Space 🔧	2026-09-23T08:17:51.3564209Z Removing libmono-tasklets4.0-cil (6.12.0.200-0xamarin2+ubuntu2004b1) ...
higress-wasmplugin-test (RUST)	Free Up GitHub Actions Ubuntu Runner Disk Space 🔧	2026-09-23T08:17:51.3724438Z Removing libmono-webmatrix-data4.0-cil (6.12.0.200-0xamarin2+ubuntu2004b1) ...
higress-wasmplugin-test (RUST)	Free Up GitHub Actions Ubuntu Runner Disk Space 🔧	2026-09-23T08:17:51.3881536Z Removing libmono-xbuild-tasks4.0-cil (6.12.0.200-0xamarin2+ubuntu2004b1) ...
higress-wasmplugin-test (RUST)	Free Up GitHub Actions Ubuntu Runner Disk Space 🔧	2026-09-23T08:17:51.4047724Z Removing mono-utils (6.12.0.200-0xamarin2+ubuntu2004b1) ...
higress-wasmplugin-test (RUST)	Free Up GitHub Actions Ubuntu Runner Disk Space 🔧	2026-09-23T08:17:51.4318750Z Removing libmonoboehm-2.0-1 (6.12.0.200-0xamarin2+ubuntu2004b1) ...
higress-wasmplugin-test (RUST)	Free Up GitHub Actions Ubuntu Runner Disk Space 🔧	2026-09-23T08:17:51.4477638Z Removing libmonosgen-2.0-dev (6.12.0.200-0xamarin2+ubuntu2004b1) ...
higress-wasmplugin-test (RUST)	Free Up GitHub Actions Ubuntu Runner Disk Space 🔧	2026-09-23T08:17:51.4635626Z Removing libmonosgen-2.0-1 (6.12.0.200-0xamarin2+ubuntu2004b1) ...
higress-wasmplugin-test (RUST)	Free Up GitHub Actions Ubuntu Runner Disk Space 🔧	2026-09-23T08:17:51.4874279Z Removing open-vm-tools (2:12.3.5-3~ubuntu0.22.04.3) ...
higress-wasmplugin-test (RUST)	Free Up GitHub Actions Ubuntu Runner Disk Space 🔧	2026-09-23T08:17:52.2095556Z Removing libmspack0:amd64 (0.10.1-2build2) ...
higress-wasmplugin-test (RUST)	Free Up GitHub Actions Ubuntu Runner Disk Space 🔧	2026-09-23T08:17:52.2256530Z Removing libzmq5:amd64 (4.3.4-2) ...
higress-wasmplugin-test (RUST)	Free Up GitHub Actions Ubuntu Runner Disk Space 🔧	2026-09-23T08:17:52.2471168Z Removing libnorm1:amd64 (1.5.9+dfsg-2) ...
higress-wasmplugin-test (RUST)	Free Up GitHub Actions Ubuntu Runner Disk Space 🔧	2026-09-23T08:17:55.3688632Z Removing libvorbisfile3:amd64 (1.3.7-1build2) ...
higress-wasmplugin-test (RUST)	Free Up GitHub Actions Ubuntu Runner Disk Space 🔧	2026-09-23T08:17:55.3852935Z Removing libvorbis0a:amd64 (1.3.7-1build2) ...
higress-wasmplugin-test (RUST)	Free Up GitHub Actions Ubuntu Runner Disk Space 🔧	2026-09-23T08:17:55.4006911Z Removing libogg0:amd64 (1.3.5-0ubuntu3) ...
higress-wasmplugin-test (RUST)	Free Up GitHub Actions Ubuntu Runner Disk Space 🔧	2026-09-23T08:17:55.4221158Z Removing libopeniscsiusr (2.1.5-1ubuntu1.1) ...
higress-wasmplugin-test (RUST)	Free Up GitHub Actions Ubuntu Runner Disk Space 🔧	2026-09-23T08:17:55.4446230Z Removing libpciaccess0:amd64 (0.16-3) ...
higress-wasmplugin-test (RUST)	Free Up GitHub Actions Ubuntu Runner Disk Space 🔧	2026-09-23T08:17:55.4611337Z Removing libpfm4:amd64 (4.11.1+git32-gd0b85fb-1ubuntu0.1) ...
higress-wasmplugin-test (RUST)	Free Up GitHub Actions Ubuntu Runner Disk Space 🔧	2026-09-23T08:17:55.4768014Z Removing libpgm-5.3-0:amd64 (5.3.128~dfsg-2) ...
higress-wasmplugin-test (RUST)	Free Up GitHub Actions Ubuntu Runner Disk Space 🔧	2026-09-23T08:17:55.4994932Z Removing libproc-processtable-perl:amd64 (0.634-1build1) ...
higress-wasmplugin-test (RUST)	Free Up GitHub Actions Ubuntu Runner Disk Space 🔧	2026-09-23T08:17:55.5166466Z Removing libprotobuf-lite23:amd64 (3.12.4-1ubuntu7.22.04.6) ...
higress-wasmplugin-test (RUST)	Free Up GitHub Actions Ubuntu Runner Disk Space 🔧	2026-09-23T08:17:55.5372821Z Removing libqdbm14 (1.8.78-11build3) ...
higress-wasmplugin-test (RUST)	Free Up GitHub Actions Ubuntu Runner Disk Space 🔧	2026-09-23T08:17:55.5538140Z Removing librabbitmq4:amd64 (0.10.0-1ubuntu2.2) ...
higress-wasmplugin-test (RUST)	Free Up GitHub Actions Ubuntu Runner Disk Space 🔧	2026-09-23T08:17:55.5692346Z Removing libre2-9:amd64 (20220201+dfsg-1) ...
higress-wasmplugin-test (RUST)	Free Up GitHub Actions Ubuntu Runner Disk Space 🔧	2026-09-23T08:17:55.5894789Z Removing libsnappy1v5:amd64 (1.1.8-1build3) ...
higress-wasmplugin-test (RUST)	Free Up GitHub Actions Ubuntu Runner Disk Space 🔧	2026-09-23T08:17:55.6094988Z Removing libsort-naturally-perl (1.03-2) ...
higress-wasmplugin-test (RUST)	Free Up GitHub Actions Ubuntu Runner Disk Space 🔧	2026-09-23T08:17:55.6245825Z Removing libtdb1:amd64 (1.4.5-2build1) ...
higress-wasmplugin-test (RUST)	Free Up GitHub Actions Ubuntu Runner Disk Space 🔧	2026-09-23T08:17:55.6496364Z Removing libterm-readkey-perl (2.38-1build4) ...
higress-wasmplugin-test (RUST)	Free Up GitHub Actions Ubuntu Runner Disk Space 🔧	2026-09-23T08:17:55.6660801Z Removing libtidy5deb1:amd64 (2:5.6.0-11ubuntu0.22.04.1) ...
higress-wasmplugin-test (RUST)	Free Up GitHub Actions Ubuntu Runner Disk Space 🔧	2026-09-23T08:17:55.6891180Z Removing libtimedate-perl (2.3300-2) ...
higress-wasmplugin-test (RUST)	Free Up GitHub Actions Ubuntu Runner Disk Space 🔧	2026-09-23T08:17:55.7106292Z Removing libtinfo-dev:amd64 (6.3-2ubuntu0.3) ...
higress-wasmplugin-test (RUST)	Free Up GitHub Actions Ubuntu Runner Disk Space 🔧	2026-09-23T08:17:55.7305809Z Removing libtommath1:amd64 (1.2.0-6ubuntu0.22.04.1) ...
higress-wasmplugin-test (RUST)	Free Up GitHub Actions Ubuntu Runner Disk Space 🔧	2026-09-23T08:17:55.7452745Z Removing liburi-perl (5.10-1) ...
higress-wasmplugin-test (RUST)	Free Up GitHub Actions Ubuntu Runner Disk Space 🔧	2026-09-23T08:17:55.7659185Z Removing libx11-xcb1:amd64 (2:1.7.5-1ubuntu0.3) ...
higress-wasmplugin-test (RUST)	Free Up GitHub Actions Ubuntu Runner Disk Space 🔧	2026-09-23T08:17:55.7873036Z Removing xserver-common (2:21.1.4-2ubuntu1.7~22.04.16) ...
higress-wasmplugin-test (RUST)	Free Up GitHub Actions Ubuntu Runner Disk Space 🔧	2026-09-23T08:17:55.8028988Z Removing x11-xkb-utils (7.7+5build4) ...
higress-wasmplugin-test (RUST)	Free Up GitHub Actions Ubuntu Runner Disk Space 🔧	2026-09-23T08:17:55.8179456Z Removing libxaw7:amd64 (2:1.0.14-1) ...
higress-wasmplugin-test (RUST)	Free Up GitHub Actions Ubuntu Runner Disk Space 🔧	2026-09-23T08:17:55.8376597Z Removing libxcb-dri2-0:amd64 (1.14-3ubuntu3) ...
higress-wasmplugin-test (RUST)	Free Up GitHub Actions Ubuntu Runner Disk Space 🔧	2026-09-23T08:17:55.8582285Z Removing libxcb-dri3-0:amd64 (1.14-3ubuntu3) ...
higress-wasmplugin-test (RUST)	Free Up GitHub Actions Ubuntu Runner Disk Space 🔧	2026-09-23T08:17:55.8736946Z Removing libxcb-glx0:amd64 (1.14-3ubuntu3) ...
higress-wasmplugin-test (RUST)	Free Up GitHub Actions Ubuntu Runner Disk Space 🔧	2026-09-23T08:17:55.8880483Z Removing libxcb-present0:amd64 (1.14-3ubuntu3) ...
higress-wasmplugin-test (RUST)	Free Up GitHub Actions Ubuntu Runner Disk Space 🔧	2026-09-23T08:17:55.9034200Z Removing libxcb-sync1:amd64 (1.14-3ubuntu3) ...
higress-wasmplugin-test (RUST)	Free Up GitHub Actions Ubuntu Runner Disk Space 🔧	2026-09-23T08:17:55.9178112Z Removing libxcb-xfixes0:amd64 (1.14-3ubuntu3) ...
higress-wasmplugin-test (RUST)	Free Up GitHub Actions Ubuntu Runner Disk Space 🔧	2026-09-23T08:17:55.9330833Z Removing libxmlsec1-openssl:amd64 (1.2.33-1build2) ...
higress-wasmplugin-test (RUST)	Free Up GitHub Actions Ubuntu Runner Disk Space 🔧	2026-09-23T08:17:55.9524395Z Removing libxmlsec1:amd64 (1.2.33-1build2) ...
higress-wasmplugin-test (RUST)	Free Up GitHub Actions Ubuntu Runner Disk Space 🔧	2026-09-23T08:17:55.9816157Z Removing libxmu6:amd64 (2:1.1.3-3) ...
higress-wasmplugin-test (RUST)	Free Up GitHub Actions Ubuntu Runner Disk Space 🔧	2026-09-23T08:17:55.9965901Z Removing libxshmfence1:amd64 (1.3-1build4) ...
higress-wasmplugin-test (RUST)	Free Up GitHub Actions Ubuntu Runner Disk Space 🔧	2026-09-23T08:17:56.0123240Z Removing libxxf86vm1:amd64 (1:1.1.4-1build3) ...
higress-wasmplugin-test (RUST)	Free Up GitHub Actions Ubuntu Runner Disk Space 🔧	2026-09-23T08:17:56.0289854Z Removing libz3-dev:amd64 (4.8.12-1) ...
higress-wasmplugin-test (RUST)	Free Up GitHub Actions Ubuntu Runner Disk Space 🔧	2026-09-23T08:17:56.0444343Z Removing libz3-4:amd64 (4.8.12-1) ...
higress-wasmplugin-test (RUST)	Free Up GitHub Actions Ubuntu Runner Disk Space 🔧	2026-09-23T08:17:56.0594277Z Removing libzip4:amd64 (1.7.3-1ubuntu2) ...
higress-wasmplugin-test (RUST)	Free Up GitHub Actions Ubuntu Runner Disk Space 🔧	2026-09-23T08:17:56.0751610Z Removing lxd-agent-loader (0.5) ...
higress-wasmplugin-test (RUST)	Free Up GitHub Actions Ubuntu Runner Disk Space 🔧	2026-09-23T08:17:56.4271104Z Removing mlock (8:2007f~dfsg-7build1) ...
higress-wasmplugin-test (RUST)	Free Up GitHub Actions Ubuntu Runner Disk Space 🔧	2026-09-23T08:17:56.4432434Z Removing mono-mcs (6.12.0.200-0xamarin2+ubuntu2004b1) ...
higress-wasmplugin-test (RUST)	Free Up GitHub Actions Ubuntu Runner Disk Space 🔧	2026-09-23T08:17:56.4754602Z Removing python3-apport (2.20.11-0ubuntu82.10) ...
higress-wasmplugin-test (RUST)	Free Up GitHub Actions Ubuntu Runner Disk Space 🔧	2026-09-23T08:17:56.5610741Z Removing python3-twisted (22.1.0-2ubuntu2.7) ...
higress-wasmplugin-test (RUST)	Free Up GitHub Actions Ubuntu Runner Disk Space 🔧	2026-09-23T08:17:56.8226242Z Removing python3-automat (20.2.0-1) ...
higress-wasmplugin-test (RUST)	Free Up GitHub Actions Ubuntu Runner Disk Space 🔧	2026-09-23T08:17:56.9029109Z Removing python3-bcrypt (3.2.0-1build1) ...
higress-wasmplugin-test (RUST)	Free Up GitHub Actions Ubuntu Runner Disk Space 🔧	2026-09-23T08:17:56.9767769Z Removing python3-click (8.0.3-1) ...
higress-wasmplugin-test (RUST)	Free Up GitHub Actions Ubuntu Runner Disk Space 🔧	2026-09-23T08:17:57.0582556Z Removing python3-colorama (0.4.4-1) ...
higress-wasmplugin-test (RUST)	Free Up GitHub Actions Ubuntu Runner Disk Space 🔧	2026-09-23T08:17:57.1403174Z Removing python3-constantly (15.1.0-2) ...
higress-wasmplugin-test (RUST)	Free Up GitHub Actions Ubuntu Runner Disk Space 🔧	2026-09-23T08:17:57.2136441Z Removing python3-hamcrest (2.0.2-2) ...
higress-wasmplugin-test (RUST)	Free Up GitHub Actions Ubuntu Runner Disk Space 🔧	2026-09-23T08:17:57.2986281Z Removing python3-hyperlink (21.0.0-3) ...
higress-wasmplugin-test (RUST)	Free Up GitHub Actions Ubuntu Runner Disk Space 🔧	2026-09-23T08:17:57.3742747Z Removing python3-incremental (21.3.0-1) ...
higress-wasmplugin-test (RUST)	Free Up GitHub Actions Ubuntu Runner Disk Space 🔧	2026-09-23T08:17:57.4607362Z Removing python3-problem-report (2.20.11-0ubuntu82.10) ...
higress-wasmplugin-test (RUST)	Free Up GitHub Actions Ubuntu Runner Disk Space 🔧	2026-09-23T08:17:57.5405173Z Removing python3-service-identity (18.1.0-6) ...
higress-wasmplugin-test (RUST)	Free Up GitHub Actions Ubuntu Runner Disk Space 🔧	2026-09-23T08:17:57.6181174Z Removing python3-pyasn1-modules (0.2.1-1) ...
higress-wasmplugin-test (RUST)	Free Up GitHub Actions Ubuntu Runner Disk Space 🔧	2026-09-23T08:17:57.6912705Z Removing python3-pyasn1 (0.4.8-1ubuntu0.3) ...
higress-wasmplugin-test (RUST)	Free Up GitHub Actions Ubuntu Runner Disk Space 🔧	2026-09-23T08:17:57.7738580Z Removing python3-systemd (234-3ubuntu2) ...
higress-wasmplugin-test (RUST)	Free Up GitHub Actions Ubuntu Runner Disk Space 🔧	2026-09-23T08:17:57.8569268Z Removing python3-zope.interface (5.4.0-1build1) ...
higress-wasmplugin-test (RUST)	Free Up GitHub Actions Ubuntu Runner Disk Space 🔧	2026-09-23T08:17:57.9358117Z Removing shtool (2.0.8-10) ...
higress-wasmplugin-test (RUST)	Free Up GitHub Actions Ubuntu Runner Disk Space 🔧	2026-09-23T08:17:57.9540023Z Removing sound-theme-freedesktop (0.8-2ubuntu1) ...
higress-wasmplugin-test (RUST)	Free Up GitHub Actions Ubuntu Runner Disk Space 🔧	2026-09-23T08:17:57.9710053Z Removing xul-ext-ubufox (3.4-0ubuntu1.17.10.1) ...
higress-wasmplugin-test (RUST)	Free Up GitHub Actions Ubuntu Runner Disk Space 🔧	2026-09-23T08:17:58.0061556Z Removing zerofree (1.1.1-1build3) ...
higress-wasmplugin-test (RUST)	Free Up GitHub Actions Ubuntu Runner Disk Space 🔧	2026-09-23T08:17:58.0226567Z Removing lib32gcc-s1 (12.3.0-1ubuntu1~22.04.3) ...
higress-wasmplugin-test (RUST)	Free Up GitHub Actions Ubuntu Runner Disk Space 🔧	2026-09-23T08:17:58.0446330Z Removing libmono-cecil-private-cil (6.12.0.200-0xamarin2+ubuntu2004b1) ...
higress-wasmplugin-test (RUST)	Free Up GitHub Actions Ubuntu Runner Disk Space 🔧	2026-09-23T08:17:58.0612564Z Removing libmono-system-web-webpages2.0-cil (6.12.0.200-0xamarin2+ubuntu2004b1) ...
higress-wasmplugin-test (RUST)	Free Up GitHub Actions Ubuntu Runner Disk Space 🔧	2026-09-23T08:17:58.0790739Z Removing libmono-system-data-linq4.0-cil (6.12.0.200-0xamarin2+ubuntu2004b1) ...
higress-wasmplugin-test (RUST)	Free Up GitHub Actions Ubuntu Runner Disk Space 🔧	2026-09-23T08:17:58.1009888Z Removing libmono-system-reactive-core2.2-cil (6.12.0.200-0xamarin2+ubuntu2004b1) ...
higress-wasmplugin-test (RUST)	Free Up GitHub Actions Ubuntu Runner Disk Space 🔧	2026-09-23T08:17:58.1170999Z Removing libmono-system-reactive-interfaces2.2-cil (6.12.0.200-0xamarin2+ubuntu2004b1) ...
higress-wasmplugin-test (RUST)	Free Up GitHub Actions Ubuntu Runner Disk Space 🔧	2026-09-23T08:17:58.1326824Z Removing libmono-system-web-razor2.0-cil (6.12.0.200-0xamarin2+ubuntu2004b1) ...
higress-wasmplugin-test (RUST)	Free Up GitHub Actions Ubuntu Runner Disk Space 🔧	2026-09-23T08:17:58.1487464Z Removing libmono-system-web-webpages-deployment2.0-cil (6.12.0.200-0xamarin2+ubuntu2004b1) ...
higress-wasmplugin-test (RUST)	Free Up GitHub Actions Ubuntu Runner Disk Space 🔧	2026-09-23T08:17:58.1672159Z Removing libmono-microsoft-web-infrastructure1.0-cil (6.12.0.200-0xamarin2+ubuntu2004b1) ...
higress-wasmplugin-test (RUST)	Free Up GitHub Actions Ubuntu Runner Disk Space 🔧	2026-09-23T08:17:58.2176083Z Removing msbuild-libhostfxr (3.0.0.2019.04.16.02.13-0xamarin4+ubuntu2004b1) ...
higress-wasmplugin-test (RUST)	Free Up GitHub Actions Ubuntu Runner Disk Space 🔧	2026-09-23T08:17:58.2334495Z Removing msbuild-sdkresolver (1:16.10.1+xamarinxplat.2021.05.26.14.00-0xamarin2+ubuntu2004b1) ...
higress-wasmplugin-test (RUST)	Free Up GitHub Actions Ubuntu Runner Disk Space 🔧	2026-09-23T08:17:58.2845789Z Processing triggers for libc-bin (2.35-0ubuntu3.14) ...
higress-wasmplugin-test (RUST)	Free Up GitHub Actions Ubuntu Runner Disk Space 🔧	2026-09-23T08:17:58.2970582Z Processing triggers for man-db (2.10.2-1) ...
higress-wasmplugin-test (RUST)	Free Up GitHub Actions Ubuntu Runner Disk Space 🔧	2026-09-23T08:17:58.2987821Z Not building database; man-db/auto-update is not 'true'.
higress-wasmplugin-test (RUST)	Free Up GitHub Actions Ubuntu Runner Disk Space 🔧	2026-09-23T08:17:58.3005628Z Processing triggers for postgresql-common (293.pgdg22.04+1) ...
higress-wasmplugin-test (RUST)	Free Up GitHub Actions Ubuntu Runner Disk Space 🔧	2026-09-23T08:17:58.4206517Z Building PostgreSQL dictionaries from installed myspell/hunspell packages...
higress-wasmplugin-test (RUST)	Free Up GitHub Actions Ubuntu Runner Disk Space 🔧	2026-09-23T08:17:58.4206979Z Removing obsolete dictionary files:
higress-wasmplugin-test (RUST)	Free Up GitHub Actions Ubuntu Runner Disk Space 🔧	2026-09-23T08:17:58.4208904Z   /var/cache/postgresql/dicts/en_us.affix
higress-wasmplugin-test (RUST)	Free Up GitHub Actions Ubuntu Runner Disk Space 🔧	2026-09-23T08:17:58.4209343Z   /var/cache/postgresql/dicts/en_us.dict
higress-wasmplugin-test (RUST)	Free Up GitHub Actions Ubuntu Runner Disk Space 🔧	2026-09-23T08:17:58.4264558Z   /usr/share/postgresql/14/tsearch_data/en_us.affix
higress-wasmplugin-test (RUST)	Free Up GitHub Actions Ubuntu Runner Disk Space 🔧	2026-09-23T08:17:58.4265037Z   /usr/share/postgresql/14/tsearch_data/en_us.dict
higress-wasmplugin-test (RUST)	Free Up GitHub Actions Ubuntu Runner Disk Space 🔧	2026-09-23T08:17:58.4467533Z Processing triggers for install-info (6.8-4build1) ...
higress-wasmplugin-test (RUST)	Free Up GitHub Actions Ubuntu Runner Disk Space 🔧	2026-09-23T08:17:58.7076582Z Processing triggers for initramfs-tools (0.140ubuntu13.5) ...
higress-wasmplugin-test (RUST)	Free Up GitHub Actions Ubuntu Runner Disk Space 🔧	2026-09-23T08:17:58.7418641Z update-initramfs: Generating /boot/initrd.img-6.8.0-1064-azure
higress-wasmplugin-test (RUST)	Free Up GitHub Actions Ubuntu Runner Disk Space 🔧	2026-09-23T08:18:05.7641367Z 
higress-wasmplugin-test (RUST)	Free Up GitHub Actions Ubuntu Runner Disk Space 🔧	2026-09-23T08:18:05.7646652Z ********************************************************************************
higress-wasmplugin-test (RUST)	Free Up GitHub Actions Ubuntu Runner Disk Space 🔧	2026-09-23T08:18:05.7661284Z => Large misc. packages: Saved 4.6GiB
higress-wasmplugin-test (RUST)	Free Up GitHub Actions Ubuntu Runner Disk Space 🔧	2026-09-23T08:18:05.7666057Z ********************************************************************************
higress-wasmplugin-test (RUST)	Free Up GitHub Actions Ubuntu Runner Disk Space 🔧	2026-09-23T08:18:05.7666357Z 
higress-wasmplugin-test (RUST)	Free Up GitHub Actions Ubuntu Runner Disk Space 🔧	2026-09-23T08:18:05.7851585Z Total reclaimed space: 0B
higress-wasmplugin-test (RUST)	Free Up GitHub Actions Ubuntu Runner Disk Space 🔧	2026-09-23T08:18:05.7895428Z 
higress-wasmplugin-test (RUST)	Free Up GitHub Actions Ubuntu Runner Disk Space 🔧	2026-09-23T08:18:05.7900044Z ********************************************************************************
higress-wasmplugin-test (RUST)	Free Up GitHub Actions Ubuntu Runner Disk Space 🔧	2026-09-23T08:18:05.7915662Z => Docker images: Saved 0B
higress-wasmplugin-test (RUST)	Free Up GitHub Actions Ubuntu Runner Disk Space 🔧	2026-09-23T08:18:05.7920281Z ********************************************************************************
higress-wasmplugin-test (RUST)	Free Up GitHub Actions Ubuntu Runner Disk Space 🔧	2026-09-23T08:18:05.7920582Z 
higress-wasmplugin-test (RUST)	Free Up GitHub Actions Ubuntu Runner Disk Space 🔧	2026-09-23T08:18:05.8153257Z                total        used        free      shared  buff/cache   available
higress-wasmplugin-test (RUST)	Free Up GitHub Actions Ubuntu Runner Disk Space 🔧	2026-09-23T08:18:05.8154286Z Mem:            15Gi       609Mi        10Gi        46Mi       4.7Gi        14Gi
higress-wasmplugin-test (RUST)	Free Up GitHub Actions Ubuntu Runner Disk Space 🔧	2026-09-23T08:18:05.8154614Z Swap:             0B          0B          0B
higress-wasmplugin-test (RUST)	Free Up GitHub Actions Ubuntu Runner Disk Space 🔧	2026-09-23T08:18:05.8182670Z 
higress-wasmplugin-test (RUST)	Free Up GitHub Actions Ubuntu Runner Disk Space 🔧	2026-09-23T08:18:05.8187475Z ********************************************************************************
higress-wasmplugin-test (RUST)	Free Up GitHub Actions Ubuntu Runner Disk Space 🔧	2026-09-23T08:18:05.8199736Z numfmt: invalid option -- '8'
higress-wasmplugin-test (RUST)	Free Up GitHub Actions Ubuntu Runner Disk Space 🔧	2026-09-23T08:18:05.8200350Z Try 'numfmt --help' for more information.
higress-wasmplugin-test (RUST)	Free Up GitHub Actions Ubuntu Runner Disk Space 🔧	2026-09-23T08:18:05.8202735Z => Swap storage: Saved 
higress-wasmplugin-test (RUST)	Free Up GitHub Actions Ubuntu Runner Disk Space 🔧	2026-09-23T08:18:05.8207451Z ********************************************************************************
higress-wasmplugin-test (RUST)	Free Up GitHub Actions Ubuntu Runner Disk Space 🔧	2026-09-23T08:18:05.8207751Z 
higress-wasmplugin-test (RUST)	Free Up GitHub Actions Ubuntu Runner Disk Space 🔧	2026-09-23T08:18:05.8255895Z 
higress-wasmplugin-test (RUST)	Free Up GitHub Actions Ubuntu Runner Disk Space 🔧	2026-09-23T08:18:05.8260613Z ================================================================================
higress-wasmplugin-test (RUST)	Free Up GitHub Actions Ubuntu Runner Disk Space 🔧	2026-09-23T08:18:05.8261037Z AFTER CLEAN-UP:
higress-wasmplugin-test (RUST)	Free Up GitHub Actions Ubuntu Runner Disk Space 🔧	2026-09-23T08:18:05.8261199Z 
higress-wasmplugin-test (RUST)	Free Up GitHub Actions Ubuntu Runner Disk Space 🔧	2026-09-23T08:18:05.8261306Z $ dh -h /
higress-wasmplugin-test (RUST)	Free Up GitHub Actions Ubuntu Runner Disk Space 🔧	2026-09-23T08:18:05.8261435Z 
higress-wasmplugin-test (RUST)	Free Up GitHub Actions Ubuntu Runner Disk Space 🔧	2026-09-23T08:18:05.8269161Z Filesystem      Size  Used Avail Use% Mounted on
higress-wasmplugin-test (RUST)	Free Up GitHub Actions Ubuntu Runner Disk Space 🔧	2026-09-23T08:18:05.8269671Z /dev/root       146G   35G  111G  24% /
higress-wasmplugin-test (RUST)	Free Up GitHub Actions Ubuntu Runner Disk Space 🔧	2026-09-23T08:18:05.8269964Z $ dh -a /
higress-wasmplugin-test (RUST)	Free Up GitHub Actions Ubuntu Runner Disk Space 🔧	2026-09-23T08:18:05.8270067Z 
higress-wasmplugin-test (RUST)	Free Up GitHub Actions Ubuntu Runner Disk Space 🔧	2026-09-23T08:18:05.8278353Z Filesystem     1K-blocks     Used Available Use% Mounted on
higress-wasmplugin-test (RUST)	Free Up GitHub Actions Ubuntu Runner Disk Space 🔧	2026-09-23T08:18:05.8278878Z /dev/root      152243760 35885428 116341948  24% /
higress-wasmplugin-test (RUST)	Free Up GitHub Actions Ubuntu Runner Disk Space 🔧	2026-09-23T08:18:05.8279400Z $ dh -a
higress-wasmplugin-test (RUST)	Free Up GitHub Actions Ubuntu Runner Disk Space 🔧	2026-09-23T08:18:05.8279549Z 
higress-wasmplugin-test (RUST)	Free Up GitHub Actions Ubuntu Runner Disk Space 🔧	2026-09-23T08:18:05.8290055Z Filesystem      1K-blocks     Used Available Use% Mounted on
higress-wasmplugin-test (RUST)	Free Up GitHub Actions Ubuntu Runner Disk Space 🔧	2026-09-23T08:18:05.8290644Z /dev/root       152243760 35885428 116341948  24% /
higress-wasmplugin-test (RUST)	Free Up GitHub Actions Ubuntu Runner Disk Space 🔧	2026-09-23T08:18:05.8291045Z devtmpfs          8166092        0   8166092   0% /dev
higress-wasmplugin-test (RUST)	Free Up GitHub Actions Ubuntu Runner Disk Space 🔧	2026-09-23T08:18:05.8291465Z proc                    0        0         0    - /proc
higress-wasmplugin-test (RUST)	Free Up GitHub Actions Ubuntu Runner Disk Space 🔧	2026-09-23T08:18:05.8291922Z sysfs                   0        0         0    - /sys
higress-wasmplugin-test (RUST)	Free Up GitHub Actions Ubuntu Runner Disk Space 🔧	2026-09-23T08:18:05.8292485Z securityfs              0        0         0    - /sys/kernel/security
higress-wasmplugin-test (RUST)	Free Up GitHub Actions Ubuntu Runner Disk Space 🔧	2026-09-23T08:18:05.8293024Z tmpfs             8185728      172   8185556   1% /dev/shm
higress-wasmplugin-test (RUST)	Free Up GitHub Actions Ubuntu Runner Disk Space 🔧	2026-09-23T08:18:05.8293527Z devpts                  0        0         0    - /dev/pts
higress-wasmplugin-test (RUST)	Free Up GitHub Actions Ubuntu Runner Disk Space 🔧	2026-09-23T08:18:05.8294531Z tmpfs             3274292     1020   3273272   1% /run
higress-wasmplugin-test (RUST)	Free Up GitHub Actions Ubuntu Runner Disk Space 🔧	2026-09-23T08:18:05.8295004Z tmpfs                5120        0      5120   0% /run/lock
higress-wasmplugin-test (RUST)	Free Up GitHub Actions Ubuntu Runner Disk Space 🔧	2026-09-23T08:18:05.8295511Z cgroup2                 0        0         0    - /sys/fs/cgroup
higress-wasmplugin-test (RUST)	Free Up GitHub Actions Ubuntu Runner Disk Space 🔧	2026-09-23T08:18:05.8296031Z pstore                  0        0         0    - /sys/fs/pstore
higress-wasmplugin-test (RUST)	Free Up GitHub Actions Ubuntu Runner Disk Space 🔧	2026-09-23T08:18:05.8296562Z efivarfs                0        0         0    - /sys/firmware/efi/efivars
higress-wasmplugin-test (RUST)	Free Up GitHub Actions Ubuntu Runner Disk Space 🔧	2026-09-23T08:18:05.8297087Z bpf                     0        0         0    - /sys/fs/bpf
higress-wasmplugin-test (RUST)	Free Up GitHub Actions Ubuntu Runner Disk Space 🔧	2026-09-23T08:18:05.8297615Z systemd-1               -        -         -    - /proc/sys/fs/binfmt_misc
higress-wasmplugin-test (RUST)	Free Up GitHub Actions Ubuntu Runner Disk Space 🔧	2026-09-23T08:18:05.8298190Z hugetlbfs               0        0         0    - /dev/hugepages
higress-wasmplugin-test (RUST)	Free Up GitHub Actions Ubuntu Runner Disk Space 🔧	2026-09-23T08:18:05.8298669Z mqueue                  0        0         0    - /dev/mqueue
higress-wasmplugin-test (RUST)	Free Up GitHub Actions Ubuntu Runner Disk Space 🔧	2026-09-23T08:18:05.8299130Z debugfs                 0        0         0    - /sys/kernel/debug
higress-wasmplugin-test (RUST)	Free Up GitHub Actions Ubuntu Runner Disk Space 🔧	2026-09-23T08:18:05.8299954Z tracefs                 0        0         0    - /sys/kernel/tracing
higress-wasmplugin-test (RUST)	Free Up GitHub Actions Ubuntu Runner Disk Space 🔧	2026-09-23T08:18:05.8300479Z fusectl                 0        0         0    - /sys/fs/fuse/connections
higress-wasmplugin-test (RUST)	Free Up GitHub Actions Ubuntu Runner Disk Space 🔧	2026-09-23T08:18:05.8300992Z configfs                0        0         0    - /sys/kernel/config
higress-wasmplugin-test (RUST)	Free Up GitHub Actions Ubuntu Runner Disk Space 🔧	2026-09-23T08:18:05.8301584Z ramfs                   0        0         0    - /run/credentials/systemd-sysusers.service
higress-wasmplugin-test (RUST)	Free Up GitHub Actions Ubuntu Runner Disk Space 🔧	2026-09-23T08:18:05.8302195Z /dev/loop0          75776    75776         0 100% /snap/core22/2411
higress-wasmplugin-test (RUST)	Free Up GitHub Actions Ubuntu Runner Disk Space 🔧	2026-09-23T08:18:05.8302738Z /dev/loop1         118144   118144         0 100% /snap/lxd/40338
higress-wasmplugin-test (RUST)	Free Up GitHub Actions Ubuntu Runner Disk Space 🔧	2026-09-23T08:18:05.8303281Z /dev/loop2          51328    51328         0 100% /snap/snapd/27591
higress-wasmplugin-test (RUST)	Free Up GitHub Actions Ubuntu Runner Disk Space 🔧	2026-09-23T08:18:05.8303931Z /dev/nvme0n1p15    106832     6194    100638   6% /boot/efi
higress-wasmplugin-test (RUST)	Free Up GitHub Actions Ubuntu Runner Disk Space 🔧	2026-09-23T08:18:05.8304501Z binfmt_misc             0        0         0    - /proc/sys/fs/binfmt_misc
higress-wasmplugin-test (RUST)	Free Up GitHub Actions Ubuntu Runner Disk Space 🔧	2026-09-23T08:18:05.8305063Z tmpfs             3274292     1020   3273272   1% /run/snapd/ns
higress-wasmplugin-test (RUST)	Free Up GitHub Actions Ubuntu Runner Disk Space 🔧	2026-09-23T08:18:05.8305577Z tmpfs             1637144       12   1637132   1% /run/user/1001
higress-wasmplugin-test (RUST)	Free Up GitHub Actions Ubuntu Runner Disk Space 🔧	2026-09-23T08:18:05.8306241Z nsfs                    0        0         0    - /run/snapd/ns/lxd.mnt
higress-wasmplugin-test (RUST)	Free Up GitHub Actions Ubuntu Runner Disk Space 🔧	2026-09-23T08:18:05.8306755Z ================================================================================
higress-wasmplugin-test (RUST)	Free Up GitHub Actions Ubuntu Runner Disk Space 🔧	2026-09-23T08:18:05.8307060Z 
higress-wasmplugin-test (RUST)	Free Up GitHub Actions Ubuntu Runner Disk Space 🔧	2026-09-23T08:18:05.8307069Z 
higress-wasmplugin-test (RUST)	Free Up GitHub Actions Ubuntu Runner Disk Space 🔧	2026-09-23T08:18:05.8307165Z /dev/root:
higress-wasmplugin-test (RUST)	Free Up GitHub Actions Ubuntu Runner Disk Space 🔧	2026-09-23T08:18:05.8307317Z 
higress-wasmplugin-test (RUST)	Free Up GitHub Actions Ubuntu Runner Disk Space 🔧	2026-09-23T08:18:05.8307474Z ********************************************************************************
higress-wasmplugin-test (RUST)	Free Up GitHub Actions Ubuntu Runner Disk Space 🔧	2026-09-23T08:18:05.8322465Z => Saved 25GiB
higress-wasmplugin-test (RUST)	Free Up GitHub Actions Ubuntu Runner Disk Space 🔧	2026-09-23T08:18:05.8328298Z ********************************************************************************
higress-wasmplugin-test (RUST)	Free Up GitHub Actions Ubuntu Runner Disk Space 🔧	2026-09-23T08:18:05.8328642Z 
higress-wasmplugin-test (RUST)	Free Up GitHub Actions Ubuntu Runner Disk Space 🔧	2026-09-23T08:18:05.8328767Z overall:
higress-wasmplugin-test (RUST)	Free Up GitHub Actions Ubuntu Runner Disk Space 🔧	2026-09-23T08:18:05.8328927Z 
higress-wasmplugin-test (RUST)	Free Up GitHub Actions Ubuntu Runner Disk Space 🔧	2026-09-23T08:18:05.8333636Z ********************************************************************************
higress-wasmplugin-test (RUST)	Free Up GitHub Actions Ubuntu Runner Disk Space 🔧	2026-09-23T08:18:05.8348190Z => Saved 25GiB
higress-wasmplugin-test (RUST)	Free Up GitHub Actions Ubuntu Runner Disk Space 🔧	2026-09-23T08:18:05.8353245Z ********************************************************************************
higress-wasmplugin-test (RUST)	Free Up GitHub Actions Ubuntu Runner Disk Space 🔧	2026-09-23T08:18:05.8353610Z 
higress-wasmplugin-test (RUST)	Free Up GitHub Actions Ubuntu Runner Disk Space 🔧	2026-09-23T08:18:05.8367730Z ##[end-action id=__jlumbroso_free-disk-space.__run;outcome=success;conclusion=success;duration_ms=88299]
higress-wasmplugin-test (RUST)	Setup Go	﻿2026-09-23T08:18:05.9039345Z Node 20 is being deprecated. This workflow is running with Node 24 by default. If you need to temporarily use Node 20, you can set the ACTIONS_ALLOW_USE_UNSECURE_NODE_VERSION=true environment variable. For more information see: https://github.blog/changelog/2025-09-19-deprecation-of-node-20-on-github-actions-runners/
higress-wasmplugin-test (RUST)	Setup Go	2026-09-23T08:18:05.9040982Z ##[group]Run actions/setup-go@v5
higress-wasmplugin-test (RUST)	Setup Go	2026-09-23T08:18:05.9041226Z with:
higress-wasmplugin-test (RUST)	Setup Go	2026-09-23T08:18:05.9041414Z   go-version: 1.24
higress-wasmplugin-test (RUST)	Setup Go	2026-09-23T08:18:05.9041603Z   cache: true
higress-wasmplugin-test (RUST)	Setup Go	2026-09-23T08:18:05.9041789Z   check-latest: false
higress-wasmplugin-test (RUST)	Setup Go	2026-09-23T08:18:05.9044491Z   token: ***
higress-wasmplugin-test (RUST)	Setup Go	2026-09-23T08:18:05.9044686Z ##[endgroup]
higress-wasmplugin-test (RUST)	Setup Go	2026-09-23T08:18:06.0239955Z Setup go version spec 1.24
higress-wasmplugin-test (RUST)	Setup Go	2026-09-23T08:18:06.0292948Z Found in cache @ /opt/hostedtoolcache/go/1.24.13/x64
higress-wasmplugin-test (RUST)	Setup Go	2026-09-23T08:18:06.0295167Z (node:19980) [DEP0040] DeprecationWarning: The `punycode` module is deprecated. Please use a userland alternative instead.
higress-wasmplugin-test (RUST)	Setup Go	2026-09-23T08:18:06.0295761Z (Use `node --trace-deprecation ...` to show where the warning was created)
higress-wasmplugin-test (RUST)	Setup Go	2026-09-23T08:18:06.0298226Z Added go to the path
higress-wasmplugin-test (RUST)	Setup Go	2026-09-23T08:18:06.0301368Z Successfully set up Go version 1.24
higress-wasmplugin-test (RUST)	Setup Go	2026-09-23T08:18:10.3155164Z go: downloading go1.26.0 (linux/amd64)
higress-wasmplugin-test (RUST)	Setup Go	2026-09-23T08:18:10.3301459Z [command]/opt/hostedtoolcache/go/1.24.13/x64/bin/go env GOMODCACHE
higress-wasmplugin-test (RUST)	Setup Go	2026-09-23T08:18:10.3334577Z [command]/opt/hostedtoolcache/go/1.24.13/x64/bin/go env GOCACHE
higress-wasmplugin-test (RUST)	Setup Go	2026-09-23T08:18:10.3401973Z /home/runner/go/pkg/mod
higress-wasmplugin-test (RUST)	Setup Go	2026-09-23T08:18:10.3425878Z /home/runner/.cache/go-build
higress-wasmplugin-test (RUST)	Setup Go	2026-09-23T08:18:10.5331444Z Cache hit for: setup-go-Linux-x64-ubuntu22-go-1.26.0-89cbb020b21d4e54aa2bab13a7d258948c9c41c6585d230f0f0f7dfcc2ebfe21
higress-wasmplugin-test (RUST)	Setup Go	2026-09-23T08:18:10.5422988Z (node:19980) [DEP0169] DeprecationWarning: `url.parse()` behavior is not standardized and prone to errors that have security implications. Use the WHATWG URL API instead. CVEs are not issued for `url.parse()` vulnerabilities.
higress-wasmplugin-test (RUST)	Setup Go	2026-09-23T08:18:11.7469509Z Received 134217728 of 1821569347 (7.4%), 126.4 MBs/sec
higress-wasmplugin-test (RUST)	Setup Go	2026-09-23T08:18:12.7512488Z Received 360710144 of 1821569347 (19.8%), 170.7 MBs/sec
higress-wasmplugin-test (RUST)	Setup Go	2026-09-23T08:18:13.7508392Z Received 536870912 of 1821569347 (29.5%), 169.7 MBs/sec
higress-wasmplugin-test (RUST)	Setup Go	2026-09-23T08:18:14.7519491Z Received 771751936 of 1821569347 (42.4%), 183.2 MBs/sec
higress-wasmplugin-test (RUST)	Setup Go	2026-09-23T08:18:15.7565259Z Received 977272832 of 1821569347 (53.7%), 185.7 MBs/sec
higress-wasmplugin-test (RUST)	Setup Go	2026-09-23T08:18:16.7787271Z Received 1207959552 of 1821569347 (66.3%), 190.6 MBs/sec
higress-wasmplugin-test (RUST)	Setup Go	2026-09-23T08:18:17.7797719Z Received 1421869056 of 1821569347 (78.1%), 192.5 MBs/sec
higress-wasmplugin-test (RUST)	Setup Go	2026-09-23T08:18:18.8250988Z Received 1610612736 of 1821569347 (88.4%), 189.8 MBs/sec
higress-wasmplugin-test (RUST)	Setup Go	2026-09-23T08:18:19.8259418Z Received 1820327936 of 1821569347 (99.9%), 190.9 MBs/sec
higress-wasmplugin-test (RUST)	Setup Go	2026-09-23T08:18:19.8778034Z Received 1821569347 of 1821569347 (100.0%), 190.0 MBs/sec
higress-wasmplugin-test (RUST)	Setup Go	2026-09-23T08:18:19.8778651Z Cache Size: ~1737 MB (1821569347 B)
higress-wasmplugin-test (RUST)	Setup Go	2026-09-23T08:18:19.8906957Z [command]/usr/bin/tar -xf /home/runner/work/_temp/1abfe8b7-0ab6-47fd-9173-93133a1c3ebc/cache.tzst -P -C /home/runner/work/higress/higress --use-compress-program unzstd
higress-wasmplugin-test (RUST)	Setup Go	2026-09-23T08:18:59.5561439Z Cache restored successfully
higress-wasmplugin-test (RUST)	Setup Go	2026-09-23T08:18:59.7546350Z Cache restored from key: setup-go-Linux-x64-ubuntu22-go-1.26.0-89cbb020b21d4e54aa2bab13a7d258948c9c41c6585d230f0f0f7dfcc2ebfe21
higress-wasmplugin-test (RUST)	Setup Go	2026-09-23T08:18:59.7571588Z go version go1.26.0 linux/amd64
higress-wasmplugin-test (RUST)	Setup Go	2026-09-23T08:18:59.7571830Z 
higress-wasmplugin-test (RUST)	Setup Go	2026-09-23T08:18:59.7572143Z ##[group]go env
higress-wasmplugin-test (RUST)	Setup Go	2026-09-23T08:18:59.7879257Z AR='ar'
higress-wasmplugin-test (RUST)	Setup Go	2026-09-23T08:18:59.7879640Z CC='gcc'
higress-wasmplugin-test (RUST)	Setup Go	2026-09-23T08:18:59.7880272Z CGO_CFLAGS='-O2 -g'
higress-wasmplugin-test (RUST)	Setup Go	2026-09-23T08:18:59.7880633Z CGO_CPPFLAGS=''
higress-wasmplugin-test (RUST)	Setup Go	2026-09-23T08:18:59.7880931Z CGO_CXXFLAGS='-O2 -g'
higress-wasmplugin-test (RUST)	Setup Go	2026-09-23T08:18:59.7881219Z CGO_ENABLED='1'
higress-wasmplugin-test (RUST)	Setup Go	2026-09-23T08:18:59.7881478Z CGO_FFLAGS='-O2 -g'
higress-wasmplugin-test (RUST)	Setup Go	2026-09-23T08:18:59.7881704Z CGO_LDFLAGS='-O2 -g'
higress-wasmplugin-test (RUST)	Setup Go	2026-09-23T08:18:59.7881912Z CXX='g++'
higress-wasmplugin-test (RUST)	Setup Go	2026-09-23T08:18:59.7882100Z GCCGO='gccgo'
higress-wasmplugin-test (RUST)	Setup Go	2026-09-23T08:18:59.7882291Z GO111MODULE=''
higress-wasmplugin-test (RUST)	Setup Go	2026-09-23T08:18:59.7882479Z GOAMD64='v1'
higress-wasmplugin-test (RUST)	Setup Go	2026-09-23T08:18:59.7882694Z GOARCH='amd64'
higress-wasmplugin-test (RUST)	Setup Go	2026-09-23T08:18:59.7882881Z GOAUTH='netrc'
higress-wasmplugin-test (RUST)	Setup Go	2026-09-23T08:18:59.7883061Z GOBIN=''
higress-wasmplugin-test (RUST)	Setup Go	2026-09-23T08:18:59.7883285Z GOCACHE='/home/runner/.cache/go-build'
higress-wasmplugin-test (RUST)	Setup Go	2026-09-23T08:18:59.7883787Z GOCACHEPROG=''
higress-wasmplugin-test (RUST)	Setup Go	2026-09-23T08:18:59.7884266Z GODEBUG=''
higress-wasmplugin-test (RUST)	Setup Go	2026-09-23T08:18:59.7884482Z GOENV='/home/runner/.config/go/env'
higress-wasmplugin-test (RUST)	Setup Go	2026-09-23T08:18:59.7884724Z GOEXE=''
higress-wasmplugin-test (RUST)	Setup Go	2026-09-23T08:18:59.7884911Z GOEXPERIMENT=''
higress-wasmplugin-test (RUST)	Setup Go	2026-09-23T08:18:59.7885118Z GOFIPS140='off'
higress-wasmplugin-test (RUST)	Setup Go	2026-09-23T08:18:59.7885322Z GOFLAGS=''
higress-wasmplugin-test (RUST)	Setup Go	2026-09-23T08:18:59.7885941Z GOGCCFLAGS='-fPIC -m64 -pthread -Wl,--no-gc-sections -fmessage-length=0 -ffile-prefix-map=/tmp/go-build2969000114=/tmp/go-build -gno-record-gcc-switches'
higress-wasmplugin-test (RUST)	Setup Go	2026-09-23T08:18:59.7886532Z GOHOSTARCH='amd64'
higress-wasmplugin-test (RUST)	Setup Go	2026-09-23T08:18:59.7886733Z GOHOSTOS='linux'
higress-wasmplugin-test (RUST)	Setup Go	2026-09-23T08:18:59.7886924Z GOINSECURE=''
higress-wasmplugin-test (RUST)	Setup Go	2026-09-23T08:18:59.7887138Z GOMOD='/home/runner/work/higress/higress/go.mod'
higress-wasmplugin-test (RUST)	Setup Go	2026-09-23T08:18:59.7887410Z GOMODCACHE='/home/runner/go/pkg/mod'
higress-wasmplugin-test (RUST)	Setup Go	2026-09-23T08:18:59.7887632Z GONOPROXY=''
higress-wasmplugin-test (RUST)	Setup Go	2026-09-23T08:18:59.7887823Z GONOSUMDB=''
higress-wasmplugin-test (RUST)	Setup Go	2026-09-23T08:18:59.7887993Z GOOS='linux'
higress-wasmplugin-test (RUST)	Setup Go	2026-09-23T08:18:59.7888172Z GOPATH='/home/runner/go'
higress-wasmplugin-test (RUST)	Setup Go	2026-09-23T08:18:59.7888367Z GOPRIVATE=''
higress-wasmplugin-test (RUST)	Setup Go	2026-09-23T08:18:59.7888607Z GOPROXY='https://proxy.golang.org,direct'
higress-wasmplugin-test (RUST)	Setup Go	2026-09-23T08:18:59.7888983Z GOROOT='/home/runner/go/pkg/mod/golang.org/toolchain@v0.0.1-go1.26.0.linux-amd64'
higress-wasmplugin-test (RUST)	Setup Go	2026-09-23T08:18:59.7889318Z GOSUMDB='sum.golang.org'
higress-wasmplugin-test (RUST)	Setup Go	2026-09-23T08:18:59.7889519Z GOTELEMETRY='local'
higress-wasmplugin-test (RUST)	Setup Go	2026-09-23T08:18:59.7889753Z GOTELEMETRYDIR='/home/runner/.config/go/telemetry'
higress-wasmplugin-test (RUST)	Setup Go	2026-09-23T08:18:59.7890021Z GOTMPDIR=''
higress-wasmplugin-test (RUST)	Setup Go	2026-09-23T08:18:59.7890200Z GOTOOLCHAIN='auto'
higress-wasmplugin-test (RUST)	Setup Go	2026-09-23T08:18:59.7890574Z GOTOOLDIR='/home/runner/go/pkg/mod/golang.org/toolchain@v0.0.1-go1.26.0.linux-amd64/pkg/tool/linux_amd64'
higress-wasmplugin-test (RUST)	Setup Go	2026-09-23T08:18:59.7890981Z GOVCS=''
higress-wasmplugin-test (RUST)	Setup Go	2026-09-23T08:18:59.7891187Z GOVERSION='go1.26.0'
higress-wasmplugin-test (RUST)	Setup Go	2026-09-23T08:18:59.7891372Z GOWORK=''
higress-wasmplugin-test (RUST)	Setup Go	2026-09-23T08:18:59.7891552Z PKG_CONFIG='pkg-config'
higress-wasmplugin-test (RUST)	Setup Go	2026-09-23T08:18:59.7891678Z 
higress-wasmplugin-test (RUST)	Setup Go	2026-09-23T08:18:59.7891973Z ##[endgroup]
higress-wasmplugin-test (RUST)	Setup Rust	﻿2026-09-23T08:18:59.8598154Z Node 20 is being deprecated. This workflow is running with Node 24 by default. If you need to temporarily use Node 20, you can set the ACTIONS_ALLOW_USE_UNSECURE_NODE_VERSION=true environment variable. For more information see: https://github.blog/changelog/2025-09-19-deprecation-of-node-20-on-github-actions-runners/
higress-wasmplugin-test (RUST)	Setup Rust	2026-09-23T08:18:59.8599232Z ##[group]Run actions-rs/toolchain@v1
higress-wasmplugin-test (RUST)	Setup Rust	2026-09-23T08:18:59.8599484Z with:
higress-wasmplugin-test (RUST)	Setup Rust	2026-09-23T08:18:59.8599681Z   toolchain: stable
higress-wasmplugin-test (RUST)	Setup Rust	2026-09-23T08:18:59.8599883Z   default: false
higress-wasmplugin-test (RUST)	Setup Rust	2026-09-23T08:18:59.8600076Z   override: false
higress-wasmplugin-test (RUST)	Setup Rust	2026-09-23T08:18:59.8600271Z ##[endgroup]
higress-wasmplugin-test (RUST)	Setup Rust	2026-09-23T08:18:59.9500469Z (node:20066) [DEP0040] DeprecationWarning: The `punycode` module is deprecated. Please use a userland alternative instead.
higress-wasmplugin-test (RUST)	Setup Rust	2026-09-23T08:18:59.9501106Z (Use `node --trace-deprecation ...` to show where the warning was created)
higress-wasmplugin-test (RUST)	Setup Rust	2026-09-23T08:18:59.9515763Z [command]/home/runner/.cargo/bin/rustup show
higress-wasmplugin-test (RUST)	Setup Rust	2026-09-23T08:18:59.9942144Z Default host: x86_64-unknown-linux-gnu
higress-wasmplugin-test (RUST)	Setup Rust	2026-09-23T08:18:59.9943088Z rustup home:  /home/runner/.rustup
higress-wasmplugin-test (RUST)	Setup Rust	2026-09-23T08:18:59.9943261Z 
higress-wasmplugin-test (RUST)	Setup Rust	2026-09-23T08:19:00.0317853Z installed toolchains
higress-wasmplugin-test (RUST)	Setup Rust	2026-09-23T08:19:00.0318179Z --------------------
higress-wasmplugin-test (RUST)	Setup Rust	2026-09-23T08:19:00.0318432Z stable-x86_64-unknown-linux-gnu (active, default)
higress-wasmplugin-test (RUST)	Setup Rust	2026-09-23T08:19:00.0318628Z 
higress-wasmplugin-test (RUST)	Setup Rust	2026-09-23T08:19:00.0318712Z active toolchain
higress-wasmplugin-test (RUST)	Setup Rust	2026-09-23T08:19:00.0318905Z ----------------
higress-wasmplugin-test (RUST)	Setup Rust	2026-09-23T08:19:00.0319130Z name: stable-x86_64-unknown-linux-gnu
higress-wasmplugin-test (RUST)	Setup Rust	2026-09-23T08:19:00.0319447Z active because: it's the default toolchain
higress-wasmplugin-test (RUST)	Setup Rust	2026-09-23T08:19:00.0319733Z installed targets:
higress-wasmplugin-test (RUST)	Setup Rust	2026-09-23T08:19:00.1358943Z   x86_64-unknown-linux-gnu
higress-wasmplugin-test (RUST)	Setup Rust	2026-09-23T08:19:00.1396964Z [command]/home/runner/.cargo/bin/rustup toolchain install stable
higress-wasmplugin-test (RUST)	Setup Rust	2026-09-23T08:19:00.8130296Z info: syncing channel updates for stable-x86_64-unknown-linux-gnu
higress-wasmplugin-test (RUST)	Setup Rust	2026-09-23T08:19:00.9209834Z 
higress-wasmplugin-test (RUST)	Setup Rust	2026-09-23T08:19:00.9289352Z   stable-x86_64-unknown-linux-gnu unchanged - rustc 1.98.1 (48a229cea 2026-09-01)
higress-wasmplugin-test (RUST)	Setup Rust	2026-09-23T08:19:00.9289768Z 
higress-wasmplugin-test (RUST)	Setup Rust	2026-09-23T08:19:00.9308390Z ##[group]Gathering installed versions
higress-wasmplugin-test (RUST)	Setup Rust	2026-09-23T08:19:00.9317757Z [command]/home/runner/.cargo/bin/rustc -V
higress-wasmplugin-test (RUST)	Setup Rust	2026-09-23T08:19:00.9431874Z rustc 1.98.1 (48a229cea 2026-09-01)
higress-wasmplugin-test (RUST)	Setup Rust	2026-09-23T08:19:00.9459015Z ##[warning]The `set-output` command is deprecated and will be disabled soon. Please upgrade to using Environment Files. For more information see: https://github.blog/changelog/2022-10-11-github-actions-deprecating-save-state-and-set-output-commands/
higress-wasmplugin-test (RUST)	Setup Rust	2026-09-23T08:19:00.9468775Z ##[warning]The `set-output` command is deprecated and will be disabled soon. Please upgrade to using Environment Files. For more information see: https://github.blog/changelog/2022-10-11-github-actions-deprecating-save-state-and-set-output-commands/
higress-wasmplugin-test (RUST)	Setup Rust	2026-09-23T08:19:00.9470042Z [command]/home/runner/.cargo/bin/cargo -V
higress-wasmplugin-test (RUST)	Setup Rust	2026-09-23T08:19:01.3204640Z cargo 1.98.1 (797e8a9bc 2026-08-05)
higress-wasmplugin-test (RUST)	Setup Rust	2026-09-23T08:19:01.3213620Z ##[warning]The `set-output` command is deprecated and will be disabled soon. Please upgrade to using Environment Files. For more information see: https://github.blog/changelog/2022-10-11-github-actions-deprecating-save-state-and-set-output-commands/
higress-wasmplugin-test (RUST)	Setup Rust	2026-09-23T08:19:01.3220797Z [command]/home/runner/.cargo/bin/rustup -V
higress-wasmplugin-test (RUST)	Setup Rust	2026-09-23T08:19:01.3261960Z rustup 1.29.1 (d95a37b6a 2026-08-13)
higress-wasmplugin-test (RUST)	Setup Rust	2026-09-23T08:19:01.3262789Z info: This is the version for the rustup toolchain manager, not the rustc compiler.
higress-wasmplugin-test (RUST)	Setup Rust	2026-09-23T08:19:01.3349597Z info: the currently active `rustc` version is `rustc 1.98.1 (48a229cea 2026-09-01)`
higress-wasmplugin-test (RUST)	Setup Rust	2026-09-23T08:19:01.3361789Z ##[warning]The `set-output` command is deprecated and will be disabled soon. Please upgrade to using Environment Files. For more information see: https://github.blog/changelog/2022-10-11-github-actions-deprecating-save-state-and-set-output-commands/
higress-wasmplugin-test (RUST)	Setup Rust	2026-09-23T08:19:01.3363558Z ##[endgroup]
higress-wasmplugin-test (RUST)	Run git stash	﻿2026-09-23T08:19:01.3612027Z ##[group]Run git stash
higress-wasmplugin-test (RUST)	Run git stash	2026-09-23T08:19:01.3612279Z ^[[36;1mgit stash^[[0m
higress-wasmplugin-test (RUST)	Run git stash	2026-09-23T08:19:01.3636395Z shell: /usr/bin/bash -e {0}
higress-wasmplugin-test (RUST)	Run git stash	2026-09-23T08:19:01.3636640Z ##[endgroup]
higress-wasmplugin-test (RUST)	Run git stash	2026-09-23T08:19:01.6812215Z No local changes to save
higress-wasmplugin-test (RUST)	Run Ingress WasmPlugins Tests	﻿2026-09-23T08:19:01.7600205Z Node 20 is being deprecated. This workflow is running with Node 24 by default. If you need to temporarily use Node 20, you can set the ACTIONS_ALLOW_USE_UNSECURE_NODE_VERSION=true environment variable. For more information see: https://github.blog/changelog/2025-09-19-deprecation-of-node-20-on-github-actions-runners/
higress-wasmplugin-test (RUST)	Run Ingress WasmPlugins Tests	2026-09-23T08:19:01.7601266Z ##[group]Run nick-fields/retry@v3
higress-wasmplugin-test (RUST)	Run Ingress WasmPlugins Tests	2026-09-23T08:19:01.7601511Z with:
higress-wasmplugin-test (RUST)	Run Ingress WasmPlugins Tests	2026-09-23T08:19:01.7601703Z   timeout_minutes: 60
higress-wasmplugin-test (RUST)	Run Ingress WasmPlugins Tests	2026-09-23T08:19:01.7601907Z   max_attempts: 2
higress-wasmplugin-test (RUST)	Run Ingress WasmPlugins Tests	2026-09-23T08:19:01.7602100Z   retry_on: error
higress-wasmplugin-test (RUST)	Run Ingress WasmPlugins Tests	2026-09-23T08:19:01.7602735Z   command: sudo rm -rf -- "${GITHUB_WORKSPACE:?}/out" && mkdir -p -- "${GITHUB_WORKSPACE:?}/out" && GOPROXY="https://proxy.golang.org,direct" PLUGIN_TYPE=RUST PLUGIN_GO_BATCH_SCOPE=e2e make higress-wasmplugin-test
higress-wasmplugin-test (RUST)	Run Ingress WasmPlugins Tests	2026-09-23T08:19:01.7603401Z   retry_wait_seconds: 10
higress-wasmplugin-test (RUST)	Run Ingress WasmPlugins Tests	2026-09-23T08:19:01.7603628Z   polling_interval_seconds: 1
higress-wasmplugin-test (RUST)	Run Ingress WasmPlugins Tests	2026-09-23T08:19:01.7604015Z   warning_on_retry: true
higress-wasmplugin-test (RUST)	Run Ingress WasmPlugins Tests	2026-09-23T08:19:01.7604419Z   continue_on_error: false
higress-wasmplugin-test (RUST)	Run Ingress WasmPlugins Tests	2026-09-23T08:19:01.7604695Z ##[endgroup]
higress-wasmplugin-test (RUST)	Run Ingress WasmPlugins Tests	2026-09-23T08:19:01.8181958Z ##[group]Attempt 1
higress-wasmplugin-test (RUST)	Run Ingress WasmPlugins Tests	2026-09-23T08:19:01.8871657Z Makefile.core.mk:446: warning: overriding recipe for target 'build-test-pilot'
higress-wasmplugin-test (RUST)	Run Ingress WasmPlugins Tests	2026-09-23T08:19:01.8872714Z Makefile.core.mk:355: warning: ignoring old recipe for target 'build-test-pilot'
higress-wasmplugin-test (RUST)	Run Ingress WasmPlugins Tests	2026-09-23T08:19:01.8878972Z cd tools/src/kind && GOOS= GOARCH= go build -o /home/runner/work/higress/higress/tools/bin/kind $(sed -En 's,^import "(.*)".*,\1,p' pin.go)
higress-wasmplugin-test (RUST)	Run Ingress WasmPlugins Tests	2026-09-23T08:19:01.9127724Z go: downloading sigs.k8s.io/kind v0.17.0
higress-wasmplugin-test (RUST)	Run Ingress WasmPlugins Tests	2026-09-23T08:19:02.2308828Z go: downloading github.com/spf13/cobra v1.4.0
higress-wasmplugin-test (RUST)	Run Ingress WasmPlugins Tests	2026-09-23T08:19:02.3526289Z go: downloading github.com/alessio/shellescape v1.4.1
higress-wasmplugin-test (RUST)	Run Ingress WasmPlugins Tests	2026-09-23T08:19:02.6613627Z go: downloading github.com/mattn/go-isatty v0.0.14
higress-wasmplugin-test (RUST)	Run Ingress WasmPlugins Tests	2026-09-23T08:19:03.2502501Z go: downloading golang.org/x/sys v0.0.0-20210630005230-0f9fa26af87c
higress-wasmplugin-test (RUST)	Run Ingress WasmPlugins Tests	2026-09-23T08:19:03.5139366Z go: downloading github.com/pelletier/go-toml v1.9.4
higress-wasmplugin-test (RUST)	Run Ingress WasmPlugins Tests	2026-09-23T08:19:03.6622814Z go: downloading github.com/BurntSushi/toml v1.0.0
higress-wasmplugin-test (RUST)	Run Ingress WasmPlugins Tests	2026-09-23T08:19:03.6824961Z go: downloading sigs.k8s.io/yaml v1.3.0
higress-wasmplugin-test (RUST)	Run Ingress WasmPlugins Tests	2026-09-23T08:19:03.9459337Z go: downloading github.com/google/safetext v0.0.0-20220905092116-b49f7bc46da2
higress-wasmplugin-test (RUST)	Run Ingress WasmPlugins Tests	2026-09-23T08:19:16.0109658Z tools/bin/kind delete cluster --name higress
higress-wasmplugin-test (RUST)	Run Ingress WasmPlugins Tests	2026-09-23T08:19:16.0455085Z Deleting cluster "higress" ...
higress-wasmplugin-test (RUST)	Run Ingress WasmPlugins Tests	2026-09-23T08:19:16.0582775Z tools/hack/create-cluster.sh
higress-wasmplugin-test (RUST)	Run Ingress WasmPlugins Tests	2026-09-23T08:19:16.0787857Z v1.25.3
higress-wasmplugin-test (RUST)	Run Ingress WasmPlugins Tests	2026-09-23T08:19:16.0788205Z higress
higress-wasmplugin-test (RUST)	Run Ingress WasmPlugins Tests	2026-09-23T08:19:16.1470856Z Creating cluster "higress" ...
higress-wasmplugin-test (RUST)	Run Ingress WasmPlugins Tests	2026-09-23T08:19:16.1471943Z  • Ensuring node image (kindest/node:v1.25.3) 🖼  ...
higress-wasmplugin-test (RUST)	Run Ingress WasmPlugins Tests	2026-09-23T08:19:27.9869478Z  ✓ Ensuring node image (kindest/node:v1.25.3) 🖼
higress-wasmplugin-test (RUST)	Run Ingress WasmPlugins Tests	2026-09-23T08:19:27.9870182Z  • Preparing nodes 📦   ...
higress-wasmplugin-test (RUST)	Run Ingress WasmPlugins Tests	2026-09-23T08:19:30.8239547Z  ✓ Preparing nodes 📦 
higress-wasmplugin-test (RUST)	Run Ingress WasmPlugins Tests	2026-09-23T08:19:30.8552428Z  • Writing configuration 📜  ...
higress-wasmplugin-test (RUST)	Run Ingress WasmPlugins Tests	2026-09-23T08:19:31.0303199Z  ✓ Writing configuration 📜
higress-wasmplugin-test (RUST)	Run Ingress WasmPlugins Tests	2026-09-23T08:19:31.0303960Z  • Starting control-plane 🕹️  ...
higress-wasmplugin-test (RUST)	Run Ingress WasmPlugins Tests	2026-09-23T08:19:43.0527718Z  ✓ Starting control-plane 🕹️
higress-wasmplugin-test (RUST)	Run Ingress WasmPlugins Tests	2026-09-23T08:19:43.0528333Z  • Installing CNI 🔌  ...
higress-wasmplugin-test (RUST)	Run Ingress WasmPlugins Tests	2026-09-23T08:19:43.6680782Z  ✓ Installing CNI 🔌
higress-wasmplugin-test (RUST)	Run Ingress WasmPlugins Tests	2026-09-23T08:19:43.6682283Z  • Installing StorageClass 💾  ...
higress-wasmplugin-test (RUST)	Run Ingress WasmPlugins Tests	2026-09-23T08:19:43.9067645Z  ✓ Installing StorageClass 💾
higress-wasmplugin-test (RUST)	Run Ingress WasmPlugins Tests	2026-09-23T08:19:44.0582276Z Set kubectl context to "kind-higress"
higress-wasmplugin-test (RUST)	Run Ingress WasmPlugins Tests	2026-09-23T08:19:44.0582836Z You can now use your cluster with:
higress-wasmplugin-test (RUST)	Run Ingress WasmPlugins Tests	2026-09-23T08:19:44.0583089Z 
higress-wasmplugin-test (RUST)	Run Ingress WasmPlugins Tests	2026-09-23T08:19:44.0583468Z kubectl cluster-info --context kind-higress
higress-wasmplugin-test (RUST)	Run Ingress WasmPlugins Tests	2026-09-23T08:19:44.0583695Z 
higress-wasmplugin-test (RUST)	Run Ingress WasmPlugins Tests	2026-09-23T08:19:44.0584608Z Have a question, bug, or feature request? Let us know! https://kind.sigs.k8s.io/#community 🙂
higress-wasmplugin-test (RUST)	Run Ingress WasmPlugins Tests	2026-09-23T08:19:44.0595599Z rm -rf /home/runner/work/higress/higress/out/linux_amd64 /home/runner/work/higress/higress/out/linux_amd64
higress-wasmplugin-test (RUST)	Run Ingress WasmPlugins Tests	2026-09-23T08:19:44.0833536Z git submodule update --init
higress-wasmplugin-test (RUST)	Run Ingress WasmPlugins Tests	2026-09-23T08:19:44.1229037Z Submodule 'envoy/envoy' (https://github.com/higress-group/envoy) registered for path 'envoy/envoy'
higress-wasmplugin-test (RUST)	Run Ingress WasmPlugins Tests	2026-09-23T08:19:44.1232311Z Submodule 'envoy/go-control-plane' (https://github.com/higress-group/go-control-plane) registered for path 'envoy/go-control-plane'
higress-wasmplugin-test (RUST)	Run Ingress WasmPlugins Tests	2026-09-23T08:19:44.1234951Z Submodule 'istio/api' (https://github.com/higress-group/api) registered for path 'istio/api'
higress-wasmplugin-test (RUST)	Run Ingress WasmPlugins Tests	2026-09-23T08:19:44.1237966Z Submodule 'istio/client-go' (https://github.com/higress-group/client-go) registered for path 'istio/client-go'
higress-wasmplugin-test (RUST)	Run Ingress WasmPlugins Tests	2026-09-23T08:19:44.1241114Z Submodule 'istio/istio' (https://github.com/higress-group/istio) registered for path 'istio/istio'
higress-wasmplugin-test (RUST)	Run Ingress WasmPlugins Tests	2026-09-23T08:19:44.1243786Z Submodule 'istio/pkg' (https://github.com/higress-group/pkg) registered for path 'istio/pkg'
higress-wasmplugin-test (RUST)	Run Ingress WasmPlugins Tests	2026-09-23T08:19:44.1247756Z Submodule 'istio/proxy' (https://github.com/higress-group/proxy) registered for path 'istio/proxy'
higress-wasmplugin-test (RUST)	Run Ingress WasmPlugins Tests	2026-09-23T08:19:44.1271023Z Cloning into '/home/runner/work/higress/higress/envoy/envoy'...
higress-wasmplugin-test (RUST)	Run Ingress WasmPlugins Tests	2026-09-23T08:19:48.6255887Z Cloning into '/home/runner/work/higress/higress/envoy/go-control-plane'...
higress-wasmplugin-test (RUST)	Run Ingress WasmPlugins Tests	2026-09-23T08:19:50.1713307Z Cloning into '/home/runner/work/higress/higress/istio/api'...
higress-wasmplugin-test (RUST)	Run Ingress WasmPlugins Tests	2026-09-23T08:19:50.8888511Z Cloning into '/home/runner/work/higress/higress/istio/client-go'...
higress-wasmplugin-test (RUST)	Run Ingress WasmPlugins Tests	2026-09-23T08:19:51.3359098Z Cloning into '/home/runner/work/higress/higress/istio/istio'...
higress-wasmplugin-test (RUST)	Run Ingress WasmPlugins Tests	2026-09-23T08:19:53.4666340Z Cloning into '/home/runner/work/higress/higress/istio/pkg'...
higress-wasmplugin-test (RUST)	Run Ingress WasmPlugins Tests	2026-09-23T08:19:53.9676211Z Cloning into '/home/runner/work/higress/higress/istio/proxy'...
higress-wasmplugin-test (RUST)	Run Ingress WasmPlugins Tests	2026-09-23T08:19:55.1473006Z Submodule path 'envoy/envoy': checked out '9bd2ded786073d115beb71d0f2ca0afc075e4f4d'
higress-wasmplugin-test (RUST)	Run Ingress WasmPlugins Tests	2026-09-23T08:19:56.4871420Z From https://github.com/higress-group/go-control-plane
higress-wasmplugin-test (RUST)	Run Ingress WasmPlugins Tests	2026-09-23T08:19:56.4871974Z  * branch            4f11f65d9bc54bb8b18f1cc7c25460d3f8afef75 -> FETCH_HEAD
higress-wasmplugin-test (RUST)	Run Ingress WasmPlugins Tests	2026-09-23T08:19:56.6327928Z Submodule path 'envoy/go-control-plane': checked out '4f11f65d9bc54bb8b18f1cc7c25460d3f8afef75'
higress-wasmplugin-test (RUST)	Run Ingress WasmPlugins Tests	2026-09-23T08:20:00.1938634Z From https://github.com/higress-group/api
higress-wasmplugin-test (RUST)	Run Ingress WasmPlugins Tests	2026-09-23T08:20:00.1939510Z  * branch              efc0fe428cccecc0285dbf51e2023f8e0422597c -> FETCH_HEAD
higress-wasmplugin-test (RUST)	Run Ingress WasmPlugins Tests	2026-09-23T08:20:00.2470694Z Submodule path 'istio/api': checked out 'efc0fe428cccecc0285dbf51e2023f8e0422597c'
higress-wasmplugin-test (RUST)	Run Ingress WasmPlugins Tests	2026-09-23T08:20:01.3039347Z From https://github.com/higress-group/client-go
higress-wasmplugin-test (RUST)	Run Ingress WasmPlugins Tests	2026-09-23T08:20:01.3040363Z  * branch            09ed8dc4e7484d303c931fa42df7f7c728296923 -> FETCH_HEAD
higress-wasmplugin-test (RUST)	Run Ingress WasmPlugins Tests	2026-09-23T08:20:01.3233406Z Submodule path 'istio/client-go': checked out '09ed8dc4e7484d303c931fa42df7f7c728296923'
higress-wasmplugin-test (RUST)	Run Ingress WasmPlugins Tests	2026-09-23T08:20:01.5706217Z Submodule path 'istio/istio': checked out '65133dd61c6c597fb301c53beaa777ca5c9e4ba2'
higress-wasmplugin-test (RUST)	Run Ingress WasmPlugins Tests	2026-09-23T08:20:01.5890251Z Submodule path 'istio/pkg': checked out '15c662994e6515201dc106a2ec3de85ed50e8078'
higress-wasmplugin-test (RUST)	Run Ingress WasmPlugins Tests	2026-09-23T08:20:02.9768261Z From https://github.com/higress-group/proxy
higress-wasmplugin-test (RUST)	Run Ingress WasmPlugins Tests	2026-09-23T08:20:02.9768923Z  * branch            919836551144ad42c41bbe25597d74c1b9cb8421 -> FETCH_HEAD
higress-wasmplugin-test (RUST)	Run Ingress WasmPlugins Tests	2026-09-23T08:20:02.9963742Z Submodule path 'istio/proxy': checked out '919836551144ad42c41bbe25597d74c1b9cb8421'
higress-wasmplugin-test (RUST)	Run Ingress WasmPlugins Tests	2026-09-23T08:20:02.9968103Z ./tools/hack/prebuild.sh
higress-wasmplugin-test (RUST)	Run Ingress WasmPlugins Tests	2026-09-23T08:20:04.7112295Z GOPROXY="https://proxy.golang.org,direct" GOOS=linux GOARCH=amd64 LDFLAGS='-X github.com/alibaba/higress/v2/pkg/cmd/lversion.higressVersion=v2.2.4 -X github.com/alibaba/higress/v2/pkg/cmd/lversion.gitCommitID=a01636191d45d3bda350611b95f6d2363482dac2 -extldflags -static -s -w' tools/hack/gobuild.sh /home/runner/work/higress/higress/out/linux_amd64/ ./cmd/higress
higress-wasmplugin-test (RUST)	Run Ingress WasmPlugins Tests	2026-09-23T08:20:05.3426159Z 
higress-wasmplugin-test (RUST)	Run Ingress WasmPlugins Tests	2026-09-23T08:20:05.3427141Z istio.io/pkg/version.buildVersion=a01636191d45d3bda350611b95f6d2363482dac2
higress-wasmplugin-test (RUST)	Run Ingress WasmPlugins Tests	2026-09-23T08:20:05.3427580Z 
higress-wasmplugin-test (RUST)	Run Ingress WasmPlugins Tests	2026-09-23T08:20:05.3427809Z istio.io/pkg/version.buildGitRevision=a01636191d45d3bda350611b95f6d2363482dac2
higress-wasmplugin-test (RUST)	Run Ingress WasmPlugins Tests	2026-09-23T08:20:05.3428092Z 
higress-wasmplugin-test (RUST)	Run Ingress WasmPlugins Tests	2026-09-23T08:20:05.3428210Z istio.io/pkg/version.buildStatus=Clean
higress-wasmplugin-test (RUST)	Run Ingress WasmPlugins Tests	2026-09-23T08:20:05.3428390Z 
higress-wasmplugin-test (RUST)	Run Ingress WasmPlugins Tests	2026-09-23T08:20:05.3428498Z istio.io/pkg/version.buildTag=v2.2.4
higress-wasmplugin-test (RUST)	Run Ingress WasmPlugins Tests	2026-09-23T08:20:05.3428671Z 
higress-wasmplugin-test (RUST)	Run Ingress WasmPlugins Tests	2026-09-23T08:20:05.3428910Z istio.io/pkg/version.buildHub=higress-registry.cn-hangzhou.cr.aliyuncs.com/higress
higress-wasmplugin-test (RUST)	Run Ingress WasmPlugins Tests	2026-09-23T08:20:05.3429330Z ~/work/higress/higress ~/work/higress/higress
higress-wasmplugin-test (RUST)	Run Ingress WasmPlugins Tests	2026-09-23T08:20:09.6572048Z 
higress-wasmplugin-test (RUST)	Run Ingress WasmPlugins Tests	2026-09-23T08:20:09.6573462Z real	0m4.314s
higress-wasmplugin-test (RUST)	Run Ingress WasmPlugins Tests	2026-09-23T08:20:09.6574053Z user	0m4.558s
higress-wasmplugin-test (RUST)	Run Ingress WasmPlugins Tests	2026-09-23T08:20:09.6574415Z sys	0m1.008s
higress-wasmplugin-test (RUST)	Run Ingress WasmPlugins Tests	2026-09-23T08:20:09.6574891Z ~/work/higress/higress
higress-wasmplugin-test (RUST)	Run Ingress WasmPlugins Tests	2026-09-23T08:20:09.6615042Z GOPROXY="https://proxy.golang.org,direct" GOOS=linux GOARCH=amd64 LDFLAGS='-X github.com/alibaba/higress/v2/pkg/cmd/lversion.higressVersion=v2.2.4 -X github.com/alibaba/higress/v2/pkg/cmd/lversion.gitCommitID=a01636191d45d3bda350611b95f6d2363482dac2 -extldflags -static -s -w' tools/hack/gobuild.sh ./out/linux_amd64/ ./cmd/higress
higress-wasmplugin-test (RUST)	Run Ingress WasmPlugins Tests	2026-09-23T08:20:09.8238161Z 
higress-wasmplugin-test (RUST)	Run Ingress WasmPlugins Tests	2026-09-23T08:20:09.8238809Z istio.io/pkg/version.buildVersion=a01636191d45d3bda350611b95f6d2363482dac2
higress-wasmplugin-test (RUST)	Run Ingress WasmPlugins Tests	2026-09-23T08:20:09.8239127Z 
higress-wasmplugin-test (RUST)	Run Ingress WasmPlugins Tests	2026-09-23T08:20:09.8239358Z istio.io/pkg/version.buildGitRevision=a01636191d45d3bda350611b95f6d2363482dac2
higress-wasmplugin-test (RUST)	Run Ingress WasmPlugins Tests	2026-09-23T08:20:09.8239780Z 
higress-wasmplugin-test (RUST)	Run Ingress WasmPlugins Tests	2026-09-23T08:20:09.8240215Z istio.io/pkg/version.buildStatus=Clean
higress-wasmplugin-test (RUST)	Run Ingress WasmPlugins Tests	2026-09-23T08:20:09.8242223Z 
higress-wasmplugin-test (RUST)	Run Ingress WasmPlugins Tests	2026-09-23T08:20:09.8242836Z istio.io/pkg/version.buildTag=v2.2.4
higress-wasmplugin-test (RUST)	Run Ingress WasmPlugins Tests	2026-09-23T08:20:09.8243573Z 
higress-wasmplugin-test (RUST)	Run Ingress WasmPlugins Tests	2026-09-23T08:20:09.8244194Z istio.io/pkg/version.buildHub=higress-registry.cn-hangzhou.cr.aliyuncs.com/higress
higress-wasmplugin-test (RUST)	Run Ingress WasmPlugins Tests	2026-09-23T08:20:09.8245019Z ~/work/higress/higress ~/work/higress/higress
higress-wasmplugin-test (RUST)	Run Ingress WasmPlugins Tests	2026-09-23T08:20:10.5669161Z 
higress-wasmplugin-test (RUST)	Run Ingress WasmPlugins Tests	2026-09-23T08:20:10.5669779Z real	0m0.743s
higress-wasmplugin-test (RUST)	Run Ingress WasmPlugins Tests	2026-09-23T08:20:10.5670028Z user	0m1.199s
higress-wasmplugin-test (RUST)	Run Ingress WasmPlugins Tests	2026-09-23T08:20:10.5670208Z sys	0m0.453s
higress-wasmplugin-test (RUST)	Run Ingress WasmPlugins Tests	2026-09-23T08:20:10.5670394Z ~/work/higress/higress
higress-wasmplugin-test (RUST)	Run Ingress WasmPlugins Tests	2026-09-23T08:20:10.5695882Z time (mkdir -p /home/runner/work/higress/higress/out/linux_amd64/docker_build/docker.higress && TARGET_ARCH=amd64 ./docker/docker-copy.sh docker/Dockerfile.higress /home/runner/work/higress/higress/out/linux_amd64/higress /home/runner/work/higress/higress/out/linux_amd64/docker_build/docker.higress && cd /home/runner/work/higress/higress/out/linux_amd64/docker_build/docker.higress  && docker build --build-arg BASE_VERSION=2023-07-20T20-50-43 --build-arg HUB=higress-registry.cn-hangzhou.cr.aliyuncs.com/higress --build-arg BASE_DISTRIBUTION= -t higress-registry.cn-hangzhou.cr.aliyuncs.com/higress/higress:a01636191d45d3bda350611b95f6d2363482dac2 -f Dockerfile.higress . ); 
higress-wasmplugin-test (RUST)	Run Ingress WasmPlugins Tests	2026-09-23T08:20:10.6737606Z Dockerfile.higress
higress-wasmplugin-test (RUST)	Run Ingress WasmPlugins Tests	2026-09-23T08:20:10.6738147Z amd64
higress-wasmplugin-test (RUST)	Run Ingress WasmPlugins Tests	2026-09-23T08:20:11.0171500Z #0 building with "default" instance using docker driver
higress-wasmplugin-test (RUST)	Run Ingress WasmPlugins Tests	2026-09-23T08:20:11.0171884Z 
higress-wasmplugin-test (RUST)	Run Ingress WasmPlugins Tests	2026-09-23T08:20:11.0172096Z #1 [internal] load build definition from Dockerfile.higress
higress-wasmplugin-test (RUST)	Run Ingress WasmPlugins Tests	2026-09-23T08:20:11.0172548Z #1 transferring dockerfile: 688B done
higress-wasmplugin-test (RUST)	Run Ingress WasmPlugins Tests	2026-09-23T08:20:11.0172781Z #1 DONE 0.0s
higress-wasmplugin-test (RUST)	Run Ingress WasmPlugins Tests	2026-09-23T08:20:11.0172895Z 
higress-wasmplugin-test (RUST)	Run Ingress WasmPlugins Tests	2026-09-23T08:20:11.0173212Z #2 [internal] load metadata for higress-registry.cn-hangzhou.cr.aliyuncs.com/higress/base:2023-07-20T20-50-43-amd64
higress-wasmplugin-test (RUST)	Run Ingress WasmPlugins Tests	2026-09-23T08:20:14.8070826Z #2 DONE 3.9s
higress-wasmplugin-test (RUST)	Run Ingress WasmPlugins Tests	2026-09-23T08:20:14.9221638Z 
higress-wasmplugin-test (RUST)	Run Ingress WasmPlugins Tests	2026-09-23T08:20:14.9224237Z #3 [internal] load .dockerignore
higress-wasmplugin-test (RUST)	Run Ingress WasmPlugins Tests	2026-09-23T08:20:14.9225104Z #3 transferring context: 2B done
higress-wasmplugin-test (RUST)	Run Ingress WasmPlugins Tests	2026-09-23T08:20:14.9225731Z #3 DONE 0.0s
higress-wasmplugin-test (RUST)	Run Ingress WasmPlugins Tests	2026-09-23T08:20:14.9226064Z 
higress-wasmplugin-test (RUST)	Run Ingress WasmPlugins Tests	2026-09-23T08:20:14.9227140Z #4 [1/2] FROM higress-registry.cn-hangzhou.cr.aliyuncs.com/higress/base:2023-07-20T20-50-43-amd64@sha256:acab9dfbea20850ff641df718ae3c561d66c0b99f6144066ed314cd2ddfb6366
higress-wasmplugin-test (RUST)	Run Ingress WasmPlugins Tests	2026-09-23T08:20:14.9229356Z #4 resolve higress-registry.cn-hangzhou.cr.aliyuncs.com/higress/base:2023-07-20T20-50-43-amd64@sha256:acab9dfbea20850ff641df718ae3c561d66c0b99f6144066ed314cd2ddfb6366 done
higress-wasmplugin-test (RUST)	Run Ingress WasmPlugins Tests	2026-09-23T08:20:15.0247776Z #4 sha256:54caf5b3a5e2c7216eaee588e14f0315ef93c33856fc70b82e0b62f3fb2d2929 0B / 7.32MB 0.2s
higress-wasmplugin-test (RUST)	Run Ingress WasmPlugins Tests	2026-09-23T08:20:15.0251078Z #4 sha256:7b5da41100362b3241a917c0a4d9e62b54a1170b1fec76f93e336308e937ce9f 0B / 4.28kB 0.2s
higress-wasmplugin-test (RUST)	Run Ingress WasmPlugins Tests	2026-09-23T08:20:15.0251982Z #4 sha256:acab9dfbea20850ff641df718ae3c561d66c0b99f6144066ed314cd2ddfb6366 948B / 948B done
higress-wasmplugin-test (RUST)	Run Ingress WasmPlugins Tests	2026-09-23T08:20:15.0252888Z #4 sha256:4d11bff12ac70ce1c4a962fdeec912ee6a75fa2f179f0e80cd1463c3e7976429 2.78kB / 2.78kB done
higress-wasmplugin-test (RUST)	Run Ingress WasmPlugins Tests	2026-09-23T08:20:15.0253760Z #4 sha256:3153aa388d026c26a2235e1ed0163e350e451f41a8a313e1804d7e1afb857ab4 0B / 29.53MB 0.2s
higress-wasmplugin-test (RUST)	Run Ingress WasmPlugins Tests	2026-09-23T08:20:15.2252123Z #4 ...
higress-wasmplugin-test (RUST)	Run Ingress WasmPlugins Tests	2026-09-23T08:20:15.2252422Z 
higress-wasmplugin-test (RUST)	Run Ingress WasmPlugins Tests	2026-09-23T08:20:15.2252554Z #5 [internal] load build context
higress-wasmplugin-test (RUST)	Run Ingress WasmPlugins Tests	2026-09-23T08:20:15.2253163Z #5 transferring context: 119.22MB 0.4s done
higress-wasmplugin-test (RUST)	Run Ingress WasmPlugins Tests	2026-09-23T08:20:15.2253437Z #5 DONE 0.4s
higress-wasmplugin-test (RUST)	Run Ingress WasmPlugins Tests	2026-09-23T08:20:15.2253549Z 
higress-wasmplugin-test (RUST)	Run Ingress WasmPlugins Tests	2026-09-23T08:20:15.2254193Z #4 [1/2] FROM higress-registry.cn-hangzhou.cr.aliyuncs.com/higress/base:2023-07-20T20-50-43-amd64@sha256:acab9dfbea20850ff641df718ae3c561d66c0b99f6144066ed314cd2ddfb6366
higress-wasmplugin-test (RUST)	Run Ingress WasmPlugins Tests	2026-09-23T08:20:16.2253722Z #4 sha256:7b5da41100362b3241a917c0a4d9e62b54a1170b1fec76f93e336308e937ce9f 4.28kB / 4.28kB 1.4s done
higress-wasmplugin-test (RUST)	Run Ingress WasmPlugins Tests	2026-09-23T08:20:16.2254803Z #4 sha256:3153aa388d026c26a2235e1ed0163e350e451f41a8a313e1804d7e1afb857ab4 2.10MB / 29.53MB 1.4s
higress-wasmplugin-test (RUST)	Run Ingress WasmPlugins Tests	2026-09-23T08:20:16.4249776Z #4 sha256:3153aa388d026c26a2235e1ed0163e350e451f41a8a313e1804d7e1afb857ab4 4.19MB / 29.53MB 1.6s
higress-wasmplugin-test (RUST)	Run Ingress WasmPlugins Tests	2026-09-23T08:20:16.5251607Z #4 sha256:3153aa388d026c26a2235e1ed0163e350e451f41a8a313e1804d7e1afb857ab4 6.29MB / 29.53MB 1.7s
higress-wasmplugin-test (RUST)	Run Ingress WasmPlugins Tests	2026-09-23T08:20:16.7254758Z #4 sha256:3153aa388d026c26a2235e1ed0163e350e451f41a8a313e1804d7e1afb857ab4 11.53MB / 29.53MB 1.9s
higress-wasmplugin-test (RUST)	Run Ingress WasmPlugins Tests	2026-09-23T08:20:16.9254453Z #4 sha256:3153aa388d026c26a2235e1ed0163e350e451f41a8a313e1804d7e1afb857ab4 16.78MB / 29.53MB 2.1s
higress-wasmplugin-test (RUST)	Run Ingress WasmPlugins Tests	2026-09-23T08:20:17.1258789Z #4 sha256:3153aa388d026c26a2235e1ed0163e350e451f41a8a313e1804d7e1afb857ab4 20.97MB / 29.53MB 2.3s
higress-wasmplugin-test (RUST)	Run Ingress WasmPlugins Tests	2026-09-23T08:20:17.3254945Z #4 sha256:54caf5b3a5e2c7216eaee588e14f0315ef93c33856fc70b82e0b62f3fb2d2929 1.05MB / 7.32MB 2.5s
higress-wasmplugin-test (RUST)	Run Ingress WasmPlugins Tests	2026-09-23T08:20:17.5254179Z #4 sha256:3153aa388d026c26a2235e1ed0163e350e451f41a8a313e1804d7e1afb857ab4 25.17MB / 29.53MB 2.5s
higress-wasmplugin-test (RUST)	Run Ingress WasmPlugins Tests	2026-09-23T08:20:17.5254998Z #4 sha256:54caf5b3a5e2c7216eaee588e14f0315ef93c33856fc70b82e0b62f3fb2d2929 3.15MB / 7.32MB 2.7s
higress-wasmplugin-test (RUST)	Run Ingress WasmPlugins Tests	2026-09-23T08:20:17.5255641Z #4 sha256:3153aa388d026c26a2235e1ed0163e350e451f41a8a313e1804d7e1afb857ab4 29.53MB / 29.53MB 2.7s
higress-wasmplugin-test (RUST)	Run Ingress WasmPlugins Tests	2026-09-23T08:20:17.6413994Z #4 sha256:54caf5b3a5e2c7216eaee588e14f0315ef93c33856fc70b82e0b62f3fb2d2929 5.24MB / 7.32MB 2.8s
higress-wasmplugin-test (RUST)	Run Ingress WasmPlugins Tests	2026-09-23T08:20:17.6415298Z #4 sha256:3153aa388d026c26a2235e1ed0163e350e451f41a8a313e1804d7e1afb857ab4 29.53MB / 29.53MB 2.8s done
higress-wasmplugin-test (RUST)	Run Ingress WasmPlugins Tests	2026-09-23T08:20:17.6416327Z #4 extracting sha256:3153aa388d026c26a2235e1ed0163e350e451f41a8a313e1804d7e1afb857ab4
higress-wasmplugin-test (RUST)	Run Ingress WasmPlugins Tests	2026-09-23T08:20:17.7451777Z #4 sha256:54caf5b3a5e2c7216eaee588e14f0315ef93c33856fc70b82e0b62f3fb2d2929 7.32MB / 7.32MB 2.9s done
higress-wasmplugin-test (RUST)	Run Ingress WasmPlugins Tests	2026-09-23T08:20:18.4886525Z #4 extracting sha256:3153aa388d026c26a2235e1ed0163e350e451f41a8a313e1804d7e1afb857ab4 0.7s done
higress-wasmplugin-test (RUST)	Run Ingress WasmPlugins Tests	2026-09-23T08:20:18.4887770Z #4 extracting sha256:54caf5b3a5e2c7216eaee588e14f0315ef93c33856fc70b82e0b62f3fb2d2929 0.1s
higress-wasmplugin-test (RUST)	Run Ingress WasmPlugins Tests	2026-09-23T08:20:18.7450403Z #4 extracting sha256:54caf5b3a5e2c7216eaee588e14f0315ef93c33856fc70b82e0b62f3fb2d2929 0.2s done
higress-wasmplugin-test (RUST)	Run Ingress WasmPlugins Tests	2026-09-23T08:20:24.4408542Z #4 extracting sha256:7b5da41100362b3241a917c0a4d9e62b54a1170b1fec76f93e336308e937ce9f
higress-wasmplugin-test (RUST)	Run Ingress WasmPlugins Tests	2026-09-23T08:20:24.6210978Z #4 extracting sha256:7b5da41100362b3241a917c0a4d9e62b54a1170b1fec76f93e336308e937ce9f done
higress-wasmplugin-test (RUST)	Run Ingress WasmPlugins Tests	2026-09-23T08:20:24.6211447Z #4 DONE 9.7s
higress-wasmplugin-test (RUST)	Run Ingress WasmPlugins Tests	2026-09-23T08:20:24.6211570Z 
higress-wasmplugin-test (RUST)	Run Ingress WasmPlugins Tests	2026-09-23T08:20:24.6211696Z #6 [2/2] COPY amd64/higress /usr/local/bin/higress
higress-wasmplugin-test (RUST)	Run Ingress WasmPlugins Tests	2026-09-23T08:20:25.1286058Z #6 DONE 0.7s
higress-wasmplugin-test (RUST)	Run Ingress WasmPlugins Tests	2026-09-23T08:20:25.2815108Z 
higress-wasmplugin-test (RUST)	Run Ingress WasmPlugins Tests	2026-09-23T08:20:25.2815632Z #7 exporting to image
higress-wasmplugin-test (RUST)	Run Ingress WasmPlugins Tests	2026-09-23T08:20:25.2815981Z #7 exporting layers
higress-wasmplugin-test (RUST)	Run Ingress WasmPlugins Tests	2026-09-23T08:20:26.0055251Z #7 exporting layers 0.9s done
higress-wasmplugin-test (RUST)	Run Ingress WasmPlugins Tests	2026-09-23T08:20:26.0288810Z #7 writing image sha256:a5c06432d54056c3723ada1ab4c423f5573888c0880d614da937c54da63f9e74 done
higress-wasmplugin-test (RUST)	Run Ingress WasmPlugins Tests	2026-09-23T08:20:26.0289844Z #7 naming to higress-registry.cn-hangzhou.cr.aliyuncs.com/higress/higress:a01636191d45d3bda350611b95f6d2363482dac2 done
higress-wasmplugin-test (RUST)	Run Ingress WasmPlugins Tests	2026-09-23T08:20:26.0290327Z #7 DONE 0.9s
higress-wasmplugin-test (RUST)	Run Ingress WasmPlugins Tests	2026-09-23T08:20:26.0324980Z 
higress-wasmplugin-test (RUST)	Run Ingress WasmPlugins Tests	2026-09-23T08:20:26.0325446Z real	0m15.441s
higress-wasmplugin-test (RUST)	Run Ingress WasmPlugins Tests	2026-09-23T08:20:26.0325702Z user	0m0.463s
higress-wasmplugin-test (RUST)	Run Ingress WasmPlugins Tests	2026-09-23T08:20:26.0325904Z sys	0m0.269s
higress-wasmplugin-test (RUST)	Run Ingress WasmPlugins Tests	2026-09-23T08:20:26.0354223Z TARGET_ARCH=amd64 DOCKER_TARGETS='docker.pilot' IMG_URL='higress-registry.cn-hangzhou.cr.aliyuncs.com/higress/pilot:a01636191d45d3bda350611b95f6d2363482dac2' ./tools/hack/build-istio-image.sh docker
higress-wasmplugin-test (RUST)	Run Ingress WasmPlugins Tests	2026-09-23T08:20:26.0633309Z IMG_URL=higress-registry.cn-hangzhou.cr.aliyuncs.com/higress/pilot:a01636191d45d3bda350611b95f6d2363482dac2
higress-wasmplugin-test (RUST)	Run Ingress WasmPlugins Tests	2026-09-23T08:20:26.0634665Z HUB=higress-registry.cn-hangzhou.cr.aliyuncs.com/higress
higress-wasmplugin-test (RUST)	Run Ingress WasmPlugins Tests	2026-09-23T08:20:26.0635162Z TAG=a01636191d45d3bda350611b95f6d2363482dac2
higress-wasmplugin-test (RUST)	Run Ingress WasmPlugins Tests	2026-09-23T08:20:26.0645811Z make[1]: Entering directory '/home/runner/work/higress/higress/external/istio'
higress-wasmplugin-test (RUST)	Run Ingress WasmPlugins Tests	2026-09-23T08:20:26.1087013Z Unable to find image 'higress-registry.cn-hangzhou.cr.aliyuncs.com/higress/build-tools:release-1.19-ef344298e65eeb2d9e2d07b87eb4e715c2def613' locally
higress-wasmplugin-test (RUST)	Run Ingress WasmPlugins Tests	2026-09-23T08:20:31.3071954Z release-1.19-ef344298e65eeb2d9e2d07b87eb4e715c2def613: Pulling from higress/build-tools
higress-wasmplugin-test (RUST)	Run Ingress WasmPlugins Tests	2026-09-23T08:20:32.9567594Z 9bd0e4bcc849: Pulling fs layer
higress-wasmplugin-test (RUST)	Run Ingress WasmPlugins Tests	2026-09-23T08:20:32.9568716Z dbbe22aac0fb: Pulling fs layer
higress-wasmplugin-test (RUST)	Run Ingress WasmPlugins Tests	2026-09-23T08:20:32.9569074Z 6eff59fed1b4: Pulling fs layer
higress-wasmplugin-test (RUST)	Run Ingress WasmPlugins Tests	2026-09-23T08:20:32.9569320Z ee8339ca80c4: Pulling fs layer
higress-wasmplugin-test (RUST)	Run Ingress WasmPlugins Tests	2026-09-23T08:20:32.9569557Z 45789ea04dec: Pulling fs layer
higress-wasmplugin-test (RUST)	Run Ingress WasmPlugins Tests	2026-09-23T08:20:32.9569798Z 6f832f3040af: Pulling fs layer
higress-wasmplugin-test (RUST)	Run Ingress WasmPlugins Tests	2026-09-23T08:20:32.9570033Z b85ab6d7258b: Pulling fs layer
higress-wasmplugin-test (RUST)	Run Ingress WasmPlugins Tests	2026-09-23T08:20:32.9570567Z 44121ad9d775: Pulling fs layer
higress-wasmplugin-test (RUST)	Run Ingress WasmPlugins Tests	2026-09-23T08:20:32.9570819Z 8f8de24e8289: Pulling fs layer
higress-wasmplugin-test (RUST)	Run Ingress WasmPlugins Tests	2026-09-23T08:20:32.9571050Z f3301e9fde16: Pulling fs layer
higress-wasmplugin-test (RUST)	Run Ingress WasmPlugins Tests	2026-09-23T08:20:32.9571289Z 7f4264031dda: Pulling fs layer
higress-wasmplugin-test (RUST)	Run Ingress WasmPlugins Tests	2026-09-23T08:20:32.9571520Z 65b5fe86026c: Pulling fs layer
higress-wasmplugin-test (RUST)	Run Ingress WasmPlugins Tests	2026-09-23T08:20:32.9571749Z 79fa08f43e6b: Pulling fs layer
higress-wasmplugin-test (RUST)	Run Ingress WasmPlugins Tests	2026-09-23T08:20:32.9571980Z aa75b754dc18: Pulling fs layer
higress-wasmplugin-test (RUST)	Run Ingress WasmPlugins Tests	2026-09-23T08:20:32.9572229Z ef60b6f59ee0: Pulling fs layer
higress-wasmplugin-test (RUST)	Run Ingress WasmPlugins Tests	2026-09-23T08:20:32.9572459Z 0bbba021f207: Pulling fs layer
higress-wasmplugin-test (RUST)	Run Ingress WasmPlugins Tests	2026-09-23T08:20:32.9572684Z c74424bf836e: Pulling fs layer
higress-wasmplugin-test (RUST)	Run Ingress WasmPlugins Tests	2026-09-23T08:20:32.9572939Z f3301e9fde16: Waiting
higress-wasmplugin-test (RUST)	Run Ingress WasmPlugins Tests	2026-09-23T08:20:32.9573242Z 7f4264031dda: Waiting
higress-wasmplugin-test (RUST)	Run Ingress WasmPlugins Tests	2026-09-23T08:20:32.9573450Z 65b5fe86026c: Waiting
higress-wasmplugin-test (RUST)	Run Ingress WasmPlugins Tests	2026-09-23T08:20:32.9573649Z 79fa08f43e6b: Waiting
higress-wasmplugin-test (RUST)	Run Ingress WasmPlugins Tests	2026-09-23T08:20:32.9574005Z aa75b754dc18: Waiting
higress-wasmplugin-test (RUST)	Run Ingress WasmPlugins Tests	2026-09-23T08:20:32.9574237Z ef60b6f59ee0: Waiting
higress-wasmplugin-test (RUST)	Run Ingress WasmPlugins Tests	2026-09-23T08:20:32.9574440Z 0bbba021f207: Waiting
higress-wasmplugin-test (RUST)	Run Ingress WasmPlugins Tests	2026-09-23T08:20:32.9574639Z c74424bf836e: Waiting
higress-wasmplugin-test (RUST)	Run Ingress WasmPlugins Tests	2026-09-23T08:20:32.9574842Z 6f832f3040af: Waiting
higress-wasmplugin-test (RUST)	Run Ingress WasmPlugins Tests	2026-09-23T08:20:32.9575042Z 44121ad9d775: Waiting
higress-wasmplugin-test (RUST)	Run Ingress WasmPlugins Tests	2026-09-23T08:20:32.9575248Z b85ab6d7258b: Waiting
higress-wasmplugin-test (RUST)	Run Ingress WasmPlugins Tests	2026-09-23T08:20:32.9575443Z ee8339ca80c4: Waiting
higress-wasmplugin-test (RUST)	Run Ingress WasmPlugins Tests	2026-09-23T08:20:32.9575639Z 8f8de24e8289: Waiting
higress-wasmplugin-test (RUST)	Run Ingress WasmPlugins Tests	2026-09-23T08:20:32.9575832Z 45789ea04dec: Waiting
higress-wasmplugin-test (RUST)	Run Ingress WasmPlugins Tests	2026-09-23T08:20:38.4712767Z 6eff59fed1b4: Verifying Checksum
higress-wasmplugin-test (RUST)	Run Ingress WasmPlugins Tests	2026-09-23T08:20:38.4713383Z 6eff59fed1b4: Download complete
higress-wasmplugin-test (RUST)	Run Ingress WasmPlugins Tests	2026-09-23T08:20:47.0956236Z ee8339ca80c4: Verifying Checksum
higress-wasmplugin-test (RUST)	Run Ingress WasmPlugins Tests	2026-09-23T08:20:47.0957325Z ee8339ca80c4: Download complete
higress-wasmplugin-test (RUST)	Run Ingress WasmPlugins Tests	2026-09-23T08:20:51.2933326Z 45789ea04dec: Verifying Checksum
higress-wasmplugin-test (RUST)	Run Ingress WasmPlugins Tests	2026-09-23T08:20:51.2937268Z 45789ea04dec: Download complete
higress-wasmplugin-test (RUST)	Run Ingress WasmPlugins Tests	2026-09-23T08:20:53.9104471Z 6f832f3040af: Verifying Checksum
higress-wasmplugin-test (RUST)	Run Ingress WasmPlugins Tests	2026-09-23T08:20:53.9105145Z 6f832f3040af: Download complete
higress-wasmplugin-test (RUST)	Run Ingress WasmPlugins Tests	2026-09-23T08:20:58.1703152Z dbbe22aac0fb: Verifying Checksum
higress-wasmplugin-test (RUST)	Run Ingress WasmPlugins Tests	2026-09-23T08:20:58.1703663Z dbbe22aac0fb: Download complete
higress-wasmplugin-test (RUST)	Run Ingress WasmPlugins Tests	2026-09-23T08:21:02.5001500Z b85ab6d7258b: Verifying Checksum
higress-wasmplugin-test (RUST)	Run Ingress WasmPlugins Tests	2026-09-23T08:21:02.5002245Z b85ab6d7258b: Download complete
higress-wasmplugin-test (RUST)	Run Ingress WasmPlugins Tests	2026-09-23T08:21:04.3821705Z 8f8de24e8289: Verifying Checksum
higress-wasmplugin-test (RUST)	Run Ingress WasmPlugins Tests	2026-09-23T08:21:04.3822571Z 8f8de24e8289: Download complete
higress-wasmplugin-test (RUST)	Run Ingress WasmPlugins Tests	2026-09-23T08:21:05.3178194Z 9bd0e4bcc849: Verifying Checksum
higress-wasmplugin-test (RUST)	Run Ingress WasmPlugins Tests	2026-09-23T08:21:05.3178928Z 9bd0e4bcc849: Download complete
higress-wasmplugin-test (RUST)	Run Ingress WasmPlugins Tests	2026-09-23T08:21:06.9719525Z 7f4264031dda: Download complete
higress-wasmplugin-test (RUST)	Run Ingress WasmPlugins Tests	2026-09-23T08:21:07.2970594Z 44121ad9d775: Verifying Checksum
higress-wasmplugin-test (RUST)	Run Ingress WasmPlugins Tests	2026-09-23T08:21:07.2974304Z 44121ad9d775: Download complete
higress-wasmplugin-test (RUST)	Run Ingress WasmPlugins Tests	2026-09-23T08:21:09.2894169Z f3301e9fde16: Verifying Checksum
higress-wasmplugin-test (RUST)	Run Ingress WasmPlugins Tests	2026-09-23T08:21:09.2895842Z f3301e9fde16: Download complete
higress-wasmplugin-test (RUST)	Run Ingress WasmPlugins Tests	2026-09-23T08:21:10.0303413Z 65b5fe86026c: Download complete
higress-wasmplugin-test (RUST)	Run Ingress WasmPlugins Tests	2026-09-23T08:21:11.4042722Z 79fa08f43e6b: Verifying Checksum
higress-wasmplugin-test (RUST)	Run Ingress WasmPlugins Tests	2026-09-23T08:21:11.4043263Z 79fa08f43e6b: Download complete
higress-wasmplugin-test (RUST)	Run Ingress WasmPlugins Tests	2026-09-23T08:21:11.9015080Z aa75b754dc18: Verifying Checksum
higress-wasmplugin-test (RUST)	Run Ingress WasmPlugins Tests	2026-09-23T08:21:11.9015733Z aa75b754dc18: Download complete
higress-wasmplugin-test (RUST)	Run Ingress WasmPlugins Tests	2026-09-23T08:21:12.0641892Z ef60b6f59ee0: Download complete
higress-wasmplugin-test (RUST)	Run Ingress WasmPlugins Tests	2026-09-23T08:21:13.6078113Z c74424bf836e: Verifying Checksum
higress-wasmplugin-test (RUST)	Run Ingress WasmPlugins Tests	2026-09-23T08:21:13.6078720Z c74424bf836e: Download complete
higress-wasmplugin-test (RUST)	Run Ingress WasmPlugins Tests	2026-09-23T08:21:13.6455672Z 0bbba021f207: Verifying Checksum
higress-wasmplugin-test (RUST)	Run Ingress WasmPlugins Tests	2026-09-23T08:21:13.6456488Z 0bbba021f207: Download complete
higress-wasmplugin-test (RUST)	Run Ingress WasmPlugins Tests	2026-09-23T08:21:18.2388562Z 9bd0e4bcc849: Pull complete
higress-wasmplugin-test (RUST)	Run Ingress WasmPlugins Tests	2026-09-23T08:21:38.0204581Z dbbe22aac0fb: Pull complete
higress-wasmplugin-test (RUST)	Run Ingress WasmPlugins Tests	2026-09-23T08:21:41.5017583Z 6eff59fed1b4: Pull complete
higress-wasmplugin-test (RUST)	Run Ingress WasmPlugins Tests	2026-09-23T08:21:42.3025474Z ee8339ca80c4: Pull complete
higress-wasmplugin-test (RUST)	Run Ingress WasmPlugins Tests	2026-09-23T08:21:47.5017248Z 45789ea04dec: Pull complete
higress-wasmplugin-test (RUST)	Run Ingress WasmPlugins Tests	2026-09-23T08:21:48.0690058Z 6f832f3040af: Pull complete
higress-wasmplugin-test (RUST)	Run Ingress WasmPlugins Tests	2026-09-23T08:21:49.1674986Z b85ab6d7258b: Pull complete
higress-wasmplugin-test (RUST)	Run Ingress WasmPlugins Tests	2026-09-23T08:21:53.9701699Z 44121ad9d775: Pull complete
higress-wasmplugin-test (RUST)	Run Ingress WasmPlugins Tests	2026-09-23T08:21:53.9826095Z 8f8de24e8289: Pull complete
higress-wasmplugin-test (RUST)	Run Ingress WasmPlugins Tests	2026-09-23T08:21:56.2776564Z f3301e9fde16: Pull complete
higress-wasmplugin-test (RUST)	Run Ingress WasmPlugins Tests	2026-09-23T08:21:56.2904013Z 7f4264031dda: Pull complete
higress-wasmplugin-test (RUST)	Run Ingress WasmPlugins Tests	2026-09-23T08:21:56.3012815Z 65b5fe86026c: Pull complete
higress-wasmplugin-test (RUST)	Run Ingress WasmPlugins Tests	2026-09-23T08:21:57.0707229Z 79fa08f43e6b: Pull complete
higress-wasmplugin-test (RUST)	Run Ingress WasmPlugins Tests	2026-09-23T08:21:57.0877343Z aa75b754dc18: Pull complete
higress-wasmplugin-test (RUST)	Run Ingress WasmPlugins Tests	2026-09-23T08:21:57.0970938Z ef60b6f59ee0: Pull complete
higress-wasmplugin-test (RUST)	Run Ingress WasmPlugins Tests	2026-09-23T08:21:57.1075114Z 0bbba021f207: Pull complete
higress-wasmplugin-test (RUST)	Run Ingress WasmPlugins Tests	2026-09-23T08:21:57.1176606Z c74424bf836e: Pull complete
higress-wasmplugin-test (RUST)	Run Ingress WasmPlugins Tests	2026-09-23T08:21:57.1227549Z Digest: sha256:cea58a7535da6a0fdccb1953fba5018b7a0a835d6901a65f5c2efed010d843e2
higress-wasmplugin-test (RUST)	Run Ingress WasmPlugins Tests	2026-09-23T08:21:57.1241293Z Status: Downloaded newer image for higress-registry.cn-hangzhou.cr.aliyuncs.com/higress/build-tools:release-1.19-ef344298e65eeb2d9e2d07b87eb4e715c2def613
higress-wasmplugin-test (RUST)	Run Ingress WasmPlugins Tests	2026-09-23T08:21:57.2829680Z fatal: detected dubious ownership in repository at '/work'
higress-wasmplugin-test (RUST)	Run Ingress WasmPlugins Tests	2026-09-23T08:21:57.2830191Z To add an exception for this directory, call:
higress-wasmplugin-test (RUST)	Run Ingress WasmPlugins Tests	2026-09-23T08:21:57.2830382Z 
higress-wasmplugin-test (RUST)	Run Ingress WasmPlugins Tests	2026-09-23T08:21:57.2830550Z 	git config --global --add safe.directory /work
higress-wasmplugin-test (RUST)	Run Ingress WasmPlugins Tests	2026-09-23T08:21:57.3611408Z ./tools/docker
higress-wasmplugin-test (RUST)	Run Ingress WasmPlugins Tests	2026-09-23T08:21:57.3875282Z fatal: detected dubious ownership in repository at '/work'
higress-wasmplugin-test (RUST)	Run Ingress WasmPlugins Tests	2026-09-23T08:21:57.3875911Z To add an exception for this directory, call:
higress-wasmplugin-test (RUST)	Run Ingress WasmPlugins Tests	2026-09-23T08:21:57.3876194Z 
higress-wasmplugin-test (RUST)	Run Ingress WasmPlugins Tests	2026-09-23T08:21:57.3876421Z 	git config --global --add safe.directory /work
higress-wasmplugin-test (RUST)	Run Ingress WasmPlugins Tests	2026-09-23T08:21:57.3886908Z fatal: detected dubious ownership in repository at '/work'
higress-wasmplugin-test (RUST)	Run Ingress WasmPlugins Tests	2026-09-23T08:21:57.3887524Z To add an exception for this directory, call:
higress-wasmplugin-test (RUST)	Run Ingress WasmPlugins Tests	2026-09-23T08:21:57.3887816Z 
higress-wasmplugin-test (RUST)	Run Ingress WasmPlugins Tests	2026-09-23T08:21:57.3888032Z 	git config --global --add safe.directory /work
higress-wasmplugin-test (RUST)	Run Ingress WasmPlugins Tests	2026-09-23T08:21:57.3922386Z go: downloading go1.26.0 (linux/amd64)
higress-wasmplugin-test (RUST)	Run Ingress WasmPlugins Tests	2026-09-23T08:22:01.7062077Z go: downloading github.com/spf13/cobra v1.10.2
higress-wasmplugin-test (RUST)	Run Ingress WasmPlugins Tests	2026-09-23T08:22:01.7062514Z go: downloading golang.org/x/sync v0.20.0
higress-wasmplugin-test (RUST)	Run Ingress WasmPlugins Tests	2026-09-23T08:22:01.7079547Z go: downloading sigs.k8s.io/yaml v1.6.0
higress-wasmplugin-test (RUST)	Run Ingress WasmPlugins Tests	2026-09-23T08:22:01.7203002Z go: downloading go.opentelemetry.io/otel v1.41.0
higress-wasmplugin-test (RUST)	Run Ingress WasmPlugins Tests	2026-09-23T08:22:01.9263064Z go: downloading go.opentelemetry.io/otel/exporters/otlp/otlptrace v1.40.0
higress-wasmplugin-test (RUST)	Run Ingress WasmPlugins Tests	2026-09-23T08:22:01.9565573Z go: downloading go.opentelemetry.io/otel/exporters/otlp/otlptrace/otlptracegrpc v1.40.0
higress-wasmplugin-test (RUST)	Run Ingress WasmPlugins Tests	2026-09-23T08:22:01.9867209Z go: downloading go.opentelemetry.io/otel/exporters/otlp/otlptrace/otlptracehttp v1.38.0
higress-wasmplugin-test (RUST)	Run Ingress WasmPlugins Tests	2026-09-23T08:22:02.1506620Z go: downloading go.opentelemetry.io/otel/sdk v1.40.0
higress-wasmplugin-test (RUST)	Run Ingress WasmPlugins Tests	2026-09-23T08:22:02.1516009Z go: downloading go.opentelemetry.io/otel/trace v1.41.0
higress-wasmplugin-test (RUST)	Run Ingress WasmPlugins Tests	2026-09-23T08:22:02.1519147Z go: downloading github.com/go-logr/logr v1.4.3
higress-wasmplugin-test (RUST)	Run Ingress WasmPlugins Tests	2026-09-23T08:22:02.2356497Z go: downloading github.com/spf13/pflag v1.0.10
higress-wasmplugin-test (RUST)	Run Ingress WasmPlugins Tests	2026-09-23T08:22:02.2387436Z go: downloading go.uber.org/zap v1.28.0
higress-wasmplugin-test (RUST)	Run Ingress WasmPlugins Tests	2026-09-23T08:22:02.3098031Z go: downloading google.golang.org/grpc v1.64.0
higress-wasmplugin-test (RUST)	Run Ingress WasmPlugins Tests	2026-09-23T08:22:02.3098759Z go: downloading k8s.io/klog/v2 v2.140.0
higress-wasmplugin-test (RUST)	Run Ingress WasmPlugins Tests	2026-09-23T08:22:02.3099844Z go: downloading gopkg.in/natefinch/lumberjack.v2 v2.2.1
higress-wasmplugin-test (RUST)	Run Ingress WasmPlugins Tests	2026-09-23T08:22:02.3128788Z go: downloading github.com/google/go-containerregistry v0.20.3
higress-wasmplugin-test (RUST)	Run Ingress WasmPlugins Tests	2026-09-23T08:22:02.4963623Z go: downloading github.com/moby/buildkit v0.21.1
higress-wasmplugin-test (RUST)	Run Ingress WasmPlugins Tests	2026-09-23T08:22:02.5057540Z go: downloading go.yaml.in/yaml/v2 v2.4.4
higress-wasmplugin-test (RUST)	Run Ingress WasmPlugins Tests	2026-09-23T08:22:02.5720604Z go: downloading go.opentelemetry.io/otel/metric v1.41.0
higress-wasmplugin-test (RUST)	Run Ingress WasmPlugins Tests	2026-09-23T08:22:02.5734315Z go: downloading go.opentelemetry.io/proto/otlp v1.9.0
higress-wasmplugin-test (RUST)	Run Ingress WasmPlugins Tests	2026-09-23T08:22:02.6350745Z go: downloading google.golang.org/protobuf v1.36.12-0.20260120151049-f2248ac996af
higress-wasmplugin-test (RUST)	Run Ingress WasmPlugins Tests	2026-09-23T08:22:02.6359193Z go: downloading google.golang.org/genproto/googleapis/rpc v0.0.0-20260427160629-7cedc36a6bc4
higress-wasmplugin-test (RUST)	Run Ingress WasmPlugins Tests	2026-09-23T08:22:02.6666495Z go: downloading google.golang.org/genproto v0.0.0-20250603155806-513f23925822
higress-wasmplugin-test (RUST)	Run Ingress WasmPlugins Tests	2026-09-23T08:22:02.7327944Z go: downloading github.com/google/uuid v1.6.0
higress-wasmplugin-test (RUST)	Run Ingress WasmPlugins Tests	2026-09-23T08:22:02.7340513Z go: downloading golang.org/x/sys v0.45.0
higress-wasmplugin-test (RUST)	Run Ingress WasmPlugins Tests	2026-09-23T08:22:02.7907454Z go: downloading go.uber.org/multierr v1.11.0
higress-wasmplugin-test (RUST)	Run Ingress WasmPlugins Tests	2026-09-23T08:22:02.8428441Z go: downloading github.com/docker/cli v28.1.1+incompatible
higress-wasmplugin-test (RUST)	Run Ingress WasmPlugins Tests	2026-09-23T08:22:03.0841585Z go: downloading github.com/mitchellh/go-homedir v1.1.0
higress-wasmplugin-test (RUST)	Run Ingress WasmPlugins Tests	2026-09-23T08:22:03.0842044Z go: downloading github.com/opencontainers/go-digest v1.0.0
higress-wasmplugin-test (RUST)	Run Ingress WasmPlugins Tests	2026-09-23T08:22:03.0842411Z go: downloading github.com/docker/distribution v2.8.3+incompatible
higress-wasmplugin-test (RUST)	Run Ingress WasmPlugins Tests	2026-09-23T08:22:03.1359960Z go: downloading github.com/prometheus/client_golang v1.23.2
higress-wasmplugin-test (RUST)	Run Ingress WasmPlugins Tests	2026-09-23T08:22:03.1874205Z go: downloading go.opentelemetry.io/otel/exporters/prometheus v0.57.0
higress-wasmplugin-test (RUST)	Run Ingress WasmPlugins Tests	2026-09-23T08:22:03.2206337Z go: downloading go.opentelemetry.io/otel/sdk/metric v1.40.0
higress-wasmplugin-test (RUST)	Run Ingress WasmPlugins Tests	2026-09-23T08:22:03.2214491Z go: downloading github.com/containerd/stargz-snapshotter/estargz v0.16.3
higress-wasmplugin-test (RUST)	Run Ingress WasmPlugins Tests	2026-09-23T08:22:03.2433596Z go: downloading github.com/go-logr/stdr v1.2.2
higress-wasmplugin-test (RUST)	Run Ingress WasmPlugins Tests	2026-09-23T08:22:03.2719218Z go: downloading go.opentelemetry.io/auto/sdk v1.2.1
higress-wasmplugin-test (RUST)	Run Ingress WasmPlugins Tests	2026-09-23T08:22:03.2928451Z go: downloading github.com/cenkalti/backoff/v5 v5.0.3
higress-wasmplugin-test (RUST)	Run Ingress WasmPlugins Tests	2026-09-23T08:22:03.2934153Z go: downloading github.com/grpc-ecosystem/grpc-gateway/v2 v2.27.7
higress-wasmplugin-test (RUST)	Run Ingress WasmPlugins Tests	2026-09-23T08:22:03.3201252Z go: downloading github.com/pkg/errors v0.9.1
higress-wasmplugin-test (RUST)	Run Ingress WasmPlugins Tests	2026-09-23T08:22:03.3412796Z go: downloading golang.org/x/net v0.55.0
higress-wasmplugin-test (RUST)	Run Ingress WasmPlugins Tests	2026-09-23T08:22:03.3764335Z go: downloading github.com/sirupsen/logrus v1.9.3
higress-wasmplugin-test (RUST)	Run Ingress WasmPlugins Tests	2026-09-23T08:22:03.4319385Z go: downloading github.com/beorn7/perks v1.0.1
higress-wasmplugin-test (RUST)	Run Ingress WasmPlugins Tests	2026-09-23T08:22:03.4370311Z go: downloading github.com/cespare/xxhash/v2 v2.3.0
higress-wasmplugin-test (RUST)	Run Ingress WasmPlugins Tests	2026-09-23T08:22:03.4370736Z go: downloading github.com/prometheus/client_model v0.6.2
higress-wasmplugin-test (RUST)	Run Ingress WasmPlugins Tests	2026-09-23T08:22:03.4782544Z go: downloading github.com/prometheus/common v0.67.5
higress-wasmplugin-test (RUST)	Run Ingress WasmPlugins Tests	2026-09-23T08:22:03.4854570Z go: downloading github.com/prometheus/procfs v0.20.1
higress-wasmplugin-test (RUST)	Run Ingress WasmPlugins Tests	2026-09-23T08:22:03.5228940Z go: downloading github.com/opencontainers/image-spec v1.1.1
higress-wasmplugin-test (RUST)	Run Ingress WasmPlugins Tests	2026-09-23T08:22:03.5492144Z go: downloading github.com/klauspost/compress v1.18.0
higress-wasmplugin-test (RUST)	Run Ingress WasmPlugins Tests	2026-09-23T08:22:03.5492764Z go: downloading github.com/vbatts/tar-split v0.12.1
higress-wasmplugin-test (RUST)	Run Ingress WasmPlugins Tests	2026-09-23T08:22:03.5809076Z go: downloading github.com/containerd/typeurl/v2 v2.2.3
higress-wasmplugin-test (RUST)	Run Ingress WasmPlugins Tests	2026-09-23T08:22:03.5809810Z go: downloading github.com/planetscale/vtprotobuf v0.6.1-0.20240409071808-615f978279ca
higress-wasmplugin-test (RUST)	Run Ingress WasmPlugins Tests	2026-09-23T08:22:03.6069819Z go: downloading github.com/docker/docker-credential-helpers v0.9.3
higress-wasmplugin-test (RUST)	Run Ingress WasmPlugins Tests	2026-09-23T08:22:03.6485640Z go: downloading google.golang.org/genproto/googleapis/api v0.0.0-20260128011058-8636f8732409
higress-wasmplugin-test (RUST)	Run Ingress WasmPlugins Tests	2026-09-23T08:22:03.6580277Z go: downloading github.com/munnerz/goautoneg v0.0.0-20191010083416-a7dc8b61c822
higress-wasmplugin-test (RUST)	Run Ingress WasmPlugins Tests	2026-09-23T08:22:03.6607462Z go: downloading github.com/gogo/protobuf v1.3.2
higress-wasmplugin-test (RUST)	Run Ingress WasmPlugins Tests	2026-09-23T08:22:03.7052834Z go: downloading golang.org/x/text v0.37.0
higress-wasmplugin-test (RUST)	Run Ingress WasmPlugins Tests	2026-09-23T08:22:28.5224781Z 
higress-wasmplugin-test (RUST)	Run Ingress WasmPlugins Tests	2026-09-23T08:22:28.5225218Z real	0m31.132s
higress-wasmplugin-test (RUST)	Run Ingress WasmPlugins Tests	2026-09-23T08:22:28.5225496Z user	1m20.478s
higress-wasmplugin-test (RUST)	Run Ingress WasmPlugins Tests	2026-09-23T08:22:28.5225702Z sys	0m11.148s
higress-wasmplugin-test (RUST)	Run Ingress WasmPlugins Tests	2026-09-23T08:22:28.5272237Z 2026-09-23T08:22:28.526833Z	info	Args: Push:              false
higress-wasmplugin-test (RUST)	Run Ingress WasmPlugins Tests	2026-09-23T08:22:28.5272708Z Save:              false
higress-wasmplugin-test (RUST)	Run Ingress WasmPlugins Tests	2026-09-23T08:22:28.5273019Z NoClobber:         false
higress-wasmplugin-test (RUST)	Run Ingress WasmPlugins Tests	2026-09-23T08:22:28.5273289Z NoCache:           false
higress-wasmplugin-test (RUST)	Run Ingress WasmPlugins Tests	2026-09-23T08:22:28.5273611Z Targets:           [pilot]
higress-wasmplugin-test (RUST)	Run Ingress WasmPlugins Tests	2026-09-23T08:22:28.5274144Z Variants:          [default]
higress-wasmplugin-test (RUST)	Run Ingress WasmPlugins Tests	2026-09-23T08:22:28.5274526Z Architectures:     [linux/amd64]
higress-wasmplugin-test (RUST)	Run Ingress WasmPlugins Tests	2026-09-23T08:22:28.5275093Z BaseVersion:       2023-07-20T20-50-43
higress-wasmplugin-test (RUST)	Run Ingress WasmPlugins Tests	2026-09-23T08:22:28.5275708Z BaseImageRegistry: higress-registry.cn-hangzhou.cr.aliyuncs.com/higress
higress-wasmplugin-test (RUST)	Run Ingress WasmPlugins Tests	2026-09-23T08:22:28.5276582Z ProxyVersion:      1a53bf14a57976dd0f509752b748caf3b1125d54
higress-wasmplugin-test (RUST)	Run Ingress WasmPlugins Tests	2026-09-23T08:22:28.5277238Z ZtunnelVersion:    75376478762decb918ea884603b2852b1568b015
higress-wasmplugin-test (RUST)	Run Ingress WasmPlugins Tests	2026-09-23T08:22:28.5277697Z IstioVersion:      1.27-dev
higress-wasmplugin-test (RUST)	Run Ingress WasmPlugins Tests	2026-09-23T08:22:28.5278438Z Tags:              [a01636191d45d3bda350611b95f6d2363482dac2]
higress-wasmplugin-test (RUST)	Run Ingress WasmPlugins Tests	2026-09-23T08:22:28.5279348Z Hubs:              [higress-registry.cn-hangzhou.cr.aliyuncs.com/higress]
higress-wasmplugin-test (RUST)	Run Ingress WasmPlugins Tests	2026-09-23T08:22:28.5279804Z Builder:           docker
higress-wasmplugin-test (RUST)	Run Ingress WasmPlugins Tests	2026-09-23T08:22:28.5279985Z 
higress-wasmplugin-test (RUST)	Run Ingress WasmPlugins Tests	2026-09-23T08:22:28.5280273Z 2026-09-23T08:22:28.527323Z	info	building for architectures: [linux/amd64]
higress-wasmplugin-test (RUST)	Run Ingress WasmPlugins Tests	2026-09-23T08:22:28.5280930Z 2026-09-23T08:22:28.527569Z	info	Running make for linux/amd64: pilot-discovery init
higress-wasmplugin-test (RUST)	Run Ingress WasmPlugins Tests	2026-09-23T08:22:28.5281880Z 2026-09-23T08:22:28.527642Z	info	env: [TARGET_OS=linux TARGET_ARCH=amd64 TARGET_OUT=/work/out/linux_amd64 TARGET_OUT_LINUX=/work/out/linux_amd64]
higress-wasmplugin-test (RUST)	Run Ingress WasmPlugins Tests	2026-09-23T08:22:28.5595795Z fatal: detected dubious ownership in repository at '/work'
higress-wasmplugin-test (RUST)	Run Ingress WasmPlugins Tests	2026-09-23T08:22:28.5596366Z To add an exception for this directory, call:
higress-wasmplugin-test (RUST)	Run Ingress WasmPlugins Tests	2026-09-23T08:22:28.5596553Z 
higress-wasmplugin-test (RUST)	Run Ingress WasmPlugins Tests	2026-09-23T08:22:28.5596708Z 	git config --global --add safe.directory /work
higress-wasmplugin-test (RUST)	Run Ingress WasmPlugins Tests	2026-09-23T08:22:28.6401409Z GOOS=linux GOARCH=amd64 LDFLAGS='-X github.com/alibaba/higress/v2/pkg/cmd/lversion.higressVersion=v2.2.4 -X github.com/alibaba/higress/v2/pkg/cmd/lversion.gitCommitID=a01636191d45d3bda350611b95f6d2363482dac2 -extldflags -static -s -w' common/scripts/gobuild.sh /work/out/linux_amd64/ -tags=vtprotobuf,disable_pgv ./pilot/cmd/pilot-discovery
higress-wasmplugin-test (RUST)	Run Ingress WasmPlugins Tests	2026-09-23T08:22:28.6543335Z fatal: detected dubious ownership in repository at '/work'
higress-wasmplugin-test (RUST)	Run Ingress WasmPlugins Tests	2026-09-23T08:22:28.6544096Z To add an exception for this directory, call:
higress-wasmplugin-test (RUST)	Run Ingress WasmPlugins Tests	2026-09-23T08:22:28.6544582Z 
higress-wasmplugin-test (RUST)	Run Ingress WasmPlugins Tests	2026-09-23T08:22:28.6544866Z 	git config --global --add safe.directory /work
higress-wasmplugin-test (RUST)	Run Ingress WasmPlugins Tests	2026-09-23T08:22:28.6555190Z fatal: detected dubious ownership in repository at '/work'
higress-wasmplugin-test (RUST)	Run Ingress WasmPlugins Tests	2026-09-23T08:22:28.6555719Z To add an exception for this directory, call:
higress-wasmplugin-test (RUST)	Run Ingress WasmPlugins Tests	2026-09-23T08:22:28.6556004Z 
higress-wasmplugin-test (RUST)	Run Ingress WasmPlugins Tests	2026-09-23T08:22:28.6556209Z 	git config --global --add safe.directory /work
higress-wasmplugin-test (RUST)	Run Ingress WasmPlugins Tests	2026-09-23T08:22:28.7235917Z go: downloading go.uber.org/atomic v1.11.0
higress-wasmplugin-test (RUST)	Run Ingress WasmPlugins Tests	2026-09-23T08:22:28.7243333Z go: downloading k8s.io/apimachinery v0.34.1
higress-wasmplugin-test (RUST)	Run Ingress WasmPlugins Tests	2026-09-23T08:22:28.7262334Z go: downloading github.com/google/cel-go v0.26.0
higress-wasmplugin-test (RUST)	Run Ingress WasmPlugins Tests	2026-09-23T08:22:28.7276386Z go: downloading github.com/hashicorp/go-multierror v1.1.1
higress-wasmplugin-test (RUST)	Run Ingress WasmPlugins Tests	2026-09-23T08:22:28.8848045Z go: downloading github.com/lestrrat-go/jwx v1.2.31
higress-wasmplugin-test (RUST)	Run Ingress WasmPlugins Tests	2026-09-23T08:22:28.9249295Z go: downloading github.com/higress-group/api v0.0.0-20260211054508-efc0fe428ccc
higress-wasmplugin-test (RUST)	Run Ingress WasmPlugins Tests	2026-09-23T08:22:29.0870801Z go: downloading github.com/gorilla/mux v1.8.1
higress-wasmplugin-test (RUST)	Run Ingress WasmPlugins Tests	2026-09-23T08:22:29.0871472Z go: downloading github.com/fsnotify/fsnotify v1.9.0
higress-wasmplugin-test (RUST)	Run Ingress WasmPlugins Tests	2026-09-23T08:22:29.0872112Z go: downloading github.com/grpc-ecosystem/go-grpc-prometheus v1.2.0
higress-wasmplugin-test (RUST)	Run Ingress WasmPlugins Tests	2026-09-23T08:22:29.1237892Z go: downloading k8s.io/api v0.34.1
higress-wasmplugin-test (RUST)	Run Ingress WasmPlugins Tests	2026-09-23T08:22:29.1337145Z go: downloading k8s.io/client-go v0.34.1
higress-wasmplugin-test (RUST)	Run Ingress WasmPlugins Tests	2026-09-23T08:22:29.1480989Z go: downloading github.com/cpuguy83/go-md2man/v2 v2.0.7
higress-wasmplugin-test (RUST)	Run Ingress WasmPlugins Tests	2026-09-23T08:22:29.1485320Z go: downloading go.yaml.in/yaml/v3 v3.0.4
higress-wasmplugin-test (RUST)	Run Ingress WasmPlugins Tests	2026-09-23T08:22:29.2120645Z go: downloading github.com/hashicorp/errwrap v1.1.0
higress-wasmplugin-test (RUST)	Run Ingress WasmPlugins Tests	2026-09-23T08:22:29.2144851Z go: downloading github.com/lestrrat-go/backoff/v2 v2.0.8
higress-wasmplugin-test (RUST)	Run Ingress WasmPlugins Tests	2026-09-23T08:22:29.2514147Z go: downloading github.com/lestrrat-go/blackmagic v1.0.3
higress-wasmplugin-test (RUST)	Run Ingress WasmPlugins Tests	2026-09-23T08:22:29.2571302Z go: downloading github.com/lestrrat-go/httpcc v1.0.1
higress-wasmplugin-test (RUST)	Run Ingress WasmPlugins Tests	2026-09-23T08:22:29.2928027Z go: downloading github.com/lestrrat-go/iter v1.0.2
higress-wasmplugin-test (RUST)	Run Ingress WasmPlugins Tests	2026-09-23T08:22:29.3338919Z go: downloading github.com/lestrrat-go/option v1.0.1
higress-wasmplugin-test (RUST)	Run Ingress WasmPlugins Tests	2026-09-23T08:22:29.3339955Z go: downloading cel.dev/expr v0.25.1
higress-wasmplugin-test (RUST)	Run Ingress WasmPlugins Tests	2026-09-23T08:22:29.3841590Z go: downloading github.com/golang/protobuf v1.5.4
higress-wasmplugin-test (RUST)	Run Ingress WasmPlugins Tests	2026-09-23T08:22:29.4536826Z go: downloading github.com/higress-group/client-go v0.0.0-20251013085901-09ed8dc4e748
higress-wasmplugin-test (RUST)	Run Ingress WasmPlugins Tests	2026-09-23T08:22:29.4560657Z go: downloading github.com/higress-group/go-control-plane/envoy v0.0.0-20260808035359-140755b06167
higress-wasmplugin-test (RUST)	Run Ingress WasmPlugins Tests	2026-09-23T08:22:29.6113580Z go: downloading golang.org/x/time v0.15.0
higress-wasmplugin-test (RUST)	Run Ingress WasmPlugins Tests	2026-09-23T08:22:29.6388565Z go: downloading github.com/evanphx/json-patch/v5 v5.9.11
higress-wasmplugin-test (RUST)	Run Ingress WasmPlugins Tests	2026-09-23T08:22:29.6527192Z go: downloading gomodules.xyz/jsonpatch/v2 v2.5.0
higress-wasmplugin-test (RUST)	Run Ingress WasmPlugins Tests	2026-09-23T08:22:29.6874736Z go: downloading k8s.io/apiextensions-apiserver v0.34.1
higress-wasmplugin-test (RUST)	Run Ingress WasmPlugins Tests	2026-09-23T08:22:29.7198911Z go: downloading sigs.k8s.io/gateway-api-inference-extension v1.1.0
higress-wasmplugin-test (RUST)	Run Ingress WasmPlugins Tests	2026-09-23T08:22:29.7200329Z go: downloading sigs.k8s.io/gateway-api v1.6.0
higress-wasmplugin-test (RUST)	Run Ingress WasmPlugins Tests	2026-09-23T08:22:30.0899514Z go: downloading k8s.io/apiserver v0.34.1
higress-wasmplugin-test (RUST)	Run Ingress WasmPlugins Tests	2026-09-23T08:22:30.0900229Z go: downloading github.com/grpc-ecosystem/go-grpc-middleware v1.4.0
higress-wasmplugin-test (RUST)	Run Ingress WasmPlugins Tests	2026-09-23T08:22:30.1738099Z go: downloading github.com/cncf/xds/go v0.0.0-20251110193048-8bfbf64dc13e
higress-wasmplugin-test (RUST)	Run Ingress WasmPlugins Tests	2026-09-23T08:22:30.2327337Z go: downloading github.com/higress-group/go-control-plane v0.0.0-20260808035359-140755b06167
higress-wasmplugin-test (RUST)	Run Ingress WasmPlugins Tests	2026-09-23T08:22:30.3044918Z go: downloading github.com/google/go-cmp v0.7.0
higress-wasmplugin-test (RUST)	Run Ingress WasmPlugins Tests	2026-09-23T08:22:30.3046442Z go: downloading github.com/hashicorp/golang-lru/v2 v2.0.7
higress-wasmplugin-test (RUST)	Run Ingress WasmPlugins Tests	2026-09-23T08:22:30.3461151Z go: downloading github.com/miekg/dns v1.1.72
higress-wasmplugin-test (RUST)	Run Ingress WasmPlugins Tests	2026-09-23T08:22:30.3568491Z go: downloading github.com/Masterminds/sprig/v3 v3.3.0
higress-wasmplugin-test (RUST)	Run Ingress WasmPlugins Tests	2026-09-23T08:22:30.3576454Z go: downloading github.com/higress-group/go-control-plane/contrib v0.0.0-20260808035359-140755b06167
higress-wasmplugin-test (RUST)	Run Ingress WasmPlugins Tests	2026-09-23T08:22:30.3991331Z go: downloading github.com/yl2chen/cidranger v1.0.2
higress-wasmplugin-test (RUST)	Run Ingress WasmPlugins Tests	2026-09-23T08:22:30.4145048Z go: downloading sigs.k8s.io/mcs-api v0.1.1-0.20240624222831-d7001fe1d21c
higress-wasmplugin-test (RUST)	Run Ingress WasmPlugins Tests	2026-09-23T08:22:30.4297031Z go: downloading github.com/hashicorp/go-version v1.7.0
higress-wasmplugin-test (RUST)	Run Ingress WasmPlugins Tests	2026-09-23T08:22:30.4297731Z go: downloading github.com/openshift/api v0.0.0-20250507150912-7318813e48da
higress-wasmplugin-test (RUST)	Run Ingress WasmPlugins Tests	2026-09-23T08:22:30.4637113Z go: downloading github.com/prometheus/prometheus v0.307.1
higress-wasmplugin-test (RUST)	Run Ingress WasmPlugins Tests	2026-09-23T08:22:30.4725070Z go: downloading k8s.io/utils v0.0.0-20260319190234-28399d86e0b5
higress-wasmplugin-test (RUST)	Run Ingress WasmPlugins Tests	2026-09-23T08:22:30.5355717Z go: downloading github.com/Masterminds/semver/v3 v3.4.0
higress-wasmplugin-test (RUST)	Run Ingress WasmPlugins Tests	2026-09-23T08:22:30.5767797Z go: downloading github.com/grpc-ecosystem/go-grpc-middleware/v2 v2.3.3
higress-wasmplugin-test (RUST)	Run Ingress WasmPlugins Tests	2026-09-23T08:22:30.6385054Z go: downloading github.com/go-jose/go-jose/v4 v4.1.0
higress-wasmplugin-test (RUST)	Run Ingress WasmPlugins Tests	2026-09-23T08:22:30.6948502Z go: downloading github.com/alecholmes/xfccparser v0.4.0
higress-wasmplugin-test (RUST)	Run Ingress WasmPlugins Tests	2026-09-23T08:22:30.7343323Z go: downloading github.com/coreos/go-oidc/v3 v3.14.1
higress-wasmplugin-test (RUST)	Run Ingress WasmPlugins Tests	2026-09-23T08:22:30.7784977Z go: downloading sigs.k8s.io/randfill v1.0.0
higress-wasmplugin-test (RUST)	Run Ingress WasmPlugins Tests	2026-09-23T08:22:30.8374423Z go: downloading github.com/russross/blackfriday/v2 v2.1.0
higress-wasmplugin-test (RUST)	Run Ingress WasmPlugins Tests	2026-09-23T08:22:30.8978968Z go: downloading golang.org/x/crypto v0.51.0
higress-wasmplugin-test (RUST)	Run Ingress WasmPlugins Tests	2026-09-23T08:22:30.9543778Z go: downloading github.com/stoewer/go-strcase v1.3.0
higress-wasmplugin-test (RUST)	Run Ingress WasmPlugins Tests	2026-09-23T08:22:30.9547602Z go: downloading github.com/antlr4-go/antlr/v4 v4.13.1
higress-wasmplugin-test (RUST)	Run Ingress WasmPlugins Tests	2026-09-23T08:22:31.0010445Z go: downloading sigs.k8s.io/structured-merge-diff/v6 v6.4.0
higress-wasmplugin-test (RUST)	Run Ingress WasmPlugins Tests	2026-09-23T08:22:31.0078052Z go: downloading sigs.k8s.io/json v0.0.0-20250730193827-2d320260d730
higress-wasmplugin-test (RUST)	Run Ingress WasmPlugins Tests	2026-09-23T08:22:31.0338042Z go: downloading golang.org/x/oauth2 v0.36.0
higress-wasmplugin-test (RUST)	Run Ingress WasmPlugins Tests	2026-09-23T08:22:31.0466347Z go: downloading k8s.io/kube-openapi v0.0.0-20260501160325-927ab1f70cd6
higress-wasmplugin-test (RUST)	Run Ingress WasmPlugins Tests	2026-09-23T08:22:31.0702587Z go: downloading github.com/envoyproxy/protoc-gen-validate v1.3.0
higress-wasmplugin-test (RUST)	Run Ingress WasmPlugins Tests	2026-09-23T08:22:31.1182810Z go: downloading dario.cat/mergo v1.0.2
higress-wasmplugin-test (RUST)	Run Ingress WasmPlugins Tests	2026-09-23T08:22:31.1334943Z go: downloading github.com/Masterminds/goutils v1.1.1
higress-wasmplugin-test (RUST)	Run Ingress WasmPlugins Tests	2026-09-23T08:22:31.1612220Z go: downloading github.com/huandu/xstrings v1.5.0
higress-wasmplugin-test (RUST)	Run Ingress WasmPlugins Tests	2026-09-23T08:22:31.1738857Z go: downloading github.com/mitchellh/copystructure v1.2.0
higress-wasmplugin-test (RUST)	Run Ingress WasmPlugins Tests	2026-09-23T08:22:31.2015587Z go: downloading github.com/shopspring/decimal v1.4.0
higress-wasmplugin-test (RUST)	Run Ingress WasmPlugins Tests	2026-09-23T08:22:31.2126264Z go: downloading github.com/spf13/cast v1.8.0
higress-wasmplugin-test (RUST)	Run Ingress WasmPlugins Tests	2026-09-23T08:22:31.2270563Z go: downloading github.com/cenkalti/backoff/v4 v4.3.0
higress-wasmplugin-test (RUST)	Run Ingress WasmPlugins Tests	2026-09-23T08:22:31.2314103Z go: downloading github.com/ryanuber/go-glob v1.0.0
higress-wasmplugin-test (RUST)	Run Ingress WasmPlugins Tests	2026-09-23T08:22:31.2445734Z go: downloading github.com/moby/spdystream v0.5.1
higress-wasmplugin-test (RUST)	Run Ingress WasmPlugins Tests	2026-09-23T08:22:31.2530364Z go: downloading github.com/google/gnostic-models v0.7.1
higress-wasmplugin-test (RUST)	Run Ingress WasmPlugins Tests	2026-09-23T08:22:31.2706218Z go: downloading github.com/gregjones/httpcache v0.0.0-20190611155906-901d90724c79
higress-wasmplugin-test (RUST)	Run Ingress WasmPlugins Tests	2026-09-23T08:22:31.2744662Z go: downloading github.com/peterbourgon/diskv v2.0.1+incompatible
higress-wasmplugin-test (RUST)	Run Ingress WasmPlugins Tests	2026-09-23T08:22:31.2876907Z go: downloading gopkg.in/evanphx/json-patch.v4 v4.13.0
higress-wasmplugin-test (RUST)	Run Ingress WasmPlugins Tests	2026-09-23T08:22:31.3074043Z go: downloading golang.org/x/term v0.43.0
higress-wasmplugin-test (RUST)	Run Ingress WasmPlugins Tests	2026-09-23T08:22:31.3117181Z go: downloading github.com/gorilla/websocket v1.5.4-0.20250319132907-e064f32e3674
higress-wasmplugin-test (RUST)	Run Ingress WasmPlugins Tests	2026-09-23T08:22:31.3164430Z go: downloading github.com/alecthomas/participle/v2 v2.1.4
higress-wasmplugin-test (RUST)	Run Ingress WasmPlugins Tests	2026-09-23T08:22:31.3479813Z go: downloading gopkg.in/inf.v0 v0.9.1
higress-wasmplugin-test (RUST)	Run Ingress WasmPlugins Tests	2026-09-23T08:22:31.3599588Z go: downloading golang.org/x/exp v0.0.0-20230713183714-613f0c0eb8a1
higress-wasmplugin-test (RUST)	Run Ingress WasmPlugins Tests	2026-09-23T08:22:31.3640507Z go: downloading github.com/grafana/regexp v0.0.0-20250905093917-f7b3be9d1853
higress-wasmplugin-test (RUST)	Run Ingress WasmPlugins Tests	2026-09-23T08:22:31.3641174Z go: downloading github.com/fxamacker/cbor/v2 v2.9.1
higress-wasmplugin-test (RUST)	Run Ingress WasmPlugins Tests	2026-09-23T08:22:31.3917775Z go: downloading github.com/davecgh/go-spew v1.1.2-0.20180830191138-d8f796af33cc
higress-wasmplugin-test (RUST)	Run Ingress WasmPlugins Tests	2026-09-23T08:22:31.4230341Z go: downloading github.com/json-iterator/go v1.1.12
higress-wasmplugin-test (RUST)	Run Ingress WasmPlugins Tests	2026-09-23T08:22:31.4326225Z go: downloading github.com/tetratelabs/wazero v1.9.0
higress-wasmplugin-test (RUST)	Run Ingress WasmPlugins Tests	2026-09-23T08:22:31.4370496Z go: downloading github.com/mitchellh/reflectwalk v1.0.2
higress-wasmplugin-test (RUST)	Run Ingress WasmPlugins Tests	2026-09-23T08:22:31.4515350Z go: downloading github.com/go-openapi/jsonreference v0.21.5
higress-wasmplugin-test (RUST)	Run Ingress WasmPlugins Tests	2026-09-23T08:22:31.4762060Z go: downloading github.com/go-openapi/swag v0.26.0
higress-wasmplugin-test (RUST)	Run Ingress WasmPlugins Tests	2026-09-23T08:22:31.4802121Z go: downloading gopkg.in/yaml.v3 v3.0.1
higress-wasmplugin-test (RUST)	Run Ingress WasmPlugins Tests	2026-09-23T08:22:31.4954073Z go: downloading github.com/mxk/go-flowrate v0.0.0-20140419014527-cca7078d478f
higress-wasmplugin-test (RUST)	Run Ingress WasmPlugins Tests	2026-09-23T08:22:31.7235841Z go: downloading github.com/pmezard/go-difflib v1.0.1-0.20181226105442-5d4384ee4fb2
higress-wasmplugin-test (RUST)	Run Ingress WasmPlugins Tests	2026-09-23T08:22:31.7271692Z go: downloading github.com/google/btree v1.1.3
higress-wasmplugin-test (RUST)	Run Ingress WasmPlugins Tests	2026-09-23T08:22:31.7299559Z go: downloading github.com/x448/float16 v0.8.4
higress-wasmplugin-test (RUST)	Run Ingress WasmPlugins Tests	2026-09-23T08:22:31.7641383Z go: downloading github.com/modern-go/concurrent v0.0.0-20180306012644-bacd9c7ef1dd
higress-wasmplugin-test (RUST)	Run Ingress WasmPlugins Tests	2026-09-23T08:22:31.7677004Z go: downloading github.com/modern-go/reflect2 v1.0.3-0.20250322232337-35a7c28c31ee
higress-wasmplugin-test (RUST)	Run Ingress WasmPlugins Tests	2026-09-23T08:22:31.7692783Z go: downloading github.com/go-openapi/jsonpointer v0.23.1
higress-wasmplugin-test (RUST)	Run Ingress WasmPlugins Tests	2026-09-23T08:22:31.8040674Z go: downloading github.com/go-openapi/swag/cmdutils v0.26.0
higress-wasmplugin-test (RUST)	Run Ingress WasmPlugins Tests	2026-09-23T08:22:31.8094717Z go: downloading github.com/go-openapi/swag/conv v0.26.0
higress-wasmplugin-test (RUST)	Run Ingress WasmPlugins Tests	2026-09-23T08:22:31.8141695Z go: downloading github.com/go-openapi/swag/fileutils v0.26.0
higress-wasmplugin-test (RUST)	Run Ingress WasmPlugins Tests	2026-09-23T08:22:31.8427714Z go: downloading github.com/go-openapi/swag/jsonname v0.26.0
higress-wasmplugin-test (RUST)	Run Ingress WasmPlugins Tests	2026-09-23T08:22:31.8487232Z go: downloading github.com/go-openapi/swag/jsonutils v0.26.0
higress-wasmplugin-test (RUST)	Run Ingress WasmPlugins Tests	2026-09-23T08:22:31.8600593Z go: downloading github.com/go-openapi/swag/loading v0.26.0
higress-wasmplugin-test (RUST)	Run Ingress WasmPlugins Tests	2026-09-23T08:22:31.8874720Z go: downloading github.com/go-openapi/swag/mangling v0.26.0
higress-wasmplugin-test (RUST)	Run Ingress WasmPlugins Tests	2026-09-23T08:22:31.8912826Z go: downloading github.com/go-openapi/swag/netutils v0.26.0
higress-wasmplugin-test (RUST)	Run Ingress WasmPlugins Tests	2026-09-23T08:22:31.9148185Z go: downloading github.com/go-openapi/swag/stringutils v0.26.0
higress-wasmplugin-test (RUST)	Run Ingress WasmPlugins Tests	2026-09-23T08:22:31.9342611Z go: downloading github.com/go-openapi/swag/typeutils v0.26.0
higress-wasmplugin-test (RUST)	Run Ingress WasmPlugins Tests	2026-09-23T08:22:31.9404990Z go: downloading github.com/go-openapi/swag/yamlutils v0.26.0
higress-wasmplugin-test (RUST)	Run Ingress WasmPlugins Tests	2026-09-23T08:22:31.9610294Z go: downloading cloud.google.com/go/compute/metadata v0.8.4
higress-wasmplugin-test (RUST)	Run Ingress WasmPlugins Tests	2026-09-23T08:22:31.9797678Z go: downloading github.com/emicklei/go-restful/v3 v3.13.0
higress-wasmplugin-test (RUST)	Run Ingress WasmPlugins Tests	2026-09-23T08:22:31.9924135Z go: downloading cloud.google.com/go v0.120.0
higress-wasmplugin-test (RUST)	Run Ingress WasmPlugins Tests	2026-09-23T08:24:34.8894836Z 
higress-wasmplugin-test (RUST)	Run Ingress WasmPlugins Tests	2026-09-23T08:24:34.8895633Z real	2m6.233s
higress-wasmplugin-test (RUST)	Run Ingress WasmPlugins Tests	2026-09-23T08:24:34.8896028Z user	6m38.107s
higress-wasmplugin-test (RUST)	Run Ingress WasmPlugins Tests	2026-09-23T08:24:34.8896390Z sys	0m46.975s
higress-wasmplugin-test (RUST)	Run Ingress WasmPlugins Tests	2026-09-23T08:24:34.8974704Z TARGET_OUT=/work/out/linux_amd64 ISTIO_BIN=/bin GOOS_LOCAL=linux bin/retry.sh SSL_ERROR_SYSCALL bin/init.sh
higress-wasmplugin-test (RUST)	Run Ingress WasmPlugins Tests	2026-09-23T08:24:34.9156663Z Skipping envoy debug. Set DEBUG_IMAGE to download.
higress-wasmplugin-test (RUST)	Run Ingress WasmPlugins Tests	2026-09-23T08:24:34.9195285Z /work/out/linux_amd64/release /work
higress-wasmplugin-test (RUST)	Run Ingress WasmPlugins Tests	2026-09-23T08:24:34.9196707Z Downloading envoy: https://github.com/higress-group/proxy/releases/download/v2.2.4-test-envoy-1.36.10/envoy-symbol-amd64.tar.gz to /work/out/linux_amd64/release/envoy-1a53bf14a57976dd0f509752b748caf3b1125d54
higress-wasmplugin-test (RUST)	Run Ingress WasmPlugins Tests	2026-09-23T08:24:39.6424093Z 
higress-wasmplugin-test (RUST)	Run Ingress WasmPlugins Tests	2026-09-23T08:24:39.6424557Z real	0m4.723s
higress-wasmplugin-test (RUST)	Run Ingress WasmPlugins Tests	2026-09-23T08:24:39.6424798Z user	0m3.906s
higress-wasmplugin-test (RUST)	Run Ingress WasmPlugins Tests	2026-09-23T08:24:39.6424989Z sys	0m1.203s
higress-wasmplugin-test (RUST)	Run Ingress WasmPlugins Tests	2026-09-23T08:24:39.6448088Z Copying /work/out/linux_amd64/release/envoy-1a53bf14a57976dd0f509752b748caf3b1125d54 to /work/out/linux_amd64/release/envoy
higress-wasmplugin-test (RUST)	Run Ingress WasmPlugins Tests	2026-09-23T08:24:40.0856440Z /work
higress-wasmplugin-test (RUST)	Run Ingress WasmPlugins Tests	2026-09-23T08:24:42.7703029Z Copying /work/out/linux_amd64/release/envoy-1a53bf14a57976dd0f509752b748caf3b1125d54 to /work/out/linux_amd64/envoy
higress-wasmplugin-test (RUST)	Run Ingress WasmPlugins Tests	2026-09-23T08:24:42.7704054Z touch /work/out/linux_amd64/istio_is_init
higress-wasmplugin-test (RUST)	Run Ingress WasmPlugins Tests	2026-09-23T08:24:42.7722863Z TARGET_OUT=/work/out/linux_amd64 bin/build_ztunnel.sh
higress-wasmplugin-test (RUST)	Run Ingress WasmPlugins Tests	2026-09-23T08:24:42.7964184Z /work/out/linux_amd64/release /work
higress-wasmplugin-test (RUST)	Run Ingress WasmPlugins Tests	2026-09-23T08:24:42.7965608Z Downloading ztunnel: https://storage.googleapis.com/istio-build/ztunnel/ztunnel-75376478762decb918ea884603b2852b1568b015-amd64 to /work/out/linux_amd64/release/ztunnel-75376478762decb918ea884603b2852b1568b015
higress-wasmplugin-test (RUST)	Run Ingress WasmPlugins Tests	2026-09-23T08:24:43.3754808Z 
higress-wasmplugin-test (RUST)	Run Ingress WasmPlugins Tests	2026-09-23T08:24:43.3755356Z real	0m0.579s
higress-wasmplugin-test (RUST)	Run Ingress WasmPlugins Tests	2026-09-23T08:24:43.3755665Z user	0m0.068s
higress-wasmplugin-test (RUST)	Run Ingress WasmPlugins Tests	2026-09-23T08:24:43.3755876Z sys	0m0.041s
higress-wasmplugin-test (RUST)	Run Ingress WasmPlugins Tests	2026-09-23T08:24:43.3781009Z Copying /work/out/linux_amd64/release/ztunnel-75376478762decb918ea884603b2852b1568b015 to /work/out/linux_amd64/release/ztunnel
higress-wasmplugin-test (RUST)	Run Ingress WasmPlugins Tests	2026-09-23T08:24:43.4129018Z /work
higress-wasmplugin-test (RUST)	Run Ingress WasmPlugins Tests	2026-09-23T08:24:43.4129603Z Copying '/work/out/linux_amd64/release/ztunnel-75376478762decb918ea884603b2852b1568b015' to /work/out/linux_amd64/ztunnel
higress-wasmplugin-test (RUST)	Run Ingress WasmPlugins Tests	2026-09-23T08:24:43.4621734Z 2026-09-23T08:24:43.461562Z	info	Running command: tools/docker-copy.sh pilot/docker/Dockerfile.pilot tools/packaging/common/envoy_bootstrap.json tools/packaging/common/higress-pilot-start.sh /work/out/linux_amd64/pilot-discovery /work/out/linux_amd64/dockerx_build/build.docker.pilot
higress-wasmplugin-test (RUST)	Run Ingress WasmPlugins Tests	2026-09-23T08:24:43.9299506Z 2026-09-23T08:24:43.929364Z	info	make complete	runtime=2m15.401779198s
higress-wasmplugin-test (RUST)	Run Ingress WasmPlugins Tests	2026-09-23T08:24:43.9300181Z 2026-09-23T08:24:43.929543Z	info	Running command: docker buildx bake -f /work/out/linux_amd64/dockerx_build/docker-bake.json all
higress-wasmplugin-test (RUST)	Run Ingress WasmPlugins Tests	2026-09-23T08:24:44.4853205Z #0 building with "default" instance using docker driver
higress-wasmplugin-test (RUST)	Run Ingress WasmPlugins Tests	2026-09-23T08:24:44.4853534Z 
higress-wasmplugin-test (RUST)	Run Ingress WasmPlugins Tests	2026-09-23T08:24:44.4853699Z #1 [internal] load build definition from Dockerfile.pilot
higress-wasmplugin-test (RUST)	Run Ingress WasmPlugins Tests	2026-09-23T08:24:44.7527540Z #1 transferring dockerfile:
higress-wasmplugin-test (RUST)	Run Ingress WasmPlugins Tests	2026-09-23T08:24:44.8938546Z #1 transferring dockerfile: 998B done
higress-wasmplugin-test (RUST)	Run Ingress WasmPlugins Tests	2026-09-23T08:24:44.8939002Z #1 DONE 0.5s
higress-wasmplugin-test (RUST)	Run Ingress WasmPlugins Tests	2026-09-23T08:24:45.0450013Z 
higress-wasmplugin-test (RUST)	Run Ingress WasmPlugins Tests	2026-09-23T08:24:45.0450809Z #2 [internal] load metadata for higress-registry.cn-hangzhou.cr.aliyuncs.com/higress/base:2023-07-20T20-50-43
higress-wasmplugin-test (RUST)	Run Ingress WasmPlugins Tests	2026-09-23T08:24:48.3524928Z #2 DONE 3.3s
higress-wasmplugin-test (RUST)	Run Ingress WasmPlugins Tests	2026-09-23T08:24:48.3525156Z 
higress-wasmplugin-test (RUST)	Run Ingress WasmPlugins Tests	2026-09-23T08:24:48.3525323Z #3 [internal] load .dockerignore
higress-wasmplugin-test (RUST)	Run Ingress WasmPlugins Tests	2026-09-23T08:24:48.5028118Z #3 transferring context: 2B done
higress-wasmplugin-test (RUST)	Run Ingress WasmPlugins Tests	2026-09-23T08:24:49.0958857Z #3 DONE 0.8s
higress-wasmplugin-test (RUST)	Run Ingress WasmPlugins Tests	2026-09-23T08:24:49.3588912Z 
higress-wasmplugin-test (RUST)	Run Ingress WasmPlugins Tests	2026-09-23T08:24:49.3589668Z #4 [internal] load build context
higress-wasmplugin-test (RUST)	Run Ingress WasmPlugins Tests	2026-09-23T08:24:49.3590016Z #4 DONE 0.0s
higress-wasmplugin-test (RUST)	Run Ingress WasmPlugins Tests	2026-09-23T08:24:49.3590130Z 
higress-wasmplugin-test (RUST)	Run Ingress WasmPlugins Tests	2026-09-23T08:24:49.3590656Z #5 [debug 1/1] FROM higress-registry.cn-hangzhou.cr.aliyuncs.com/higress/base:2023-07-20T20-50-43@sha256:043f4fd9072974da11e51736521eb7118cf159bf6872a1a00a90f1efe85764b6
higress-wasmplugin-test (RUST)	Run Ingress WasmPlugins Tests	2026-09-23T08:24:49.3591618Z #5 resolve higress-registry.cn-hangzhou.cr.aliyuncs.com/higress/base:2023-07-20T20-50-43@sha256:043f4fd9072974da11e51736521eb7118cf159bf6872a1a00a90f1efe85764b6
higress-wasmplugin-test (RUST)	Run Ingress WasmPlugins Tests	2026-09-23T08:24:50.7113703Z #5 resolve higress-registry.cn-hangzhou.cr.aliyuncs.com/higress/base:2023-07-20T20-50-43@sha256:043f4fd9072974da11e51736521eb7118cf159bf6872a1a00a90f1efe85764b6 1.4s done
higress-wasmplugin-test (RUST)	Run Ingress WasmPlugins Tests	2026-09-23T08:24:50.7114729Z #5 CACHED
higress-wasmplugin-test (RUST)	Run Ingress WasmPlugins Tests	2026-09-23T08:24:50.7114871Z 
higress-wasmplugin-test (RUST)	Run Ingress WasmPlugins Tests	2026-09-23T08:24:50.7114980Z #4 [internal] load build context
higress-wasmplugin-test (RUST)	Run Ingress WasmPlugins Tests	2026-09-23T08:24:51.7267831Z #4 transferring context: 113.56MB 0.4s done
higress-wasmplugin-test (RUST)	Run Ingress WasmPlugins Tests	2026-09-23T08:24:52.0270137Z #4 DONE 1.3s
higress-wasmplugin-test (RUST)	Run Ingress WasmPlugins Tests	2026-09-23T08:24:52.0270368Z 
higress-wasmplugin-test (RUST)	Run Ingress WasmPlugins Tests	2026-09-23T08:24:52.0270618Z #6 [stage-2 1/3] COPY amd64/pilot-discovery /usr/local/bin/pilot-discovery
higress-wasmplugin-test (RUST)	Run Ingress WasmPlugins Tests	2026-09-23T08:24:55.7842990Z #6 DONE 3.8s
higress-wasmplugin-test (RUST)	Run Ingress WasmPlugins Tests	2026-09-23T08:24:55.7843235Z 
higress-wasmplugin-test (RUST)	Run Ingress WasmPlugins Tests	2026-09-23T08:24:55.7843503Z #7 [stage-2 2/3] COPY higress-pilot-start.sh /usr/local/bin/higress-pilot-start.sh
higress-wasmplugin-test (RUST)	Run Ingress WasmPlugins Tests	2026-09-23T08:24:55.7844078Z #7 DONE 0.0s
higress-wasmplugin-test (RUST)	Run Ingress WasmPlugins Tests	2026-09-23T08:24:55.7844215Z 
higress-wasmplugin-test (RUST)	Run Ingress WasmPlugins Tests	2026-09-23T08:24:55.7844398Z #8 [stage-2 3/3] RUN chmod +x /usr/local/bin/higress-pilot-start.sh
higress-wasmplugin-test (RUST)	Run Ingress WasmPlugins Tests	2026-09-23T08:24:55.9404958Z #8 DONE 0.1s
higress-wasmplugin-test (RUST)	Run Ingress WasmPlugins Tests	2026-09-23T08:24:55.9405645Z 
higress-wasmplugin-test (RUST)	Run Ingress WasmPlugins Tests	2026-09-23T08:24:55.9406005Z #9 exporting to image
higress-wasmplugin-test (RUST)	Run Ingress WasmPlugins Tests	2026-09-23T08:24:55.9406809Z #9 exporting layers
higress-wasmplugin-test (RUST)	Run Ingress WasmPlugins Tests	2026-09-23T08:24:56.2136421Z #9 exporting layers 0.4s done
higress-wasmplugin-test (RUST)	Run Ingress WasmPlugins Tests	2026-09-23T08:24:56.2358433Z #9 writing image sha256:4c4a2a1359aed5dc6e224349fc8222e56107164a39c6aa17e7f0762e33900c42 done
higress-wasmplugin-test (RUST)	Run Ingress WasmPlugins Tests	2026-09-23T08:24:56.2359841Z #9 naming to higress-registry.cn-hangzhou.cr.aliyuncs.com/higress/pilot:a01636191d45d3bda350611b95f6d2363482dac2 done
higress-wasmplugin-test (RUST)	Run Ingress WasmPlugins Tests	2026-09-23T08:24:56.2361712Z #9 DONE 0.4s
higress-wasmplugin-test (RUST)	Run Ingress WasmPlugins Tests	2026-09-23T08:24:56.2386687Z 2026-09-23T08:24:56.238235Z	info	images complete	runtime=12.308797386s
higress-wasmplugin-test (RUST)	Run Ingress WasmPlugins Tests	2026-09-23T08:24:56.2387280Z 2026-09-23T08:24:56.238329Z	info	build complete	runtime=2m27.71158707s
higress-wasmplugin-test (RUST)	Run Ingress WasmPlugins Tests	2026-09-23T08:24:56.2805869Z make[1]: Leaving directory '/home/runner/work/higress/higress/external/istio'
higress-wasmplugin-test (RUST)	Run Ingress WasmPlugins Tests	2026-09-23T08:24:56.3173715Z tools/hack/kind-load-image.sh higress-registry.cn-hangzhou.cr.aliyuncs.com/higress/higress a01636191d45d3bda350611b95f6d2363482dac2
higress-wasmplugin-test (RUST)	Run Ingress WasmPlugins Tests	2026-09-23T08:24:56.3481291Z Loading image higress-registry.cn-hangzhou.cr.aliyuncs.com/higress/higress:a01636191d45d3bda350611b95f6d2363482dac2 to kind cluster higress...
higress-wasmplugin-test (RUST)	Run Ingress WasmPlugins Tests	2026-09-23T08:24:56.6059584Z Image: "" with ID "sha256:a5c06432d54056c3723ada1ab4c423f5573888c0880d614da937c54da63f9e74" not yet present on node "higress-control-plane", loading...
higress-wasmplugin-test (RUST)	Run Ingress WasmPlugins Tests	2026-09-23T08:25:03.2906485Z tools/hack/docker-pull-image.sh higress-registry.cn-hangzhou.cr.aliyuncs.com/higress/gateway 6fad1fa9aca8bc8a055a4c65d66a125c791cff10
higress-wasmplugin-test (RUST)	Run Ingress WasmPlugins Tests	2026-09-23T08:25:03.2925847Z Pulling image higress-registry.cn-hangzhou.cr.aliyuncs.com/higress/gateway:6fad1fa9aca8bc8a055a4c65d66a125c791cff10 to local ...
higress-wasmplugin-test (RUST)	Run Ingress WasmPlugins Tests	2026-09-23T08:25:06.8620855Z 6fad1fa9aca8bc8a055a4c65d66a125c791cff10: Pulling from higress/gateway
higress-wasmplugin-test (RUST)	Run Ingress WasmPlugins Tests	2026-09-23T08:25:06.8621522Z 3153aa388d02: Already exists
higress-wasmplugin-test (RUST)	Run Ingress WasmPlugins Tests	2026-09-23T08:25:06.8640704Z 54caf5b3a5e2: Already exists
higress-wasmplugin-test (RUST)	Run Ingress WasmPlugins Tests	2026-09-23T08:25:06.8662669Z 7b5da4110036: Already exists
higress-wasmplugin-test (RUST)	Run Ingress WasmPlugins Tests	2026-09-23T08:25:06.8687081Z 0cc32659cde8: Pulling fs layer
higress-wasmplugin-test (RUST)	Run Ingress WasmPlugins Tests	2026-09-23T08:25:06.8687706Z 5b7c092881de: Pulling fs layer
higress-wasmplugin-test (RUST)	Run Ingress WasmPlugins Tests	2026-09-23T08:25:06.8688083Z 606294ec275d: Pulling fs layer
higress-wasmplugin-test (RUST)	Run Ingress WasmPlugins Tests	2026-09-23T08:25:06.8688510Z fc09ba6f5202: Pulling fs layer
higress-wasmplugin-test (RUST)	Run Ingress WasmPlugins Tests	2026-09-23T08:25:06.8689133Z 44c0a4212730: Pulling fs layer
higress-wasmplugin-test (RUST)	Run Ingress WasmPlugins Tests	2026-09-23T08:25:06.8689597Z e9a2cd67e5e1: Pulling fs layer
higress-wasmplugin-test (RUST)	Run Ingress WasmPlugins Tests	2026-09-23T08:25:06.8690053Z 292a6d90a342: Pulling fs layer
higress-wasmplugin-test (RUST)	Run Ingress WasmPlugins Tests	2026-09-23T08:25:06.8690430Z 0576724877e6: Pulling fs layer
higress-wasmplugin-test (RUST)	Run Ingress WasmPlugins Tests	2026-09-23T08:25:06.8690732Z 93707a7fe8bd: Pulling fs layer
higress-wasmplugin-test (RUST)	Run Ingress WasmPlugins Tests	2026-09-23T08:25:06.8691116Z 42ae04c21a9c: Pulling fs layer
higress-wasmplugin-test (RUST)	Run Ingress WasmPlugins Tests	2026-09-23T08:25:06.8691462Z bb0ccb968da1: Pulling fs layer
higress-wasmplugin-test (RUST)	Run Ingress WasmPlugins Tests	2026-09-23T08:25:06.8691764Z fc09ba6f5202: Waiting
higress-wasmplugin-test (RUST)	Run Ingress WasmPlugins Tests	2026-09-23T08:25:06.8692049Z 44c0a4212730: Waiting
higress-wasmplugin-test (RUST)	Run Ingress WasmPlugins Tests	2026-09-23T08:25:06.8692322Z e9a2cd67e5e1: Waiting
higress-wasmplugin-test (RUST)	Run Ingress WasmPlugins Tests	2026-09-23T08:25:06.8692600Z 292a6d90a342: Waiting
higress-wasmplugin-test (RUST)	Run Ingress WasmPlugins Tests	2026-09-23T08:25:06.8692866Z 0576724877e6: Waiting
higress-wasmplugin-test (RUST)	Run Ingress WasmPlugins Tests	2026-09-23T08:25:06.8693134Z 93707a7fe8bd: Waiting
higress-wasmplugin-test (RUST)	Run Ingress WasmPlugins Tests	2026-09-23T08:25:06.8693407Z bb0ccb968da1: Waiting
higress-wasmplugin-test (RUST)	Run Ingress WasmPlugins Tests	2026-09-23T08:25:06.8693688Z 42ae04c21a9c: Waiting
higress-wasmplugin-test (RUST)	Run Ingress WasmPlugins Tests	2026-09-23T08:25:08.8604241Z 5b7c092881de: Verifying Checksum
higress-wasmplugin-test (RUST)	Run Ingress WasmPlugins Tests	2026-09-23T08:25:08.8604765Z 5b7c092881de: Download complete
higress-wasmplugin-test (RUST)	Run Ingress WasmPlugins Tests	2026-09-23T08:25:09.4398976Z 0cc32659cde8: Verifying Checksum
higress-wasmplugin-test (RUST)	Run Ingress WasmPlugins Tests	2026-09-23T08:25:09.4399680Z 0cc32659cde8: Download complete
higress-wasmplugin-test (RUST)	Run Ingress WasmPlugins Tests	2026-09-23T08:25:10.5146473Z 0cc32659cde8: Pull complete
higress-wasmplugin-test (RUST)	Run Ingress WasmPlugins Tests	2026-09-23T08:25:10.5257661Z 5b7c092881de: Pull complete
higress-wasmplugin-test (RUST)	Run Ingress WasmPlugins Tests	2026-09-23T08:25:12.6507041Z 44c0a4212730: Verifying Checksum
higress-wasmplugin-test (RUST)	Run Ingress WasmPlugins Tests	2026-09-23T08:25:12.6507453Z 44c0a4212730: Download complete
higress-wasmplugin-test (RUST)	Run Ingress WasmPlugins Tests	2026-09-23T08:25:13.0774927Z fc09ba6f5202: Verifying Checksum
higress-wasmplugin-test (RUST)	Run Ingress WasmPlugins Tests	2026-09-23T08:25:13.0775390Z fc09ba6f5202: Download complete
higress-wasmplugin-test (RUST)	Run Ingress WasmPlugins Tests	2026-09-23T08:25:17.1408137Z 292a6d90a342: Verifying Checksum
higress-wasmplugin-test (RUST)	Run Ingress WasmPlugins Tests	2026-09-23T08:25:17.1408736Z 292a6d90a342: Download complete
higress-wasmplugin-test (RUST)	Run Ingress WasmPlugins Tests	2026-09-23T08:25:18.6626596Z 0576724877e6: Verifying Checksum
higress-wasmplugin-test (RUST)	Run Ingress WasmPlugins Tests	2026-09-23T08:25:18.6627207Z 0576724877e6: Download complete
higress-wasmplugin-test (RUST)	Run Ingress WasmPlugins Tests	2026-09-23T08:25:20.8770817Z 93707a7fe8bd: Verifying Checksum
higress-wasmplugin-test (RUST)	Run Ingress WasmPlugins Tests	2026-09-23T08:25:20.8771279Z 93707a7fe8bd: Download complete
higress-wasmplugin-test (RUST)	Run Ingress WasmPlugins Tests	2026-09-23T08:25:24.7298690Z 42ae04c21a9c: Verifying Checksum
higress-wasmplugin-test (RUST)	Run Ingress WasmPlugins Tests	2026-09-23T08:25:24.7299251Z 42ae04c21a9c: Download complete
higress-wasmplugin-test (RUST)	Run Ingress WasmPlugins Tests	2026-09-23T08:25:24.9926158Z e9a2cd67e5e1: Verifying Checksum
higress-wasmplugin-test (RUST)	Run Ingress WasmPlugins Tests	2026-09-23T08:25:24.9926598Z e9a2cd67e5e1: Download complete
higress-wasmplugin-test (RUST)	Run Ingress WasmPlugins Tests	2026-09-23T08:25:26.0397320Z 606294ec275d: Verifying Checksum
higress-wasmplugin-test (RUST)	Run Ingress WasmPlugins Tests	2026-09-23T08:25:26.0397925Z 606294ec275d: Download complete
higress-wasmplugin-test (RUST)	Run Ingress WasmPlugins Tests	2026-09-23T08:25:26.3170761Z bb0ccb968da1: Verifying Checksum
higress-wasmplugin-test (RUST)	Run Ingress WasmPlugins Tests	2026-09-23T08:25:26.3171561Z bb0ccb968da1: Download complete
higress-wasmplugin-test (RUST)	Run Ingress WasmPlugins Tests	2026-09-23T08:25:32.8156931Z 606294ec275d: Pull complete
higress-wasmplugin-test (RUST)	Run Ingress WasmPlugins Tests	2026-09-23T08:25:33.5169935Z fc09ba6f5202: Pull complete
higress-wasmplugin-test (RUST)	Run Ingress WasmPlugins Tests	2026-09-23T08:25:33.7935225Z 44c0a4212730: Pull complete
higress-wasmplugin-test (RUST)	Run Ingress WasmPlugins Tests	2026-09-23T08:25:35.9353240Z e9a2cd67e5e1: Pull complete
higress-wasmplugin-test (RUST)	Run Ingress WasmPlugins Tests	2026-09-23T08:25:36.0763767Z 292a6d90a342: Pull complete
higress-wasmplugin-test (RUST)	Run Ingress WasmPlugins Tests	2026-09-23T08:25:36.0872367Z 0576724877e6: Pull complete
higress-wasmplugin-test (RUST)	Run Ingress WasmPlugins Tests	2026-09-23T08:25:36.0960295Z 93707a7fe8bd: Pull complete
higress-wasmplugin-test (RUST)	Run Ingress WasmPlugins Tests	2026-09-23T08:25:36.7975809Z 42ae04c21a9c: Pull complete
higress-wasmplugin-test (RUST)	Run Ingress WasmPlugins Tests	2026-09-23T08:25:36.8080165Z bb0ccb968da1: Pull complete
higress-wasmplugin-test (RUST)	Run Ingress WasmPlugins Tests	2026-09-23T08:25:36.8140678Z Digest: sha256:9d5b5ded5e51793037dbc360dc3cb59cd09ebc0ce712a0c0ecf693852902127e
higress-wasmplugin-test (RUST)	Run Ingress WasmPlugins Tests	2026-09-23T08:25:36.8141941Z Status: Downloaded newer image for higress-registry.cn-hangzhou.cr.aliyuncs.com/higress/gateway:6fad1fa9aca8bc8a055a4c65d66a125c791cff10
higress-wasmplugin-test (RUST)	Run Ingress WasmPlugins Tests	2026-09-23T08:25:36.8150784Z higress-registry.cn-hangzhou.cr.aliyuncs.com/higress/gateway:6fad1fa9aca8bc8a055a4c65d66a125c791cff10
higress-wasmplugin-test (RUST)	Run Ingress WasmPlugins Tests	2026-09-23T08:25:36.8164494Z tools/hack/docker-pull-image.sh higress-registry.cn-hangzhou.cr.aliyuncs.com/higress/dubbo-provider-demo 0.0.3-x86
higress-wasmplugin-test (RUST)	Run Ingress WasmPlugins Tests	2026-09-23T08:25:36.8181162Z Pulling image higress-registry.cn-hangzhou.cr.aliyuncs.com/higress/dubbo-provider-demo:0.0.3-x86 to local ...
higress-wasmplugin-test (RUST)	Run Ingress WasmPlugins Tests	2026-09-23T08:25:42.2854476Z 0.0.3-x86: Pulling from higress/dubbo-provider-demo
higress-wasmplugin-test (RUST)	Run Ingress WasmPlugins Tests	2026-09-23T08:25:42.2855258Z 001c52e26ad5: Pulling fs layer
higress-wasmplugin-test (RUST)	Run Ingress WasmPlugins Tests	2026-09-23T08:25:42.2855574Z d9d4b9b6e964: Pulling fs layer
higress-wasmplugin-test (RUST)	Run Ingress WasmPlugins Tests	2026-09-23T08:25:42.2855820Z 2068746827ec: Pulling fs layer
higress-wasmplugin-test (RUST)	Run Ingress WasmPlugins Tests	2026-09-23T08:25:42.2856145Z 9daef329d350: Pulling fs layer
higress-wasmplugin-test (RUST)	Run Ingress WasmPlugins Tests	2026-09-23T08:25:42.2856488Z d85151f15b66: Pulling fs layer
higress-wasmplugin-test (RUST)	Run Ingress WasmPlugins Tests	2026-09-23T08:25:42.2856816Z 66223a710990: Pulling fs layer
higress-wasmplugin-test (RUST)	Run Ingress WasmPlugins Tests	2026-09-23T08:25:42.2857260Z db38d58ec8ab: Pulling fs layer
higress-wasmplugin-test (RUST)	Run Ingress WasmPlugins Tests	2026-09-23T08:25:42.2857573Z 86d946ce7e1b: Pulling fs layer
higress-wasmplugin-test (RUST)	Run Ingress WasmPlugins Tests	2026-09-23T08:25:42.2857917Z 34ebe0a5c706: Pulling fs layer
higress-wasmplugin-test (RUST)	Run Ingress WasmPlugins Tests	2026-09-23T08:25:42.2858284Z 9daef329d350: Waiting
higress-wasmplugin-test (RUST)	Run Ingress WasmPlugins Tests	2026-09-23T08:25:42.2858567Z d85151f15b66: Waiting
higress-wasmplugin-test (RUST)	Run Ingress WasmPlugins Tests	2026-09-23T08:25:42.2858797Z 66223a710990: Waiting
higress-wasmplugin-test (RUST)	Run Ingress WasmPlugins Tests	2026-09-23T08:25:42.2859022Z db38d58ec8ab: Waiting
higress-wasmplugin-test (RUST)	Run Ingress WasmPlugins Tests	2026-09-23T08:25:42.2859401Z 86d946ce7e1b: Waiting
higress-wasmplugin-test (RUST)	Run Ingress WasmPlugins Tests	2026-09-23T08:25:42.2859608Z 34ebe0a5c706: Waiting
higress-wasmplugin-test (RUST)	Run Ingress WasmPlugins Tests	2026-09-23T08:25:45.2881406Z 2068746827ec: Verifying Checksum
higress-wasmplugin-test (RUST)	Run Ingress WasmPlugins Tests	2026-09-23T08:25:45.2882220Z 2068746827ec: Download complete
higress-wasmplugin-test (RUST)	Run Ingress WasmPlugins Tests	2026-09-23T08:25:45.9043765Z d9d4b9b6e964: Verifying Checksum
higress-wasmplugin-test (RUST)	Run Ingress WasmPlugins Tests	2026-09-23T08:25:45.9047925Z d9d4b9b6e964: Download complete
higress-wasmplugin-test (RUST)	Run Ingress WasmPlugins Tests	2026-09-23T08:25:47.1420709Z 001c52e26ad5: Verifying Checksum
higress-wasmplugin-test (RUST)	Run Ingress WasmPlugins Tests	2026-09-23T08:25:47.1421097Z 001c52e26ad5: Download complete
higress-wasmplugin-test (RUST)	Run Ingress WasmPlugins Tests	2026-09-23T08:25:48.5173328Z 001c52e26ad5: Pull complete
higress-wasmplugin-test (RUST)	Run Ingress WasmPlugins Tests	2026-09-23T08:25:48.6810684Z d85151f15b66: Verifying Checksum
higress-wasmplugin-test (RUST)	Run Ingress WasmPlugins Tests	2026-09-23T08:25:48.6811364Z d85151f15b66: Download complete
higress-wasmplugin-test (RUST)	Run Ingress WasmPlugins Tests	2026-09-23T08:25:49.1989395Z 66223a710990: Verifying Checksum
higress-wasmplugin-test (RUST)	Run Ingress WasmPlugins Tests	2026-09-23T08:25:49.1990212Z 66223a710990: Download complete
higress-wasmplugin-test (RUST)	Run Ingress WasmPlugins Tests	2026-09-23T08:25:49.5290518Z d9d4b9b6e964: Pull complete
higress-wasmplugin-test (RUST)	Run Ingress WasmPlugins Tests	2026-09-23T08:25:49.8094700Z 2068746827ec: Pull complete
higress-wasmplugin-test (RUST)	Run Ingress WasmPlugins Tests	2026-09-23T08:25:50.2952159Z 9daef329d350: Verifying Checksum
higress-wasmplugin-test (RUST)	Run Ingress WasmPlugins Tests	2026-09-23T08:25:50.2955964Z 9daef329d350: Download complete
higress-wasmplugin-test (RUST)	Run Ingress WasmPlugins Tests	2026-09-23T08:25:51.8433178Z 86d946ce7e1b: Verifying Checksum
higress-wasmplugin-test (RUST)	Run Ingress WasmPlugins Tests	2026-09-23T08:25:51.8433652Z 86d946ce7e1b: Download complete
higress-wasmplugin-test (RUST)	Run Ingress WasmPlugins Tests	2026-09-23T08:25:52.5184870Z 9daef329d350: Pull complete
higress-wasmplugin-test (RUST)	Run Ingress WasmPlugins Tests	2026-09-23T08:25:52.7469579Z d85151f15b66: Pull complete
higress-wasmplugin-test (RUST)	Run Ingress WasmPlugins Tests	2026-09-23T08:25:52.7617155Z 66223a710990: Pull complete
higress-wasmplugin-test (RUST)	Run Ingress WasmPlugins Tests	2026-09-23T08:25:56.2626703Z 34ebe0a5c706: Verifying Checksum
higress-wasmplugin-test (RUST)	Run Ingress WasmPlugins Tests	2026-09-23T08:25:56.2627073Z 34ebe0a5c706: Download complete
higress-wasmplugin-test (RUST)	Run Ingress WasmPlugins Tests	2026-09-23T08:26:01.5672336Z db38d58ec8ab: Verifying Checksum
higress-wasmplugin-test (RUST)	Run Ingress WasmPlugins Tests	2026-09-23T08:26:01.5672843Z db38d58ec8ab: Download complete
higress-wasmplugin-test (RUST)	Run Ingress WasmPlugins Tests	2026-09-23T08:26:04.7626153Z db38d58ec8ab: Pull complete
higress-wasmplugin-test (RUST)	Run Ingress WasmPlugins Tests	2026-09-23T08:26:04.7733059Z 86d946ce7e1b: Pull complete
higress-wasmplugin-test (RUST)	Run Ingress WasmPlugins Tests	2026-09-23T08:26:05.0899352Z 34ebe0a5c706: Pull complete
higress-wasmplugin-test (RUST)	Run Ingress WasmPlugins Tests	2026-09-23T08:26:05.0939869Z Digest: sha256:20cfe40bc8792bd95a88930570e1e48973cf5197b6a42f67f926a0b9fc806187
higress-wasmplugin-test (RUST)	Run Ingress WasmPlugins Tests	2026-09-23T08:26:05.0953163Z Status: Downloaded newer image for higress-registry.cn-hangzhou.cr.aliyuncs.com/higress/dubbo-provider-demo:0.0.3-x86
higress-wasmplugin-test (RUST)	Run Ingress WasmPlugins Tests	2026-09-23T08:26:05.0989219Z higress-registry.cn-hangzhou.cr.aliyuncs.com/higress/dubbo-provider-demo:0.0.3-x86
higress-wasmplugin-test (RUST)	Run Ingress WasmPlugins Tests	2026-09-23T08:26:05.1002952Z tools/hack/docker-pull-image.sh higress-registry.cn-hangzhou.cr.aliyuncs.com/higress/nacos-standlone-rc3 1.0.0-RC3
higress-wasmplugin-test (RUST)	Run Ingress WasmPlugins Tests	2026-09-23T08:26:05.1021268Z Pulling image higress-registry.cn-hangzhou.cr.aliyuncs.com/higress/nacos-standlone-rc3:1.0.0-RC3 to local ...
higress-wasmplugin-test (RUST)	Run Ingress WasmPlugins Tests	2026-09-23T08:26:06.6944807Z Error response from daemon: Head "https://higress-registry.cn-hangzhou.cr.aliyuncs.com/v2/higress/nacos-standlone-rc3/manifests/1.0.0-RC3": Get "https://dockerauth.cn-hangzhou.aliyuncs.com/auth?scope=repository%3Ahigress%2Fnacos-standlone-rc3%3Apull&service=registry.aliyuncs.com%3Acn-hangzhou%3Achina%3Acri-r0xfyoxudmtseqq7": read tcp 10.1.0.207:34620->47.97.242.12:443: read: connection reset by peer
higress-wasmplugin-test (RUST)	Run Ingress WasmPlugins Tests	2026-09-23T08:26:06.6955827Z make: *** [Makefile.core.mk:557: kube-load-image] Error 1
higress-wasmplugin-test (RUST)	Run Ingress WasmPlugins Tests	2026-09-23T08:26:17.2149796Z ##[warning]Attempt 1 failed. Reason: Child_process exited with error code 2
higress-wasmplugin-test (RUST)	Run Ingress WasmPlugins Tests	2026-09-23T08:26:17.2151819Z ##[endgroup]
higress-wasmplugin-test (RUST)	Run Ingress WasmPlugins Tests	2026-09-23T08:26:17.2152293Z ##[group]Attempt 2
higress-wasmplugin-test (RUST)	Run Ingress WasmPlugins Tests	2026-09-23T08:26:17.3052114Z Makefile.core.mk:446: warning: overriding recipe for target 'build-test-pilot'
higress-wasmplugin-test (RUST)	Run Ingress WasmPlugins Tests	2026-09-23T08:26:17.3053015Z Makefile.core.mk:355: warning: ignoring old recipe for target 'build-test-pilot'
higress-wasmplugin-test (RUST)	Run Ingress WasmPlugins Tests	2026-09-23T08:26:17.3062646Z tools/bin/kind delete cluster --name higress
higress-wasmplugin-test (RUST)	Run Ingress WasmPlugins Tests	2026-09-23T08:26:17.3411499Z Deleting cluster "higress" ...
higress-wasmplugin-test (RUST)	Run Ingress WasmPlugins Tests	2026-09-23T08:26:17.9276849Z tools/hack/create-cluster.sh
higress-wasmplugin-test (RUST)	Run Ingress WasmPlugins Tests	2026-09-23T08:26:17.9501563Z v1.25.3
higress-wasmplugin-test (RUST)	Run Ingress WasmPlugins Tests	2026-09-23T08:26:17.9501872Z higress
higress-wasmplugin-test (RUST)	Run Ingress WasmPlugins Tests	2026-09-23T08:26:18.0213664Z Creating cluster "higress" ...
higress-wasmplugin-test (RUST)	Run Ingress WasmPlugins Tests	2026-09-23T08:26:18.0214943Z  • Ensuring node image (kindest/node:v1.25.3) 🖼  ...
higress-wasmplugin-test (RUST)	Run Ingress WasmPlugins Tests	2026-09-23T08:26:18.0460533Z  ✓ Ensuring node image (kindest/node:v1.25.3) 🖼
higress-wasmplugin-test (RUST)	Run Ingress WasmPlugins Tests	2026-09-23T08:26:18.0461152Z  • Preparing nodes 📦   ...
higress-wasmplugin-test (RUST)	Run Ingress WasmPlugins Tests	2026-09-23T08:26:21.0746081Z  ✓ Preparing nodes 📦 
higress-wasmplugin-test (RUST)	Run Ingress WasmPlugins Tests	2026-09-23T08:26:21.1036850Z  • Writing configuration 📜  ...
higress-wasmplugin-test (RUST)	Run Ingress WasmPlugins Tests	2026-09-23T08:26:21.2730527Z  ✓ Writing configuration 📜
higress-wasmplugin-test (RUST)	Run Ingress WasmPlugins Tests	2026-09-23T08:26:21.2731020Z  • Starting control-plane 🕹️  ...
higress-wasmplugin-test (RUST)	Run Ingress WasmPlugins Tests	2026-09-23T08:26:34.1748717Z  ✓ Starting control-plane 🕹️
higress-wasmplugin-test (RUST)	Run Ingress WasmPlugins Tests	2026-09-23T08:26:34.1749134Z  • Installing CNI 🔌  ...
higress-wasmplugin-test (RUST)	Run Ingress WasmPlugins Tests	2026-09-23T08:26:34.7837563Z  ✓ Installing CNI 🔌
higress-wasmplugin-test (RUST)	Run Ingress WasmPlugins Tests	2026-09-23T08:26:34.7837960Z  • Installing StorageClass 💾  ...
higress-wasmplugin-test (RUST)	Run Ingress WasmPlugins Tests	2026-09-23T08:26:35.0186554Z  ✓ Installing StorageClass 💾
higress-wasmplugin-test (RUST)	Run Ingress WasmPlugins Tests	2026-09-23T08:26:35.1697086Z Set kubectl context to "kind-higress"
higress-wasmplugin-test (RUST)	Run Ingress WasmPlugins Tests	2026-09-23T08:26:35.1697488Z You can now use your cluster with:
higress-wasmplugin-test (RUST)	Run Ingress WasmPlugins Tests	2026-09-23T08:26:35.1697655Z 
higress-wasmplugin-test (RUST)	Run Ingress WasmPlugins Tests	2026-09-23T08:26:35.1697790Z kubectl cluster-info --context kind-higress
higress-wasmplugin-test (RUST)	Run Ingress WasmPlugins Tests	2026-09-23T08:26:35.1697959Z 
higress-wasmplugin-test (RUST)	Run Ingress WasmPlugins Tests	2026-09-23T08:26:35.1698262Z Have a nice day! 👋
higress-wasmplugin-test (RUST)	Run Ingress WasmPlugins Tests	2026-09-23T08:26:35.1707812Z rm -rf /home/runner/work/higress/higress/out/linux_amd64 /home/runner/work/higress/higress/out/linux_amd64
higress-wasmplugin-test (RUST)	Run Ingress WasmPlugins Tests	2026-09-23T08:26:35.1928766Z git submodule update --init
higress-wasmplugin-test (RUST)	Run Ingress WasmPlugins Tests	2026-09-23T08:26:35.2363290Z ./tools/hack/prebuild.sh
higress-wasmplugin-test (RUST)	Run Ingress WasmPlugins Tests	2026-09-23T08:26:36.7217851Z GOPROXY="https://proxy.golang.org,direct" GOOS=linux GOARCH=amd64 LDFLAGS='-X github.com/alibaba/higress/v2/pkg/cmd/lversion.higressVersion=v2.2.4 -X github.com/alibaba/higress/v2/pkg/cmd/lversion.gitCommitID=a01636191d45d3bda350611b95f6d2363482dac2 -extldflags -static -s -w' tools/hack/gobuild.sh /home/runner/work/higress/higress/out/linux_amd64/ ./cmd/higress
higress-wasmplugin-test (RUST)	Run Ingress WasmPlugins Tests	2026-09-23T08:26:36.9156521Z 
higress-wasmplugin-test (RUST)	Run Ingress WasmPlugins Tests	2026-09-23T08:26:36.9157691Z istio.io/pkg/version.buildVersion=a01636191d45d3bda350611b95f6d2363482dac2
higress-wasmplugin-test (RUST)	Run Ingress WasmPlugins Tests	2026-09-23T08:26:36.9158181Z 
higress-wasmplugin-test (RUST)	Run Ingress WasmPlugins Tests	2026-09-23T08:26:36.9158556Z istio.io/pkg/version.buildGitRevision=a01636191d45d3bda350611b95f6d2363482dac2
higress-wasmplugin-test (RUST)	Run Ingress WasmPlugins Tests	2026-09-23T08:26:36.9158813Z 
higress-wasmplugin-test (RUST)	Run Ingress WasmPlugins Tests	2026-09-23T08:26:36.9158931Z istio.io/pkg/version.buildStatus=Clean
higress-wasmplugin-test (RUST)	Run Ingress WasmPlugins Tests	2026-09-23T08:26:36.9159089Z 
higress-wasmplugin-test (RUST)	Run Ingress WasmPlugins Tests	2026-09-23T08:26:36.9159197Z istio.io/pkg/version.buildTag=v2.2.4
higress-wasmplugin-test (RUST)	Run Ingress WasmPlugins Tests	2026-09-23T08:26:36.9159354Z 
higress-wasmplugin-test (RUST)	Run Ingress WasmPlugins Tests	2026-09-23T08:26:36.9159573Z istio.io/pkg/version.buildHub=higress-registry.cn-hangzhou.cr.aliyuncs.com/higress
higress-wasmplugin-test (RUST)	Run Ingress WasmPlugins Tests	2026-09-23T08:26:36.9159952Z ~/work/higress/higress ~/work/higress/higress
higress-wasmplugin-test (RUST)	Run Ingress WasmPlugins Tests	2026-09-23T08:26:45.8837752Z 
higress-wasmplugin-test (RUST)	Run Ingress WasmPlugins Tests	2026-09-23T08:26:45.8838250Z real	0m8.968s
higress-wasmplugin-test (RUST)	Run Ingress WasmPlugins Tests	2026-09-23T08:26:45.8838812Z user	0m4.153s
higress-wasmplugin-test (RUST)	Run Ingress WasmPlugins Tests	2026-09-23T08:26:45.8839005Z sys	0m1.604s
higress-wasmplugin-test (RUST)	Run Ingress WasmPlugins Tests	2026-09-23T08:26:45.8839492Z ~/work/higress/higress
higress-wasmplugin-test (RUST)	Run Ingress WasmPlugins Tests	2026-09-23T08:26:45.8863496Z GOPROXY="https://proxy.golang.org,direct" GOOS=linux GOARCH=amd64 LDFLAGS='-X github.com/alibaba/higress/v2/pkg/cmd/lversion.higressVersion=v2.2.4 -X github.com/alibaba/higress/v2/pkg/cmd/lversion.gitCommitID=a01636191d45d3bda350611b95f6d2363482dac2 -extldflags -static -s -w' tools/hack/gobuild.sh ./out/linux_amd64/ ./cmd/higress
higress-wasmplugin-test (RUST)	Run Ingress WasmPlugins Tests	2026-09-23T08:26:46.0428191Z 
higress-wasmplugin-test (RUST)	Run Ingress WasmPlugins Tests	2026-09-23T08:26:46.0429147Z istio.io/pkg/version.buildVersion=a01636191d45d3bda350611b95f6d2363482dac2
higress-wasmplugin-test (RUST)	Run Ingress WasmPlugins Tests	2026-09-23T08:26:46.0429741Z 
higress-wasmplugin-test (RUST)	Run Ingress WasmPlugins Tests	2026-09-23T08:26:46.0430312Z istio.io/pkg/version.buildGitRevision=a01636191d45d3bda350611b95f6d2363482dac2
higress-wasmplugin-test (RUST)	Run Ingress WasmPlugins Tests	2026-09-23T08:26:46.0432062Z 
higress-wasmplugin-test (RUST)	Run Ingress WasmPlugins Tests	2026-09-23T08:26:46.0432478Z istio.io/pkg/version.buildStatus=Clean
higress-wasmplugin-test (RUST)	Run Ingress WasmPlugins Tests	2026-09-23T08:26:46.0432779Z 
higress-wasmplugin-test (RUST)	Run Ingress WasmPlugins Tests	2026-09-23T08:26:46.0432892Z istio.io/pkg/version.buildTag=v2.2.4
higress-wasmplugin-test (RUST)	Run Ingress WasmPlugins Tests	2026-09-23T08:26:46.0433335Z 
higress-wasmplugin-test (RUST)	Run Ingress WasmPlugins Tests	2026-09-23T08:26:46.0433580Z istio.io/pkg/version.buildHub=higress-registry.cn-hangzhou.cr.aliyuncs.com/higress
higress-wasmplugin-test (RUST)	Run Ingress WasmPlugins Tests	2026-09-23T08:26:46.0434448Z ~/work/higress/higress ~/work/higress/higress
higress-wasmplugin-test (RUST)	Run Ingress WasmPlugins Tests	2026-09-23T08:26:46.5316328Z 
higress-wasmplugin-test (RUST)	Run Ingress WasmPlugins Tests	2026-09-23T08:26:46.5316990Z real	0m0.489s
higress-wasmplugin-test (RUST)	Run Ingress WasmPlugins Tests	2026-09-23T08:26:46.5317312Z user	0m1.027s
higress-wasmplugin-test (RUST)	Run Ingress WasmPlugins Tests	2026-09-23T08:26:46.5317576Z sys	0m0.356s
higress-wasmplugin-test (RUST)	Run Ingress WasmPlugins Tests	2026-09-23T08:26:46.5317790Z ~/work/higress/higress
higress-wasmplugin-test (RUST)	Run Ingress WasmPlugins Tests	2026-09-23T08:26:46.5343026Z time (mkdir -p /home/runner/work/higress/higress/out/linux_amd64/docker_build/docker.higress && TARGET_ARCH=amd64 ./docker/docker-copy.sh docker/Dockerfile.higress /home/runner/work/higress/higress/out/linux_amd64/higress /home/runner/work/higress/higress/out/linux_amd64/docker_build/docker.higress && cd /home/runner/work/higress/higress/out/linux_amd64/docker_build/docker.higress  && docker build --build-arg BASE_VERSION=2023-07-20T20-50-43 --build-arg HUB=higress-registry.cn-hangzhou.cr.aliyuncs.com/higress --build-arg BASE_DISTRIBUTION= -t higress-registry.cn-hangzhou.cr.aliyuncs.com/higress/higress:a01636191d45d3bda350611b95f6d2363482dac2 -f Dockerfile.higress . ); 
higress-wasmplugin-test (RUST)	Run Ingress WasmPlugins Tests	2026-09-23T08:26:46.6394782Z Dockerfile.higress
higress-wasmplugin-test (RUST)	Run Ingress WasmPlugins Tests	2026-09-23T08:26:46.6395382Z amd64
higress-wasmplugin-test (RUST)	Run Ingress WasmPlugins Tests	2026-09-23T08:26:46.9082539Z #0 building with "default" instance using docker driver
higress-wasmplugin-test (RUST)	Run Ingress WasmPlugins Tests	2026-09-23T08:26:46.9082934Z 
higress-wasmplugin-test (RUST)	Run Ingress WasmPlugins Tests	2026-09-23T08:26:46.9083092Z #1 [internal] load build definition from Dockerfile.higress
higress-wasmplugin-test (RUST)	Run Ingress WasmPlugins Tests	2026-09-23T08:26:46.9083405Z #1 transferring dockerfile: 688B done
higress-wasmplugin-test (RUST)	Run Ingress WasmPlugins Tests	2026-09-23T08:26:46.9083654Z #1 DONE 0.0s
higress-wasmplugin-test (RUST)	Run Ingress WasmPlugins Tests	2026-09-23T08:26:46.9083770Z 
higress-wasmplugin-test (RUST)	Run Ingress WasmPlugins Tests	2026-09-23T08:26:46.9084229Z #2 [internal] load metadata for higress-registry.cn-hangzhou.cr.aliyuncs.com/higress/base:2023-07-20T20-50-43-amd64
higress-wasmplugin-test (RUST)	Run Ingress WasmPlugins Tests	2026-09-23T08:26:48.7971112Z #2 DONE 2.0s
higress-wasmplugin-test (RUST)	Run Ingress WasmPlugins Tests	2026-09-23T08:26:48.9061983Z 
higress-wasmplugin-test (RUST)	Run Ingress WasmPlugins Tests	2026-09-23T08:26:48.9063077Z #3 [internal] load .dockerignore
higress-wasmplugin-test (RUST)	Run Ingress WasmPlugins Tests	2026-09-23T08:26:48.9064038Z #3 transferring context: 2B done
higress-wasmplugin-test (RUST)	Run Ingress WasmPlugins Tests	2026-09-23T08:26:48.9064397Z #3 DONE 0.0s
higress-wasmplugin-test (RUST)	Run Ingress WasmPlugins Tests	2026-09-23T08:26:48.9064596Z 
higress-wasmplugin-test (RUST)	Run Ingress WasmPlugins Tests	2026-09-23T08:26:48.9065158Z #4 [1/2] FROM higress-registry.cn-hangzhou.cr.aliyuncs.com/higress/base:2023-07-20T20-50-43-amd64@sha256:acab9dfbea20850ff641df718ae3c561d66c0b99f6144066ed314cd2ddfb6366
higress-wasmplugin-test (RUST)	Run Ingress WasmPlugins Tests	2026-09-23T08:26:48.9065843Z #4 DONE 0.0s
higress-wasmplugin-test (RUST)	Run Ingress WasmPlugins Tests	2026-09-23T08:26:48.9066006Z 
higress-wasmplugin-test (RUST)	Run Ingress WasmPlugins Tests	2026-09-23T08:26:48.9066173Z #5 [internal] load build context
higress-wasmplugin-test (RUST)	Run Ingress WasmPlugins Tests	2026-09-23T08:26:49.3481637Z #5 transferring context: 119.22MB 0.4s done
higress-wasmplugin-test (RUST)	Run Ingress WasmPlugins Tests	2026-09-23T08:26:49.3482047Z #5 DONE 0.4s
higress-wasmplugin-test (RUST)	Run Ingress WasmPlugins Tests	2026-09-23T08:26:49.3482154Z 
higress-wasmplugin-test (RUST)	Run Ingress WasmPlugins Tests	2026-09-23T08:26:49.3482289Z #6 [2/2] COPY amd64/higress /usr/local/bin/higress
higress-wasmplugin-test (RUST)	Run Ingress WasmPlugins Tests	2026-09-23T08:26:49.3482575Z #6 CACHED
higress-wasmplugin-test (RUST)	Run Ingress WasmPlugins Tests	2026-09-23T08:26:49.3482721Z 
higress-wasmplugin-test (RUST)	Run Ingress WasmPlugins Tests	2026-09-23T08:26:49.3482841Z #7 exporting to image
higress-wasmplugin-test (RUST)	Run Ingress WasmPlugins Tests	2026-09-23T08:26:49.3483133Z #7 exporting layers done
higress-wasmplugin-test (RUST)	Run Ingress WasmPlugins Tests	2026-09-23T08:26:49.3483762Z #7 writing image sha256:a5c06432d54056c3723ada1ab4c423f5573888c0880d614da937c54da63f9e74 done
higress-wasmplugin-test (RUST)	Run Ingress WasmPlugins Tests	2026-09-23T08:26:49.3484710Z #7 naming to higress-registry.cn-hangzhou.cr.aliyuncs.com/higress/higress:a01636191d45d3bda350611b95f6d2363482dac2 done
higress-wasmplugin-test (RUST)	Run Ingress WasmPlugins Tests	2026-09-23T08:26:49.3485156Z #7 DONE 0.0s
higress-wasmplugin-test (RUST)	Run Ingress WasmPlugins Tests	2026-09-23T08:26:49.3525234Z 
higress-wasmplugin-test (RUST)	Run Ingress WasmPlugins Tests	2026-09-23T08:26:49.3525763Z real	0m2.797s
higress-wasmplugin-test (RUST)	Run Ingress WasmPlugins Tests	2026-09-23T08:26:49.3526117Z user	0m0.437s
higress-wasmplugin-test (RUST)	Run Ingress WasmPlugins Tests	2026-09-23T08:26:49.3526758Z sys	0m0.259s
higress-wasmplugin-test (RUST)	Run Ingress WasmPlugins Tests	2026-09-23T08:26:49.3554445Z TARGET_ARCH=amd64 DOCKER_TARGETS='docker.pilot' IMG_URL='higress-registry.cn-hangzhou.cr.aliyuncs.com/higress/pilot:a01636191d45d3bda350611b95f6d2363482dac2' ./tools/hack/build-istio-image.sh docker
higress-wasmplugin-test (RUST)	Run Ingress WasmPlugins Tests	2026-09-23T08:26:49.3825942Z rm: cannot remove 'out/linux_amd64/ztunnel': Permission denied
higress-wasmplugin-test (RUST)	Run Ingress WasmPlugins Tests	2026-09-23T08:26:49.3826491Z rm: cannot remove 'out/linux_amd64/docker-builder': Permission denied
higress-wasmplugin-test (RUST)	Run Ingress WasmPlugins Tests	2026-09-23T08:26:49.3827036Z rm: cannot remove 'out/linux_amd64/pilot-discovery': Permission denied
higress-wasmplugin-test (RUST)	Run Ingress WasmPlugins Tests	2026-09-23T08:26:49.3827723Z rm: cannot remove 'out/linux_amd64/dockerx_build/build.docker.pilot/Dockerfile.pilot': Permission denied
higress-wasmplugin-test (RUST)	Run Ingress WasmPlugins Tests	2026-09-23T08:26:49.3828306Z rm: cannot remove 'out/linux_amd64/dockerx_build/build.docker.pilot/amd64/pilot-discovery': Permission denied
higress-wasmplugin-test (RUST)	Run Ingress WasmPlugins Tests	2026-09-23T08:26:49.3828899Z rm: cannot remove 'out/linux_amd64/dockerx_build/build.docker.pilot/higress-pilot-start.sh': Permission denied
higress-wasmplugin-test (RUST)	Run Ingress WasmPlugins Tests	2026-09-23T08:26:49.3829786Z rm: cannot remove 'out/linux_amd64/dockerx_build/build.docker.pilot/envoy_bootstrap.json': Permission denied
higress-wasmplugin-test (RUST)	Run Ingress WasmPlugins Tests	2026-09-23T08:26:49.3830621Z rm: cannot remove 'out/linux_amd64/dockerx_build/docker-bake.json': Permission denied
higress-wasmplugin-test (RUST)	Run Ingress WasmPlugins Tests	2026-09-23T08:26:49.3831197Z rm: cannot remove 'out/linux_amd64/istio_is_init': Permission denied
higress-wasmplugin-test (RUST)	Run Ingress WasmPlugins Tests	2026-09-23T08:26:49.3831556Z rm: cannot remove 'out/linux_amd64/release/ztunnel': Permission denied
higress-wasmplugin-test (RUST)	Run Ingress WasmPlugins Tests	2026-09-23T08:26:49.3832026Z rm: cannot remove 'out/linux_amd64/release/ztunnel-75376478762decb918ea884603b2852b1568b015': Permission denied
higress-wasmplugin-test (RUST)	Run Ingress WasmPlugins Tests	2026-09-23T08:26:49.3832840Z rm: cannot remove 'out/linux_amd64/release/envoy-1a53bf14a57976dd0f509752b748caf3b1125d54': Permission denied
higress-wasmplugin-test (RUST)	Run Ingress WasmPlugins Tests	2026-09-23T08:26:49.3833519Z rm: cannot remove 'out/linux_amd64/release/docker': Permission denied
higress-wasmplugin-test (RUST)	Run Ingress WasmPlugins Tests	2026-09-23T08:26:49.3834372Z rm: cannot remove 'out/linux_amd64/logs': Permission denied
higress-wasmplugin-test (RUST)	Run Ingress WasmPlugins Tests	2026-09-23T08:26:49.3834840Z make: *** [Makefile.core.mk:446: build-test-pilot] Error 1
higress-wasmplugin-test (RUST)	Run Ingress WasmPlugins Tests	2026-09-23T08:27:00.2475217Z ##[endgroup]
higress-wasmplugin-test (RUST)	Run Ingress WasmPlugins Tests	2026-09-23T08:27:00.2482311Z ##[error]Final attempt failed. Child_process exited with error code 2
higress-wasmplugin-test (RUST)	Post Run actions/checkout@v4	﻿2026-09-23T08:27:00.3875845Z Node 20 is being deprecated. This workflow is running with Node 24 by default. If you need to temporarily use Node 20, you can set the ACTIONS_ALLOW_USE_UNSECURE_NODE_VERSION=true environment variable. For more information see: https://github.blog/changelog/2025-09-19-deprecation-of-node-20-on-github-actions-runners/
higress-wasmplugin-test (RUST)	Post Run actions/checkout@v4	2026-09-23T08:27:00.3876877Z Post job cleanup.
higress-wasmplugin-test (RUST)	Post Run actions/checkout@v4	2026-09-23T08:27:00.5263029Z [command]/usr/bin/git version
higress-wasmplugin-test (RUST)	Post Run actions/checkout@v4	2026-09-23T08:27:00.5296452Z git version 2.55.0
higress-wasmplugin-test (RUST)	Post Run actions/checkout@v4	2026-09-23T08:27:00.5327505Z Temporarily overriding HOME='/home/runner/work/_temp/42d35f9f-8494-48e3-b398-8f79f7e9512b' before making global git config changes
higress-wasmplugin-test (RUST)	Post Run actions/checkout@v4	2026-09-23T08:27:00.5328599Z Adding repository directory to the temporary git global config as a safe directory
higress-wasmplugin-test (RUST)	Post Run actions/checkout@v4	2026-09-23T08:27:00.5331748Z [command]/usr/bin/git config --global --add safe.directory /home/runner/work/higress/higress
higress-wasmplugin-test (RUST)	Post Run actions/checkout@v4	2026-09-23T08:27:00.5362216Z [command]/usr/bin/git config --local --name-only --get-regexp core\.sshCommand
higress-wasmplugin-test (RUST)	Post Run actions/checkout@v4	2026-09-23T08:27:00.5390755Z [command]/usr/bin/git submodule foreach --recursive sh -c "git config --local --name-only --get-regexp 'core\.sshCommand' && git config --local --unset-all 'core.sshCommand' || :"
higress-wasmplugin-test (RUST)	Post Run actions/checkout@v4	2026-09-23T08:27:00.5572598Z Entering 'envoy/envoy'
higress-wasmplugin-test (RUST)	Post Run actions/checkout@v4	2026-09-23T08:27:00.5626731Z Entering 'envoy/go-control-plane'
higress-wasmplugin-test (RUST)	Post Run actions/checkout@v4	2026-09-23T08:27:00.5664804Z Entering 'istio/api'
higress-wasmplugin-test (RUST)	Post Run actions/checkout@v4	2026-09-23T08:27:00.5699895Z Entering 'istio/client-go'
higress-wasmplugin-test (RUST)	Post Run actions/checkout@v4	2026-09-23T08:27:00.5734856Z Entering 'istio/istio'
higress-wasmplugin-test (RUST)	Post Run actions/checkout@v4	2026-09-23T08:27:00.5780960Z Entering 'istio/pkg'
higress-wasmplugin-test (RUST)	Post Run actions/checkout@v4	2026-09-23T08:27:00.5816474Z Entering 'istio/proxy'
higress-wasmplugin-test (RUST)	Post Run actions/checkout@v4	2026-09-23T08:27:00.5866556Z [command]/usr/bin/git config --local --name-only --get-regexp http\.https\:\/\/github\.com\/\.extraheader
higress-wasmplugin-test (RUST)	Post Run actions/checkout@v4	2026-09-23T08:27:00.5886487Z http.https://github.com/.extraheader
higress-wasmplugin-test (RUST)	Post Run actions/checkout@v4	2026-09-23T08:27:00.5895005Z [command]/usr/bin/git config --local --unset-all http.https://github.com/.extraheader
higress-wasmplugin-test (RUST)	Post Run actions/checkout@v4	2026-09-23T08:27:00.5920852Z [command]/usr/bin/git submodule foreach --recursive sh -c "git config --local --name-only --get-regexp 'http\.https\:\/\/github\.com\/\.extraheader' && git config --local --unset-all 'http.https://github.com/.extraheader' || :"
higress-wasmplugin-test (RUST)	Post Run actions/checkout@v4	2026-09-23T08:27:00.6093537Z Entering 'envoy/envoy'
higress-wasmplugin-test (RUST)	Post Run actions/checkout@v4	2026-09-23T08:27:00.6146384Z Entering 'envoy/go-control-plane'
higress-wasmplugin-test (RUST)	Post Run actions/checkout@v4	2026-09-23T08:27:00.6184975Z Entering 'istio/api'
higress-wasmplugin-test (RUST)	Post Run actions/checkout@v4	2026-09-23T08:27:00.6219725Z Entering 'istio/client-go'
higress-wasmplugin-test (RUST)	Post Run actions/checkout@v4	2026-09-23T08:27:00.6255352Z Entering 'istio/istio'
higress-wasmplugin-test (RUST)	Post Run actions/checkout@v4	2026-09-23T08:27:00.6297903Z Entering 'istio/pkg'
higress-wasmplugin-test (RUST)	Post Run actions/checkout@v4	2026-09-23T08:27:00.6333990Z Entering 'istio/proxy'
higress-wasmplugin-test (RUST)	Post Run actions/checkout@v4	2026-09-23T08:27:00.6379987Z [command]/usr/bin/git config --local --name-only --get-regexp ^includeIf\.gitdir:
higress-wasmplugin-test (RUST)	Post Run actions/checkout@v4	2026-09-23T08:27:00.6406836Z [command]/usr/bin/git submodule foreach --recursive git config --local --show-origin --name-only --get-regexp remote.origin.url
higress-wasmplugin-test (RUST)	Post Run actions/checkout@v4	2026-09-23T08:27:00.6577015Z Entering 'envoy/envoy'
higress-wasmplugin-test (RUST)	Post Run actions/checkout@v4	2026-09-23T08:27:00.6592605Z file:/home/runner/work/higress/higress/.git/modules/envoy/envoy/config	remote.origin.url
higress-wasmplugin-test (RUST)	Post Run actions/checkout@v4	2026-09-23T08:27:00.6626761Z Entering 'envoy/go-control-plane'
higress-wasmplugin-test (RUST)	Post Run actions/checkout@v4	2026-09-23T08:27:00.6642864Z file:/home/runner/work/higress/higress/.git/modules/envoy/go-control-plane/config	remote.origin.url
higress-wasmplugin-test (RUST)	Post Run actions/checkout@v4	2026-09-23T08:27:00.6660968Z Entering 'istio/api'
higress-wasmplugin-test (RUST)	Post Run actions/checkout@v4	2026-09-23T08:27:00.6676424Z file:/home/runner/work/higress/higress/.git/modules/istio/api/config	remote.origin.url
higress-wasmplugin-test (RUST)	Post Run actions/checkout@v4	2026-09-23T08:27:00.6690916Z Entering 'istio/client-go'
higress-wasmplugin-test (RUST)	Post Run actions/checkout@v4	2026-09-23T08:27:00.6706790Z file:/home/runner/work/higress/higress/.git/modules/istio/client-go/config	remote.origin.url
higress-wasmplugin-test (RUST)	Post Run actions/checkout@v4	2026-09-23T08:27:00.6721067Z Entering 'istio/istio'
higress-wasmplugin-test (RUST)	Post Run actions/checkout@v4	2026-09-23T08:27:00.6736870Z file:/home/runner/work/higress/higress/.git/modules/istio/istio/config	remote.origin.url
higress-wasmplugin-test (RUST)	Post Run actions/checkout@v4	2026-09-23T08:27:00.6758973Z Entering 'istio/pkg'
higress-wasmplugin-test (RUST)	Post Run actions/checkout@v4	2026-09-23T08:27:00.6774851Z file:/home/runner/work/higress/higress/.git/modules/istio/pkg/config	remote.origin.url
higress-wasmplugin-test (RUST)	Post Run actions/checkout@v4	2026-09-23T08:27:00.6789342Z Entering 'istio/proxy'
higress-wasmplugin-test (RUST)	Post Run actions/checkout@v4	2026-09-23T08:27:00.6805245Z file:/home/runner/work/higress/higress/.git/modules/istio/proxy/config	remote.origin.url
higress-wasmplugin-test (RUST)	Post Run actions/checkout@v4	2026-09-23T08:27:00.6831390Z [command]/usr/bin/git config --file /home/runner/work/higress/higress/.git/modules/envoy/envoy/config --name-only --get-regexp ^includeIf\.gitdir:
higress-wasmplugin-test (RUST)	Post Run actions/checkout@v4	2026-09-23T08:27:00.6856282Z [command]/usr/bin/git config --file /home/runner/work/higress/higress/.git/modules/envoy/go-control-plane/config --name-only --get-regexp ^includeIf\.gitdir:
higress-wasmplugin-test (RUST)	Post Run actions/checkout@v4	2026-09-23T08:27:00.6878118Z [command]/usr/bin/git config --file /home/runner/work/higress/higress/.git/modules/istio/api/config --name-only --get-regexp ^includeIf\.gitdir:
higress-wasmplugin-test (RUST)	Post Run actions/checkout@v4	2026-09-23T08:27:00.6902276Z [command]/usr/bin/git config --file /home/runner/work/higress/higress/.git/modules/istio/client-go/config --name-only --get-regexp ^includeIf\.gitdir:
higress-wasmplugin-test (RUST)	Post Run actions/checkout@v4	2026-09-23T08:27:00.6925955Z [command]/usr/bin/git config --file /home/runner/work/higress/higress/.git/modules/istio/istio/config --name-only --get-regexp ^includeIf\.gitdir:
higress-wasmplugin-test (RUST)	Post Run actions/checkout@v4	2026-09-23T08:27:00.6982477Z [command]/usr/bin/git config --file /home/runner/work/higress/higress/.git/modules/istio/pkg/config --name-only --get-regexp ^includeIf\.gitdir:
higress-wasmplugin-test (RUST)	Post Run actions/checkout@v4	2026-09-23T08:27:00.7026332Z [command]/usr/bin/git config --file /home/runner/work/higress/higress/.git/modules/istio/proxy/config --name-only --get-regexp ^includeIf\.gitdir:
higress-wasmplugin-test (RUST)	Complete job	﻿2026-09-23T08:27:00.7146661Z Cleaning up orphan processes
higress-wasmplugin-test (RUST)	Complete job	2026-09-23T08:27:00.7666601Z ##[warning]Node.js 20 is deprecated. The following actions target Node.js 20 but are being forced to run on Node.js 24: actions-rs/toolchain@v1, actions/checkout@v4, actions/setup-go@v5, nick-fields/retry@v3. For more information see: https://github.blog/changelog/2025-09-19-deprecation-of-node-20-on-github-actions-runners/
