higress-wasmplugin-test (GO)	Set up job	﻿2026-09-23T08:00:04.6682546Z Current runner version: '2.337.0'
higress-wasmplugin-test (GO)	Set up job	2026-09-23T08:00:04.6710513Z ##[group]Runner Image Provisioner
higress-wasmplugin-test (GO)	Set up job	2026-09-23T08:00:04.6711571Z Hosted Compute Agent
higress-wasmplugin-test (GO)	Set up job	2026-09-23T08:00:04.6712236Z Version: 20260828.587
higress-wasmplugin-test (GO)	Set up job	2026-09-23T08:00:04.6712967Z Commit: abac92662cab4cc7352de4f9f9d2e2419aad9c29
higress-wasmplugin-test (GO)	Set up job	2026-09-23T08:00:04.6713783Z Build Date: 2026-08-28T16:44:25Z
higress-wasmplugin-test (GO)	Set up job	2026-09-23T08:00:04.6714548Z Worker ID: {c082725d-20b0-45ec-89c0-d00dd9494fdb}
higress-wasmplugin-test (GO)	Set up job	2026-09-23T08:00:04.6715650Z Azure Region: eastus2
higress-wasmplugin-test (GO)	Set up job	2026-09-23T08:00:04.6716390Z ##[endgroup]
higress-wasmplugin-test (GO)	Set up job	2026-09-23T08:00:04.6718405Z ##[group]Operating System
higress-wasmplugin-test (GO)	Set up job	2026-09-23T08:00:04.6719272Z Ubuntu
higress-wasmplugin-test (GO)	Set up job	2026-09-23T08:00:04.6719863Z 22.04.5
higress-wasmplugin-test (GO)	Set up job	2026-09-23T08:00:04.6720543Z LTS
higress-wasmplugin-test (GO)	Set up job	2026-09-23T08:00:04.6721113Z ##[endgroup]
higress-wasmplugin-test (GO)	Set up job	2026-09-23T08:00:04.6721723Z ##[group]Runner Image
higress-wasmplugin-test (GO)	Set up job	2026-09-23T08:00:04.6722460Z Image: ubuntu-22.04
higress-wasmplugin-test (GO)	Set up job	2026-09-23T08:00:04.6723093Z Version: 20260920.303.1
higress-wasmplugin-test (GO)	Set up job	2026-09-23T08:00:04.6724271Z Included Software: https://github.com/actions/runner-images/blob/ubuntu22/20260920.303/images/ubuntu/Ubuntu2204-Readme.md
higress-wasmplugin-test (GO)	Set up job	2026-09-23T08:00:04.6726486Z Image Release: https://github.com/actions/runner-images/releases/tag/ubuntu22%2F20260920.303
higress-wasmplugin-test (GO)	Set up job	2026-09-23T08:00:04.6727615Z ##[endgroup]
higress-wasmplugin-test (GO)	Set up job	2026-09-23T08:00:04.6730510Z ##[group]GITHUB_TOKEN Permissions
higress-wasmplugin-test (GO)	Set up job	2026-09-23T08:00:04.6733164Z Actions: read
higress-wasmplugin-test (GO)	Set up job	2026-09-23T08:00:04.6733889Z ArtifactMetadata: read
higress-wasmplugin-test (GO)	Set up job	2026-09-23T08:00:04.6734667Z Attestations: read
higress-wasmplugin-test (GO)	Set up job	2026-09-23T08:00:04.6735280Z Checks: read
higress-wasmplugin-test (GO)	Set up job	2026-09-23T08:00:04.6736035Z CodeQuality: read
higress-wasmplugin-test (GO)	Set up job	2026-09-23T08:00:04.6736737Z Contents: read
higress-wasmplugin-test (GO)	Set up job	2026-09-23T08:00:04.6737332Z Deployments: read
higress-wasmplugin-test (GO)	Set up job	2026-09-23T08:00:04.6737982Z Discussions: read
higress-wasmplugin-test (GO)	Set up job	2026-09-23T08:00:04.6738594Z Drives: read
higress-wasmplugin-test (GO)	Set up job	2026-09-23T08:00:04.6739172Z Issues: read
higress-wasmplugin-test (GO)	Set up job	2026-09-23T08:00:04.6739825Z Metadata: read
higress-wasmplugin-test (GO)	Set up job	2026-09-23T08:00:04.6740462Z Models: read
higress-wasmplugin-test (GO)	Set up job	2026-09-23T08:00:04.6741170Z Packages: read
higress-wasmplugin-test (GO)	Set up job	2026-09-23T08:00:04.6741793Z Pages: read
higress-wasmplugin-test (GO)	Set up job	2026-09-23T08:00:04.6742389Z PullRequests: read
higress-wasmplugin-test (GO)	Set up job	2026-09-23T08:00:04.6743061Z RepositoryProjects: read
higress-wasmplugin-test (GO)	Set up job	2026-09-23T08:00:04.6743715Z SecurityEvents: read
higress-wasmplugin-test (GO)	Set up job	2026-09-23T08:00:04.6744380Z Statuses: read
higress-wasmplugin-test (GO)	Set up job	2026-09-23T08:00:04.6745060Z VulnerabilityAlerts: read
higress-wasmplugin-test (GO)	Set up job	2026-09-23T08:00:04.6746018Z ##[endgroup]
higress-wasmplugin-test (GO)	Set up job	2026-09-23T08:00:04.6748710Z Secret source: None
higress-wasmplugin-test (GO)	Set up job	2026-09-23T08:00:04.6749710Z Cache mode: write
higress-wasmplugin-test (GO)	Set up job	2026-09-23T08:00:04.6750965Z Prepare workflow directory
higress-wasmplugin-test (GO)	Set up job	2026-09-23T08:00:04.7086255Z Prepare all required actions
higress-wasmplugin-test (GO)	Set up job	2026-09-23T08:00:04.7134665Z Getting action download info
higress-wasmplugin-test (GO)	Set up job	2026-09-23T08:00:05.0325197Z Download action repository 'actions/checkout@v4' (SHA:11d5960a326750d5838078e36cf38b85af677262)
higress-wasmplugin-test (GO)	Set up job	2026-09-23T08:00:05.1186321Z Download action repository 'jlumbroso/free-disk-space@main' (SHA:36e9a5af4eddb91fc11aec4c6f6f79b3cc0cb523)
higress-wasmplugin-test (GO)	Set up job	2026-09-23T08:00:05.2525290Z Download action repository 'actions/setup-go@v5' (SHA:40f1582b2485089dde7abd97c1529aa768e1baff)
higress-wasmplugin-test (GO)	Set up job	2026-09-23T08:00:05.4691967Z Download action repository 'actions-rs/toolchain@v1' (SHA:16499b5e05bf2e26879000db0c1d13f7e13fa3af)
higress-wasmplugin-test (GO)	Set up job	2026-09-23T08:00:05.6109911Z Download action repository 'nick-fields/retry@v3' (SHA:ce71cc2ab81d554ebbe88c79ab5975992d79ba08)
higress-wasmplugin-test (GO)	Set up job	2026-09-23T08:00:05.8966637Z Complete job name: higress-wasmplugin-test (GO)
higress-wasmplugin-test (GO)	Run actions/checkout@v4	﻿2026-09-23T08:00:05.9850266Z Node 20 is being deprecated. This workflow is running with Node 24 by default. If you need to temporarily use Node 20, you can set the ACTIONS_ALLOW_USE_UNSECURE_NODE_VERSION=true environment variable. For more information see: https://github.blog/changelog/2025-09-19-deprecation-of-node-20-on-github-actions-runners/
higress-wasmplugin-test (GO)	Run actions/checkout@v4	2026-09-23T08:00:05.9860626Z ##[group]Run actions/checkout@v4
higress-wasmplugin-test (GO)	Run actions/checkout@v4	2026-09-23T08:00:05.9861719Z with:
higress-wasmplugin-test (GO)	Run actions/checkout@v4	2026-09-23T08:00:05.9862463Z   repository: higress-group/higress
higress-wasmplugin-test (GO)	Run actions/checkout@v4	2026-09-23T08:00:05.9870048Z   token: ***
higress-wasmplugin-test (GO)	Run actions/checkout@v4	2026-09-23T08:00:05.9870786Z   ssh-strict: true
higress-wasmplugin-test (GO)	Run actions/checkout@v4	2026-09-23T08:00:05.9871539Z   ssh-user: git
higress-wasmplugin-test (GO)	Run actions/checkout@v4	2026-09-23T08:00:05.9872294Z   persist-credentials: true
higress-wasmplugin-test (GO)	Run actions/checkout@v4	2026-09-23T08:00:05.9873121Z   clean: true
higress-wasmplugin-test (GO)	Run actions/checkout@v4	2026-09-23T08:00:05.9873919Z   sparse-checkout-cone-mode: true
higress-wasmplugin-test (GO)	Run actions/checkout@v4	2026-09-23T08:00:05.9874815Z   fetch-depth: 1
higress-wasmplugin-test (GO)	Run actions/checkout@v4	2026-09-23T08:00:05.9875666Z   fetch-tags: false
higress-wasmplugin-test (GO)	Run actions/checkout@v4	2026-09-23T08:00:05.9876439Z   show-progress: true
higress-wasmplugin-test (GO)	Run actions/checkout@v4	2026-09-23T08:00:05.9877540Z   lfs: false
higress-wasmplugin-test (GO)	Run actions/checkout@v4	2026-09-23T08:00:05.9878242Z   submodules: false
higress-wasmplugin-test (GO)	Run actions/checkout@v4	2026-09-23T08:00:05.9879068Z   set-safe-directory: true
higress-wasmplugin-test (GO)	Run actions/checkout@v4	2026-09-23T08:00:05.9879943Z   allow-unsafe-pr-checkout: false
higress-wasmplugin-test (GO)	Run actions/checkout@v4	2026-09-23T08:00:05.9881093Z ##[endgroup]
higress-wasmplugin-test (GO)	Run actions/checkout@v4	2026-09-23T08:00:06.0969980Z Syncing repository: higress-group/higress
higress-wasmplugin-test (GO)	Run actions/checkout@v4	2026-09-23T08:00:06.0972418Z ##[group]Getting Git version info
higress-wasmplugin-test (GO)	Run actions/checkout@v4	2026-09-23T08:00:06.0973591Z Working directory is '/home/runner/work/higress/higress'
higress-wasmplugin-test (GO)	Run actions/checkout@v4	2026-09-23T08:00:06.0975277Z [command]/usr/bin/git version
higress-wasmplugin-test (GO)	Run actions/checkout@v4	2026-09-23T08:00:06.1002089Z git version 2.55.0
higress-wasmplugin-test (GO)	Run actions/checkout@v4	2026-09-23T08:00:06.1054680Z ##[endgroup]
higress-wasmplugin-test (GO)	Run actions/checkout@v4	2026-09-23T08:00:06.1071133Z Temporarily overriding HOME='/home/runner/work/_temp/0f77bf37-8870-4aa4-a8be-403bda8f269f' before making global git config changes
higress-wasmplugin-test (GO)	Run actions/checkout@v4	2026-09-23T08:00:06.1075975Z Adding repository directory to the temporary git global config as a safe directory
higress-wasmplugin-test (GO)	Run actions/checkout@v4	2026-09-23T08:00:06.1079761Z [command]/usr/bin/git config --global --add safe.directory /home/runner/work/higress/higress
higress-wasmplugin-test (GO)	Run actions/checkout@v4	2026-09-23T08:00:06.1115521Z Deleting the contents of '/home/runner/work/higress/higress'
higress-wasmplugin-test (GO)	Run actions/checkout@v4	2026-09-23T08:00:06.1120474Z ##[group]Initializing the repository
higress-wasmplugin-test (GO)	Run actions/checkout@v4	2026-09-23T08:00:06.1124050Z [command]/usr/bin/git init /home/runner/work/higress/higress
higress-wasmplugin-test (GO)	Run actions/checkout@v4	2026-09-23T08:00:06.1208163Z hint: Using 'master' as the name for the initial branch. This default branch name
higress-wasmplugin-test (GO)	Run actions/checkout@v4	2026-09-23T08:00:06.1210355Z hint: will change to "main" in Git 3.0. To configure the initial branch name
higress-wasmplugin-test (GO)	Run actions/checkout@v4	2026-09-23T08:00:06.1212458Z hint: to use in all of your new repositories, which will suppress this warning,
higress-wasmplugin-test (GO)	Run actions/checkout@v4	2026-09-23T08:00:06.1214447Z hint: call:
higress-wasmplugin-test (GO)	Run actions/checkout@v4	2026-09-23T08:00:06.1215647Z hint:
higress-wasmplugin-test (GO)	Run actions/checkout@v4	2026-09-23T08:00:06.1216884Z hint: 	git config --global init.defaultBranch <name>
higress-wasmplugin-test (GO)	Run actions/checkout@v4	2026-09-23T08:00:06.1218442Z hint:
higress-wasmplugin-test (GO)	Run actions/checkout@v4	2026-09-23T08:00:06.1219883Z hint: Names commonly chosen instead of 'master' are 'main', 'trunk' and
higress-wasmplugin-test (GO)	Run actions/checkout@v4	2026-09-23T08:00:06.1222349Z hint: 'development'. The just-created branch can be renamed via this command:
higress-wasmplugin-test (GO)	Run actions/checkout@v4	2026-09-23T08:00:06.1224208Z hint:
higress-wasmplugin-test (GO)	Run actions/checkout@v4	2026-09-23T08:00:06.1224946Z hint: 	git branch -m <name>
higress-wasmplugin-test (GO)	Run actions/checkout@v4	2026-09-23T08:00:06.1225983Z hint:
higress-wasmplugin-test (GO)	Run actions/checkout@v4	2026-09-23T08:00:06.1227065Z hint: Disable this message with "git config set advice.defaultBranchName false"
higress-wasmplugin-test (GO)	Run actions/checkout@v4	2026-09-23T08:00:06.1228771Z Initialized empty Git repository in /home/runner/work/higress/higress/.git/
higress-wasmplugin-test (GO)	Run actions/checkout@v4	2026-09-23T08:00:06.1231561Z [command]/usr/bin/git remote add origin https://github.com/higress-group/higress
higress-wasmplugin-test (GO)	Run actions/checkout@v4	2026-09-23T08:00:06.1262006Z ##[endgroup]
higress-wasmplugin-test (GO)	Run actions/checkout@v4	2026-09-23T08:00:06.1263872Z ##[group]Disabling automatic garbage collection
higress-wasmplugin-test (GO)	Run actions/checkout@v4	2026-09-23T08:00:06.1265968Z [command]/usr/bin/git config --local gc.auto 0
higress-wasmplugin-test (GO)	Run actions/checkout@v4	2026-09-23T08:00:06.1301545Z ##[endgroup]
higress-wasmplugin-test (GO)	Run actions/checkout@v4	2026-09-23T08:00:06.1303312Z ##[group]Setting up auth
higress-wasmplugin-test (GO)	Run actions/checkout@v4	2026-09-23T08:00:06.1307840Z [command]/usr/bin/git config --local --name-only --get-regexp core\.sshCommand
higress-wasmplugin-test (GO)	Run actions/checkout@v4	2026-09-23T08:00:06.1378770Z [command]/usr/bin/git submodule foreach --recursive sh -c "git config --local --name-only --get-regexp 'core\.sshCommand' && git config --local --unset-all 'core.sshCommand' || :"
higress-wasmplugin-test (GO)	Run actions/checkout@v4	2026-09-23T08:00:06.1697251Z [command]/usr/bin/git config --local --name-only --get-regexp http\.https\:\/\/github\.com\/\.extraheader
higress-wasmplugin-test (GO)	Run actions/checkout@v4	2026-09-23T08:00:06.1735230Z [command]/usr/bin/git submodule foreach --recursive sh -c "git config --local --name-only --get-regexp 'http\.https\:\/\/github\.com\/\.extraheader' && git config --local --unset-all 'http.https://github.com/.extraheader' || :"
higress-wasmplugin-test (GO)	Run actions/checkout@v4	2026-09-23T08:00:06.2002591Z [command]/usr/bin/git config --local --name-only --get-regexp ^includeIf\.gitdir:
higress-wasmplugin-test (GO)	Run actions/checkout@v4	2026-09-23T08:00:06.2041023Z [command]/usr/bin/git submodule foreach --recursive git config --local --show-origin --name-only --get-regexp remote.origin.url
higress-wasmplugin-test (GO)	Run actions/checkout@v4	2026-09-23T08:00:06.2310490Z [command]/usr/bin/git config --local http.https://github.com/.extraheader AUTHORIZATION: basic ***
higress-wasmplugin-test (GO)	Run actions/checkout@v4	2026-09-23T08:00:06.2351152Z ##[endgroup]
higress-wasmplugin-test (GO)	Run actions/checkout@v4	2026-09-23T08:00:06.2353064Z ##[group]Fetching the repository
higress-wasmplugin-test (GO)	Run actions/checkout@v4	2026-09-23T08:00:06.2370871Z [command]/usr/bin/git -c protocol.version=2 fetch --no-tags --prune --no-recurse-submodules --depth=1 origin +a01636191d45d3bda350611b95f6d2363482dac2:refs/remotes/pull/4685/merge
higress-wasmplugin-test (GO)	Run actions/checkout@v4	2026-09-23T08:00:07.7604895Z From https://github.com/higress-group/higress
higress-wasmplugin-test (GO)	Run actions/checkout@v4	2026-09-23T08:00:07.7607224Z  * [new ref]         a01636191d45d3bda350611b95f6d2363482dac2 -> pull/4685/merge
higress-wasmplugin-test (GO)	Run actions/checkout@v4	2026-09-23T08:00:07.7609427Z ##[endgroup]
higress-wasmplugin-test (GO)	Run actions/checkout@v4	2026-09-23T08:00:07.7610117Z ##[group]Determining the checkout info
higress-wasmplugin-test (GO)	Run actions/checkout@v4	2026-09-23T08:00:07.7612465Z ##[endgroup]
higress-wasmplugin-test (GO)	Run actions/checkout@v4	2026-09-23T08:00:07.7617881Z [command]/usr/bin/git sparse-checkout disable
higress-wasmplugin-test (GO)	Run actions/checkout@v4	2026-09-23T08:00:07.7664565Z [command]/usr/bin/git config --local --unset-all extensions.worktreeConfig
higress-wasmplugin-test (GO)	Run actions/checkout@v4	2026-09-23T08:00:07.7696355Z ##[group]Checking out the ref
higress-wasmplugin-test (GO)	Run actions/checkout@v4	2026-09-23T08:00:07.7700103Z [command]/usr/bin/git checkout --progress --force refs/remotes/pull/4685/merge
higress-wasmplugin-test (GO)	Run actions/checkout@v4	2026-09-23T08:00:08.3329840Z Note: switching to 'refs/remotes/pull/4685/merge'.
higress-wasmplugin-test (GO)	Run actions/checkout@v4	2026-09-23T08:00:08.3330523Z 
higress-wasmplugin-test (GO)	Run actions/checkout@v4	2026-09-23T08:00:08.3330823Z You are in 'detached HEAD' state. You can look around, make experimental
higress-wasmplugin-test (GO)	Run actions/checkout@v4	2026-09-23T08:00:08.3331418Z changes and commit them, and you can discard any commits you make in this
higress-wasmplugin-test (GO)	Run actions/checkout@v4	2026-09-23T08:00:08.3332047Z state without impacting any branches by switching back to a branch.
higress-wasmplugin-test (GO)	Run actions/checkout@v4	2026-09-23T08:00:08.3332406Z 
higress-wasmplugin-test (GO)	Run actions/checkout@v4	2026-09-23T08:00:08.3332697Z If you want to create a new branch to retain commits you create, you may
higress-wasmplugin-test (GO)	Run actions/checkout@v4	2026-09-23T08:00:08.3333215Z do so (now or later) by using -c with the switch command. Example:
higress-wasmplugin-test (GO)	Run actions/checkout@v4	2026-09-23T08:00:08.3333505Z 
higress-wasmplugin-test (GO)	Run actions/checkout@v4	2026-09-23T08:00:08.3333650Z   git switch -c <new-branch-name>
higress-wasmplugin-test (GO)	Run actions/checkout@v4	2026-09-23T08:00:08.3333867Z 
higress-wasmplugin-test (GO)	Run actions/checkout@v4	2026-09-23T08:00:08.3334015Z Or undo this operation with:
higress-wasmplugin-test (GO)	Run actions/checkout@v4	2026-09-23T08:00:08.3334220Z 
higress-wasmplugin-test (GO)	Run actions/checkout@v4	2026-09-23T08:00:08.3334342Z   git switch -
higress-wasmplugin-test (GO)	Run actions/checkout@v4	2026-09-23T08:00:08.3334545Z 
higress-wasmplugin-test (GO)	Run actions/checkout@v4	2026-09-23T08:00:08.3336345Z Turn off this advice by setting config variable advice.detachedHead to false
higress-wasmplugin-test (GO)	Run actions/checkout@v4	2026-09-23T08:00:08.3356804Z 
higress-wasmplugin-test (GO)	Run actions/checkout@v4	2026-09-23T08:00:08.3357482Z HEAD is now at a016361 Merge 06f864dc1eba5fbb8bf42a54c938c74abcb4ee88 into a42482341eb199b2c1553a560c81137ebad14441
higress-wasmplugin-test (GO)	Run actions/checkout@v4	2026-09-23T08:00:08.3359763Z ##[endgroup]
higress-wasmplugin-test (GO)	Run actions/checkout@v4	2026-09-23T08:00:08.3406339Z [command]/usr/bin/git log -1 --format=%H
higress-wasmplugin-test (GO)	Run actions/checkout@v4	2026-09-23T08:00:08.3436404Z a01636191d45d3bda350611b95f6d2363482dac2
higress-wasmplugin-test (GO)	Disable containerd image store	﻿2026-09-23T08:00:08.3725828Z ##[group]Run sudo bash -c 'cat > /etc/docker/daemon.json << EOF
higress-wasmplugin-test (GO)	Disable containerd image store	2026-09-23T08:00:08.3726390Z ^[[36;1msudo bash -c 'cat > /etc/docker/daemon.json << EOF^[[0m
higress-wasmplugin-test (GO)	Disable containerd image store	2026-09-23T08:00:08.3726797Z ^[[36;1m{^[[0m
higress-wasmplugin-test (GO)	Disable containerd image store	2026-09-23T08:00:08.3727003Z ^[[36;1m  "features": {^[[0m
higress-wasmplugin-test (GO)	Disable containerd image store	2026-09-23T08:00:08.3727270Z ^[[36;1m    "containerd-snapshotter": false^[[0m
higress-wasmplugin-test (GO)	Disable containerd image store	2026-09-23T08:00:08.3727554Z ^[[36;1m  }^[[0m
higress-wasmplugin-test (GO)	Disable containerd image store	2026-09-23T08:00:08.3727742Z ^[[36;1m}^[[0m
higress-wasmplugin-test (GO)	Disable containerd image store	2026-09-23T08:00:08.3727945Z ^[[36;1mEOF'^[[0m
higress-wasmplugin-test (GO)	Disable containerd image store	2026-09-23T08:00:08.3728158Z ^[[36;1msudo systemctl restart docker^[[0m
higress-wasmplugin-test (GO)	Disable containerd image store	2026-09-23T08:00:08.3728450Z ^[[36;1mdocker info -f '{{ .DriverStatus }}'^[[0m
higress-wasmplugin-test (GO)	Disable containerd image store	2026-09-23T08:00:08.4029127Z shell: /usr/bin/bash -e {0}
higress-wasmplugin-test (GO)	Disable containerd image store	2026-09-23T08:00:08.4029456Z ##[endgroup]
higress-wasmplugin-test (GO)	Disable containerd image store	2026-09-23T08:00:09.5246982Z [[Backing Filesystem extfs] [Supports d_type true] [Using metacopy false] [Native Overlay Diff false] [userxattr false]]
higress-wasmplugin-test (GO)	Free Up GitHub Actions Ubuntu Runner Disk Space 🔧	﻿2026-09-23T08:00:09.5421668Z ##[group]Run jlumbroso/free-disk-space@main
higress-wasmplugin-test (GO)	Free Up GitHub Actions Ubuntu Runner Disk Space 🔧	2026-09-23T08:00:09.5421994Z with:
higress-wasmplugin-test (GO)	Free Up GitHub Actions Ubuntu Runner Disk Space 🔧	2026-09-23T08:00:09.5422200Z   tool-cache: false
higress-wasmplugin-test (GO)	Free Up GitHub Actions Ubuntu Runner Disk Space 🔧	2026-09-23T08:00:09.5422413Z   android: true
higress-wasmplugin-test (GO)	Free Up GitHub Actions Ubuntu Runner Disk Space 🔧	2026-09-23T08:00:09.5422609Z   dotnet: true
higress-wasmplugin-test (GO)	Free Up GitHub Actions Ubuntu Runner Disk Space 🔧	2026-09-23T08:00:09.5422800Z   haskell: true
higress-wasmplugin-test (GO)	Free Up GitHub Actions Ubuntu Runner Disk Space 🔧	2026-09-23T08:00:09.5422995Z   large-packages: true
higress-wasmplugin-test (GO)	Free Up GitHub Actions Ubuntu Runner Disk Space 🔧	2026-09-23T08:00:09.5423218Z   swap-storage: true
higress-wasmplugin-test (GO)	Free Up GitHub Actions Ubuntu Runner Disk Space 🔧	2026-09-23T08:00:09.5423429Z   docker-images: true
higress-wasmplugin-test (GO)	Free Up GitHub Actions Ubuntu Runner Disk Space 🔧	2026-09-23T08:00:09.5423656Z   preinstalled-runtimes: false
higress-wasmplugin-test (GO)	Free Up GitHub Actions Ubuntu Runner Disk Space 🔧	2026-09-23T08:00:09.5423908Z ##[endgroup]
higress-wasmplugin-test (GO)	Free Up GitHub Actions Ubuntu Runner Disk Space 🔧	2026-09-23T08:00:09.5487901Z ##[start-action display=Run # ======;id=__jlumbroso_free-disk-space.__run]
higress-wasmplugin-test (GO)	Free Up GitHub Actions Ubuntu Runner Disk Space 🔧	2026-09-23T08:00:09.5517553Z ##[group]Run # ======
higress-wasmplugin-test (GO)	Free Up GitHub Actions Ubuntu Runner Disk Space 🔧	2026-09-23T08:00:09.5518236Z ^[[36;1m^[[0m
higress-wasmplugin-test (GO)	Free Up GitHub Actions Ubuntu Runner Disk Space 🔧	2026-09-23T08:00:09.5518426Z ^[[36;1m# ======^[[0m
higress-wasmplugin-test (GO)	Free Up GitHub Actions Ubuntu Runner Disk Space 🔧	2026-09-23T08:00:09.5518642Z ^[[36;1m# MACROS^[[0m
higress-wasmplugin-test (GO)	Free Up GitHub Actions Ubuntu Runner Disk Space 🔧	2026-09-23T08:00:09.5518830Z ^[[36;1m# ======^[[0m
higress-wasmplugin-test (GO)	Free Up GitHub Actions Ubuntu Runner Disk Space 🔧	2026-09-23T08:00:09.5519011Z ^[[36;1m^[[0m
higress-wasmplugin-test (GO)	Free Up GitHub Actions Ubuntu Runner Disk Space 🔧	2026-09-23T08:00:09.5519225Z ^[[36;1m# macro to print a line of equals^[[0m
higress-wasmplugin-test (GO)	Free Up GitHub Actions Ubuntu Runner Disk Space 🔧	2026-09-23T08:00:09.5519523Z ^[[36;1m# (silly but works)^[[0m
higress-wasmplugin-test (GO)	Free Up GitHub Actions Ubuntu Runner Disk Space 🔧	2026-09-23T08:00:09.5520027Z ^[[36;1mprintSeparationLine() {^[[0m
higress-wasmplugin-test (GO)	Free Up GitHub Actions Ubuntu Runner Disk Space 🔧	2026-09-23T08:00:09.5520280Z ^[[36;1m  str=${1:=}^[[0m
higress-wasmplugin-test (GO)	Free Up GitHub Actions Ubuntu Runner Disk Space 🔧	2026-09-23T08:00:09.5520493Z ^[[36;1m  num=${2:-80}^[[0m
higress-wasmplugin-test (GO)	Free Up GitHub Actions Ubuntu Runner Disk Space 🔧	2026-09-23T08:00:09.5520708Z ^[[36;1m  counter=1^[[0m
higress-wasmplugin-test (GO)	Free Up GitHub Actions Ubuntu Runner Disk Space 🔧	2026-09-23T08:00:09.5520914Z ^[[36;1m  output=""^[[0m
higress-wasmplugin-test (GO)	Free Up GitHub Actions Ubuntu Runner Disk Space 🔧	2026-09-23T08:00:09.5521133Z ^[[36;1m  while [ $counter -le $num ]^[[0m
higress-wasmplugin-test (GO)	Free Up GitHub Actions Ubuntu Runner Disk Space 🔧	2026-09-23T08:00:09.5521390Z ^[[36;1m  do^[[0m
higress-wasmplugin-test (GO)	Free Up GitHub Actions Ubuntu Runner Disk Space 🔧	2026-09-23T08:00:09.5521595Z ^[[36;1m     output="${output}${str}"^[[0m
higress-wasmplugin-test (GO)	Free Up GitHub Actions Ubuntu Runner Disk Space 🔧	2026-09-23T08:00:09.5521859Z ^[[36;1m     counter=$((counter+1))^[[0m
higress-wasmplugin-test (GO)	Free Up GitHub Actions Ubuntu Runner Disk Space 🔧	2026-09-23T08:00:09.5522101Z ^[[36;1m  done^[[0m
higress-wasmplugin-test (GO)	Free Up GitHub Actions Ubuntu Runner Disk Space 🔧	2026-09-23T08:00:09.5522301Z ^[[36;1m  echo "${output}"^[[0m
higress-wasmplugin-test (GO)	Free Up GitHub Actions Ubuntu Runner Disk Space 🔧	2026-09-23T08:00:09.5522525Z ^[[36;1m}^[[0m
higress-wasmplugin-test (GO)	Free Up GitHub Actions Ubuntu Runner Disk Space 🔧	2026-09-23T08:00:09.5522704Z ^[[36;1m^[[0m
higress-wasmplugin-test (GO)	Free Up GitHub Actions Ubuntu Runner Disk Space 🔧	2026-09-23T08:00:09.5522911Z ^[[36;1m# macro to compute available space^[[0m
higress-wasmplugin-test (GO)	Free Up GitHub Actions Ubuntu Runner Disk Space 🔧	2026-09-23T08:00:09.5523258Z ^[[36;1m# REF: https://unix.stackexchange.com/a/42049/60849^[[0m
higress-wasmplugin-test (GO)	Free Up GitHub Actions Ubuntu Runner Disk Space 🔧	2026-09-23T08:00:09.5523636Z ^[[36;1m# REF: https://stackoverflow.com/a/450821/408734^[[0m
higress-wasmplugin-test (GO)	Free Up GitHub Actions Ubuntu Runner Disk Space 🔧	2026-09-23T08:00:09.5524112Z ^[[36;1mgetAvailableSpace() { echo $(df -a $1 | awk 'NR > 1 {avail+=$4} END {print avail}'); }^[[0m
higress-wasmplugin-test (GO)	Free Up GitHub Actions Ubuntu Runner Disk Space 🔧	2026-09-23T08:00:09.5524551Z ^[[36;1m^[[0m
higress-wasmplugin-test (GO)	Free Up GitHub Actions Ubuntu Runner Disk Space 🔧	2026-09-23T08:00:09.5524813Z ^[[36;1m# macro to make Kb human readable (assume the input is Kb)^[[0m
higress-wasmplugin-test (GO)	Free Up GitHub Actions Ubuntu Runner Disk Space 🔧	2026-09-23T08:00:09.5525213Z ^[[36;1m# REF: https://unix.stackexchange.com/a/44087/60849^[[0m
higress-wasmplugin-test (GO)	Free Up GitHub Actions Ubuntu Runner Disk Space 🔧	2026-09-23T08:00:09.5525818Z ^[[36;1mformatByteCount() { echo $(numfmt --to=iec-i --suffix=B --padding=7 $1'000'); }^[[0m
higress-wasmplugin-test (GO)	Free Up GitHub Actions Ubuntu Runner Disk Space 🔧	2026-09-23T08:00:09.5526213Z ^[[36;1m^[[0m
higress-wasmplugin-test (GO)	Free Up GitHub Actions Ubuntu Runner Disk Space 🔧	2026-09-23T08:00:09.5526413Z ^[[36;1m# macro to output saved space^[[0m
higress-wasmplugin-test (GO)	Free Up GitHub Actions Ubuntu Runner Disk Space 🔧	2026-09-23T08:00:09.5526685Z ^[[36;1mprintSavedSpace() {^[[0m
higress-wasmplugin-test (GO)	Free Up GitHub Actions Ubuntu Runner Disk Space 🔧	2026-09-23T08:00:09.5526923Z ^[[36;1m  saved=${1}^[[0m
higress-wasmplugin-test (GO)	Free Up GitHub Actions Ubuntu Runner Disk Space 🔧	2026-09-23T08:00:09.5527139Z ^[[36;1m  title=${2:-}^[[0m
higress-wasmplugin-test (GO)	Free Up GitHub Actions Ubuntu Runner Disk Space 🔧	2026-09-23T08:00:09.5527360Z ^[[36;1m^[[0m
higress-wasmplugin-test (GO)	Free Up GitHub Actions Ubuntu Runner Disk Space 🔧	2026-09-23T08:00:09.5527539Z ^[[36;1m  echo ""^[[0m
higress-wasmplugin-test (GO)	Free Up GitHub Actions Ubuntu Runner Disk Space 🔧	2026-09-23T08:00:09.5527763Z ^[[36;1m  printSeparationLine '*' 80^[[0m
higress-wasmplugin-test (GO)	Free Up GitHub Actions Ubuntu Runner Disk Space 🔧	2026-09-23T08:00:09.5528038Z ^[[36;1m  if [ ! -z "${title}" ]; then^[[0m
higress-wasmplugin-test (GO)	Free Up GitHub Actions Ubuntu Runner Disk Space 🔧	2026-09-23T08:00:09.5528364Z ^[[36;1m    echo "=> ${title}: Saved $(formatByteCount $saved)"^[[0m
higress-wasmplugin-test (GO)	Free Up GitHub Actions Ubuntu Runner Disk Space 🔧	2026-09-23T08:00:09.5528681Z ^[[36;1m  else^[[0m
higress-wasmplugin-test (GO)	Free Up GitHub Actions Ubuntu Runner Disk Space 🔧	2026-09-23T08:00:09.5528919Z ^[[36;1m    echo "=> Saved $(formatByteCount $saved)"^[[0m
higress-wasmplugin-test (GO)	Free Up GitHub Actions Ubuntu Runner Disk Space 🔧	2026-09-23T08:00:09.5529195Z ^[[36;1m  fi^[[0m
higress-wasmplugin-test (GO)	Free Up GitHub Actions Ubuntu Runner Disk Space 🔧	2026-09-23T08:00:09.5529407Z ^[[36;1m  printSeparationLine '*' 80^[[0m
higress-wasmplugin-test (GO)	Free Up GitHub Actions Ubuntu Runner Disk Space 🔧	2026-09-23T08:00:09.5529665Z ^[[36;1m  echo ""^[[0m
higress-wasmplugin-test (GO)	Free Up GitHub Actions Ubuntu Runner Disk Space 🔧	2026-09-23T08:00:09.5529869Z ^[[36;1m}^[[0m
higress-wasmplugin-test (GO)	Free Up GitHub Actions Ubuntu Runner Disk Space 🔧	2026-09-23T08:00:09.5530051Z ^[[36;1m^[[0m
higress-wasmplugin-test (GO)	Free Up GitHub Actions Ubuntu Runner Disk Space 🔧	2026-09-23T08:00:09.5530284Z ^[[36;1m# macro to print output of dh with caption^[[0m
higress-wasmplugin-test (GO)	Free Up GitHub Actions Ubuntu Runner Disk Space 🔧	2026-09-23T08:00:09.5530576Z ^[[36;1mprintDH() {^[[0m
higress-wasmplugin-test (GO)	Free Up GitHub Actions Ubuntu Runner Disk Space 🔧	2026-09-23T08:00:09.5530790Z ^[[36;1m  caption=${1:-}^[[0m
higress-wasmplugin-test (GO)	Free Up GitHub Actions Ubuntu Runner Disk Space 🔧	2026-09-23T08:00:09.5531005Z ^[[36;1m^[[0m
higress-wasmplugin-test (GO)	Free Up GitHub Actions Ubuntu Runner Disk Space 🔧	2026-09-23T08:00:09.5531203Z ^[[36;1m  printSeparationLine '=' 80^[[0m
higress-wasmplugin-test (GO)	Free Up GitHub Actions Ubuntu Runner Disk Space 🔧	2026-09-23T08:00:09.5531461Z ^[[36;1m  echo "${caption}"^[[0m
higress-wasmplugin-test (GO)	Free Up GitHub Actions Ubuntu Runner Disk Space 🔧	2026-09-23T08:00:09.5531716Z ^[[36;1m  echo ""^[[0m
higress-wasmplugin-test (GO)	Free Up GitHub Actions Ubuntu Runner Disk Space 🔧	2026-09-23T08:00:09.5531960Z ^[[36;1m  echo "$ dh -h /"^[[0m
higress-wasmplugin-test (GO)	Free Up GitHub Actions Ubuntu Runner Disk Space 🔧	2026-09-23T08:00:09.5532181Z ^[[36;1m  echo ""^[[0m
higress-wasmplugin-test (GO)	Free Up GitHub Actions Ubuntu Runner Disk Space 🔧	2026-09-23T08:00:09.5532373Z ^[[36;1m  df -h /^[[0m
higress-wasmplugin-test (GO)	Free Up GitHub Actions Ubuntu Runner Disk Space 🔧	2026-09-23T08:00:09.5532571Z ^[[36;1m  echo "$ dh -a /"^[[0m
higress-wasmplugin-test (GO)	Free Up GitHub Actions Ubuntu Runner Disk Space 🔧	2026-09-23T08:00:09.5532995Z ^[[36;1m  echo ""^[[0m
higress-wasmplugin-test (GO)	Free Up GitHub Actions Ubuntu Runner Disk Space 🔧	2026-09-23T08:00:09.5533184Z ^[[36;1m  df -a /^[[0m
higress-wasmplugin-test (GO)	Free Up GitHub Actions Ubuntu Runner Disk Space 🔧	2026-09-23T08:00:09.5533376Z ^[[36;1m  echo "$ dh -a"^[[0m
higress-wasmplugin-test (GO)	Free Up GitHub Actions Ubuntu Runner Disk Space 🔧	2026-09-23T08:00:09.5533587Z ^[[36;1m  echo ""^[[0m
higress-wasmplugin-test (GO)	Free Up GitHub Actions Ubuntu Runner Disk Space 🔧	2026-09-23T08:00:09.5533778Z ^[[36;1m  df -a^[[0m
higress-wasmplugin-test (GO)	Free Up GitHub Actions Ubuntu Runner Disk Space 🔧	2026-09-23T08:00:09.5533992Z ^[[36;1m  printSeparationLine '=' 80^[[0m
higress-wasmplugin-test (GO)	Free Up GitHub Actions Ubuntu Runner Disk Space 🔧	2026-09-23T08:00:09.5534241Z ^[[36;1m}^[[0m
higress-wasmplugin-test (GO)	Free Up GitHub Actions Ubuntu Runner Disk Space 🔧	2026-09-23T08:00:09.5534419Z ^[[36;1m^[[0m
higress-wasmplugin-test (GO)	Free Up GitHub Actions Ubuntu Runner Disk Space 🔧	2026-09-23T08:00:09.5534595Z ^[[36;1m^[[0m
higress-wasmplugin-test (GO)	Free Up GitHub Actions Ubuntu Runner Disk Space 🔧	2026-09-23T08:00:09.5534767Z ^[[36;1m^[[0m
higress-wasmplugin-test (GO)	Free Up GitHub Actions Ubuntu Runner Disk Space 🔧	2026-09-23T08:00:09.5534950Z ^[[36;1m# ======^[[0m
higress-wasmplugin-test (GO)	Free Up GitHub Actions Ubuntu Runner Disk Space 🔧	2026-09-23T08:00:09.5535147Z ^[[36;1m# SCRIPT^[[0m
higress-wasmplugin-test (GO)	Free Up GitHub Actions Ubuntu Runner Disk Space 🔧	2026-09-23T08:00:09.5535478Z ^[[36;1m# ======^[[0m
higress-wasmplugin-test (GO)	Free Up GitHub Actions Ubuntu Runner Disk Space 🔧	2026-09-23T08:00:09.5535667Z ^[[36;1m^[[0m
higress-wasmplugin-test (GO)	Free Up GitHub Actions Ubuntu Runner Disk Space 🔧	2026-09-23T08:00:09.5535875Z ^[[36;1m# Display initial disk space stats^[[0m
higress-wasmplugin-test (GO)	Free Up GitHub Actions Ubuntu Runner Disk Space 🔧	2026-09-23T08:00:09.5536140Z ^[[36;1m^[[0m
higress-wasmplugin-test (GO)	Free Up GitHub Actions Ubuntu Runner Disk Space 🔧	2026-09-23T08:00:09.5536362Z ^[[36;1mAVAILABLE_INITIAL=$(getAvailableSpace)^[[0m
higress-wasmplugin-test (GO)	Free Up GitHub Actions Ubuntu Runner Disk Space 🔧	2026-09-23T08:00:09.5536719Z ^[[36;1mAVAILABLE_ROOT_INITIAL=$(getAvailableSpace '/')^[[0m
higress-wasmplugin-test (GO)	Free Up GitHub Actions Ubuntu Runner Disk Space 🔧	2026-09-23T08:00:09.5537023Z ^[[36;1m^[[0m
higress-wasmplugin-test (GO)	Free Up GitHub Actions Ubuntu Runner Disk Space 🔧	2026-09-23T08:00:09.5537237Z ^[[36;1mprintDH "BEFORE CLEAN-UP:"^[[0m
higress-wasmplugin-test (GO)	Free Up GitHub Actions Ubuntu Runner Disk Space 🔧	2026-09-23T08:00:09.5537660Z ^[[36;1mecho ""^[[0m
higress-wasmplugin-test (GO)	Free Up GitHub Actions Ubuntu Runner Disk Space 🔧	2026-09-23T08:00:09.5537856Z ^[[36;1m^[[0m
higress-wasmplugin-test (GO)	Free Up GitHub Actions Ubuntu Runner Disk Space 🔧	2026-09-23T08:00:09.5538027Z ^[[36;1m^[[0m
higress-wasmplugin-test (GO)	Free Up GitHub Actions Ubuntu Runner Disk Space 🔧	2026-09-23T08:00:09.5538223Z ^[[36;1m# Option: Remove Android library^[[0m
higress-wasmplugin-test (GO)	Free Up GitHub Actions Ubuntu Runner Disk Space 🔧	2026-09-23T08:00:09.5538477Z ^[[36;1m^[[0m
higress-wasmplugin-test (GO)	Free Up GitHub Actions Ubuntu Runner Disk Space 🔧	2026-09-23T08:00:09.5538677Z ^[[36;1mif [[ "$ANDROID" == 'true' ]]; then^[[0m
higress-wasmplugin-test (GO)	Free Up GitHub Actions Ubuntu Runner Disk Space 🔧	2026-09-23T08:00:09.5538962Z ^[[36;1m  BEFORE=$(getAvailableSpace)^[[0m
higress-wasmplugin-test (GO)	Free Up GitHub Actions Ubuntu Runner Disk Space 🔧	2026-09-23T08:00:09.5539218Z ^[[36;1m  ^[[0m
higress-wasmplugin-test (GO)	Free Up GitHub Actions Ubuntu Runner Disk Space 🔧	2026-09-23T08:00:09.5539453Z ^[[36;1m  sudo rm -rf /usr/local/lib/android || true^[[0m
higress-wasmplugin-test (GO)	Free Up GitHub Actions Ubuntu Runner Disk Space 🔧	2026-09-23T08:00:09.5539736Z ^[[36;1m^[[0m
higress-wasmplugin-test (GO)	Free Up GitHub Actions Ubuntu Runner Disk Space 🔧	2026-09-23T08:00:09.5539940Z ^[[36;1m  AFTER=$(getAvailableSpace)^[[0m
higress-wasmplugin-test (GO)	Free Up GitHub Actions Ubuntu Runner Disk Space 🔧	2026-09-23T08:00:09.5540212Z ^[[36;1m  SAVED=$((AFTER-BEFORE))^[[0m
higress-wasmplugin-test (GO)	Free Up GitHub Actions Ubuntu Runner Disk Space 🔧	2026-09-23T08:00:09.5540503Z ^[[36;1m  printSavedSpace $SAVED "Android library"^[[0m
higress-wasmplugin-test (GO)	Free Up GitHub Actions Ubuntu Runner Disk Space 🔧	2026-09-23T08:00:09.5540800Z ^[[36;1mfi^[[0m
higress-wasmplugin-test (GO)	Free Up GitHub Actions Ubuntu Runner Disk Space 🔧	2026-09-23T08:00:09.5540978Z ^[[36;1m^[[0m
higress-wasmplugin-test (GO)	Free Up GitHub Actions Ubuntu Runner Disk Space 🔧	2026-09-23T08:00:09.5541169Z ^[[36;1m# Option: Remove .NET runtime^[[0m
higress-wasmplugin-test (GO)	Free Up GitHub Actions Ubuntu Runner Disk Space 🔧	2026-09-23T08:00:09.5541415Z ^[[36;1m^[[0m
higress-wasmplugin-test (GO)	Free Up GitHub Actions Ubuntu Runner Disk Space 🔧	2026-09-23T08:00:09.5541618Z ^[[36;1mif [[ "$DOTNET" == 'true' ]]; then^[[0m
higress-wasmplugin-test (GO)	Free Up GitHub Actions Ubuntu Runner Disk Space 🔧	2026-09-23T08:00:09.5541897Z ^[[36;1m  BEFORE=$(getAvailableSpace)^[[0m
higress-wasmplugin-test (GO)	Free Up GitHub Actions Ubuntu Runner Disk Space 🔧	2026-09-23T08:00:09.5542136Z ^[[36;1m^[[0m
higress-wasmplugin-test (GO)	Free Up GitHub Actions Ubuntu Runner Disk Space 🔧	2026-09-23T08:00:09.5542491Z ^[[36;1m  # https://github.community/t/bigger-github-hosted-runners-disk-space/17267/11^[[0m
higress-wasmplugin-test (GO)	Free Up GitHub Actions Ubuntu Runner Disk Space 🔧	2026-09-23T08:00:09.5542962Z ^[[36;1m  sudo rm -rf /usr/share/dotnet || true^[[0m
higress-wasmplugin-test (GO)	Free Up GitHub Actions Ubuntu Runner Disk Space 🔧	2026-09-23T08:00:09.5543238Z ^[[36;1m  ^[[0m
higress-wasmplugin-test (GO)	Free Up GitHub Actions Ubuntu Runner Disk Space 🔧	2026-09-23T08:00:09.5543438Z ^[[36;1m  AFTER=$(getAvailableSpace)^[[0m
higress-wasmplugin-test (GO)	Free Up GitHub Actions Ubuntu Runner Disk Space 🔧	2026-09-23T08:00:09.5543707Z ^[[36;1m  SAVED=$((AFTER-BEFORE))^[[0m
higress-wasmplugin-test (GO)	Free Up GitHub Actions Ubuntu Runner Disk Space 🔧	2026-09-23T08:00:09.5543994Z ^[[36;1m  printSavedSpace $SAVED ".NET runtime"^[[0m
higress-wasmplugin-test (GO)	Free Up GitHub Actions Ubuntu Runner Disk Space 🔧	2026-09-23T08:00:09.5544272Z ^[[36;1mfi^[[0m
higress-wasmplugin-test (GO)	Free Up GitHub Actions Ubuntu Runner Disk Space 🔧	2026-09-23T08:00:09.5544448Z ^[[36;1m^[[0m
higress-wasmplugin-test (GO)	Free Up GitHub Actions Ubuntu Runner Disk Space 🔧	2026-09-23T08:00:09.5544645Z ^[[36;1m# Option: Remove Haskell runtime^[[0m
higress-wasmplugin-test (GO)	Free Up GitHub Actions Ubuntu Runner Disk Space 🔧	2026-09-23T08:00:09.5544898Z ^[[36;1m^[[0m
higress-wasmplugin-test (GO)	Free Up GitHub Actions Ubuntu Runner Disk Space 🔧	2026-09-23T08:00:09.5545099Z ^[[36;1mif [[ "$HASKELL" == 'true' ]]; then^[[0m
higress-wasmplugin-test (GO)	Free Up GitHub Actions Ubuntu Runner Disk Space 🔧	2026-09-23T08:00:09.5545597Z ^[[36;1m  BEFORE=$(getAvailableSpace)^[[0m
higress-wasmplugin-test (GO)	Free Up GitHub Actions Ubuntu Runner Disk Space 🔧	2026-09-23T08:00:09.5545996Z ^[[36;1m^[[0m
higress-wasmplugin-test (GO)	Free Up GitHub Actions Ubuntu Runner Disk Space 🔧	2026-09-23T08:00:09.5546214Z ^[[36;1m  sudo rm -rf /opt/ghc || true^[[0m
higress-wasmplugin-test (GO)	Free Up GitHub Actions Ubuntu Runner Disk Space 🔧	2026-09-23T08:00:09.5546499Z ^[[36;1m  sudo rm -rf /usr/local/.ghcup || true^[[0m
higress-wasmplugin-test (GO)	Free Up GitHub Actions Ubuntu Runner Disk Space 🔧	2026-09-23T08:00:09.5546767Z ^[[36;1m  ^[[0m
higress-wasmplugin-test (GO)	Free Up GitHub Actions Ubuntu Runner Disk Space 🔧	2026-09-23T08:00:09.5546970Z ^[[36;1m  AFTER=$(getAvailableSpace)^[[0m
higress-wasmplugin-test (GO)	Free Up GitHub Actions Ubuntu Runner Disk Space 🔧	2026-09-23T08:00:09.5547234Z ^[[36;1m  SAVED=$((AFTER-BEFORE))^[[0m
higress-wasmplugin-test (GO)	Free Up GitHub Actions Ubuntu Runner Disk Space 🔧	2026-09-23T08:00:09.5547519Z ^[[36;1m  printSavedSpace $SAVED "Haskell runtime"^[[0m
higress-wasmplugin-test (GO)	Free Up GitHub Actions Ubuntu Runner Disk Space 🔧	2026-09-23T08:00:09.5547797Z ^[[36;1mfi^[[0m
higress-wasmplugin-test (GO)	Free Up GitHub Actions Ubuntu Runner Disk Space 🔧	2026-09-23T08:00:09.5547977Z ^[[36;1m^[[0m
higress-wasmplugin-test (GO)	Free Up GitHub Actions Ubuntu Runner Disk Space 🔧	2026-09-23T08:00:09.5548176Z ^[[36;1m# Option: Remove large packages^[[0m
higress-wasmplugin-test (GO)	Free Up GitHub Actions Ubuntu Runner Disk Space 🔧	2026-09-23T08:00:09.5548635Z ^[[36;1m# REF: https://github.com/apache/flink/blob/master/tools/azure-pipelines/free_disk_space.sh^[[0m
higress-wasmplugin-test (GO)	Free Up GitHub Actions Ubuntu Runner Disk Space 🔧	2026-09-23T08:00:09.5549075Z ^[[36;1m^[[0m
higress-wasmplugin-test (GO)	Free Up GitHub Actions Ubuntu Runner Disk Space 🔧	2026-09-23T08:00:09.5549285Z ^[[36;1mif [[ "$LARGE_PACKAGES" == 'true' ]]; then^[[0m
higress-wasmplugin-test (GO)	Free Up GitHub Actions Ubuntu Runner Disk Space 🔧	2026-09-23T08:00:09.5549588Z ^[[36;1m  BEFORE=$(getAvailableSpace)^[[0m
higress-wasmplugin-test (GO)	Free Up GitHub Actions Ubuntu Runner Disk Space 🔧	2026-09-23T08:00:09.5549853Z ^[[36;1m^[[0m
higress-wasmplugin-test (GO)	Free Up GitHub Actions Ubuntu Runner Disk Space 🔧	2026-09-23T08:00:09.5550176Z ^[[36;1m  # PRECEDENCE: a specific subject-toggle outranks this general category.^[[0m
higress-wasmplugin-test (GO)	Free Up GitHub Actions Ubuntu Runner Disk Space 🔧	2026-09-23T08:00:09.5550879Z ^[[36;1m  # Setting `dotnet: false` keeps .NET everywhere, including the apt^[[0m
higress-wasmplugin-test (GO)	Free Up GitHub Actions Ubuntu Runner Disk Space 🔧	2026-09-23T08:00:09.5551312Z ^[[36;1m  # packages this block would otherwise sweep up.^[[0m
higress-wasmplugin-test (GO)	Free Up GitHub Actions Ubuntu Runner Disk Space 🔧	2026-09-23T08:00:09.5551629Z ^[[36;1m  #^[[0m
higress-wasmplugin-test (GO)	Free Up GitHub Actions Ubuntu Runner Disk Space 🔧	2026-09-23T08:00:09.5551920Z ^[[36;1m  # Reported by @gmij in #6 (2023), again by @ashleney in #33 (2024), and^[[0m
higress-wasmplugin-test (GO)	Free Up GitHub Actions Ubuntu Runner Disk Space 🔧	2026-09-23T08:00:09.5552330Z ^[[36;1m  # diagnosed with a workaround by @ax3l in #33 (2025).^[[0m
higress-wasmplugin-test (GO)	Free Up GitHub Actions Ubuntu Runner Disk Space 🔧	2026-09-23T08:00:09.5552638Z ^[[36;1m  #^[[0m
higress-wasmplugin-test (GO)	Free Up GitHub Actions Ubuntu Runner Disk Space 🔧	2026-09-23T08:00:09.5552940Z ^[[36;1m  # The policy is explicit; this applies it to .NET. A future subject^[[0m
higress-wasmplugin-test (GO)	Free Up GitHub Actions Ubuntu Runner Disk Space 🔧	2026-09-23T08:00:09.5553405Z ^[[36;1m  # option must add and test its own exemption here — there is no general^[[0m
higress-wasmplugin-test (GO)	Free Up GitHub Actions Ubuntu Runner Disk Space 🔧	2026-09-23T08:00:09.5553806Z ^[[36;1m  # mechanism that does it automatically.^[[0m
higress-wasmplugin-test (GO)	Free Up GitHub Actions Ubuntu Runner Disk Space 🔧	2026-09-23T08:00:09.5554123Z ^[[36;1m  if [[ "$DOTNET" == 'true' ]]; then^[[0m
higress-wasmplugin-test (GO)	Free Up GitHub Actions Ubuntu Runner Disk Space 🔧	2026-09-23T08:00:09.5554890Z ^[[36;1m    sudo apt-get remove -y '^aspnetcore-.*' || echo "::warning::The command [sudo apt-get remove -y '^aspnetcore-.*'] failed to complete successfully. Proceeding..."^[[0m
higress-wasmplugin-test (GO)	Free Up GitHub Actions Ubuntu Runner Disk Space 🔧	2026-09-23T08:00:09.5556289Z ^[[36;1m    sudo apt-get remove -y '^dotnet-.*' --fix-missing || echo "::warning::The command [sudo apt-get remove -y '^dotnet-.*' --fix-missing] failed to complete successfully. Proceeding..."^[[0m
higress-wasmplugin-test (GO)	Free Up GitHub Actions Ubuntu Runner Disk Space 🔧	2026-09-23T08:00:09.5557219Z ^[[36;1m  else^[[0m
higress-wasmplugin-test (GO)	Free Up GitHub Actions Ubuntu Runner Disk Space 🔧	2026-09-23T08:00:09.5557641Z ^[[36;1m    echo "::notice::dotnet: false — .NET packages exempted from large-packages (dotnet-*, aspnetcore-*)."^[[0m
higress-wasmplugin-test (GO)	Free Up GitHub Actions Ubuntu Runner Disk Space 🔧	2026-09-23T08:00:09.5558130Z ^[[36;1m  fi^[[0m
higress-wasmplugin-test (GO)	Free Up GitHub Actions Ubuntu Runner Disk Space 🔧	2026-09-23T08:00:09.5558321Z ^[[36;1m^[[0m
higress-wasmplugin-test (GO)	Free Up GitHub Actions Ubuntu Runner Disk Space 🔧	2026-09-23T08:00:09.5558931Z ^[[36;1m  sudo apt-get remove -y '^llvm-.*' --fix-missing || echo "::warning::The command [sudo apt-get remove -y '^llvm-.*' --fix-missing] failed to complete successfully. Proceeding..."^[[0m
higress-wasmplugin-test (GO)	Free Up GitHub Actions Ubuntu Runner Disk Space 🔧	2026-09-23T08:00:09.5559999Z ^[[36;1m  sudo apt-get remove -y 'php.*' --fix-missing || echo "::warning::The command [sudo apt-get remove -y 'php.*' --fix-missing] failed to complete successfully. Proceeding..."^[[0m
higress-wasmplugin-test (GO)	Free Up GitHub Actions Ubuntu Runner Disk Space 🔧	2026-09-23T08:00:09.5561062Z ^[[36;1m  sudo apt-get remove -y '^mongodb-.*' --fix-missing || echo "::warning::The command [sudo apt-get remove -y '^mongodb-.*' --fix-missing] failed to complete successfully. Proceeding..."^[[0m
higress-wasmplugin-test (GO)	Free Up GitHub Actions Ubuntu Runner Disk Space 🔧	2026-09-23T08:00:09.5562116Z ^[[36;1m  sudo apt-get remove -y '^mysql-.*' --fix-missing || echo "::warning::The command [sudo apt-get remove -y '^mysql-.*' --fix-missing] failed to complete successfully. Proceeding..."^[[0m
higress-wasmplugin-test (GO)	Free Up GitHub Actions Ubuntu Runner Disk Space 🔧	2026-09-23T08:00:09.5563622Z ^[[36;1m  sudo apt-get remove -y azure-cli google-chrome-stable firefox powershell mono-devel libgl1-mesa-dri --fix-missing || echo "::warning::The command [sudo apt-get remove -y azure-cli google-chrome-stable firefox powershell mono-devel libgl1-mesa-dri --fix-missing] failed to complete successfully. Proceeding..."^[[0m
higress-wasmplugin-test (GO)	Free Up GitHub Actions Ubuntu Runner Disk Space 🔧	2026-09-23T08:00:09.5565178Z ^[[36;1m  sudo apt-get remove -y google-cloud-sdk --fix-missing || echo "::debug::The command [sudo apt-get remove -y google-cloud-sdk --fix-missing] failed to complete successfully. Proceeding..."^[[0m
higress-wasmplugin-test (GO)	Free Up GitHub Actions Ubuntu Runner Disk Space 🔧	2026-09-23T08:00:09.5566546Z ^[[36;1m  sudo apt-get remove -y google-cloud-cli --fix-missing || echo "::debug::The command [sudo apt-get remove -y google-cloud-cli --fix-missing] failed to complete successfully. Proceeding..."^[[0m
higress-wasmplugin-test (GO)	Free Up GitHub Actions Ubuntu Runner Disk Space 🔧	2026-09-23T08:00:09.5567549Z ^[[36;1m  sudo apt-get autoremove -y || echo "::warning::The command [sudo apt-get autoremove -y] failed to complete successfully. Proceeding..."^[[0m
higress-wasmplugin-test (GO)	Free Up GitHub Actions Ubuntu Runner Disk Space 🔧	2026-09-23T08:00:09.5568337Z ^[[36;1m  sudo apt-get clean || echo "::warning::The command [sudo apt-get clean] failed to complete successfully. Proceeding..."^[[0m
higress-wasmplugin-test (GO)	Free Up GitHub Actions Ubuntu Runner Disk Space 🔧	2026-09-23T08:00:09.5568827Z ^[[36;1m^[[0m
higress-wasmplugin-test (GO)	Free Up GitHub Actions Ubuntu Runner Disk Space 🔧	2026-09-23T08:00:09.5569035Z ^[[36;1m  AFTER=$(getAvailableSpace)^[[0m
higress-wasmplugin-test (GO)	Free Up GitHub Actions Ubuntu Runner Disk Space 🔧	2026-09-23T08:00:09.5569318Z ^[[36;1m  SAVED=$((AFTER-BEFORE))^[[0m
higress-wasmplugin-test (GO)	Free Up GitHub Actions Ubuntu Runner Disk Space 🔧	2026-09-23T08:00:09.5569620Z ^[[36;1m  printSavedSpace $SAVED "Large misc. packages"^[[0m
higress-wasmplugin-test (GO)	Free Up GitHub Actions Ubuntu Runner Disk Space 🔧	2026-09-23T08:00:09.5569921Z ^[[36;1mfi^[[0m
higress-wasmplugin-test (GO)	Free Up GitHub Actions Ubuntu Runner Disk Space 🔧	2026-09-23T08:00:09.5570105Z ^[[36;1m^[[0m
higress-wasmplugin-test (GO)	Free Up GitHub Actions Ubuntu Runner Disk Space 🔧	2026-09-23T08:00:09.5570306Z ^[[36;1m# Option: Remove Docker images^[[0m
higress-wasmplugin-test (GO)	Free Up GitHub Actions Ubuntu Runner Disk Space 🔧	2026-09-23T08:00:09.5570763Z ^[[36;1m^[[0m
higress-wasmplugin-test (GO)	Free Up GitHub Actions Ubuntu Runner Disk Space 🔧	2026-09-23T08:00:09.5570978Z ^[[36;1mif [[ "$DOCKER_IMAGES" == 'true' ]]; then^[[0m
higress-wasmplugin-test (GO)	Free Up GitHub Actions Ubuntu Runner Disk Space 🔧	2026-09-23T08:00:09.5571274Z ^[[36;1m  BEFORE=$(getAvailableSpace)^[[0m
higress-wasmplugin-test (GO)	Free Up GitHub Actions Ubuntu Runner Disk Space 🔧	2026-09-23T08:00:09.5571519Z ^[[36;1m^[[0m
higress-wasmplugin-test (GO)	Free Up GitHub Actions Ubuntu Runner Disk Space 🔧	2026-09-23T08:00:09.5571749Z ^[[36;1m  sudo docker image prune --all --force || true^[[0m
higress-wasmplugin-test (GO)	Free Up GitHub Actions Ubuntu Runner Disk Space 🔧	2026-09-23T08:00:09.5572040Z ^[[36;1m^[[0m
higress-wasmplugin-test (GO)	Free Up GitHub Actions Ubuntu Runner Disk Space 🔧	2026-09-23T08:00:09.5572238Z ^[[36;1m  AFTER=$(getAvailableSpace)^[[0m
higress-wasmplugin-test (GO)	Free Up GitHub Actions Ubuntu Runner Disk Space 🔧	2026-09-23T08:00:09.5572495Z ^[[36;1m  SAVED=$((AFTER-BEFORE))^[[0m
higress-wasmplugin-test (GO)	Free Up GitHub Actions Ubuntu Runner Disk Space 🔧	2026-09-23T08:00:09.5572771Z ^[[36;1m  printSavedSpace $SAVED "Docker images"^[[0m
higress-wasmplugin-test (GO)	Free Up GitHub Actions Ubuntu Runner Disk Space 🔧	2026-09-23T08:00:09.5573061Z ^[[36;1mfi^[[0m
higress-wasmplugin-test (GO)	Free Up GitHub Actions Ubuntu Runner Disk Space 🔧	2026-09-23T08:00:09.5573241Z ^[[36;1m^[[0m
higress-wasmplugin-test (GO)	Free Up GitHub Actions Ubuntu Runner Disk Space 🔧	2026-09-23T08:00:09.5573432Z ^[[36;1m# Option: Remove tool cache^[[0m
higress-wasmplugin-test (GO)	Free Up GitHub Actions Ubuntu Runner Disk Space 🔧	2026-09-23T08:00:09.5573891Z ^[[36;1m# REF: https://github.com/actions/virtual-environments/issues/2875#issuecomment-1163392159^[[0m
higress-wasmplugin-test (GO)	Free Up GitHub Actions Ubuntu Runner Disk Space 🔧	2026-09-23T08:00:09.5574325Z ^[[36;1m^[[0m
higress-wasmplugin-test (GO)	Free Up GitHub Actions Ubuntu Runner Disk Space 🔧	2026-09-23T08:00:09.5574621Z ^[[36;1m# `tool-cache` was renamed `preinstalled-runtimes` in v2.0.0. The old^[[0m
higress-wasmplugin-test (GO)	Free Up GitHub Actions Ubuntu Runner Disk Space 🔧	2026-09-23T08:00:09.5575105Z ^[[36;1m# input is still honoured so no existing workflow breaks; either one^[[0m
higress-wasmplugin-test (GO)	Free Up GitHub Actions Ubuntu Runner Disk Space 🔧	2026-09-23T08:00:09.5575887Z ^[[36;1m# being true removes the directory. The warning fires only when someone^[[0m
higress-wasmplugin-test (GO)	Free Up GitHub Actions Ubuntu Runner Disk Space 🔧	2026-09-23T08:00:09.5576440Z ^[[36;1m# actually relies on the old name — an expected-absence stays quiet,^[[0m
higress-wasmplugin-test (GO)	Free Up GitHub Actions Ubuntu Runner Disk Space 🔧	2026-09-23T08:00:09.5576844Z ^[[36;1m# per the severity convention in docs/adr/0004.^[[0m
higress-wasmplugin-test (GO)	Free Up GitHub Actions Ubuntu Runner Disk Space 🔧	2026-09-23T08:00:09.5577174Z ^[[36;1mif [[ "$TOOL_CACHE" == 'true' ]]; then^[[0m
higress-wasmplugin-test (GO)	Free Up GitHub Actions Ubuntu Runner Disk Space 🔧	2026-09-23T08:00:09.5577910Z ^[[36;1m  echo "::warning::The 'tool-cache' input is deprecated; it was renamed to 'preinstalled-runtimes'. It still works and will keep working until v3.0.0 — please rename it when convenient."^[[0m
higress-wasmplugin-test (GO)	Free Up GitHub Actions Ubuntu Runner Disk Space 🔧	2026-09-23T08:00:09.5578612Z ^[[36;1mfi^[[0m
higress-wasmplugin-test (GO)	Free Up GitHub Actions Ubuntu Runner Disk Space 🔧	2026-09-23T08:00:09.5578795Z ^[[36;1m^[[0m
higress-wasmplugin-test (GO)	Free Up GitHub Actions Ubuntu Runner Disk Space 🔧	2026-09-23T08:00:09.5579110Z ^[[36;1mif [[ "$PREINSTALLED_RUNTIMES" == 'true' || "$TOOL_CACHE" == 'true' ]]; then^[[0m
higress-wasmplugin-test (GO)	Free Up GitHub Actions Ubuntu Runner Disk Space 🔧	2026-09-23T08:00:09.5579546Z ^[[36;1m  BEFORE=$(getAvailableSpace)^[[0m
higress-wasmplugin-test (GO)	Free Up GitHub Actions Ubuntu Runner Disk Space 🔧	2026-09-23T08:00:09.5579804Z ^[[36;1m^[[0m
higress-wasmplugin-test (GO)	Free Up GitHub Actions Ubuntu Runner Disk Space 🔧	2026-09-23T08:00:09.5580050Z ^[[36;1m  sudo rm -rf "$AGENT_TOOLSDIRECTORY" || true^[[0m
higress-wasmplugin-test (GO)	Free Up GitHub Actions Ubuntu Runner Disk Space 🔧	2026-09-23T08:00:09.5580344Z ^[[36;1m^[[0m
higress-wasmplugin-test (GO)	Free Up GitHub Actions Ubuntu Runner Disk Space 🔧	2026-09-23T08:00:09.5580537Z ^[[36;1m  AFTER=$(getAvailableSpace)^[[0m
higress-wasmplugin-test (GO)	Free Up GitHub Actions Ubuntu Runner Disk Space 🔧	2026-09-23T08:00:09.5580803Z ^[[36;1m  SAVED=$((AFTER-BEFORE))^[[0m
higress-wasmplugin-test (GO)	Free Up GitHub Actions Ubuntu Runner Disk Space 🔧	2026-09-23T08:00:09.5581127Z ^[[36;1m  printSavedSpace $SAVED "Pre-installed runtimes"^[[0m
higress-wasmplugin-test (GO)	Free Up GitHub Actions Ubuntu Runner Disk Space 🔧	2026-09-23T08:00:09.5581434Z ^[[36;1mfi^[[0m
higress-wasmplugin-test (GO)	Free Up GitHub Actions Ubuntu Runner Disk Space 🔧	2026-09-23T08:00:09.5581616Z ^[[36;1m^[[0m
higress-wasmplugin-test (GO)	Free Up GitHub Actions Ubuntu Runner Disk Space 🔧	2026-09-23T08:00:09.5581818Z ^[[36;1m# Option: Remove Swap storage^[[0m
higress-wasmplugin-test (GO)	Free Up GitHub Actions Ubuntu Runner Disk Space 🔧	2026-09-23T08:00:09.5582068Z ^[[36;1m^[[0m
higress-wasmplugin-test (GO)	Free Up GitHub Actions Ubuntu Runner Disk Space 🔧	2026-09-23T08:00:09.5582279Z ^[[36;1mif [[ "$SWAP_STORAGE" == 'true' ]]; then^[[0m
higress-wasmplugin-test (GO)	Free Up GitHub Actions Ubuntu Runner Disk Space 🔧	2026-09-23T08:00:09.5582585Z ^[[36;1m  BEFORE=$(getAvailableSpace)^[[0m
higress-wasmplugin-test (GO)	Free Up GitHub Actions Ubuntu Runner Disk Space 🔧	2026-09-23T08:00:09.5582828Z ^[[36;1m^[[0m
higress-wasmplugin-test (GO)	Free Up GitHub Actions Ubuntu Runner Disk Space 🔧	2026-09-23T08:00:09.5583019Z ^[[36;1m  sudo swapoff -a || true^[[0m
higress-wasmplugin-test (GO)	Free Up GitHub Actions Ubuntu Runner Disk Space 🔧	2026-09-23T08:00:09.5583287Z ^[[36;1m  sudo rm -f /mnt/swapfile || true^[[0m
higress-wasmplugin-test (GO)	Free Up GitHub Actions Ubuntu Runner Disk Space 🔧	2026-09-23T08:00:09.5583553Z ^[[36;1m  free -h^[[0m
higress-wasmplugin-test (GO)	Free Up GitHub Actions Ubuntu Runner Disk Space 🔧	2026-09-23T08:00:09.5583756Z ^[[36;1m  ^[[0m
higress-wasmplugin-test (GO)	Free Up GitHub Actions Ubuntu Runner Disk Space 🔧	2026-09-23T08:00:09.5583953Z ^[[36;1m  AFTER=$(getAvailableSpace)^[[0m
higress-wasmplugin-test (GO)	Free Up GitHub Actions Ubuntu Runner Disk Space 🔧	2026-09-23T08:00:09.5584224Z ^[[36;1m  SAVED=$((AFTER-BEFORE))^[[0m
higress-wasmplugin-test (GO)	Free Up GitHub Actions Ubuntu Runner Disk Space 🔧	2026-09-23T08:00:09.5584505Z ^[[36;1m  printSavedSpace $SAVED "Swap storage"^[[0m
higress-wasmplugin-test (GO)	Free Up GitHub Actions Ubuntu Runner Disk Space 🔧	2026-09-23T08:00:09.5584783Z ^[[36;1mfi^[[0m
higress-wasmplugin-test (GO)	Free Up GitHub Actions Ubuntu Runner Disk Space 🔧	2026-09-23T08:00:09.5584968Z ^[[36;1m^[[0m
higress-wasmplugin-test (GO)	Free Up GitHub Actions Ubuntu Runner Disk Space 🔧	2026-09-23T08:00:09.5585137Z ^[[36;1m^[[0m
higress-wasmplugin-test (GO)	Free Up GitHub Actions Ubuntu Runner Disk Space 🔧	2026-09-23T08:00:09.5585308Z ^[[36;1m^[[0m
higress-wasmplugin-test (GO)	Free Up GitHub Actions Ubuntu Runner Disk Space 🔧	2026-09-23T08:00:09.5585625Z ^[[36;1m# Output saved space statistic^[[0m
higress-wasmplugin-test (GO)	Free Up GitHub Actions Ubuntu Runner Disk Space 🔧	2026-09-23T08:00:09.5585885Z ^[[36;1m^[[0m
higress-wasmplugin-test (GO)	Free Up GitHub Actions Ubuntu Runner Disk Space 🔧	2026-09-23T08:00:09.5586089Z ^[[36;1mAVAILABLE_END=$(getAvailableSpace)^[[0m
higress-wasmplugin-test (GO)	Free Up GitHub Actions Ubuntu Runner Disk Space 🔧	2026-09-23T08:00:09.5586402Z ^[[36;1mAVAILABLE_ROOT_END=$(getAvailableSpace '/')^[[0m
higress-wasmplugin-test (GO)	Free Up GitHub Actions Ubuntu Runner Disk Space 🔧	2026-09-23T08:00:09.5586692Z ^[[36;1m^[[0m
higress-wasmplugin-test (GO)	Free Up GitHub Actions Ubuntu Runner Disk Space 🔧	2026-09-23T08:00:09.5586869Z ^[[36;1mecho ""^[[0m
higress-wasmplugin-test (GO)	Free Up GitHub Actions Ubuntu Runner Disk Space 🔧	2026-09-23T08:00:09.5587081Z ^[[36;1mprintDH "AFTER CLEAN-UP:"^[[0m
higress-wasmplugin-test (GO)	Free Up GitHub Actions Ubuntu Runner Disk Space 🔧	2026-09-23T08:00:09.5587317Z ^[[36;1m^[[0m
higress-wasmplugin-test (GO)	Free Up GitHub Actions Ubuntu Runner Disk Space 🔧	2026-09-23T08:00:09.5587501Z ^[[36;1mecho ""^[[0m
higress-wasmplugin-test (GO)	Free Up GitHub Actions Ubuntu Runner Disk Space 🔧	2026-09-23T08:00:09.5587690Z ^[[36;1mecho ""^[[0m
higress-wasmplugin-test (GO)	Free Up GitHub Actions Ubuntu Runner Disk Space 🔧	2026-09-23T08:00:09.5587876Z ^[[36;1m^[[0m
higress-wasmplugin-test (GO)	Free Up GitHub Actions Ubuntu Runner Disk Space 🔧	2026-09-23T08:00:09.5588062Z ^[[36;1mecho "/dev/root:"^[[0m
higress-wasmplugin-test (GO)	Free Up GitHub Actions Ubuntu Runner Disk Space 🔧	2026-09-23T08:00:09.5588404Z ^[[36;1mprintSavedSpace $((AVAILABLE_ROOT_END - AVAILABLE_ROOT_INITIAL))^[[0m
higress-wasmplugin-test (GO)	Free Up GitHub Actions Ubuntu Runner Disk Space 🔧	2026-09-23T08:00:09.5588947Z ^[[36;1mecho "overall:"^[[0m
higress-wasmplugin-test (GO)	Free Up GitHub Actions Ubuntu Runner Disk Space 🔧	2026-09-23T08:00:09.5589259Z ^[[36;1mprintSavedSpace $((AVAILABLE_END - AVAILABLE_INITIAL))^[[0m
higress-wasmplugin-test (GO)	Free Up GitHub Actions Ubuntu Runner Disk Space 🔧	2026-09-23T08:00:09.5662875Z shell: /usr/bin/bash --noprofile --norc -e -o pipefail {0}
higress-wasmplugin-test (GO)	Free Up GitHub Actions Ubuntu Runner Disk Space 🔧	2026-09-23T08:00:09.5663218Z env:
higress-wasmplugin-test (GO)	Free Up GitHub Actions Ubuntu Runner Disk Space 🔧	2026-09-23T08:00:09.5663410Z   ANDROID: true
higress-wasmplugin-test (GO)	Free Up GitHub Actions Ubuntu Runner Disk Space 🔧	2026-09-23T08:00:09.5663616Z   DOTNET: true
higress-wasmplugin-test (GO)	Free Up GitHub Actions Ubuntu Runner Disk Space 🔧	2026-09-23T08:00:09.5663807Z   HASKELL: true
higress-wasmplugin-test (GO)	Free Up GitHub Actions Ubuntu Runner Disk Space 🔧	2026-09-23T08:00:09.5664012Z   LARGE_PACKAGES: true
higress-wasmplugin-test (GO)	Free Up GitHub Actions Ubuntu Runner Disk Space 🔧	2026-09-23T08:00:09.5664226Z   DOCKER_IMAGES: true
higress-wasmplugin-test (GO)	Free Up GitHub Actions Ubuntu Runner Disk Space 🔧	2026-09-23T08:00:09.5664460Z   PREINSTALLED_RUNTIMES: false
higress-wasmplugin-test (GO)	Free Up GitHub Actions Ubuntu Runner Disk Space 🔧	2026-09-23T08:00:09.5664704Z   TOOL_CACHE: false
higress-wasmplugin-test (GO)	Free Up GitHub Actions Ubuntu Runner Disk Space 🔧	2026-09-23T08:00:09.5664908Z   SWAP_STORAGE: true
higress-wasmplugin-test (GO)	Free Up GitHub Actions Ubuntu Runner Disk Space 🔧	2026-09-23T08:00:09.5665114Z ##[endgroup]
higress-wasmplugin-test (GO)	Free Up GitHub Actions Ubuntu Runner Disk Space 🔧	2026-09-23T08:00:09.5932686Z ================================================================================
higress-wasmplugin-test (GO)	Free Up GitHub Actions Ubuntu Runner Disk Space 🔧	2026-09-23T08:00:09.5933154Z BEFORE CLEAN-UP:
higress-wasmplugin-test (GO)	Free Up GitHub Actions Ubuntu Runner Disk Space 🔧	2026-09-23T08:00:09.5933294Z 
higress-wasmplugin-test (GO)	Free Up GitHub Actions Ubuntu Runner Disk Space 🔧	2026-09-23T08:00:09.5933395Z $ dh -h /
higress-wasmplugin-test (GO)	Free Up GitHub Actions Ubuntu Runner Disk Space 🔧	2026-09-23T08:00:09.5933512Z 
higress-wasmplugin-test (GO)	Free Up GitHub Actions Ubuntu Runner Disk Space 🔧	2026-09-23T08:00:09.5946309Z Filesystem      Size  Used Avail Use% Mounted on
higress-wasmplugin-test (GO)	Free Up GitHub Actions Ubuntu Runner Disk Space 🔧	2026-09-23T08:00:09.5946909Z /dev/root       146G   60G   87G  41% /
higress-wasmplugin-test (GO)	Free Up GitHub Actions Ubuntu Runner Disk Space 🔧	2026-09-23T08:00:09.5948341Z $ dh -a /
higress-wasmplugin-test (GO)	Free Up GitHub Actions Ubuntu Runner Disk Space 🔧	2026-09-23T08:00:09.5948530Z 
higress-wasmplugin-test (GO)	Free Up GitHub Actions Ubuntu Runner Disk Space 🔧	2026-09-23T08:00:09.5961651Z Filesystem     1K-blocks     Used Available Use% Mounted on
higress-wasmplugin-test (GO)	Free Up GitHub Actions Ubuntu Runner Disk Space 🔧	2026-09-23T08:00:09.5962076Z /dev/root      152243760 62021432  90205944  41% /
higress-wasmplugin-test (GO)	Free Up GitHub Actions Ubuntu Runner Disk Space 🔧	2026-09-23T08:00:09.5963490Z $ dh -a
higress-wasmplugin-test (GO)	Free Up GitHub Actions Ubuntu Runner Disk Space 🔧	2026-09-23T08:00:09.5963668Z 
higress-wasmplugin-test (GO)	Free Up GitHub Actions Ubuntu Runner Disk Space 🔧	2026-09-23T08:00:09.5981066Z Filesystem     1K-blocks     Used Available Use% Mounted on
higress-wasmplugin-test (GO)	Free Up GitHub Actions Ubuntu Runner Disk Space 🔧	2026-09-23T08:00:09.5981505Z /dev/root      152243760 62021432  90205944  41% /
higress-wasmplugin-test (GO)	Free Up GitHub Actions Ubuntu Runner Disk Space 🔧	2026-09-23T08:00:09.5981895Z devtmpfs         8172648        0   8172648   0% /dev
higress-wasmplugin-test (GO)	Free Up GitHub Actions Ubuntu Runner Disk Space 🔧	2026-09-23T08:00:09.5982431Z proc                   0        0         0    - /proc
higress-wasmplugin-test (GO)	Free Up GitHub Actions Ubuntu Runner Disk Space 🔧	2026-09-23T08:00:09.5982921Z sysfs                  0        0         0    - /sys
higress-wasmplugin-test (GO)	Free Up GitHub Actions Ubuntu Runner Disk Space 🔧	2026-09-23T08:00:09.5983483Z securityfs             0        0         0    - /sys/kernel/security
higress-wasmplugin-test (GO)	Free Up GitHub Actions Ubuntu Runner Disk Space 🔧	2026-09-23T08:00:09.5984066Z tmpfs            8186236      172   8186064   1% /dev/shm
higress-wasmplugin-test (GO)	Free Up GitHub Actions Ubuntu Runner Disk Space 🔧	2026-09-23T08:00:09.5984609Z devpts                 0        0         0    - /dev/pts
higress-wasmplugin-test (GO)	Free Up GitHub Actions Ubuntu Runner Disk Space 🔧	2026-09-23T08:00:09.5985121Z tmpfs            3274496     1016   3273480   1% /run
higress-wasmplugin-test (GO)	Free Up GitHub Actions Ubuntu Runner Disk Space 🔧	2026-09-23T08:00:09.5985795Z tmpfs               5120        0      5120   0% /run/lock
higress-wasmplugin-test (GO)	Free Up GitHub Actions Ubuntu Runner Disk Space 🔧	2026-09-23T08:00:09.5986340Z cgroup2                0        0         0    - /sys/fs/cgroup
higress-wasmplugin-test (GO)	Free Up GitHub Actions Ubuntu Runner Disk Space 🔧	2026-09-23T08:00:09.5986899Z pstore                 0        0         0    - /sys/fs/pstore
higress-wasmplugin-test (GO)	Free Up GitHub Actions Ubuntu Runner Disk Space 🔧	2026-09-23T08:00:09.5987504Z efivarfs          131072       34    131034   1% /sys/firmware/efi/efivars
higress-wasmplugin-test (GO)	Free Up GitHub Actions Ubuntu Runner Disk Space 🔧	2026-09-23T08:00:09.5988103Z bpf                    0        0         0    - /sys/fs/bpf
higress-wasmplugin-test (GO)	Free Up GitHub Actions Ubuntu Runner Disk Space 🔧	2026-09-23T08:00:09.5988665Z systemd-1              -        -         -    - /proc/sys/fs/binfmt_misc
higress-wasmplugin-test (GO)	Free Up GitHub Actions Ubuntu Runner Disk Space 🔧	2026-09-23T08:00:09.5989309Z hugetlbfs              0        0         0    - /dev/hugepages
higress-wasmplugin-test (GO)	Free Up GitHub Actions Ubuntu Runner Disk Space 🔧	2026-09-23T08:00:09.5989858Z mqueue                 0        0         0    - /dev/mqueue
higress-wasmplugin-test (GO)	Free Up GitHub Actions Ubuntu Runner Disk Space 🔧	2026-09-23T08:00:09.5990406Z debugfs                0        0         0    - /sys/kernel/debug
higress-wasmplugin-test (GO)	Free Up GitHub Actions Ubuntu Runner Disk Space 🔧	2026-09-23T08:00:09.5991028Z tracefs                0        0         0    - /sys/kernel/tracing
higress-wasmplugin-test (GO)	Free Up GitHub Actions Ubuntu Runner Disk Space 🔧	2026-09-23T08:00:09.5991629Z fusectl                0        0         0    - /sys/fs/fuse/connections
higress-wasmplugin-test (GO)	Free Up GitHub Actions Ubuntu Runner Disk Space 🔧	2026-09-23T08:00:09.5992209Z configfs               0        0         0    - /sys/kernel/config
higress-wasmplugin-test (GO)	Free Up GitHub Actions Ubuntu Runner Disk Space 🔧	2026-09-23T08:00:09.5992856Z ramfs                  0        0         0    - /run/credentials/systemd-sysusers.service
higress-wasmplugin-test (GO)	Free Up GitHub Actions Ubuntu Runner Disk Space 🔧	2026-09-23T08:00:09.5993497Z /dev/loop0         75776    75776         0 100% /snap/core22/2411
higress-wasmplugin-test (GO)	Free Up GitHub Actions Ubuntu Runner Disk Space 🔧	2026-09-23T08:00:09.5994071Z /dev/loop1        118144   118144         0 100% /snap/lxd/40338
higress-wasmplugin-test (GO)	Free Up GitHub Actions Ubuntu Runner Disk Space 🔧	2026-09-23T08:00:09.5994597Z /dev/loop2         51328    51328         0 100% /snap/snapd/27591
higress-wasmplugin-test (GO)	Free Up GitHub Actions Ubuntu Runner Disk Space 🔧	2026-09-23T08:00:09.5994933Z /dev/sda15        106832     6194    100638   6% /boot/efi
higress-wasmplugin-test (GO)	Free Up GitHub Actions Ubuntu Runner Disk Space 🔧	2026-09-23T08:00:09.5995288Z binfmt_misc            0        0         0    - /proc/sys/fs/binfmt_misc
higress-wasmplugin-test (GO)	Free Up GitHub Actions Ubuntu Runner Disk Space 🔧	2026-09-23T08:00:09.5995983Z tmpfs            1637244       12   1637232   1% /run/user/1001
higress-wasmplugin-test (GO)	Free Up GitHub Actions Ubuntu Runner Disk Space 🔧	2026-09-23T08:00:09.5996554Z tmpfs            3274496     1016   3273480   1% /run/snapd/ns
higress-wasmplugin-test (GO)	Free Up GitHub Actions Ubuntu Runner Disk Space 🔧	2026-09-23T08:00:09.5996901Z nsfs                   0        0         0    - /run/snapd/ns/lxd.mnt
higress-wasmplugin-test (GO)	Free Up GitHub Actions Ubuntu Runner Disk Space 🔧	2026-09-23T08:00:09.5997547Z ================================================================================
higress-wasmplugin-test (GO)	Free Up GitHub Actions Ubuntu Runner Disk Space 🔧	2026-09-23T08:00:09.5998040Z 
higress-wasmplugin-test (GO)	Free Up GitHub Actions Ubuntu Runner Disk Space 🔧	2026-09-23T08:00:39.2783271Z 
higress-wasmplugin-test (GO)	Free Up GitHub Actions Ubuntu Runner Disk Space 🔧	2026-09-23T08:00:39.2806719Z ********************************************************************************
higress-wasmplugin-test (GO)	Free Up GitHub Actions Ubuntu Runner Disk Space 🔧	2026-09-23T08:00:39.3136168Z => Android library: Saved 11GiB
higress-wasmplugin-test (GO)	Free Up GitHub Actions Ubuntu Runner Disk Space 🔧	2026-09-23T08:00:39.3142724Z ********************************************************************************
higress-wasmplugin-test (GO)	Free Up GitHub Actions Ubuntu Runner Disk Space 🔧	2026-09-23T08:00:39.3144569Z 
higress-wasmplugin-test (GO)	Free Up GitHub Actions Ubuntu Runner Disk Space 🔧	2026-09-23T08:00:44.4939140Z 
higress-wasmplugin-test (GO)	Free Up GitHub Actions Ubuntu Runner Disk Space 🔧	2026-09-23T08:00:44.4945930Z ********************************************************************************
higress-wasmplugin-test (GO)	Free Up GitHub Actions Ubuntu Runner Disk Space 🔧	2026-09-23T08:00:44.4968368Z => .NET runtime: Saved 5.7GiB
higress-wasmplugin-test (GO)	Free Up GitHub Actions Ubuntu Runner Disk Space 🔧	2026-09-23T08:00:44.4974669Z ********************************************************************************
higress-wasmplugin-test (GO)	Free Up GitHub Actions Ubuntu Runner Disk Space 🔧	2026-09-23T08:00:44.4974989Z 
higress-wasmplugin-test (GO)	Free Up GitHub Actions Ubuntu Runner Disk Space 🔧	2026-09-23T08:00:45.7211787Z 
higress-wasmplugin-test (GO)	Free Up GitHub Actions Ubuntu Runner Disk Space 🔧	2026-09-23T08:00:45.7220236Z ********************************************************************************
higress-wasmplugin-test (GO)	Free Up GitHub Actions Ubuntu Runner Disk Space 🔧	2026-09-23T08:00:45.7241471Z => Haskell runtime: Saved 3.6GiB
higress-wasmplugin-test (GO)	Free Up GitHub Actions Ubuntu Runner Disk Space 🔧	2026-09-23T08:00:45.7264796Z ********************************************************************************
higress-wasmplugin-test (GO)	Free Up GitHub Actions Ubuntu Runner Disk Space 🔧	2026-09-23T08:00:45.7265267Z 
higress-wasmplugin-test (GO)	Free Up GitHub Actions Ubuntu Runner Disk Space 🔧	2026-09-23T08:00:53.8404481Z Reading package lists...
higress-wasmplugin-test (GO)	Free Up GitHub Actions Ubuntu Runner Disk Space 🔧	2026-09-23T08:00:54.1067636Z Building dependency tree...
higress-wasmplugin-test (GO)	Free Up GitHub Actions Ubuntu Runner Disk Space 🔧	2026-09-23T08:00:54.1082372Z Reading state information...
higress-wasmplugin-test (GO)	Free Up GitHub Actions Ubuntu Runner Disk Space 🔧	2026-09-23T08:00:54.3960141Z Package 'aspnetcore-targeting-pack-3.1' is not installed, so not removed
higress-wasmplugin-test (GO)	Free Up GitHub Actions Ubuntu Runner Disk Space 🔧	2026-09-23T08:00:54.3961030Z Package 'aspnetcore-runtime-6.0' is not installed, so not removed
higress-wasmplugin-test (GO)	Free Up GitHub Actions Ubuntu Runner Disk Space 🔧	2026-09-23T08:00:54.3961508Z Package 'aspnetcore-targeting-pack-6.0' is not installed, so not removed
higress-wasmplugin-test (GO)	Free Up GitHub Actions Ubuntu Runner Disk Space 🔧	2026-09-23T08:00:54.3961964Z Package 'aspnetcore-runtime-7.0' is not installed, so not removed
higress-wasmplugin-test (GO)	Free Up GitHub Actions Ubuntu Runner Disk Space 🔧	2026-09-23T08:00:54.3962397Z Package 'aspnetcore-runtime-dbg-8.0' is not installed, so not removed
higress-wasmplugin-test (GO)	Free Up GitHub Actions Ubuntu Runner Disk Space 🔧	2026-09-23T08:00:54.3962857Z Package 'aspnetcore-targeting-pack-7.0' is not installed, so not removed
higress-wasmplugin-test (GO)	Free Up GitHub Actions Ubuntu Runner Disk Space 🔧	2026-09-23T08:00:54.3963346Z Package 'aspnetcore-runtime-3.1' is not installed, so not removed
higress-wasmplugin-test (GO)	Free Up GitHub Actions Ubuntu Runner Disk Space 🔧	2026-09-23T08:00:54.3963775Z Package 'aspnetcore-targeting-pack-9.0' is not installed, so not removed
higress-wasmplugin-test (GO)	Free Up GitHub Actions Ubuntu Runner Disk Space 🔧	2026-09-23T08:00:54.3964202Z Package 'aspnetcore-runtime-8.0' is not installed, so not removed
higress-wasmplugin-test (GO)	Free Up GitHub Actions Ubuntu Runner Disk Space 🔧	2026-09-23T08:00:54.3964619Z Package 'aspnetcore-targeting-pack-8.0' is not installed, so not removed
higress-wasmplugin-test (GO)	Free Up GitHub Actions Ubuntu Runner Disk Space 🔧	2026-09-23T08:00:54.3965298Z Package 'aspnetcore-runtime-9.0' is not installed, so not removed
higress-wasmplugin-test (GO)	Free Up GitHub Actions Ubuntu Runner Disk Space 🔧	2026-09-23T08:00:54.3966019Z 0 upgraded, 0 newly installed, 0 to remove and 8 not upgraded.
higress-wasmplugin-test (GO)	Free Up GitHub Actions Ubuntu Runner Disk Space 🔧	2026-09-23T08:00:54.4545713Z Reading package lists...
higress-wasmplugin-test (GO)	Free Up GitHub Actions Ubuntu Runner Disk Space 🔧	2026-09-23T08:00:54.7011754Z Building dependency tree...
higress-wasmplugin-test (GO)	Free Up GitHub Actions Ubuntu Runner Disk Space 🔧	2026-09-23T08:00:54.7023403Z Reading state information...
higress-wasmplugin-test (GO)	Free Up GitHub Actions Ubuntu Runner Disk Space 🔧	2026-09-23T08:00:54.9822215Z Package 'dotnet-nightly' is not installed, so not removed
higress-wasmplugin-test (GO)	Free Up GitHub Actions Ubuntu Runner Disk Space 🔧	2026-09-23T08:00:54.9823014Z Package 'dotnet-targeting-pack-3.1' is not installed, so not removed
higress-wasmplugin-test (GO)	Free Up GitHub Actions Ubuntu Runner Disk Space 🔧	2026-09-23T08:00:54.9823747Z Package 'dotnet-apphost-pack-6.0' is not installed, so not removed
higress-wasmplugin-test (GO)	Free Up GitHub Actions Ubuntu Runner Disk Space 🔧	2026-09-23T08:00:54.9824438Z Package 'dotnet-host-8.0' is not installed, so not removed
higress-wasmplugin-test (GO)	Free Up GitHub Actions Ubuntu Runner Disk Space 🔧	2026-09-23T08:00:54.9825041Z Package 'dotnet-hostfxr-6.0' is not installed, so not removed
higress-wasmplugin-test (GO)	Free Up GitHub Actions Ubuntu Runner Disk Space 🔧	2026-09-23T08:00:54.9825883Z Package 'dotnet-runtime-6.0' is not installed, so not removed
higress-wasmplugin-test (GO)	Free Up GitHub Actions Ubuntu Runner Disk Space 🔧	2026-09-23T08:00:54.9826582Z Package 'dotnet-sdk-6.0-source-built-artifacts' is not installed, so not removed
higress-wasmplugin-test (GO)	Free Up GitHub Actions Ubuntu Runner Disk Space 🔧	2026-09-23T08:00:54.9827414Z Package 'dotnet-sdk-8.0-source-built-artifacts' is not installed, so not removed
higress-wasmplugin-test (GO)	Free Up GitHub Actions Ubuntu Runner Disk Space 🔧	2026-09-23T08:00:54.9828223Z Package 'dotnet-targeting-pack-6.0' is not installed, so not removed
higress-wasmplugin-test (GO)	Free Up GitHub Actions Ubuntu Runner Disk Space 🔧	2026-09-23T08:00:54.9828930Z Package 'dotnet-templates-6.0' is not installed, so not removed
higress-wasmplugin-test (GO)	Free Up GitHub Actions Ubuntu Runner Disk Space 🔧	2026-09-23T08:00:54.9829592Z Package 'dotnet-templates-8.0' is not installed, so not removed
higress-wasmplugin-test (GO)	Free Up GitHub Actions Ubuntu Runner Disk Space 🔧	2026-09-23T08:00:54.9830233Z Package 'dotnet-apphost-pack-7.0' is not installed, so not removed
higress-wasmplugin-test (GO)	Free Up GitHub Actions Ubuntu Runner Disk Space 🔧	2026-09-23T08:00:54.9830845Z Package 'dotnet-host-7.0' is not installed, so not removed
higress-wasmplugin-test (GO)	Free Up GitHub Actions Ubuntu Runner Disk Space 🔧	2026-09-23T08:00:54.9831716Z Package 'dotnet-hostfxr-7.0' is not installed, so not removed
higress-wasmplugin-test (GO)	Free Up GitHub Actions Ubuntu Runner Disk Space 🔧	2026-09-23T08:00:54.9832098Z Package 'dotnet-runtime-7.0' is not installed, so not removed
higress-wasmplugin-test (GO)	Free Up GitHub Actions Ubuntu Runner Disk Space 🔧	2026-09-23T08:00:54.9832499Z Package 'dotnet-runtime-dbg-8.0' is not installed, so not removed
higress-wasmplugin-test (GO)	Free Up GitHub Actions Ubuntu Runner Disk Space 🔧	2026-09-23T08:00:54.9832999Z Package 'dotnet-sdk-7.0-source-built-artifacts' is not installed, so not removed
higress-wasmplugin-test (GO)	Free Up GitHub Actions Ubuntu Runner Disk Space 🔧	2026-09-23T08:00:54.9833470Z Package 'dotnet-sdk-dbg-8.0' is not installed, so not removed
higress-wasmplugin-test (GO)	Free Up GitHub Actions Ubuntu Runner Disk Space 🔧	2026-09-23T08:00:54.9834048Z Package 'dotnet-targeting-pack-7.0' is not installed, so not removed
higress-wasmplugin-test (GO)	Free Up GitHub Actions Ubuntu Runner Disk Space 🔧	2026-09-23T08:00:54.9834692Z Package 'dotnet-templates-7.0' is not installed, so not removed
higress-wasmplugin-test (GO)	Free Up GitHub Actions Ubuntu Runner Disk Space 🔧	2026-09-23T08:00:54.9835096Z Package 'dotnet-runtime-8.0' is not installed, so not removed
higress-wasmplugin-test (GO)	Free Up GitHub Actions Ubuntu Runner Disk Space 🔧	2026-09-23T08:00:54.9835707Z Package 'dotnet-runtime-3.1' is not installed, so not removed
higress-wasmplugin-test (GO)	Free Up GitHub Actions Ubuntu Runner Disk Space 🔧	2026-09-23T08:00:54.9836096Z Package 'dotnet-sdk-6.0' is not installed, so not removed
higress-wasmplugin-test (GO)	Free Up GitHub Actions Ubuntu Runner Disk Space 🔧	2026-09-23T08:00:54.9836495Z Package 'dotnet-runtime-deps-6.0' is not installed, so not removed
higress-wasmplugin-test (GO)	Free Up GitHub Actions Ubuntu Runner Disk Space 🔧	2026-09-23T08:00:54.9837087Z Package 'dotnet-sdk-7.0' is not installed, so not removed
higress-wasmplugin-test (GO)	Free Up GitHub Actions Ubuntu Runner Disk Space 🔧	2026-09-23T08:00:54.9837461Z Package 'dotnet-runtime-deps-7.0' is not installed, so not removed
higress-wasmplugin-test (GO)	Free Up GitHub Actions Ubuntu Runner Disk Space 🔧	2026-09-23T08:00:54.9837836Z Package 'dotnet-sdk-8.0' is not installed, so not removed
higress-wasmplugin-test (GO)	Free Up GitHub Actions Ubuntu Runner Disk Space 🔧	2026-09-23T08:00:54.9838208Z Package 'dotnet-apphost-pack-9.0' is not installed, so not removed
higress-wasmplugin-test (GO)	Free Up GitHub Actions Ubuntu Runner Disk Space 🔧	2026-09-23T08:00:54.9838652Z Package 'dotnet-targeting-pack-9.0' is not installed, so not removed
higress-wasmplugin-test (GO)	Free Up GitHub Actions Ubuntu Runner Disk Space 🔧	2026-09-23T08:00:54.9839041Z Package 'dotnet-host' is not installed, so not removed
higress-wasmplugin-test (GO)	Free Up GitHub Actions Ubuntu Runner Disk Space 🔧	2026-09-23T08:00:54.9839413Z Package 'dotnet-runtime-deps-8.0' is not installed, so not removed
higress-wasmplugin-test (GO)	Free Up GitHub Actions Ubuntu Runner Disk Space 🔧	2026-09-23T08:00:54.9839786Z Package 'dotnet-sdk-3.1' is not installed, so not removed
higress-wasmplugin-test (GO)	Free Up GitHub Actions Ubuntu Runner Disk Space 🔧	2026-09-23T08:00:54.9840179Z Package 'dotnet-runtime-deps-3.1' is not installed, so not removed
higress-wasmplugin-test (GO)	Free Up GitHub Actions Ubuntu Runner Disk Space 🔧	2026-09-23T08:00:54.9840579Z Package 'dotnet-sdk-9.0' is not installed, so not removed
higress-wasmplugin-test (GO)	Free Up GitHub Actions Ubuntu Runner Disk Space 🔧	2026-09-23T08:00:54.9840980Z Package 'dotnet-apphost-pack-3.1' is not installed, so not removed
higress-wasmplugin-test (GO)	Free Up GitHub Actions Ubuntu Runner Disk Space 🔧	2026-09-23T08:00:54.9841423Z Package 'dotnet-apphost-pack-8.0' is not installed, so not removed
higress-wasmplugin-test (GO)	Free Up GitHub Actions Ubuntu Runner Disk Space 🔧	2026-09-23T08:00:54.9841839Z Package 'dotnet-runtime-deps-9.0' is not installed, so not removed
higress-wasmplugin-test (GO)	Free Up GitHub Actions Ubuntu Runner Disk Space 🔧	2026-09-23T08:00:54.9842245Z Package 'dotnet-hostfxr-3.1' is not installed, so not removed
higress-wasmplugin-test (GO)	Free Up GitHub Actions Ubuntu Runner Disk Space 🔧	2026-09-23T08:00:54.9842628Z Package 'dotnet-runtime-9.0' is not installed, so not removed
higress-wasmplugin-test (GO)	Free Up GitHub Actions Ubuntu Runner Disk Space 🔧	2026-09-23T08:00:54.9843230Z Package 'dotnet-targeting-pack-8.0' is not installed, so not removed
higress-wasmplugin-test (GO)	Free Up GitHub Actions Ubuntu Runner Disk Space 🔧	2026-09-23T08:00:54.9843853Z Package 'dotnet-hostfxr-8.0' is not installed, so not removed
higress-wasmplugin-test (GO)	Free Up GitHub Actions Ubuntu Runner Disk Space 🔧	2026-09-23T08:00:54.9844426Z Package 'dotnet-hostfxr-9.0' is not installed, so not removed
higress-wasmplugin-test (GO)	Free Up GitHub Actions Ubuntu Runner Disk Space 🔧	2026-09-23T08:00:54.9845029Z 0 upgraded, 0 newly installed, 0 to remove and 8 not upgraded.
higress-wasmplugin-test (GO)	Free Up GitHub Actions Ubuntu Runner Disk Space 🔧	2026-09-23T08:00:55.0390321Z Reading package lists...
higress-wasmplugin-test (GO)	Free Up GitHub Actions Ubuntu Runner Disk Space 🔧	2026-09-23T08:00:55.2885087Z Building dependency tree...
higress-wasmplugin-test (GO)	Free Up GitHub Actions Ubuntu Runner Disk Space 🔧	2026-09-23T08:00:55.2896548Z Reading state information...
higress-wasmplugin-test (GO)	Free Up GitHub Actions Ubuntu Runner Disk Space 🔧	2026-09-23T08:00:55.5645621Z Package 'llvm-17' is not installed, so not removed
higress-wasmplugin-test (GO)	Free Up GitHub Actions Ubuntu Runner Disk Space 🔧	2026-09-23T08:00:55.5646336Z Package 'llvm-18' is not installed, so not removed
higress-wasmplugin-test (GO)	Free Up GitHub Actions Ubuntu Runner Disk Space 🔧	2026-09-23T08:00:55.5646930Z Package 'llvm-19' is not installed, so not removed
higress-wasmplugin-test (GO)	Free Up GitHub Actions Ubuntu Runner Disk Space 🔧	2026-09-23T08:00:55.5647446Z Package 'llvm-21' is not installed, so not removed
higress-wasmplugin-test (GO)	Free Up GitHub Actions Ubuntu Runner Disk Space 🔧	2026-09-23T08:00:55.5647981Z Package 'llvm-11' is not installed, so not removed
higress-wasmplugin-test (GO)	Free Up GitHub Actions Ubuntu Runner Disk Space 🔧	2026-09-23T08:00:55.5648558Z Package 'llvm-11-dev' is not installed, so not removed
higress-wasmplugin-test (GO)	Free Up GitHub Actions Ubuntu Runner Disk Space 🔧	2026-09-23T08:00:55.5649250Z Package 'llvm-11-doc' is not installed, so not removed
higress-wasmplugin-test (GO)	Free Up GitHub Actions Ubuntu Runner Disk Space 🔧	2026-09-23T08:00:55.5649955Z Package 'llvm-11-examples' is not installed, so not removed
higress-wasmplugin-test (GO)	Free Up GitHub Actions Ubuntu Runner Disk Space 🔧	2026-09-23T08:00:55.5650630Z Package 'llvm-11-linker-tools' is not installed, so not removed
higress-wasmplugin-test (GO)	Free Up GitHub Actions Ubuntu Runner Disk Space 🔧	2026-09-23T08:00:55.5651247Z Package 'llvm-11-runtime' is not installed, so not removed
higress-wasmplugin-test (GO)	Free Up GitHub Actions Ubuntu Runner Disk Space 🔧	2026-09-23T08:00:55.5651847Z Package 'llvm-11-tools' is not installed, so not removed
higress-wasmplugin-test (GO)	Free Up GitHub Actions Ubuntu Runner Disk Space 🔧	2026-09-23T08:00:55.5652412Z Package 'llvm-12' is not installed, so not removed
higress-wasmplugin-test (GO)	Free Up GitHub Actions Ubuntu Runner Disk Space 🔧	2026-09-23T08:00:55.5652966Z Package 'llvm-12-dev' is not installed, so not removed
higress-wasmplugin-test (GO)	Free Up GitHub Actions Ubuntu Runner Disk Space 🔧	2026-09-23T08:00:55.5653580Z Package 'llvm-12-doc' is not installed, so not removed
higress-wasmplugin-test (GO)	Free Up GitHub Actions Ubuntu Runner Disk Space 🔧	2026-09-23T08:00:55.5654677Z Package 'llvm-12-examples' is not installed, so not removed
higress-wasmplugin-test (GO)	Free Up GitHub Actions Ubuntu Runner Disk Space 🔧	2026-09-23T08:00:55.5655755Z Package 'llvm-12-linker-tools' is not installed, so not removed
higress-wasmplugin-test (GO)	Free Up GitHub Actions Ubuntu Runner Disk Space 🔧	2026-09-23T08:00:55.5656470Z Package 'llvm-12-runtime' is not installed, so not removed
higress-wasmplugin-test (GO)	Free Up GitHub Actions Ubuntu Runner Disk Space 🔧	2026-09-23T08:00:55.5657194Z Package 'llvm-12-tools' is not installed, so not removed
higress-wasmplugin-test (GO)	Free Up GitHub Actions Ubuntu Runner Disk Space 🔧	2026-09-23T08:00:55.5657891Z Package 'llvm-dev' is not installed, so not removed
higress-wasmplugin-test (GO)	Free Up GitHub Actions Ubuntu Runner Disk Space 🔧	2026-09-23T08:00:55.5658531Z Package 'llvm-runtime' is not installed, so not removed
higress-wasmplugin-test (GO)	Free Up GitHub Actions Ubuntu Runner Disk Space 🔧	2026-09-23T08:00:55.5659129Z Package 'llvm-spirv' is not installed, so not removed
higress-wasmplugin-test (GO)	Free Up GitHub Actions Ubuntu Runner Disk Space 🔧	2026-09-23T08:00:55.5659733Z Package 'llvm-spirv-12' is not installed, so not removed
higress-wasmplugin-test (GO)	Free Up GitHub Actions Ubuntu Runner Disk Space 🔧	2026-09-23T08:00:55.5660318Z Package 'llvm-15-doc' is not installed, so not removed
higress-wasmplugin-test (GO)	Free Up GitHub Actions Ubuntu Runner Disk Space 🔧	2026-09-23T08:00:55.5660921Z Package 'llvm-15-examples' is not installed, so not removed
higress-wasmplugin-test (GO)	Free Up GitHub Actions Ubuntu Runner Disk Space 🔧	2026-09-23T08:00:55.5661535Z Package 'llvm-13-doc' is not installed, so not removed
higress-wasmplugin-test (GO)	Free Up GitHub Actions Ubuntu Runner Disk Space 🔧	2026-09-23T08:00:55.5662150Z Package 'llvm-13-examples' is not installed, so not removed
higress-wasmplugin-test (GO)	Free Up GitHub Actions Ubuntu Runner Disk Space 🔧	2026-09-23T08:00:55.5663090Z Package 'llvm-14-doc' is not installed, so not removed
higress-wasmplugin-test (GO)	Free Up GitHub Actions Ubuntu Runner Disk Space 🔧	2026-09-23T08:00:55.5663682Z Package 'llvm-14-examples' is not installed, so not removed
higress-wasmplugin-test (GO)	Free Up GitHub Actions Ubuntu Runner Disk Space 🔧	2026-09-23T08:00:55.5664337Z Package 'llvm-spirv-14' is not installed, so not removed
higress-wasmplugin-test (GO)	Free Up GitHub Actions Ubuntu Runner Disk Space 🔧	2026-09-23T08:00:55.5664977Z Package 'llvm-spirv-15' is not installed, so not removed
higress-wasmplugin-test (GO)	Free Up GitHub Actions Ubuntu Runner Disk Space 🔧	2026-09-23T08:00:55.5665724Z The following packages will be REMOVED:
higress-wasmplugin-test (GO)	Free Up GitHub Actions Ubuntu Runner Disk Space 🔧	2026-09-23T08:00:55.5666347Z   clang-13 clang-14 clang-15 clang-tidy-13 clang-tidy-14 clang-tidy-15
higress-wasmplugin-test (GO)	Free Up GitHub Actions Ubuntu Runner Disk Space 🔧	2026-09-23T08:00:55.5667231Z   clang-tools-13 clang-tools-14 clang-tools-15 lldb-14 llvm-13 llvm-13-dev
higress-wasmplugin-test (GO)	Free Up GitHub Actions Ubuntu Runner Disk Space 🔧	2026-09-23T08:00:55.5668098Z   llvm-13-linker-tools llvm-13-runtime llvm-13-tools llvm-14 llvm-14-dev
higress-wasmplugin-test (GO)	Free Up GitHub Actions Ubuntu Runner Disk Space 🔧	2026-09-23T08:00:55.5669026Z   llvm-14-linker-tools llvm-14-runtime llvm-14-tools llvm-15 llvm-15-dev
higress-wasmplugin-test (GO)	Free Up GitHub Actions Ubuntu Runner Disk Space 🔧	2026-09-23T08:00:55.5669839Z   llvm-15-linker-tools llvm-15-runtime llvm-15-tools
higress-wasmplugin-test (GO)	Free Up GitHub Actions Ubuntu Runner Disk Space 🔧	2026-09-23T08:00:56.0622385Z 0 upgraded, 0 newly installed, 25 to remove and 8 not upgraded.
higress-wasmplugin-test (GO)	Free Up GitHub Actions Ubuntu Runner Disk Space 🔧	2026-09-23T08:00:56.0622925Z After this operation, 1150 MB disk space will be freed.
higress-wasmplugin-test (GO)	Free Up GitHub Actions Ubuntu Runner Disk Space 🔧	2026-09-23T08:00:56.1076183Z (Reading database ... 
higress-wasmplugin-test (GO)	Free Up GitHub Actions Ubuntu Runner Disk Space 🔧	2026-09-23T08:00:56.1076520Z (Reading database ... 5%
higress-wasmplugin-test (GO)	Free Up GitHub Actions Ubuntu Runner Disk Space 🔧	2026-09-23T08:00:56.1076777Z (Reading database ... 10%
higress-wasmplugin-test (GO)	Free Up GitHub Actions Ubuntu Runner Disk Space 🔧	2026-09-23T08:00:56.1077012Z (Reading database ... 15%
higress-wasmplugin-test (GO)	Free Up GitHub Actions Ubuntu Runner Disk Space 🔧	2026-09-23T08:00:56.1077232Z (Reading database ... 20%
higress-wasmplugin-test (GO)	Free Up GitHub Actions Ubuntu Runner Disk Space 🔧	2026-09-23T08:00:56.1077445Z (Reading database ... 25%
higress-wasmplugin-test (GO)	Free Up GitHub Actions Ubuntu Runner Disk Space 🔧	2026-09-23T08:00:56.1077874Z (Reading database ... 30%
higress-wasmplugin-test (GO)	Free Up GitHub Actions Ubuntu Runner Disk Space 🔧	2026-09-23T08:00:56.1078734Z (Reading database ... 35%
higress-wasmplugin-test (GO)	Free Up GitHub Actions Ubuntu Runner Disk Space 🔧	2026-09-23T08:00:56.1079061Z (Reading database ... 40%
higress-wasmplugin-test (GO)	Free Up GitHub Actions Ubuntu Runner Disk Space 🔧	2026-09-23T08:00:56.1079278Z (Reading database ... 45%
higress-wasmplugin-test (GO)	Free Up GitHub Actions Ubuntu Runner Disk Space 🔧	2026-09-23T08:00:56.1079489Z (Reading database ... 50%
higress-wasmplugin-test (GO)	Free Up GitHub Actions Ubuntu Runner Disk Space 🔧	2026-09-23T08:00:56.1825282Z (Reading database ... 55%
higress-wasmplugin-test (GO)	Free Up GitHub Actions Ubuntu Runner Disk Space 🔧	2026-09-23T08:00:56.4318872Z (Reading database ... 60%
higress-wasmplugin-test (GO)	Free Up GitHub Actions Ubuntu Runner Disk Space 🔧	2026-09-23T08:00:56.6407926Z (Reading database ... 65%
higress-wasmplugin-test (GO)	Free Up GitHub Actions Ubuntu Runner Disk Space 🔧	2026-09-23T08:00:56.8443178Z (Reading database ... 70%
higress-wasmplugin-test (GO)	Free Up GitHub Actions Ubuntu Runner Disk Space 🔧	2026-09-23T08:00:57.0367136Z (Reading database ... 75%
higress-wasmplugin-test (GO)	Free Up GitHub Actions Ubuntu Runner Disk Space 🔧	2026-09-23T08:00:57.2236069Z (Reading database ... 80%
higress-wasmplugin-test (GO)	Free Up GitHub Actions Ubuntu Runner Disk Space 🔧	2026-09-23T08:00:57.4749732Z (Reading database ... 85%
higress-wasmplugin-test (GO)	Free Up GitHub Actions Ubuntu Runner Disk Space 🔧	2026-09-23T08:00:57.6818201Z (Reading database ... 90%
higress-wasmplugin-test (GO)	Free Up GitHub Actions Ubuntu Runner Disk Space 🔧	2026-09-23T08:00:57.9024684Z (Reading database ... 95%
higress-wasmplugin-test (GO)	Free Up GitHub Actions Ubuntu Runner Disk Space 🔧	2026-09-23T08:00:57.9025199Z (Reading database ... 100%
higress-wasmplugin-test (GO)	Free Up GitHub Actions Ubuntu Runner Disk Space 🔧	2026-09-23T08:00:57.9025978Z (Reading database ... 262519 files and directories currently installed.)
higress-wasmplugin-test (GO)	Free Up GitHub Actions Ubuntu Runner Disk Space 🔧	2026-09-23T08:00:57.9088385Z Removing clang-tidy-13 (1:13.0.1-2ubuntu2.2) ...
higress-wasmplugin-test (GO)	Free Up GitHub Actions Ubuntu Runner Disk Space 🔧	2026-09-23T08:00:57.9296292Z Removing clang-tools-13 (1:13.0.1-2ubuntu2.2) ...
higress-wasmplugin-test (GO)	Free Up GitHub Actions Ubuntu Runner Disk Space 🔧	2026-09-23T08:00:57.9567168Z Removing clang-13 (1:13.0.1-2ubuntu2.2) ...
higress-wasmplugin-test (GO)	Free Up GitHub Actions Ubuntu Runner Disk Space 🔧	2026-09-23T08:00:57.9730297Z Removing clang-tidy-14 (1:14.0.0-1ubuntu1.1) ...
higress-wasmplugin-test (GO)	Free Up GitHub Actions Ubuntu Runner Disk Space 🔧	2026-09-23T08:00:58.1988532Z Removing clang-tools-14 (1:14.0.0-1ubuntu1.1) ...
higress-wasmplugin-test (GO)	Free Up GitHub Actions Ubuntu Runner Disk Space 🔧	2026-09-23T08:00:58.2250150Z Removing clang-14 (1:14.0.0-1ubuntu1.1) ...
higress-wasmplugin-test (GO)	Free Up GitHub Actions Ubuntu Runner Disk Space 🔧	2026-09-23T08:00:58.2405970Z Removing clang-tidy-15 (1:15.0.7-0ubuntu0.22.04.3) ...
higress-wasmplugin-test (GO)	Free Up GitHub Actions Ubuntu Runner Disk Space 🔧	2026-09-23T08:00:58.2555112Z Removing clang-tools-15 (1:15.0.7-0ubuntu0.22.04.3) ...
higress-wasmplugin-test (GO)	Free Up GitHub Actions Ubuntu Runner Disk Space 🔧	2026-09-23T08:00:58.2811181Z Removing clang-15 (1:15.0.7-0ubuntu0.22.04.3) ...
higress-wasmplugin-test (GO)	Free Up GitHub Actions Ubuntu Runner Disk Space 🔧	2026-09-23T08:00:58.2967920Z Removing lldb-14 (1:14.0.0-1ubuntu1.1) ...
higress-wasmplugin-test (GO)	Free Up GitHub Actions Ubuntu Runner Disk Space 🔧	2026-09-23T08:00:58.3114747Z Removing llvm-13-dev (1:13.0.1-2ubuntu2.2) ...
higress-wasmplugin-test (GO)	Free Up GitHub Actions Ubuntu Runner Disk Space 🔧	2026-09-23T08:00:58.5051405Z Removing llvm-13 (1:13.0.1-2ubuntu2.2) ...
higress-wasmplugin-test (GO)	Free Up GitHub Actions Ubuntu Runner Disk Space 🔧	2026-09-23T08:00:58.5328011Z Removing llvm-13-linker-tools (1:13.0.1-2ubuntu2.2) ...
higress-wasmplugin-test (GO)	Free Up GitHub Actions Ubuntu Runner Disk Space 🔧	2026-09-23T08:00:58.5483829Z Removing llvm-13-runtime (1:13.0.1-2ubuntu2.2) ...
higress-wasmplugin-test (GO)	Free Up GitHub Actions Ubuntu Runner Disk Space 🔧	2026-09-23T08:00:58.5817272Z Removing llvm-13-tools (1:13.0.1-2ubuntu2.2) ...
higress-wasmplugin-test (GO)	Free Up GitHub Actions Ubuntu Runner Disk Space 🔧	2026-09-23T08:00:58.6439139Z Removing llvm-14-dev (1:14.0.0-1ubuntu1.1) ...
higress-wasmplugin-test (GO)	Free Up GitHub Actions Ubuntu Runner Disk Space 🔧	2026-09-23T08:00:58.8393956Z Removing llvm-14 (1:14.0.0-1ubuntu1.1) ...
higress-wasmplugin-test (GO)	Free Up GitHub Actions Ubuntu Runner Disk Space 🔧	2026-09-23T08:00:58.8661887Z Removing llvm-14-linker-tools (1:14.0.0-1ubuntu1.1) ...
higress-wasmplugin-test (GO)	Free Up GitHub Actions Ubuntu Runner Disk Space 🔧	2026-09-23T08:00:58.8802840Z Removing llvm-14-runtime (1:14.0.0-1ubuntu1.1) ...
higress-wasmplugin-test (GO)	Free Up GitHub Actions Ubuntu Runner Disk Space 🔧	2026-09-23T08:00:58.9133615Z Removing llvm-14-tools (1:14.0.0-1ubuntu1.1) ...
higress-wasmplugin-test (GO)	Free Up GitHub Actions Ubuntu Runner Disk Space 🔧	2026-09-23T08:00:58.9767096Z Removing llvm-15-dev (1:15.0.7-0ubuntu0.22.04.3) ...
higress-wasmplugin-test (GO)	Free Up GitHub Actions Ubuntu Runner Disk Space 🔧	2026-09-23T08:00:59.1918449Z Removing llvm-15 (1:15.0.7-0ubuntu0.22.04.3) ...
higress-wasmplugin-test (GO)	Free Up GitHub Actions Ubuntu Runner Disk Space 🔧	2026-09-23T08:00:59.2210142Z Removing llvm-15-linker-tools (1:15.0.7-0ubuntu0.22.04.3) ...
higress-wasmplugin-test (GO)	Free Up GitHub Actions Ubuntu Runner Disk Space 🔧	2026-09-23T08:00:59.4049043Z Removing llvm-15-runtime (1:15.0.7-0ubuntu0.22.04.3) ...
higress-wasmplugin-test (GO)	Free Up GitHub Actions Ubuntu Runner Disk Space 🔧	2026-09-23T08:00:59.4597229Z Removing llvm-15-tools (1:15.0.7-0ubuntu0.22.04.3) ...
higress-wasmplugin-test (GO)	Free Up GitHub Actions Ubuntu Runner Disk Space 🔧	2026-09-23T08:00:59.5600074Z Processing triggers for man-db (2.10.2-1) ...
higress-wasmplugin-test (GO)	Free Up GitHub Actions Ubuntu Runner Disk Space 🔧	2026-09-23T08:00:59.5620157Z Not building database; man-db/auto-update is not 'true'.
higress-wasmplugin-test (GO)	Free Up GitHub Actions Ubuntu Runner Disk Space 🔧	2026-09-23T08:00:59.5631534Z Processing triggers for libc-bin (2.35-0ubuntu3.15) ...
higress-wasmplugin-test (GO)	Free Up GitHub Actions Ubuntu Runner Disk Space 🔧	2026-09-23T08:01:01.5977753Z Reading package lists...
higress-wasmplugin-test (GO)	Free Up GitHub Actions Ubuntu Runner Disk Space 🔧	2026-09-23T08:01:01.8452853Z Building dependency tree...
higress-wasmplugin-test (GO)	Free Up GitHub Actions Ubuntu Runner Disk Space 🔧	2026-09-23T08:01:01.8464292Z Reading state information...
higress-wasmplugin-test (GO)	Free Up GitHub Actions Ubuntu Runner Disk Space 🔧	2026-09-23T08:01:01.9768780Z Package 'php-lua' is not installed, so not removed
higress-wasmplugin-test (GO)	Free Up GitHub Actions Ubuntu Runner Disk Space 🔧	2026-09-23T08:01:01.9769454Z Package 'php-mysqlnd-ms' is not installed, so not removed
higress-wasmplugin-test (GO)	Free Up GitHub Actions Ubuntu Runner Disk Space 🔧	2026-09-23T08:01:01.9770034Z Package 'php-radius' is not installed, so not removed
higress-wasmplugin-test (GO)	Free Up GitHub Actions Ubuntu Runner Disk Space 🔧	2026-09-23T08:01:01.9770533Z Package 'php-stomp' is not installed, so not removed
higress-wasmplugin-test (GO)	Free Up GitHub Actions Ubuntu Runner Disk Space 🔧	2026-09-23T08:01:01.9771090Z Package 'php5.6-common' is not installed, so not removed
higress-wasmplugin-test (GO)	Free Up GitHub Actions Ubuntu Runner Disk Space 🔧	2026-09-23T08:01:01.9771657Z Package 'php5.6-json' is not installed, so not removed
higress-wasmplugin-test (GO)	Free Up GitHub Actions Ubuntu Runner Disk Space 🔧	2026-09-23T08:01:01.9772210Z Package 'php7.0-common' is not installed, so not removed
higress-wasmplugin-test (GO)	Free Up GitHub Actions Ubuntu Runner Disk Space 🔧	2026-09-23T08:01:01.9772771Z Package 'php7.1-common' is not installed, so not removed
higress-wasmplugin-test (GO)	Free Up GitHub Actions Ubuntu Runner Disk Space 🔧	2026-09-23T08:01:01.9773338Z Package 'php7.2-common' is not installed, so not removed
higress-wasmplugin-test (GO)	Free Up GitHub Actions Ubuntu Runner Disk Space 🔧	2026-09-23T08:01:01.9773906Z Package 'php7.3-common' is not installed, so not removed
higress-wasmplugin-test (GO)	Free Up GitHub Actions Ubuntu Runner Disk Space 🔧	2026-09-23T08:01:01.9774479Z Package 'php7.4-common' is not installed, so not removed
higress-wasmplugin-test (GO)	Free Up GitHub Actions Ubuntu Runner Disk Space 🔧	2026-09-23T08:01:01.9775060Z Package 'php8.0-common' is not installed, so not removed
higress-wasmplugin-test (GO)	Free Up GitHub Actions Ubuntu Runner Disk Space 🔧	2026-09-23T08:01:01.9775853Z Package 'php-pear-frontend-gtk' is not installed, so not removed
higress-wasmplugin-test (GO)	Free Up GitHub Actions Ubuntu Runner Disk Space 🔧	2026-09-23T08:01:01.9776553Z Package 'php-pear-frontend-web' is not installed, so not removed
higress-wasmplugin-test (GO)	Free Up GitHub Actions Ubuntu Runner Disk Space 🔧	2026-09-23T08:01:01.9777244Z Package 'php7.0-curl' is not installed, so not removed
higress-wasmplugin-test (GO)	Free Up GitHub Actions Ubuntu Runner Disk Space 🔧	2026-09-23T08:01:01.9777843Z Package 'php7.2-sodium' is not installed, so not removed
higress-wasmplugin-test (GO)	Free Up GitHub Actions Ubuntu Runner Disk Space 🔧	2026-09-23T08:01:01.9778452Z Package 'php5-cli' is not installed, so not removed
higress-wasmplugin-test (GO)	Free Up GitHub Actions Ubuntu Runner Disk Space 🔧	2026-09-23T08:01:01.9778992Z Package 'php5-curl' is not installed, so not removed
higress-wasmplugin-test (GO)	Free Up GitHub Actions Ubuntu Runner Disk Space 🔧	2026-09-23T08:01:01.9779546Z Package 'php-mcrypt' is not installed, so not removed
higress-wasmplugin-test (GO)	Free Up GitHub Actions Ubuntu Runner Disk Space 🔧	2026-09-23T08:01:01.9780073Z Package 'php5-mysql' is not installed, so not removed
higress-wasmplugin-test (GO)	Free Up GitHub Actions Ubuntu Runner Disk Space 🔧	2026-09-23T08:01:01.9780621Z Package 'php5-pgsql' is not installed, so not removed
higress-wasmplugin-test (GO)	Free Up GitHub Actions Ubuntu Runner Disk Space 🔧	2026-09-23T08:01:01.9781336Z Package 'php5-sqlite' is not installed, so not removed
higress-wasmplugin-test (GO)	Free Up GitHub Actions Ubuntu Runner Disk Space 🔧	2026-09-23T08:01:01.9781873Z Package 'php5' is not installed, so not removed
higress-wasmplugin-test (GO)	Free Up GitHub Actions Ubuntu Runner Disk Space 🔧	2026-09-23T08:01:01.9782406Z Package 'php5-ldap' is not installed, so not removed
higress-wasmplugin-test (GO)	Free Up GitHub Actions Ubuntu Runner Disk Space 🔧	2026-09-23T08:01:01.9782979Z Package 'php-mapscript' is not installed, so not removed
higress-wasmplugin-test (GO)	Free Up GitHub Actions Ubuntu Runner Disk Space 🔧	2026-09-23T08:01:01.9783529Z Package 'php-apc' is not installed, so not removed
higress-wasmplugin-test (GO)	Free Up GitHub Actions Ubuntu Runner Disk Space 🔧	2026-09-23T08:01:01.9784079Z Package 'php-suhosin' is not installed, so not removed
higress-wasmplugin-test (GO)	Free Up GitHub Actions Ubuntu Runner Disk Space 🔧	2026-09-23T08:01:01.9784689Z Package 'libapache2-mod-php5' is not installed, so not removed
higress-wasmplugin-test (GO)	Free Up GitHub Actions Ubuntu Runner Disk Space 🔧	2026-09-23T08:01:01.9785753Z Package 'php5-fpm' is not installed, so not removed
higress-wasmplugin-test (GO)	Free Up GitHub Actions Ubuntu Runner Disk Space 🔧	2026-09-23T08:01:01.9786271Z Package 'libapache2-mod-suphp' is not installed, so not removed
higress-wasmplugin-test (GO)	Free Up GitHub Actions Ubuntu Runner Disk Space 🔧	2026-09-23T08:01:01.9786810Z Package 'libgv-php5' is not installed, so not removed
higress-wasmplugin-test (GO)	Free Up GitHub Actions Ubuntu Runner Disk Space 🔧	2026-09-23T08:01:01.9787275Z Package 'libow-php5' is not installed, so not removed
higress-wasmplugin-test (GO)	Free Up GitHub Actions Ubuntu Runner Disk Space 🔧	2026-09-23T08:01:01.9787818Z Package 'php-hayageek-oauth2-yahoo' is not installed, so not removed
higress-wasmplugin-test (GO)	Free Up GitHub Actions Ubuntu Runner Disk Space 🔧	2026-09-23T08:01:01.9788439Z Package 'php-league-oauth2-google' is not installed, so not removed
higress-wasmplugin-test (GO)	Free Up GitHub Actions Ubuntu Runner Disk Space 🔧	2026-09-23T08:01:01.9789135Z Package 'php-stevenmaguire-oauth2-microsoft' is not installed, so not removed
higress-wasmplugin-test (GO)	Free Up GitHub Actions Ubuntu Runner Disk Space 🔧	2026-09-23T08:01:01.9789772Z Package 'phpphylotree' is not installed, so not removed
higress-wasmplugin-test (GO)	Free Up GitHub Actions Ubuntu Runner Disk Space 🔧	2026-09-23T08:01:01.9790255Z Package 'php-xcache' is not installed, so not removed
higress-wasmplugin-test (GO)	Free Up GitHub Actions Ubuntu Runner Disk Space 🔧	2026-09-23T08:01:01.9790757Z Package 'php-async-aws-s3' is not installed, so not removed
higress-wasmplugin-test (GO)	Free Up GitHub Actions Ubuntu Runner Disk Space 🔧	2026-09-23T08:01:01.9791302Z Package 'php-console-color2' is not installed, so not removed
higress-wasmplugin-test (GO)	Free Up GitHub Actions Ubuntu Runner Disk Space 🔧	2026-09-23T08:01:01.9791927Z Package 'php-alcaeus-mongo-php-adapter' is not installed, so not removed
higress-wasmplugin-test (GO)	Free Up GitHub Actions Ubuntu Runner Disk Space 🔧	2026-09-23T08:01:01.9792849Z Package 'php-doctrine-phpcr-odm' is not installed, so not removed
higress-wasmplugin-test (GO)	Free Up GitHub Actions Ubuntu Runner Disk Space 🔧	2026-09-23T08:01:01.9793446Z Package 'php-doctrine-mongodb-odm' is not installed, so not removed
higress-wasmplugin-test (GO)	Free Up GitHub Actions Ubuntu Runner Disk Space 🔧	2026-09-23T08:01:01.9794013Z Package 'php-ml-json-ld' is not installed, so not removed
higress-wasmplugin-test (GO)	Free Up GitHub Actions Ubuntu Runner Disk Space 🔧	2026-09-23T08:01:01.9794546Z Package 'php-semsol-arc2' is not installed, so not removed
higress-wasmplugin-test (GO)	Free Up GitHub Actions Ubuntu Runner Disk Space 🔧	2026-09-23T08:01:01.9795060Z Package 'php-com-dotnet' is not installed, so not removed
higress-wasmplugin-test (GO)	Free Up GitHub Actions Ubuntu Runner Disk Space 🔧	2026-09-23T08:01:01.9795867Z Package 'php-rar' is not installed, so not removed
higress-wasmplugin-test (GO)	Free Up GitHub Actions Ubuntu Runner Disk Space 🔧	2026-09-23T08:01:01.9796423Z Package 'php-laminas-httphandlerrunner' is not installed, so not removed
higress-wasmplugin-test (GO)	Free Up GitHub Actions Ubuntu Runner Disk Space 🔧	2026-09-23T08:01:01.9797079Z Package 'php-cordoval-hamcrest-php' is not installed, so not removed
higress-wasmplugin-test (GO)	Free Up GitHub Actions Ubuntu Runner Disk Space 🔧	2026-09-23T08:01:01.9797763Z Package 'php-davedevelopment-hamcrest-php' is not installed, so not removed
higress-wasmplugin-test (GO)	Free Up GitHub Actions Ubuntu Runner Disk Space 🔧	2026-09-23T08:01:01.9798430Z Package 'php-kodova-hamcrest-php' is not installed, so not removed
higress-wasmplugin-test (GO)	Free Up GitHub Actions Ubuntu Runner Disk Space 🔧	2026-09-23T08:01:01.9799036Z Package 'php-scrutinizer-ocular' is not installed, so not removed
higress-wasmplugin-test (GO)	Free Up GitHub Actions Ubuntu Runner Disk Space 🔧	2026-09-23T08:01:01.9799671Z Package 'php-league-flysystem-sftp' is not installed, so not removed
higress-wasmplugin-test (GO)	Free Up GitHub Actions Ubuntu Runner Disk Space 🔧	2026-09-23T08:01:01.9800413Z Package 'php-league-flysystem-eventable-filesystem' is not installed, so not removed
higress-wasmplugin-test (GO)	Free Up GitHub Actions Ubuntu Runner Disk Space 🔧	2026-09-23T08:01:01.9801181Z Package 'php-league-flysystem-rackspace' is not installed, so not removed
higress-wasmplugin-test (GO)	Free Up GitHub Actions Ubuntu Runner Disk Space 🔧	2026-09-23T08:01:01.9801846Z Package 'php-league-flysystem-azure' is not installed, so not removed
higress-wasmplugin-test (GO)	Free Up GitHub Actions Ubuntu Runner Disk Space 🔧	2026-09-23T08:01:01.9802518Z Package 'php-league-flysystem-webdav' is not installed, so not removed
higress-wasmplugin-test (GO)	Free Up GitHub Actions Ubuntu Runner Disk Space 🔧	2026-09-23T08:01:01.9803183Z Package 'php-league-flysystem-aws-s3-v2' is not installed, so not removed
higress-wasmplugin-test (GO)	Free Up GitHub Actions Ubuntu Runner Disk Space 🔧	2026-09-23T08:01:01.9803854Z Package 'php-league-flysystem-aws-s3-v3' is not installed, so not removed
higress-wasmplugin-test (GO)	Free Up GitHub Actions Ubuntu Runner Disk Space 🔧	2026-09-23T08:01:01.9804525Z Package 'php-spatie-flysystem-dropbox' is not installed, so not removed
higress-wasmplugin-test (GO)	Free Up GitHub Actions Ubuntu Runner Disk Space 🔧	2026-09-23T08:01:01.9805232Z Package 'php-srmklive-flysystem-dropbox-v2' is not installed, so not removed
higress-wasmplugin-test (GO)	Free Up GitHub Actions Ubuntu Runner Disk Space 🔧	2026-09-23T08:01:01.9806186Z Package 'php-league-flysystem-cached-adapter' is not installed, so not removed
higress-wasmplugin-test (GO)	Free Up GitHub Actions Ubuntu Runner Disk Space 🔧	2026-09-23T08:01:01.9806937Z Package 'php-league-flysystem-ziparchive' is not installed, so not removed
higress-wasmplugin-test (GO)	Free Up GitHub Actions Ubuntu Runner Disk Space 🔧	2026-09-23T08:01:01.9807542Z Package 'php-sqlite' is not installed, so not removed
higress-wasmplugin-test (GO)	Free Up GitHub Actions Ubuntu Runner Disk Space 🔧	2026-09-23T08:01:01.9808019Z Package 'php-lzf' is not installed, so not removed
higress-wasmplugin-test (GO)	Free Up GitHub Actions Ubuntu Runner Disk Space 🔧	2026-09-23T08:01:01.9808494Z Package 'php-pnctl' is not installed, so not removed
higress-wasmplugin-test (GO)	Free Up GitHub Actions Ubuntu Runner Disk Space 🔧	2026-09-23T08:01:01.9809029Z Package 'php-mdb2-driver-fbsql' is not installed, so not removed
higress-wasmplugin-test (GO)	Free Up GitHub Actions Ubuntu Runner Disk Space 🔧	2026-09-23T08:01:01.9809606Z Package 'php-mdb2-driver-ibase' is not installed, so not removed
higress-wasmplugin-test (GO)	Free Up GitHub Actions Ubuntu Runner Disk Space 🔧	2026-09-23T08:01:01.9810178Z Package 'php-mdb2-driver-mssql' is not installed, so not removed
higress-wasmplugin-test (GO)	Free Up GitHub Actions Ubuntu Runner Disk Space 🔧	2026-09-23T08:01:01.9810751Z Package 'php-mdb2-driver-mysqli' is not installed, so not removed
higress-wasmplugin-test (GO)	Free Up GitHub Actions Ubuntu Runner Disk Space 🔧	2026-09-23T08:01:01.9811334Z Package 'php-mdb2-driver-oci8' is not installed, so not removed
higress-wasmplugin-test (GO)	Free Up GitHub Actions Ubuntu Runner Disk Space 🔧	2026-09-23T08:01:01.9811910Z Package 'php-mdb2-driver-odbc' is not installed, so not removed
higress-wasmplugin-test (GO)	Free Up GitHub Actions Ubuntu Runner Disk Space 🔧	2026-09-23T08:01:01.9812506Z Package 'php-mdb2-driver-querysim' is not installed, so not removed
higress-wasmplugin-test (GO)	Free Up GitHub Actions Ubuntu Runner Disk Space 🔧	2026-09-23T08:01:01.9813331Z Package 'php-mdb2-driver-sqlite' is not installed, so not removed
higress-wasmplugin-test (GO)	Free Up GitHub Actions Ubuntu Runner Disk Space 🔧	2026-09-23T08:01:01.9813926Z Package 'php-mdb2-driver-sqlsrv' is not installed, so not removed
higress-wasmplugin-test (GO)	Free Up GitHub Actions Ubuntu Runner Disk Space 🔧	2026-09-23T08:01:01.9814563Z Package 'php-barnabywalters-mf-cleaner' is not installed, so not removed
higress-wasmplugin-test (GO)	Free Up GitHub Actions Ubuntu Runner Disk Space 🔧	2026-09-23T08:01:01.9815209Z Package 'php-php-mock-phpunit' is not installed, so not removed
higress-wasmplugin-test (GO)	Free Up GitHub Actions Ubuntu Runner Disk Space 🔧	2026-09-23T08:01:01.9815952Z Package 'php-graylog2-gelf-php' is not installed, so not removed
higress-wasmplugin-test (GO)	Free Up GitHub Actions Ubuntu Runner Disk Space 🔧	2026-09-23T08:01:01.9816532Z Package 'php-doctrine-couchdb' is not installed, so not removed
higress-wasmplugin-test (GO)	Free Up GitHub Actions Ubuntu Runner Disk Space 🔧	2026-09-23T08:01:01.9817108Z Package 'php-ruflin-elastica' is not installed, so not removed
higress-wasmplugin-test (GO)	Free Up GitHub Actions Ubuntu Runner Disk Space 🔧	2026-09-23T08:01:01.9817672Z Package 'php-elasticsearch' is not installed, so not removed
higress-wasmplugin-test (GO)	Free Up GitHub Actions Ubuntu Runner Disk Space 🔧	2026-09-23T08:01:01.9818207Z Package 'php-aws-sdk' is not installed, so not removed
higress-wasmplugin-test (GO)	Free Up GitHub Actions Ubuntu Runner Disk Space 🔧	2026-09-23T08:01:01.9818707Z Package 'php-rollbar' is not installed, so not removed
higress-wasmplugin-test (GO)	Free Up GitHub Actions Ubuntu Runner Disk Space 🔧	2026-09-23T08:01:01.9819194Z Package 'php-console' is not installed, so not removed
higress-wasmplugin-test (GO)	Free Up GitHub Actions Ubuntu Runner Disk Space 🔧	2026-09-23T08:01:01.9819870Z Package 'php-wfio' is not installed, so not removed
higress-wasmplugin-test (GO)	Free Up GitHub Actions Ubuntu Runner Disk Space 🔧	2026-09-23T08:01:01.9820347Z Package 'php-dbase' is not installed, so not removed
higress-wasmplugin-test (GO)	Free Up GitHub Actions Ubuntu Runner Disk Space 🔧	2026-09-23T08:01:01.9820842Z Package 'php-libsodium' is not installed, so not removed
higress-wasmplugin-test (GO)	Free Up GitHub Actions Ubuntu Runner Disk Space 🔧	2026-09-23T08:01:01.9821354Z Package 'libphp-predis' is not installed, so not removed
higress-wasmplugin-test (GO)	Free Up GitHub Actions Ubuntu Runner Disk Space 🔧	2026-09-23T08:01:01.9821868Z Package 'php-phpiredis' is not installed, so not removed
higress-wasmplugin-test (GO)	Free Up GitHub Actions Ubuntu Runner Disk Space 🔧	2026-09-23T08:01:01.9822452Z Package 'php-ocramius-proxy-manager' is not installed, so not removed
higress-wasmplugin-test (GO)	Free Up GitHub Actions Ubuntu Runner Disk Space 🔧	2026-09-23T08:01:01.9823145Z Package 'php-zendframework-zend-stdlib' is not installed, so not removed
higress-wasmplugin-test (GO)	Free Up GitHub Actions Ubuntu Runner Disk Space 🔧	2026-09-23T08:01:01.9823793Z Package 'php-rhumsaa-uuid' is not installed, so not removed
higress-wasmplugin-test (GO)	Free Up GitHub Actions Ubuntu Runner Disk Space 🔧	2026-09-23T08:01:01.9824362Z Package 'php-moontoast-math' is not installed, so not removed
higress-wasmplugin-test (GO)	Free Up GitHub Actions Ubuntu Runner Disk Space 🔧	2026-09-23T08:01:01.9824968Z Package 'php-ramsey-uuid-console' is not installed, so not removed
higress-wasmplugin-test (GO)	Free Up GitHub Actions Ubuntu Runner Disk Space 🔧	2026-09-23T08:01:01.9825750Z Package 'php-ramsey-uuid-doctrine' is not installed, so not removed
higress-wasmplugin-test (GO)	Free Up GitHub Actions Ubuntu Runner Disk Space 🔧	2026-09-23T08:01:01.9826408Z Package 'php-paragonie-random-lib' is not installed, so not removed
higress-wasmplugin-test (GO)	Free Up GitHub Actions Ubuntu Runner Disk Space 🔧	2026-09-23T08:01:01.9827011Z Package 'php-crypt-blowfish' is not installed, so not removed
higress-wasmplugin-test (GO)	Free Up GitHub Actions Ubuntu Runner Disk Space 🔧	2026-09-23T08:01:01.9827543Z Package 'php-compat' is not installed, so not removed
higress-wasmplugin-test (GO)	Free Up GitHub Actions Ubuntu Runner Disk Space 🔧	2026-09-23T08:01:01.9828038Z Package 'php-cache' is not installed, so not removed
higress-wasmplugin-test (GO)	Free Up GitHub Actions Ubuntu Runner Disk Space 🔧	2026-09-23T08:01:01.9828567Z Package 'php-xml-serializer' is not installed, so not removed
higress-wasmplugin-test (GO)	Free Up GitHub Actions Ubuntu Runner Disk Space 🔧	2026-09-23T08:01:01.9829114Z Package 'libssh2-php' is not installed, so not removed
higress-wasmplugin-test (GO)	Free Up GitHub Actions Ubuntu Runner Disk Space 🔧	2026-09-23T08:01:01.9829715Z Package 'php-enqueue-messenger-adapter' is not installed, so not removed
higress-wasmplugin-test (GO)	Free Up GitHub Actions Ubuntu Runner Disk Space 🔧	2026-09-23T08:01:01.9830367Z Package 'php-numbers-words' is not installed, so not removed
higress-wasmplugin-test (GO)	Free Up GitHub Actions Ubuntu Runner Disk Space 🔧	2026-09-23T08:01:01.9830925Z Package 'php7.0-thrift' is not installed, so not removed
higress-wasmplugin-test (GO)	Free Up GitHub Actions Ubuntu Runner Disk Space 🔧	2026-09-23T08:01:01.9831444Z Package 'php7.2-thrift' is not installed, so not removed
higress-wasmplugin-test (GO)	Free Up GitHub Actions Ubuntu Runner Disk Space 🔧	2026-09-23T08:01:01.9831972Z Package 'php-net-idna' is not installed, so not removed
higress-wasmplugin-test (GO)	Free Up GitHub Actions Ubuntu Runner Disk Space 🔧	2026-09-23T08:01:01.9832492Z Package 'php-phpstan' is not installed, so not removed
higress-wasmplugin-test (GO)	Free Up GitHub Actions Ubuntu Runner Disk Space 🔧	2026-09-23T08:01:01.9833040Z Package 'php-vimeo-psalm' is not installed, so not removed
higress-wasmplugin-test (GO)	Free Up GitHub Actions Ubuntu Runner Disk Space 🔧	2026-09-23T08:01:01.9833710Z Package 'php-zendframework-zend-eventmanager' is not installed, so not removed
higress-wasmplugin-test (GO)	Free Up GitHub Actions Ubuntu Runner Disk Space 🔧	2026-09-23T08:01:01.9834436Z Package 'php-container-interop' is not installed, so not removed
higress-wasmplugin-test (GO)	Free Up GitHub Actions Ubuntu Runner Disk Space 🔧	2026-09-23T08:01:01.9834999Z Package 'php-recode' is not installed, so not removed
higress-wasmplugin-test (GO)	Free Up GitHub Actions Ubuntu Runner Disk Space 🔧	2026-09-23T08:01:01.9835642Z Package 'php-gd2' is not installed, so not removed
higress-wasmplugin-test (GO)	Free Up GitHub Actions Ubuntu Runner Disk Space 🔧	2026-09-23T08:01:01.9836234Z Package 'php-pragmarx-google2fa-qrcode' is not installed, so not removed
higress-wasmplugin-test (GO)	Free Up GitHub Actions Ubuntu Runner Disk Space 🔧	2026-09-23T08:01:01.9836939Z Package 'php-samyoul-u2f-php-server' is not installed, so not removed
higress-wasmplugin-test (GO)	Free Up GitHub Actions Ubuntu Runner Disk Space 🔧	2026-09-23T08:01:01.9837528Z Package 'php5-xsl' is not installed, so not removed
higress-wasmplugin-test (GO)	Free Up GitHub Actions Ubuntu Runner Disk Space 🔧	2026-09-23T08:01:01.9838037Z Package 'php5-imagick' is not installed, so not removed
higress-wasmplugin-test (GO)	Free Up GitHub Actions Ubuntu Runner Disk Space 🔧	2026-09-23T08:01:01.9838603Z Package 'php-endroid-qr-code' is not installed, so not removed
higress-wasmplugin-test (GO)	Free Up GitHub Actions Ubuntu Runner Disk Space 🔧	2026-09-23T08:01:01.9839221Z Package 'php-guzzlehttp-guzzle' is not installed, so not removed
higress-wasmplugin-test (GO)	Free Up GitHub Actions Ubuntu Runner Disk Space 🔧	2026-09-23T08:01:01.9840064Z Package 'php-bjeavons-zxcvbn-php' is not installed, so not removed
higress-wasmplugin-test (GO)	Free Up GitHub Actions Ubuntu Runner Disk Space 🔧	2026-09-23T08:01:01.9840643Z Package 'php7.4-fpm' is not installed, so not removed
higress-wasmplugin-test (GO)	Free Up GitHub Actions Ubuntu Runner Disk Space 🔧	2026-09-23T08:01:01.9841202Z Package 'libapache2-mod-php' is not installed, so not removed
higress-wasmplugin-test (GO)	Free Up GitHub Actions Ubuntu Runner Disk Space 🔧	2026-09-23T08:01:01.9841743Z Package 'php' is not installed, so not removed
higress-wasmplugin-test (GO)	Free Up GitHub Actions Ubuntu Runner Disk Space 🔧	2026-09-23T08:01:01.9842242Z Package 'php-all-dev' is not installed, so not removed
higress-wasmplugin-test (GO)	Free Up GitHub Actions Ubuntu Runner Disk Space 🔧	2026-09-23T08:01:01.9842753Z Package 'php-cgi' is not installed, so not removed
higress-wasmplugin-test (GO)	Free Up GitHub Actions Ubuntu Runner Disk Space 🔧	2026-09-23T08:01:01.9843237Z Package 'php-cli' is not installed, so not removed
higress-wasmplugin-test (GO)	Free Up GitHub Actions Ubuntu Runner Disk Space 🔧	2026-09-23T08:01:01.9843725Z Package 'php-curl' is not installed, so not removed
higress-wasmplugin-test (GO)	Free Up GitHub Actions Ubuntu Runner Disk Space 🔧	2026-09-23T08:01:01.9844224Z Package 'php-dev' is not installed, so not removed
higress-wasmplugin-test (GO)	Free Up GitHub Actions Ubuntu Runner Disk Space 🔧	2026-09-23T08:01:01.9844702Z Package 'php-gd' is not installed, so not removed
higress-wasmplugin-test (GO)	Free Up GitHub Actions Ubuntu Runner Disk Space 🔧	2026-09-23T08:01:01.9845191Z Package 'php-gmp' is not installed, so not removed
higress-wasmplugin-test (GO)	Free Up GitHub Actions Ubuntu Runner Disk Space 🔧	2026-09-23T08:01:01.9845848Z Package 'php-json' is not installed, so not removed
higress-wasmplugin-test (GO)	Free Up GitHub Actions Ubuntu Runner Disk Space 🔧	2026-09-23T08:01:01.9846347Z Package 'php-ldap' is not installed, so not removed
higress-wasmplugin-test (GO)	Free Up GitHub Actions Ubuntu Runner Disk Space 🔧	2026-09-23T08:01:01.9847032Z Package 'php-mysql' is not installed, so not removed
higress-wasmplugin-test (GO)	Free Up GitHub Actions Ubuntu Runner Disk Space 🔧	2026-09-23T08:01:01.9847527Z Package 'php-odbc' is not installed, so not removed
higress-wasmplugin-test (GO)	Free Up GitHub Actions Ubuntu Runner Disk Space 🔧	2026-09-23T08:01:01.9848017Z Package 'php-pgsql' is not installed, so not removed
higress-wasmplugin-test (GO)	Free Up GitHub Actions Ubuntu Runner Disk Space 🔧	2026-09-23T08:01:01.9848535Z Package 'php-pspell' is not installed, so not removed
higress-wasmplugin-test (GO)	Free Up GitHub Actions Ubuntu Runner Disk Space 🔧	2026-09-23T08:01:01.9849043Z Package 'php-snmp' is not installed, so not removed
higress-wasmplugin-test (GO)	Free Up GitHub Actions Ubuntu Runner Disk Space 🔧	2026-09-23T08:01:01.9849557Z Package 'php-sqlite3' is not installed, so not removed
higress-wasmplugin-test (GO)	Free Up GitHub Actions Ubuntu Runner Disk Space 🔧	2026-09-23T08:01:01.9850082Z Package 'php-tidy' is not installed, so not removed
higress-wasmplugin-test (GO)	Free Up GitHub Actions Ubuntu Runner Disk Space 🔧	2026-09-23T08:01:01.9850575Z Package 'php-xml' is not installed, so not removed
higress-wasmplugin-test (GO)	Free Up GitHub Actions Ubuntu Runner Disk Space 🔧	2026-09-23T08:01:01.9851100Z Package 'pkg-php-tools' is not installed, so not removed
higress-wasmplugin-test (GO)	Free Up GitHub Actions Ubuntu Runner Disk Space 🔧	2026-09-23T08:01:01.9851620Z Package 'cakephp' is not installed, so not removed
higress-wasmplugin-test (GO)	Free Up GitHub Actions Ubuntu Runner Disk Space 🔧	2026-09-23T08:01:01.9852156Z Package 'cakephp-scripts' is not installed, so not removed
higress-wasmplugin-test (GO)	Free Up GitHub Actions Ubuntu Runner Disk Space 🔧	2026-09-23T08:01:01.9852702Z Package 'dh-php' is not installed, so not removed
higress-wasmplugin-test (GO)	Free Up GitHub Actions Ubuntu Runner Disk Space 🔧	2026-09-23T08:01:01.9853261Z Package 'elpa-php-mode' is not installed, so not removed
higress-wasmplugin-test (GO)	Free Up GitHub Actions Ubuntu Runner Disk Space 🔧	2026-09-23T08:01:01.9853954Z Package 'golang-github-phpdave11-gofpdi-dev' is not installed, so not removed
higress-wasmplugin-test (GO)	Free Up GitHub Actions Ubuntu Runner Disk Space 🔧	2026-09-23T08:01:01.9854683Z Package 'gosa-plugin-phpgw' is not installed, so not removed
higress-wasmplugin-test (GO)	Free Up GitHub Actions Ubuntu Runner Disk Space 🔧	2026-09-23T08:01:01.9855485Z Package 'gosa-plugin-phpgw-schema' is not installed, so not removed
higress-wasmplugin-test (GO)	Free Up GitHub Actions Ubuntu Runner Disk Space 🔧	2026-09-23T08:01:01.9856183Z Package 'gosa-plugin-phpscheduleit' is not installed, so not removed
higress-wasmplugin-test (GO)	Free Up GitHub Actions Ubuntu Runner Disk Space 🔧	2026-09-23T08:01:01.9856911Z Package 'gosa-plugin-phpscheduleit-schema' is not installed, so not removed
higress-wasmplugin-test (GO)	Free Up GitHub Actions Ubuntu Runner Disk Space 🔧	2026-09-23T08:01:01.9857551Z Package 'icinga-php-library' is not installed, so not removed
higress-wasmplugin-test (GO)	Free Up GitHub Actions Ubuntu Runner Disk Space 🔧	2026-09-23T08:01:01.9858128Z Package 'icinga-php-thirdparty' is not installed, so not removed
higress-wasmplugin-test (GO)	Free Up GitHub Actions Ubuntu Runner Disk Space 🔧	2026-09-23T08:01:01.9858683Z Package 'kdevelop-php' is not installed, so not removed
higress-wasmplugin-test (GO)	Free Up GitHub Actions Ubuntu Runner Disk Space 🔧	2026-09-23T08:01:01.9859204Z Package 'kdevelop-php-l10n' is not installed, so not removed
higress-wasmplugin-test (GO)	Free Up GitHub Actions Ubuntu Runner Disk Space 🔧	2026-09-23T08:01:01.9859713Z Package 'libawl-php' is not installed, so not removed
higress-wasmplugin-test (GO)	Free Up GitHub Actions Ubuntu Runner Disk Space 🔧	2026-09-23T08:01:01.9860336Z Package 'libhtml-wikiconverter-phpwiki-perl' is not installed, so not removed
higress-wasmplugin-test (GO)	Free Up GitHub Actions Ubuntu Runner Disk Space 🔧	2026-09-23T08:01:01.9861027Z Package 'libjs-php-date-formatter' is not installed, so not removed
higress-wasmplugin-test (GO)	Free Up GitHub Actions Ubuntu Runner Disk Space 🔧	2026-09-23T08:01:01.9861613Z Package 'libmarkdown-php' is not installed, so not removed
higress-wasmplugin-test (GO)	Free Up GitHub Actions Ubuntu Runner Disk Space 🔧	2026-09-23T08:01:01.9862135Z Package 'libnusoap-php' is not installed, so not removed
higress-wasmplugin-test (GO)	Free Up GitHub Actions Ubuntu Runner Disk Space 🔧	2026-09-23T08:01:01.9862631Z Package 'libow-php7' is not installed, so not removed
higress-wasmplugin-test (GO)	Free Up GitHub Actions Ubuntu Runner Disk Space 🔧	2026-09-23T08:01:01.9863147Z Package 'libownet-php' is not installed, so not removed
higress-wasmplugin-test (GO)	Free Up GitHub Actions Ubuntu Runner Disk Space 🔧	2026-09-23T08:01:01.9863653Z Package 'libphp-embed' is not installed, so not removed
higress-wasmplugin-test (GO)	Free Up GitHub Actions Ubuntu Runner Disk Space 🔧	2026-09-23T08:01:01.9864145Z Package 'libphp-jabber' is not installed, so not removed
higress-wasmplugin-test (GO)	Free Up GitHub Actions Ubuntu Runner Disk Space 🔧	2026-09-23T08:01:01.9864653Z Package 'libphp-jpgraph' is not installed, so not removed
higress-wasmplugin-test (GO)	Free Up GitHub Actions Ubuntu Runner Disk Space 🔧	2026-09-23T08:01:01.9865224Z Package 'libphp-jpgraph-examples' is not installed, so not removed
higress-wasmplugin-test (GO)	Free Up GitHub Actions Ubuntu Runner Disk Space 🔧	2026-09-23T08:01:01.9865957Z Package 'libphp-phpmailer' is not installed, so not removed
higress-wasmplugin-test (GO)	Free Up GitHub Actions Ubuntu Runner Disk Space 🔧	2026-09-23T08:01:01.9866736Z Package 'libphp-serialization-perl' is not installed, so not removed
higress-wasmplugin-test (GO)	Free Up GitHub Actions Ubuntu Runner Disk Space 🔧	2026-09-23T08:01:01.9867336Z Package 'libphp-simplepie' is not installed, so not removed
higress-wasmplugin-test (GO)	Free Up GitHub Actions Ubuntu Runner Disk Space 🔧	2026-09-23T08:01:01.9867871Z Package 'libphp-snoopy' is not installed, so not removed
higress-wasmplugin-test (GO)	Free Up GitHub Actions Ubuntu Runner Disk Space 🔧	2026-09-23T08:01:01.9868376Z Package 'libphpy-dev' is not installed, so not removed
higress-wasmplugin-test (GO)	Free Up GitHub Actions Ubuntu Runner Disk Space 🔧	2026-09-23T08:01:01.9868863Z Package 'libphpy1' is not installed, so not removed
higress-wasmplugin-test (GO)	Free Up GitHub Actions Ubuntu Runner Disk Space 🔧	2026-09-23T08:01:01.9869361Z Package 'libsparkline-php' is not installed, so not removed
higress-wasmplugin-test (GO)	Free Up GitHub Actions Ubuntu Runner Disk Space 🔧	2026-09-23T08:01:01.9869896Z Package 'libxrdcephposix0' is not installed, so not removed
higress-wasmplugin-test (GO)	Free Up GitHub Actions Ubuntu Runner Disk Space 🔧	2026-09-23T08:01:01.9870423Z Package 'mlmmj-php-web' is not installed, so not removed
higress-wasmplugin-test (GO)	Free Up GitHub Actions Ubuntu Runner Disk Space 🔧	2026-09-23T08:01:01.9870974Z Package 'mlmmj-php-web-admin' is not installed, so not removed
higress-wasmplugin-test (GO)	Free Up GitHub Actions Ubuntu Runner Disk Space 🔧	2026-09-23T08:01:01.9871491Z Package 'php-amqp' is not installed, so not removed
higress-wasmplugin-test (GO)	Free Up GitHub Actions Ubuntu Runner Disk Space 🔧	2026-09-23T08:01:01.9871982Z Package 'php-amqp-all-dev' is not installed, so not removed
higress-wasmplugin-test (GO)	Free Up GitHub Actions Ubuntu Runner Disk Space 🔧	2026-09-23T08:01:01.9872498Z Package 'php-amqplib' is not installed, so not removed
higress-wasmplugin-test (GO)	Free Up GitHub Actions Ubuntu Runner Disk Space 🔧	2026-09-23T08:01:01.9873205Z Package 'php-apcu' is not installed, so not removed
higress-wasmplugin-test (GO)	Free Up GitHub Actions Ubuntu Runner Disk Space 🔧	2026-09-23T08:01:01.9873711Z Package 'php-apcu-all-dev' is not installed, so not removed
higress-wasmplugin-test (GO)	Free Up GitHub Actions Ubuntu Runner Disk Space 🔧	2026-09-23T08:01:01.9874331Z Package 'php-arthurhoaro-web-thumbnailer' is not installed, so not removed
higress-wasmplugin-test (GO)	Free Up GitHub Actions Ubuntu Runner Disk Space 🔧	2026-09-23T08:01:01.9874927Z Package 'php-ast' is not installed, so not removed
higress-wasmplugin-test (GO)	Free Up GitHub Actions Ubuntu Runner Disk Space 🔧	2026-09-23T08:01:01.9875580Z Package 'php-ast-all-dev' is not installed, so not removed
higress-wasmplugin-test (GO)	Free Up GitHub Actions Ubuntu Runner Disk Space 🔧	2026-09-23T08:01:01.9876132Z Package 'php-async-aws-core' is not installed, so not removed
higress-wasmplugin-test (GO)	Free Up GitHub Actions Ubuntu Runner Disk Space 🔧	2026-09-23T08:01:01.9876684Z Package 'php-async-aws-ses' is not installed, so not removed
higress-wasmplugin-test (GO)	Free Up GitHub Actions Ubuntu Runner Disk Space 🔧	2026-09-23T08:01:01.9877286Z Package 'php-async-aws-sns' is not installed, so not removed
higress-wasmplugin-test (GO)	Free Up GitHub Actions Ubuntu Runner Disk Space 🔧	2026-09-23T08:01:01.9877826Z Package 'php-async-aws-sqs' is not installed, so not removed
higress-wasmplugin-test (GO)	Free Up GitHub Actions Ubuntu Runner Disk Space 🔧	2026-09-23T08:01:01.9878351Z Package 'php-auth-sasl' is not installed, so not removed
higress-wasmplugin-test (GO)	Free Up GitHub Actions Ubuntu Runner Disk Space 🔧	2026-09-23T08:01:01.9878887Z Package 'php-bacon-qr-code' is not installed, so not removed
higress-wasmplugin-test (GO)	Free Up GitHub Actions Ubuntu Runner Disk Space 🔧	2026-09-23T08:01:01.9879410Z Package 'php-bcmath' is not installed, so not removed
higress-wasmplugin-test (GO)	Free Up GitHub Actions Ubuntu Runner Disk Space 🔧	2026-09-23T08:01:01.9879897Z Package 'php-bz2' is not installed, so not removed
higress-wasmplugin-test (GO)	Free Up GitHub Actions Ubuntu Runner Disk Space 🔧	2026-09-23T08:01:01.9880463Z Package 'php-cache-integration-tests' is not installed, so not removed
higress-wasmplugin-test (GO)	Free Up GitHub Actions Ubuntu Runner Disk Space 🔧	2026-09-23T08:01:01.9881077Z Package 'php-cache-lite' is not installed, so not removed
higress-wasmplugin-test (GO)	Free Up GitHub Actions Ubuntu Runner Disk Space 🔧	2026-09-23T08:01:01.9881636Z Package 'php-cache-tag-interop' is not installed, so not removed
higress-wasmplugin-test (GO)	Free Up GitHub Actions Ubuntu Runner Disk Space 🔧	2026-09-23T08:01:01.9882200Z Package 'php-codecoverage' is not installed, so not removed
higress-wasmplugin-test (GO)	Free Up GitHub Actions Ubuntu Runner Disk Space 🔧	2026-09-23T08:01:01.9882744Z Package 'php-codesniffer' is not installed, so not removed
higress-wasmplugin-test (GO)	Free Up GitHub Actions Ubuntu Runner Disk Space 🔧	2026-09-23T08:01:01.9883317Z Package 'php-composer-ca-bundle' is not installed, so not removed
higress-wasmplugin-test (GO)	Free Up GitHub Actions Ubuntu Runner Disk Space 🔧	2026-09-23T08:01:01.9883984Z Package 'php-composer-metadata-minifier' is not installed, so not removed
higress-wasmplugin-test (GO)	Free Up GitHub Actions Ubuntu Runner Disk Space 🔧	2026-09-23T08:01:01.9884620Z Package 'php-composer-pcre' is not installed, so not removed
higress-wasmplugin-test (GO)	Free Up GitHub Actions Ubuntu Runner Disk Space 🔧	2026-09-23T08:01:01.9885187Z Package 'php-composer-semver' is not installed, so not removed
higress-wasmplugin-test (GO)	Free Up GitHub Actions Ubuntu Runner Disk Space 🔧	2026-09-23T08:01:01.9885973Z Package 'php-composer-spdx-licenses' is not installed, so not removed
higress-wasmplugin-test (GO)	Free Up GitHub Actions Ubuntu Runner Disk Space 🔧	2026-09-23T08:01:01.9886648Z Package 'php-composer-xdebug-handler' is not installed, so not removed
higress-wasmplugin-test (GO)	Free Up GitHub Actions Ubuntu Runner Disk Space 🔧	2026-09-23T08:01:01.9887295Z Package 'php-console-commandline' is not installed, so not removed
higress-wasmplugin-test (GO)	Free Up GitHub Actions Ubuntu Runner Disk Space 🔧	2026-09-23T08:01:01.9887875Z Package 'php-console-table' is not installed, so not removed
higress-wasmplugin-test (GO)	Free Up GitHub Actions Ubuntu Runner Disk Space 🔧	2026-09-23T08:01:01.9888422Z Package 'php-constant-time' is not installed, so not removed
higress-wasmplugin-test (GO)	Free Up GitHub Actions Ubuntu Runner Disk Space 🔧	2026-09-23T08:01:01.9888966Z Package 'php-crypt-gpg' is not installed, so not removed
higress-wasmplugin-test (GO)	Free Up GitHub Actions Ubuntu Runner Disk Space 🔧	2026-09-23T08:01:01.9889497Z Package 'php-dapphp-radius' is not installed, so not removed
higress-wasmplugin-test (GO)	Free Up GitHub Actions Ubuntu Runner Disk Space 🔧	2026-09-23T08:01:01.9890042Z Package 'php-dasprid-enum' is not installed, so not removed
higress-wasmplugin-test (GO)	Free Up GitHub Actions Ubuntu Runner Disk Space 🔧	2026-09-23T08:01:01.9890546Z Package 'php-date' is not installed, so not removed
higress-wasmplugin-test (GO)	Free Up GitHub Actions Ubuntu Runner Disk Space 🔧	2026-09-23T08:01:01.9891009Z Package 'php-db' is not installed, so not removed
higress-wasmplugin-test (GO)	Free Up GitHub Actions Ubuntu Runner Disk Space 🔧	2026-09-23T08:01:01.9891487Z Package 'php-deepcopy' is not installed, so not removed
higress-wasmplugin-test (GO)	Free Up GitHub Actions Ubuntu Runner Disk Space 🔧	2026-09-23T08:01:01.9892038Z Package 'php-directory-scanner' is not installed, so not removed
higress-wasmplugin-test (GO)	Free Up GitHub Actions Ubuntu Runner Disk Space 🔧	2026-09-23T08:01:01.9892885Z Package 'php-doctrine-annotations' is not installed, so not removed
higress-wasmplugin-test (GO)	Free Up GitHub Actions Ubuntu Runner Disk Space 🔧	2026-09-23T08:01:01.9893480Z Package 'php-doctrine-cache' is not installed, so not removed
higress-wasmplugin-test (GO)	Free Up GitHub Actions Ubuntu Runner Disk Space 🔧	2026-09-23T08:01:01.9894082Z Package 'php-doctrine-collections' is not installed, so not removed
higress-wasmplugin-test (GO)	Free Up GitHub Actions Ubuntu Runner Disk Space 🔧	2026-09-23T08:01:01.9894682Z Package 'php-doctrine-common' is not installed, so not removed
higress-wasmplugin-test (GO)	Free Up GitHub Actions Ubuntu Runner Disk Space 🔧	2026-09-23T08:01:01.9895287Z Package 'php-doctrine-data-fixtures' is not installed, so not removed
higress-wasmplugin-test (GO)	Free Up GitHub Actions Ubuntu Runner Disk Space 🔧	2026-09-23T08:01:01.9896053Z Package 'php-doctrine-dbal' is not installed, so not removed
higress-wasmplugin-test (GO)	Free Up GitHub Actions Ubuntu Runner Disk Space 🔧	2026-09-23T08:01:01.9896646Z Package 'php-doctrine-deprecations' is not installed, so not removed
higress-wasmplugin-test (GO)	Free Up GitHub Actions Ubuntu Runner Disk Space 🔧	2026-09-23T08:01:01.9897294Z Package 'php-doctrine-event-manager' is not installed, so not removed
higress-wasmplugin-test (GO)	Free Up GitHub Actions Ubuntu Runner Disk Space 🔧	2026-09-23T08:01:01.9897929Z Package 'php-doctrine-inflector' is not installed, so not removed
higress-wasmplugin-test (GO)	Free Up GitHub Actions Ubuntu Runner Disk Space 🔧	2026-09-23T08:01:01.9898552Z Package 'php-doctrine-instantiator' is not installed, so not removed
higress-wasmplugin-test (GO)	Free Up GitHub Actions Ubuntu Runner Disk Space 🔧	2026-09-23T08:01:01.9899161Z Package 'php-doctrine-lexer' is not installed, so not removed
higress-wasmplugin-test (GO)	Free Up GitHub Actions Ubuntu Runner Disk Space 🔧	2026-09-23T08:01:01.9899975Z Package 'php-doctrine-orm' is not installed, so not removed
higress-wasmplugin-test (GO)	Free Up GitHub Actions Ubuntu Runner Disk Space 🔧	2026-09-23T08:01:01.9900577Z Package 'php-doctrine-persistence' is not installed, so not removed
higress-wasmplugin-test (GO)	Free Up GitHub Actions Ubuntu Runner Disk Space 🔧	2026-09-23T08:01:01.9901213Z Package 'php-doctrine-reflection' is not installed, so not removed
higress-wasmplugin-test (GO)	Free Up GitHub Actions Ubuntu Runner Disk Space 🔧	2026-09-23T08:01:01.9901918Z Package 'php-dragonmantank-cron-expression' is not installed, so not removed
higress-wasmplugin-test (GO)	Free Up GitHub Actions Ubuntu Runner Disk Space 🔧	2026-09-23T08:01:01.9902540Z Package 'php-ds' is not installed, so not removed
higress-wasmplugin-test (GO)	Free Up GitHub Actions Ubuntu Runner Disk Space 🔧	2026-09-23T08:01:01.9903044Z Package 'php-ds-all-dev' is not installed, so not removed
higress-wasmplugin-test (GO)	Free Up GitHub Actions Ubuntu Runner Disk Space 🔧	2026-09-23T08:01:01.9903570Z Package 'php-easyrdf' is not installed, so not removed
higress-wasmplugin-test (GO)	Free Up GitHub Actions Ubuntu Runner Disk Space 🔧	2026-09-23T08:01:01.9904114Z Package 'php-email-validator' is not installed, so not removed
higress-wasmplugin-test (GO)	Free Up GitHub Actions Ubuntu Runner Disk Space 🔧	2026-09-23T08:01:01.9904656Z Package 'php-enchant' is not installed, so not removed
higress-wasmplugin-test (GO)	Free Up GitHub Actions Ubuntu Runner Disk Space 🔧	2026-09-23T08:01:01.9905164Z Package 'php-excimer' is not installed, so not removed
higress-wasmplugin-test (GO)	Free Up GitHub Actions Ubuntu Runner Disk Space 🔧	2026-09-23T08:01:01.9905840Z Package 'php-facedetect' is not installed, so not removed
higress-wasmplugin-test (GO)	Free Up GitHub Actions Ubuntu Runner Disk Space 🔧	2026-09-23T08:01:01.9906386Z Package 'php-fdomdocument' is not installed, so not removed
higress-wasmplugin-test (GO)	Free Up GitHub Actions Ubuntu Runner Disk Space 🔧	2026-09-23T08:01:01.9906955Z Package 'php-fig-link-util' is not installed, so not removed
higress-wasmplugin-test (GO)	Free Up GitHub Actions Ubuntu Runner Disk Space 🔧	2026-09-23T08:01:01.9907510Z Package 'php-file-iterator' is not installed, so not removed
higress-wasmplugin-test (GO)	Free Up GitHub Actions Ubuntu Runner Disk Space 🔧	2026-09-23T08:01:01.9908064Z Package 'php-finder-facade' is not installed, so not removed
higress-wasmplugin-test (GO)	Free Up GitHub Actions Ubuntu Runner Disk Space 🔧	2026-09-23T08:01:01.9908648Z Package 'php-finder-facade-doc' is not installed, so not removed
higress-wasmplugin-test (GO)	Free Up GitHub Actions Ubuntu Runner Disk Space 🔧	2026-09-23T08:01:01.9909211Z Package 'php-font-lib' is not installed, so not removed
higress-wasmplugin-test (GO)	Free Up GitHub Actions Ubuntu Runner Disk Space 🔧	2026-09-23T08:01:01.9909713Z Package 'php-fpdf' is not installed, so not removed
higress-wasmplugin-test (GO)	Free Up GitHub Actions Ubuntu Runner Disk Space 🔧	2026-09-23T08:01:01.9910200Z Package 'php-fpm' is not installed, so not removed
higress-wasmplugin-test (GO)	Free Up GitHub Actions Ubuntu Runner Disk Space 🔧	2026-09-23T08:01:01.9910675Z Package 'php-fxsl' is not installed, so not removed
higress-wasmplugin-test (GO)	Free Up GitHub Actions Ubuntu Runner Disk Space 🔧	2026-09-23T08:01:01.9911170Z Package 'php-gearman' is not installed, so not removed
higress-wasmplugin-test (GO)	Free Up GitHub Actions Ubuntu Runner Disk Space 🔧	2026-09-23T08:01:01.9911735Z Package 'php-gearman-all-dev' is not installed, so not removed
higress-wasmplugin-test (GO)	Free Up GitHub Actions Ubuntu Runner Disk Space 🔧	2026-09-23T08:01:01.9912280Z Package 'php-geos' is not installed, so not removed
higress-wasmplugin-test (GO)	Free Up GitHub Actions Ubuntu Runner Disk Space 🔧	2026-09-23T08:01:01.9912787Z Package 'php-geshi' is not installed, so not removed
higress-wasmplugin-test (GO)	Free Up GitHub Actions Ubuntu Runner Disk Space 🔧	2026-09-23T08:01:01.9913320Z Package 'php-getallheaders' is not installed, so not removed
higress-wasmplugin-test (GO)	Free Up GitHub Actions Ubuntu Runner Disk Space 🔧	2026-09-23T08:01:01.9913864Z Package 'php-getid3' is not installed, so not removed
higress-wasmplugin-test (GO)	Free Up GitHub Actions Ubuntu Runner Disk Space 🔧	2026-09-23T08:01:01.9914423Z Package 'php-gettext-languages' is not installed, so not removed
higress-wasmplugin-test (GO)	Free Up GitHub Actions Ubuntu Runner Disk Space 🔧	2026-09-23T08:01:01.9915002Z Package 'php-gmagick' is not installed, so not removed
higress-wasmplugin-test (GO)	Free Up GitHub Actions Ubuntu Runner Disk Space 🔧	2026-09-23T08:01:01.9915698Z Package 'php-gmagick-all-dev' is not installed, so not removed
higress-wasmplugin-test (GO)	Free Up GitHub Actions Ubuntu Runner Disk Space 🔧	2026-09-23T08:01:01.9916239Z Package 'php-gnupg' is not installed, so not removed
higress-wasmplugin-test (GO)	Free Up GitHub Actions Ubuntu Runner Disk Space 🔧	2026-09-23T08:01:01.9916769Z Package 'php-gnupg-all-dev' is not installed, so not removed
higress-wasmplugin-test (GO)	Free Up GitHub Actions Ubuntu Runner Disk Space 🔧	2026-09-23T08:01:01.9917356Z Package 'php-google-recaptcha' is not installed, so not removed
higress-wasmplugin-test (GO)	Free Up GitHub Actions Ubuntu Runner Disk Space 🔧	2026-09-23T08:01:01.9917915Z Package 'php-guestfs' is not installed, so not removed
higress-wasmplugin-test (GO)	Free Up GitHub Actions Ubuntu Runner Disk Space 🔧	2026-09-23T08:01:01.9918503Z Package 'php-guzzlehttp-promises' is not installed, so not removed
higress-wasmplugin-test (GO)	Free Up GitHub Actions Ubuntu Runner Disk Space 🔧	2026-09-23T08:01:01.9919135Z Package 'php-guzzlehttp-psr7' is not installed, so not removed
higress-wasmplugin-test (GO)	Free Up GitHub Actions Ubuntu Runner Disk Space 🔧	2026-09-23T08:01:01.9919911Z Package 'php-hamcrest' is not installed, so not removed
higress-wasmplugin-test (GO)	Free Up GitHub Actions Ubuntu Runner Disk Space 🔧	2026-09-23T08:01:01.9920485Z Package 'php-htmlawed' is not installed, so not removed
higress-wasmplugin-test (GO)	Free Up GitHub Actions Ubuntu Runner Disk Space 🔧	2026-09-23T08:01:01.9921025Z Package 'php-htmlpurifier' is not installed, so not removed
higress-wasmplugin-test (GO)	Free Up GitHub Actions Ubuntu Runner Disk Space 🔧	2026-09-23T08:01:01.9921552Z Package 'php-http' is not installed, so not removed
higress-wasmplugin-test (GO)	Free Up GitHub Actions Ubuntu Runner Disk Space 🔧	2026-09-23T08:01:01.9922087Z Package 'php-http-all-dev' is not installed, so not removed
higress-wasmplugin-test (GO)	Free Up GitHub Actions Ubuntu Runner Disk Space 🔧	2026-09-23T08:01:01.9922651Z Package 'php-http-httplug' is not installed, so not removed
higress-wasmplugin-test (GO)	Free Up GitHub Actions Ubuntu Runner Disk Space 🔧	2026-09-23T08:01:01.9923336Z Package 'php-http-interop-http-factory-tests' is not installed, so not removed
higress-wasmplugin-test (GO)	Free Up GitHub Actions Ubuntu Runner Disk Space 🔧	2026-09-23T08:01:01.9924085Z Package 'php-http-message-factory' is not installed, so not removed
higress-wasmplugin-test (GO)	Free Up GitHub Actions Ubuntu Runner Disk Space 🔧	2026-09-23T08:01:01.9924719Z Package 'php-http-promise' is not installed, so not removed
higress-wasmplugin-test (GO)	Free Up GitHub Actions Ubuntu Runner Disk Space 🔧	2026-09-23T08:01:01.9925567Z Package 'php-http-psr7-integration-tests' is not installed, so not removed
higress-wasmplugin-test (GO)	Free Up GitHub Actions Ubuntu Runner Disk Space 🔧	2026-09-23T08:01:01.9926229Z Package 'php-http-request' is not installed, so not removed
higress-wasmplugin-test (GO)	Free Up GitHub Actions Ubuntu Runner Disk Space 🔧	2026-09-23T08:01:01.9927163Z Package 'php-http-request2' is not installed, so not removed
higress-wasmplugin-test (GO)	Free Up GitHub Actions Ubuntu Runner Disk Space 🔧	2026-09-23T08:01:01.9927774Z Package 'php-http-webdav-server' is not installed, so not removed
higress-wasmplugin-test (GO)	Free Up GitHub Actions Ubuntu Runner Disk Space 🔧	2026-09-23T08:01:01.9928362Z Package 'php-httpful' is not installed, so not removed
higress-wasmplugin-test (GO)	Free Up GitHub Actions Ubuntu Runner Disk Space 🔧	2026-09-23T08:01:01.9928890Z Package 'php-icinga' is not installed, so not removed
higress-wasmplugin-test (GO)	Free Up GitHub Actions Ubuntu Runner Disk Space 🔧	2026-09-23T08:01:01.9929417Z Package 'php-igbinary' is not installed, so not removed
higress-wasmplugin-test (GO)	Free Up GitHub Actions Ubuntu Runner Disk Space 🔧	2026-09-23T08:01:01.9929985Z Package 'php-igbinary-all-dev' is not installed, so not removed
higress-wasmplugin-test (GO)	Free Up GitHub Actions Ubuntu Runner Disk Space 🔧	2026-09-23T08:01:01.9930580Z Package 'php-image-text' is not installed, so not removed
higress-wasmplugin-test (GO)	Free Up GitHub Actions Ubuntu Runner Disk Space 🔧	2026-09-23T08:01:01.9931131Z Package 'php-imagick' is not installed, so not removed
higress-wasmplugin-test (GO)	Free Up GitHub Actions Ubuntu Runner Disk Space 🔧	2026-09-23T08:01:01.9931699Z Package 'php-imagick-all-dev' is not installed, so not removed
higress-wasmplugin-test (GO)	Free Up GitHub Actions Ubuntu Runner Disk Space 🔧	2026-09-23T08:01:01.9932256Z Package 'php-imap' is not installed, so not removed
higress-wasmplugin-test (GO)	Free Up GitHub Actions Ubuntu Runner Disk Space 🔧	2026-09-23T08:01:01.9932787Z Package 'php-interbase' is not installed, so not removed
higress-wasmplugin-test (GO)	Free Up GitHub Actions Ubuntu Runner Disk Space 🔧	2026-09-23T08:01:01.9933309Z Package 'php-intl' is not installed, so not removed
higress-wasmplugin-test (GO)	Free Up GitHub Actions Ubuntu Runner Disk Space 🔧	2026-09-23T08:01:01.9933832Z Package 'php-invoker' is not installed, so not removed
higress-wasmplugin-test (GO)	Free Up GitHub Actions Ubuntu Runner Disk Space 🔧	2026-09-23T08:01:01.9934380Z Package 'php-json-schema' is not installed, so not removed
higress-wasmplugin-test (GO)	Free Up GitHub Actions Ubuntu Runner Disk Space 🔧	2026-09-23T08:01:01.9934926Z Package 'php-klogger' is not installed, so not removed
higress-wasmplugin-test (GO)	Free Up GitHub Actions Ubuntu Runner Disk Space 🔧	2026-09-23T08:01:01.9935657Z Package 'php-league-commonmark' is not installed, so not removed
higress-wasmplugin-test (GO)	Free Up GitHub Actions Ubuntu Runner Disk Space 🔧	2026-09-23T08:01:01.9936304Z Package 'php-league-flysystem' is not installed, so not removed
higress-wasmplugin-test (GO)	Free Up GitHub Actions Ubuntu Runner Disk Space 🔧	2026-09-23T08:01:01.9936975Z Package 'php-league-html-to-markdown' is not installed, so not removed
higress-wasmplugin-test (GO)	Free Up GitHub Actions Ubuntu Runner Disk Space 🔧	2026-09-23T08:01:01.9937714Z Package 'php-league-mime-type-detection' is not installed, so not removed
higress-wasmplugin-test (GO)	Free Up GitHub Actions Ubuntu Runner Disk Space 🔧	2026-09-23T08:01:01.9938394Z Package 'php-letodms-core' is not installed, so not removed
higress-wasmplugin-test (GO)	Free Up GitHub Actions Ubuntu Runner Disk Space 🔧	2026-09-23T08:01:01.9938983Z Package 'php-libvirt-php' is not installed, so not removed
higress-wasmplugin-test (GO)	Free Up GitHub Actions Ubuntu Runner Disk Space 🔧	2026-09-23T08:01:01.9939521Z Package 'php-log' is not installed, so not removed
higress-wasmplugin-test (GO)	Free Up GitHub Actions Ubuntu Runner Disk Space 🔧	2026-09-23T08:01:01.9940052Z Package 'php-lorenzo-pinky' is not installed, so not removed
higress-wasmplugin-test (GO)	Free Up GitHub Actions Ubuntu Runner Disk Space 🔧	2026-09-23T08:01:01.9940635Z Package 'php-luasandbox' is not installed, so not removed
higress-wasmplugin-test (GO)	Free Up GitHub Actions Ubuntu Runner Disk Space 🔧	2026-09-23T08:01:01.9941174Z Package 'php-mail' is not installed, so not removed
higress-wasmplugin-test (GO)	Free Up GitHub Actions Ubuntu Runner Disk Space 🔧	2026-09-23T08:01:01.9941726Z Package 'php-mail-mime' is not installed, so not removed
higress-wasmplugin-test (GO)	Free Up GitHub Actions Ubuntu Runner Disk Space 🔧	2026-09-23T08:01:01.9942306Z Package 'php-mailparse' is not installed, so not removed
higress-wasmplugin-test (GO)	Free Up GitHub Actions Ubuntu Runner Disk Space 🔧	2026-09-23T08:01:01.9942946Z Package 'php-mailparse-all-dev' is not installed, so not removed
higress-wasmplugin-test (GO)	Free Up GitHub Actions Ubuntu Runner Disk Space 🔧	2026-09-23T08:01:01.9943634Z Package 'php-malkusch-lock' is not installed, so not removed
higress-wasmplugin-test (GO)	Free Up GitHub Actions Ubuntu Runner Disk Space 🔧	2026-09-23T08:01:01.9944294Z Package 'php-mariadb-mysql-kbs' is not installed, so not removed
higress-wasmplugin-test (GO)	Free Up GitHub Actions Ubuntu Runner Disk Space 🔧	2026-09-23T08:01:01.9944968Z Package 'php-masterminds-html5' is not installed, so not removed
higress-wasmplugin-test (GO)	Free Up GitHub Actions Ubuntu Runner Disk Space 🔧	2026-09-23T08:01:01.9945760Z Package 'php-mbstring' is not installed, so not removed
higress-wasmplugin-test (GO)	Free Up GitHub Actions Ubuntu Runner Disk Space 🔧	2026-09-23T08:01:01.9946308Z Package 'php-mdb2' is not installed, so not removed
higress-wasmplugin-test (GO)	Free Up GitHub Actions Ubuntu Runner Disk Space 🔧	2026-09-23T08:01:01.9946930Z Package 'php-mdb2-driver-mysql' is not installed, so not removed
higress-wasmplugin-test (GO)	Free Up GitHub Actions Ubuntu Runner Disk Space 🔧	2026-09-23T08:01:01.9947608Z Package 'php-mdb2-driver-pgsql' is not installed, so not removed
higress-wasmplugin-test (GO)	Free Up GitHub Actions Ubuntu Runner Disk Space 🔧	2026-09-23T08:01:01.9948464Z Package 'php-memcache' is not installed, so not removed
higress-wasmplugin-test (GO)	Free Up GitHub Actions Ubuntu Runner Disk Space 🔧	2026-09-23T08:01:01.9949087Z Package 'php-memcache-all-dev' is not installed, so not removed
higress-wasmplugin-test (GO)	Free Up GitHub Actions Ubuntu Runner Disk Space 🔧	2026-09-23T08:01:01.9949732Z Package 'php-memcached' is not installed, so not removed
higress-wasmplugin-test (GO)	Free Up GitHub Actions Ubuntu Runner Disk Space 🔧	2026-09-23T08:01:01.9950373Z Package 'php-memcached-all-dev' is not installed, so not removed
higress-wasmplugin-test (GO)	Free Up GitHub Actions Ubuntu Runner Disk Space 🔧	2026-09-23T08:01:01.9950987Z Package 'php-mf2' is not installed, so not removed
higress-wasmplugin-test (GO)	Free Up GitHub Actions Ubuntu Runner Disk Space 🔧	2026-09-23T08:01:01.9951604Z Package 'php-mikey179-vfsstream' is not installed, so not removed
higress-wasmplugin-test (GO)	Free Up GitHub Actions Ubuntu Runner Disk Space 🔧	2026-09-23T08:01:01.9952257Z Package 'php-mime-type' is not installed, so not removed
higress-wasmplugin-test (GO)	Free Up GitHub Actions Ubuntu Runner Disk Space 🔧	2026-09-23T08:01:01.9952830Z Package 'php-mock' is not installed, so not removed
higress-wasmplugin-test (GO)	Free Up GitHub Actions Ubuntu Runner Disk Space 🔧	2026-09-23T08:01:01.9953445Z Package 'php-mock-integration' is not installed, so not removed
higress-wasmplugin-test (GO)	Free Up GitHub Actions Ubuntu Runner Disk Space 🔧	2026-09-23T08:01:01.9954107Z Package 'php-mock-phpunit' is not installed, so not removed
higress-wasmplugin-test (GO)	Free Up GitHub Actions Ubuntu Runner Disk Space 🔧	2026-09-23T08:01:01.9954713Z Package 'php-mockery' is not installed, so not removed
higress-wasmplugin-test (GO)	Free Up GitHub Actions Ubuntu Runner Disk Space 🔧	2026-09-23T08:01:01.9955670Z Package 'php-mockery-doc' is not installed, so not removed
higress-wasmplugin-test (GO)	Free Up GitHub Actions Ubuntu Runner Disk Space 🔧	2026-09-23T08:01:01.9956265Z Package 'php-mongodb' is not installed, so not removed
higress-wasmplugin-test (GO)	Free Up GitHub Actions Ubuntu Runner Disk Space 🔧	2026-09-23T08:01:01.9956880Z Package 'php-mongodb-all-dev' is not installed, so not removed
higress-wasmplugin-test (GO)	Free Up GitHub Actions Ubuntu Runner Disk Space 🔧	2026-09-23T08:01:01.9957508Z Package 'php-monolog' is not installed, so not removed
higress-wasmplugin-test (GO)	Free Up GitHub Actions Ubuntu Runner Disk Space 🔧	2026-09-23T08:01:01.9958076Z Package 'php-msgpack' is not installed, so not removed
higress-wasmplugin-test (GO)	Free Up GitHub Actions Ubuntu Runner Disk Space 🔧	2026-09-23T08:01:01.9958692Z Package 'php-msgpack-all-dev' is not installed, so not removed
higress-wasmplugin-test (GO)	Free Up GitHub Actions Ubuntu Runner Disk Space 🔧	2026-09-23T08:01:01.9959336Z Package 'php-net-dime' is not installed, so not removed
higress-wasmplugin-test (GO)	Free Up GitHub Actions Ubuntu Runner Disk Space 🔧	2026-09-23T08:01:01.9959923Z Package 'php-net-dns2' is not installed, so not removed
higress-wasmplugin-test (GO)	Free Up GitHub Actions Ubuntu Runner Disk Space 🔧	2026-09-23T08:01:01.9960494Z Package 'php-net-ftp' is not installed, so not removed
higress-wasmplugin-test (GO)	Free Up GitHub Actions Ubuntu Runner Disk Space 🔧	2026-09-23T08:01:01.9961065Z Package 'php-net-imap' is not installed, so not removed
higress-wasmplugin-test (GO)	Free Up GitHub Actions Ubuntu Runner Disk Space 🔧	2026-09-23T08:01:01.9961638Z Package 'php-net-ipv6' is not installed, so not removed
higress-wasmplugin-test (GO)	Free Up GitHub Actions Ubuntu Runner Disk Space 🔧	2026-09-23T08:01:01.9962227Z Package 'php-net-ldap2' is not installed, so not removed
higress-wasmplugin-test (GO)	Free Up GitHub Actions Ubuntu Runner Disk Space 🔧	2026-09-23T08:01:01.9962834Z Package 'php-net-ldap3' is not installed, so not removed
higress-wasmplugin-test (GO)	Free Up GitHub Actions Ubuntu Runner Disk Space 🔧	2026-09-23T08:01:01.9963420Z Package 'php-net-nntp' is not installed, so not removed
higress-wasmplugin-test (GO)	Free Up GitHub Actions Ubuntu Runner Disk Space 🔧	2026-09-23T08:01:01.9964053Z Package 'php-net-publicsuffix' is not installed, so not removed
higress-wasmplugin-test (GO)	Free Up GitHub Actions Ubuntu Runner Disk Space 🔧	2026-09-23T08:01:01.9964712Z Package 'php-net-sieve' is not installed, so not removed
higress-wasmplugin-test (GO)	Free Up GitHub Actions Ubuntu Runner Disk Space 🔧	2026-09-23T08:01:01.9965299Z Package 'php-net-smtp' is not installed, so not removed
higress-wasmplugin-test (GO)	Free Up GitHub Actions Ubuntu Runner Disk Space 🔧	2026-09-23T08:01:01.9966114Z Package 'php-net-socket' is not installed, so not removed
higress-wasmplugin-test (GO)	Free Up GitHub Actions Ubuntu Runner Disk Space 🔧	2026-09-23T08:01:01.9966525Z Package 'php-net-url' is not installed, so not removed
higress-wasmplugin-test (GO)	Free Up GitHub Actions Ubuntu Runner Disk Space 🔧	2026-09-23T08:01:01.9966875Z Package 'php-net-url2' is not installed, so not removed
higress-wasmplugin-test (GO)	Free Up GitHub Actions Ubuntu Runner Disk Space 🔧	2026-09-23T08:01:01.9967233Z Package 'php-net-whois' is not installed, so not removed
higress-wasmplugin-test (GO)	Free Up GitHub Actions Ubuntu Runner Disk Space 🔧	2026-09-23T08:01:01.9967649Z Package 'php-netscape-bookmark-parser' is not installed, so not removed
higress-wasmplugin-test (GO)	Free Up GitHub Actions Ubuntu Runner Disk Space 🔧	2026-09-23T08:01:01.9968090Z Package 'php-nikic-fast-route' is not installed, so not removed
higress-wasmplugin-test (GO)	Free Up GitHub Actions Ubuntu Runner Disk Space 🔧	2026-09-23T08:01:01.9968483Z Package 'php-nrk-predis' is not installed, so not removed
higress-wasmplugin-test (GO)	Free Up GitHub Actions Ubuntu Runner Disk Space 🔧	2026-09-23T08:01:01.9968871Z Package 'php-nyholm-psr7' is not installed, so not removed
higress-wasmplugin-test (GO)	Free Up GitHub Actions Ubuntu Runner Disk Space 🔧	2026-09-23T08:01:01.9969224Z Package 'php-oauth' is not installed, so not removed
higress-wasmplugin-test (GO)	Free Up GitHub Actions Ubuntu Runner Disk Space 🔧	2026-09-23T08:01:01.9969594Z Package 'php-oauth-all-dev' is not installed, so not removed
higress-wasmplugin-test (GO)	Free Up GitHub Actions Ubuntu Runner Disk Space 🔧	2026-09-23T08:01:01.9969983Z Package 'php-opis-closure' is not installed, so not removed
higress-wasmplugin-test (GO)	Free Up GitHub Actions Ubuntu Runner Disk Space 🔧	2026-09-23T08:01:01.9970359Z Package 'php-parsedown' is not installed, so not removed
higress-wasmplugin-test (GO)	Free Up GitHub Actions Ubuntu Runner Disk Space 🔧	2026-09-23T08:01:01.9970743Z Package 'php-parsedown-extra' is not installed, so not removed
higress-wasmplugin-test (GO)	Free Up GitHub Actions Ubuntu Runner Disk Space 🔧	2026-09-23T08:01:01.9971117Z Package 'php-parser' is not installed, so not removed
higress-wasmplugin-test (GO)	Free Up GitHub Actions Ubuntu Runner Disk Space 🔧	2026-09-23T08:01:01.9971485Z Package 'php-patchwork-utf8' is not installed, so not removed
higress-wasmplugin-test (GO)	Free Up GitHub Actions Ubuntu Runner Disk Space 🔧	2026-09-23T08:01:01.9971852Z Package 'php-pclzip' is not installed, so not removed
higress-wasmplugin-test (GO)	Free Up GitHub Actions Ubuntu Runner Disk Space 🔧	2026-09-23T08:01:01.9972197Z Package 'php-pcov' is not installed, so not removed
higress-wasmplugin-test (GO)	Free Up GitHub Actions Ubuntu Runner Disk Space 🔧	2026-09-23T08:01:01.9972552Z Package 'php-pcov-all-dev' is not installed, so not removed
higress-wasmplugin-test (GO)	Free Up GitHub Actions Ubuntu Runner Disk Space 🔧	2026-09-23T08:01:01.9973137Z Package 'php-pda-pheanstalk' is not installed, so not removed
higress-wasmplugin-test (GO)	Free Up GitHub Actions Ubuntu Runner Disk Space 🔧	2026-09-23T08:01:01.9973549Z Package 'php-phar-io-manifest' is not installed, so not removed
higress-wasmplugin-test (GO)	Free Up GitHub Actions Ubuntu Runner Disk Space 🔧	2026-09-23T08:01:01.9973949Z Package 'php-phar-io-version' is not installed, so not removed
higress-wasmplugin-test (GO)	Free Up GitHub Actions Ubuntu Runner Disk Space 🔧	2026-09-23T08:01:01.9974331Z Package 'php-php-gettext' is not installed, so not removed
higress-wasmplugin-test (GO)	Free Up GitHub Actions Ubuntu Runner Disk Space 🔧	2026-09-23T08:01:01.9974683Z Package 'php-phpdbg' is not installed, so not removed
higress-wasmplugin-test (GO)	Free Up GitHub Actions Ubuntu Runner Disk Space 🔧	2026-09-23T08:01:01.9975117Z Package 'php-phpdocumentor-reflection-common' is not installed, so not removed
higress-wasmplugin-test (GO)	Free Up GitHub Actions Ubuntu Runner Disk Space 🔧	2026-09-23T08:01:01.9975912Z Package 'php-phpdocumentor-reflection-docblock' is not installed, so not removed
higress-wasmplugin-test (GO)	Free Up GitHub Actions Ubuntu Runner Disk Space 🔧	2026-09-23T08:01:01.9976455Z Package 'php-phpdocumentor-type-resolver' is not installed, so not removed
higress-wasmplugin-test (GO)	Free Up GitHub Actions Ubuntu Runner Disk Space 🔧	2026-09-23T08:01:01.9976954Z Package 'php-phpmyadmin-motranslator' is not installed, so not removed
higress-wasmplugin-test (GO)	Free Up GitHub Actions Ubuntu Runner Disk Space 🔧	2026-09-23T08:01:01.9977451Z Package 'php-phpmyadmin-shapefile' is not installed, so not removed
higress-wasmplugin-test (GO)	Free Up GitHub Actions Ubuntu Runner Disk Space 🔧	2026-09-23T08:01:01.9977898Z Package 'php-phpmyadmin-sql-parser' is not installed, so not removed
higress-wasmplugin-test (GO)	Free Up GitHub Actions Ubuntu Runner Disk Space 🔧	2026-09-23T08:01:01.9978497Z Package 'php-phpoption' is not installed, so not removed
higress-wasmplugin-test (GO)	Free Up GitHub Actions Ubuntu Runner Disk Space 🔧	2026-09-23T08:01:01.9978854Z Package 'php-phpseclib' is not installed, so not removed
higress-wasmplugin-test (GO)	Free Up GitHub Actions Ubuntu Runner Disk Space 🔧	2026-09-23T08:01:01.9979211Z Package 'php-phpseclib3' is not installed, so not removed
higress-wasmplugin-test (GO)	Free Up GitHub Actions Ubuntu Runner Disk Space 🔧	2026-09-23T08:01:01.9979596Z Package 'php-phpspec-prophecy' is not installed, so not removed
higress-wasmplugin-test (GO)	Free Up GitHub Actions Ubuntu Runner Disk Space 🔧	2026-09-23T08:01:01.9980045Z Package 'php-phpspec-prophecy-phpunit' is not installed, so not removed
higress-wasmplugin-test (GO)	Free Up GitHub Actions Ubuntu Runner Disk Space 🔧	2026-09-23T08:01:01.9980510Z Package 'php-phpstan-phpdoc-parser' is not installed, so not removed
higress-wasmplugin-test (GO)	Free Up GitHub Actions Ubuntu Runner Disk Space 🔧	2026-09-23T08:01:01.9980908Z Package 'php-predis' is not installed, so not removed
higress-wasmplugin-test (GO)	Free Up GitHub Actions Ubuntu Runner Disk Space 🔧	2026-09-23T08:01:01.9981275Z Package 'php-proxy-manager' is not installed, so not removed
higress-wasmplugin-test (GO)	Free Up GitHub Actions Ubuntu Runner Disk Space 🔧	2026-09-23T08:01:01.9981635Z Package 'php-ps' is not installed, so not removed
higress-wasmplugin-test (GO)	Free Up GitHub Actions Ubuntu Runner Disk Space 🔧	2026-09-23T08:01:01.9981984Z Package 'php-ps-all-dev' is not installed, so not removed
higress-wasmplugin-test (GO)	Free Up GitHub Actions Ubuntu Runner Disk Space 🔧	2026-09-23T08:01:01.9982328Z Package 'php-psr' is not installed, so not removed
higress-wasmplugin-test (GO)	Free Up GitHub Actions Ubuntu Runner Disk Space 🔧	2026-09-23T08:01:01.9982676Z Package 'php-psr-all-dev' is not installed, so not removed
higress-wasmplugin-test (GO)	Free Up GitHub Actions Ubuntu Runner Disk Space 🔧	2026-09-23T08:01:01.9983048Z Package 'php-psr-cache' is not installed, so not removed
higress-wasmplugin-test (GO)	Free Up GitHub Actions Ubuntu Runner Disk Space 🔧	2026-09-23T08:01:01.9983424Z Package 'php-psr-container' is not installed, so not removed
higress-wasmplugin-test (GO)	Free Up GitHub Actions Ubuntu Runner Disk Space 🔧	2026-09-23T08:01:01.9983826Z Package 'php-psr-event-dispatcher' is not installed, so not removed
higress-wasmplugin-test (GO)	Free Up GitHub Actions Ubuntu Runner Disk Space 🔧	2026-09-23T08:01:01.9984241Z Package 'php-psr-http-client' is not installed, so not removed
higress-wasmplugin-test (GO)	Free Up GitHub Actions Ubuntu Runner Disk Space 🔧	2026-09-23T08:01:01.9984640Z Package 'php-psr-http-factory' is not installed, so not removed
higress-wasmplugin-test (GO)	Free Up GitHub Actions Ubuntu Runner Disk Space 🔧	2026-09-23T08:01:01.9985035Z Package 'php-psr-http-message' is not installed, so not removed
higress-wasmplugin-test (GO)	Free Up GitHub Actions Ubuntu Runner Disk Space 🔧	2026-09-23T08:01:01.9985536Z Package 'php-psr-link' is not installed, so not removed
higress-wasmplugin-test (GO)	Free Up GitHub Actions Ubuntu Runner Disk Space 🔧	2026-09-23T08:01:01.9985913Z Package 'php-psr-log' is not installed, so not removed
higress-wasmplugin-test (GO)	Free Up GitHub Actions Ubuntu Runner Disk Space 🔧	2026-09-23T08:01:01.9986286Z Package 'php-psr-simple-cache' is not installed, so not removed
higress-wasmplugin-test (GO)	Free Up GitHub Actions Ubuntu Runner Disk Space 🔧	2026-09-23T08:01:01.9986718Z Package 'php-pubsubhubbub-publisher' is not installed, so not removed
higress-wasmplugin-test (GO)	Free Up GitHub Actions Ubuntu Runner Disk Space 🔧	2026-09-23T08:01:01.9987138Z Package 'php-ramsey-uuid' is not installed, so not removed
higress-wasmplugin-test (GO)	Free Up GitHub Actions Ubuntu Runner Disk Space 🔧	2026-09-23T08:01:01.9987526Z Package 'php-random-compat' is not installed, so not removed
higress-wasmplugin-test (GO)	Free Up GitHub Actions Ubuntu Runner Disk Space 🔧	2026-09-23T08:01:01.9987882Z Package 'php-raphf' is not installed, so not removed
higress-wasmplugin-test (GO)	Free Up GitHub Actions Ubuntu Runner Disk Space 🔧	2026-09-23T08:01:01.9988241Z Package 'php-raphf-all-dev' is not installed, so not removed
higress-wasmplugin-test (GO)	Free Up GitHub Actions Ubuntu Runner Disk Space 🔧	2026-09-23T08:01:01.9988612Z Package 'php-react-promise' is not installed, so not removed
higress-wasmplugin-test (GO)	Free Up GitHub Actions Ubuntu Runner Disk Space 🔧	2026-09-23T08:01:01.9988973Z Package 'php-readline' is not installed, so not removed
higress-wasmplugin-test (GO)	Free Up GitHub Actions Ubuntu Runner Disk Space 🔧	2026-09-23T08:01:01.9989314Z Package 'php-redis' is not installed, so not removed
higress-wasmplugin-test (GO)	Free Up GitHub Actions Ubuntu Runner Disk Space 🔧	2026-09-23T08:01:01.9989658Z Package 'php-redis-all-dev' is not installed, so not removed
higress-wasmplugin-test (GO)	Free Up GitHub Actions Ubuntu Runner Disk Space 🔧	2026-09-23T08:01:01.9990018Z Package 'php-remctl' is not installed, so not removed
higress-wasmplugin-test (GO)	Free Up GitHub Actions Ubuntu Runner Disk Space 🔧	2026-09-23T08:01:01.9990421Z Package 'php-roundcube-rtf-html-php' is not installed, so not removed
higress-wasmplugin-test (GO)	Free Up GitHub Actions Ubuntu Runner Disk Space 🔧	2026-09-23T08:01:01.9990806Z Package 'php-rrd' is not installed, so not removed
higress-wasmplugin-test (GO)	Free Up GitHub Actions Ubuntu Runner Disk Space 🔧	2026-09-23T08:01:01.9991148Z Package 'php-rrd-all-dev' is not installed, so not removed
higress-wasmplugin-test (GO)	Free Up GitHub Actions Ubuntu Runner Disk Space 🔧	2026-09-23T08:01:01.9991505Z Package 'php-sabre-dav' is not installed, so not removed
higress-wasmplugin-test (GO)	Free Up GitHub Actions Ubuntu Runner Disk Space 🔧	2026-09-23T08:01:01.9992060Z Package 'php-sabre-vobject' is not installed, so not removed
higress-wasmplugin-test (GO)	Free Up GitHub Actions Ubuntu Runner Disk Space 🔧	2026-09-23T08:01:01.9992406Z Package 'php-sass' is not installed, so not removed
higress-wasmplugin-test (GO)	Free Up GitHub Actions Ubuntu Runner Disk Space 🔧	2026-09-23T08:01:01.9992738Z Package 'php-seclib' is not installed, so not removed
higress-wasmplugin-test (GO)	Free Up GitHub Actions Ubuntu Runner Disk Space 🔧	2026-09-23T08:01:01.9993088Z Package 'php-services-json' is not installed, so not removed
higress-wasmplugin-test (GO)	Free Up GitHub Actions Ubuntu Runner Disk Space 🔧	2026-09-23T08:01:01.9993466Z Package 'php-services-weather' is not installed, so not removed
higress-wasmplugin-test (GO)	Free Up GitHub Actions Ubuntu Runner Disk Space 🔧	2026-09-23T08:01:01.9993860Z Package 'php-shellcommand' is not installed, so not removed
higress-wasmplugin-test (GO)	Free Up GitHub Actions Ubuntu Runner Disk Space 🔧	2026-09-23T08:01:01.9994222Z Package 'php-smbclient' is not installed, so not removed
higress-wasmplugin-test (GO)	Free Up GitHub Actions Ubuntu Runner Disk Space 🔧	2026-09-23T08:01:01.9994605Z Package 'php-smbclient-all-dev' is not installed, so not removed
higress-wasmplugin-test (GO)	Free Up GitHub Actions Ubuntu Runner Disk Space 🔧	2026-09-23T08:01:01.9994973Z Package 'php-soap' is not installed, so not removed
higress-wasmplugin-test (GO)	Free Up GitHub Actions Ubuntu Runner Disk Space 🔧	2026-09-23T08:01:01.9995289Z Package 'php-solr' is not installed, so not removed
higress-wasmplugin-test (GO)	Free Up GitHub Actions Ubuntu Runner Disk Space 🔧	2026-09-23T08:01:01.9995764Z Package 'php-solr-all-dev' is not installed, so not removed
higress-wasmplugin-test (GO)	Free Up GitHub Actions Ubuntu Runner Disk Space 🔧	2026-09-23T08:01:01.9996139Z Package 'php-sql-formatter' is not installed, so not removed
higress-wasmplugin-test (GO)	Free Up GitHub Actions Ubuntu Runner Disk Space 🔧	2026-09-23T08:01:01.9996625Z Package 'php-ssh2' is not installed, so not removed
higress-wasmplugin-test (GO)	Free Up GitHub Actions Ubuntu Runner Disk Space 🔧	2026-09-23T08:01:01.9996971Z Package 'php-ssh2-all-dev' is not installed, so not removed
higress-wasmplugin-test (GO)	Free Up GitHub Actions Ubuntu Runner Disk Space 🔧	2026-09-23T08:01:01.9997345Z Package 'php-swiftmailer' is not installed, so not removed
higress-wasmplugin-test (GO)	Free Up GitHub Actions Ubuntu Runner Disk Space 🔧	2026-09-23T08:01:01.9997692Z Package 'php-sybase' is not installed, so not removed
higress-wasmplugin-test (GO)	Free Up GitHub Actions Ubuntu Runner Disk Space 🔧	2026-09-23T08:01:01.9998024Z Package 'php-symfony' is not installed, so not removed
higress-wasmplugin-test (GO)	Free Up GitHub Actions Ubuntu Runner Disk Space 🔧	2026-09-23T08:01:01.9998436Z Package 'php-symfony-all-my-sms-notifier' is not installed, so not removed
higress-wasmplugin-test (GO)	Free Up GitHub Actions Ubuntu Runner Disk Space 🔧	2026-09-23T08:01:01.9998904Z Package 'php-symfony-amazon-mailer' is not installed, so not removed
higress-wasmplugin-test (GO)	Free Up GitHub Actions Ubuntu Runner Disk Space 🔧	2026-09-23T08:01:01.9999359Z Package 'php-symfony-amazon-sns-notifier' is not installed, so not removed
higress-wasmplugin-test (GO)	Free Up GitHub Actions Ubuntu Runner Disk Space 🔧	2026-09-23T08:01:01.9999846Z Package 'php-symfony-amazon-sqs-messenger' is not installed, so not removed
higress-wasmplugin-test (GO)	Free Up GitHub Actions Ubuntu Runner Disk Space 🔧	2026-09-23T08:01:02.0000322Z Package 'php-symfony-amqp-messenger' is not installed, so not removed
higress-wasmplugin-test (GO)	Free Up GitHub Actions Ubuntu Runner Disk Space 🔧	2026-09-23T08:01:02.0000739Z Package 'php-symfony-asset' is not installed, so not removed
higress-wasmplugin-test (GO)	Free Up GitHub Actions Ubuntu Runner Disk Space 🔧	2026-09-23T08:01:02.0001174Z Package 'php-symfony-beanstalkd-messenger' is not installed, so not removed
higress-wasmplugin-test (GO)	Free Up GitHub Actions Ubuntu Runner Disk Space 🔧	2026-09-23T08:01:02.0001626Z Package 'php-symfony-browser-kit' is not installed, so not removed
higress-wasmplugin-test (GO)	Free Up GitHub Actions Ubuntu Runner Disk Space 🔧	2026-09-23T08:01:02.0002060Z Package 'php-symfony-cache' is not installed, so not removed
higress-wasmplugin-test (GO)	Free Up GitHub Actions Ubuntu Runner Disk Space 🔧	2026-09-23T08:01:02.0002473Z Package 'php-symfony-cache-contracts' is not installed, so not removed
higress-wasmplugin-test (GO)	Free Up GitHub Actions Ubuntu Runner Disk Space 🔧	2026-09-23T08:01:02.0002934Z Package 'php-symfony-clickatell-notifier' is not installed, so not removed
higress-wasmplugin-test (GO)	Free Up GitHub Actions Ubuntu Runner Disk Space 🔧	2026-09-23T08:01:02.0003367Z Package 'php-symfony-config' is not installed, so not removed
higress-wasmplugin-test (GO)	Free Up GitHub Actions Ubuntu Runner Disk Space 🔧	2026-09-23T08:01:02.0003753Z Package 'php-symfony-console' is not installed, so not removed
higress-wasmplugin-test (GO)	Free Up GitHub Actions Ubuntu Runner Disk Space 🔧	2026-09-23T08:01:02.0004150Z Package 'php-symfony-contracts' is not installed, so not removed
higress-wasmplugin-test (GO)	Free Up GitHub Actions Ubuntu Runner Disk Space 🔧	2026-09-23T08:01:02.0004638Z Package 'php-symfony-crowdin-translation-provider' is not installed, so not removed
higress-wasmplugin-test (GO)	Free Up GitHub Actions Ubuntu Runner Disk Space 🔧	2026-09-23T08:01:02.0005140Z Package 'php-symfony-css-selector' is not installed, so not removed
higress-wasmplugin-test (GO)	Free Up GitHub Actions Ubuntu Runner Disk Space 🔧	2026-09-23T08:01:02.0005728Z Package 'php-symfony-debug-bundle' is not installed, so not removed
higress-wasmplugin-test (GO)	Free Up GitHub Actions Ubuntu Runner Disk Space 🔧	2026-09-23T08:01:02.0006179Z Package 'php-symfony-dependency-injection' is not installed, so not removed
higress-wasmplugin-test (GO)	Free Up GitHub Actions Ubuntu Runner Disk Space 🔧	2026-09-23T08:01:02.0006669Z Package 'php-symfony-deprecation-contracts' is not installed, so not removed
higress-wasmplugin-test (GO)	Free Up GitHub Actions Ubuntu Runner Disk Space 🔧	2026-09-23T08:01:02.0007155Z Package 'php-symfony-discord-notifier' is not installed, so not removed
higress-wasmplugin-test (GO)	Free Up GitHub Actions Ubuntu Runner Disk Space 🔧	2026-09-23T08:01:02.0007611Z Package 'php-symfony-doctrine-bridge' is not installed, so not removed
higress-wasmplugin-test (GO)	Free Up GitHub Actions Ubuntu Runner Disk Space 🔧	2026-09-23T08:01:02.0008076Z Package 'php-symfony-doctrine-messenger' is not installed, so not removed
higress-wasmplugin-test (GO)	Free Up GitHub Actions Ubuntu Runner Disk Space 🔧	2026-09-23T08:01:02.0008528Z Package 'php-symfony-dom-crawler' is not installed, so not removed
higress-wasmplugin-test (GO)	Free Up GitHub Actions Ubuntu Runner Disk Space 🔧	2026-09-23T08:01:02.0008929Z Package 'php-symfony-dotenv' is not installed, so not removed
higress-wasmplugin-test (GO)	Free Up GitHub Actions Ubuntu Runner Disk Space 🔧	2026-09-23T08:01:02.0009339Z Package 'php-symfony-error-handler' is not installed, so not removed
higress-wasmplugin-test (GO)	Free Up GitHub Actions Ubuntu Runner Disk Space 🔧	2026-09-23T08:01:02.0009781Z Package 'php-symfony-esendex-notifier' is not installed, so not removed
higress-wasmplugin-test (GO)	Free Up GitHub Actions Ubuntu Runner Disk Space 🔧	2026-09-23T08:01:02.0010397Z Package 'php-symfony-event-dispatcher' is not installed, so not removed
higress-wasmplugin-test (GO)	Free Up GitHub Actions Ubuntu Runner Disk Space 🔧	2026-09-23T08:01:02.0010893Z Package 'php-symfony-event-dispatcher-contracts' is not installed, so not removed
higress-wasmplugin-test (GO)	Free Up GitHub Actions Ubuntu Runner Disk Space 🔧	2026-09-23T08:01:02.0011383Z Package 'php-symfony-expo-notifier' is not installed, so not removed
higress-wasmplugin-test (GO)	Free Up GitHub Actions Ubuntu Runner Disk Space 🔧	2026-09-23T08:01:02.0011830Z Package 'php-symfony-expression-language' is not installed, so not removed
higress-wasmplugin-test (GO)	Free Up GitHub Actions Ubuntu Runner Disk Space 🔧	2026-09-23T08:01:02.0012305Z Package 'php-symfony-fake-chat-notifier' is not installed, so not removed
higress-wasmplugin-test (GO)	Free Up GitHub Actions Ubuntu Runner Disk Space 🔧	2026-09-23T08:01:02.0012773Z Package 'php-symfony-fake-sms-notifier' is not installed, so not removed
higress-wasmplugin-test (GO)	Free Up GitHub Actions Ubuntu Runner Disk Space 🔧	2026-09-23T08:01:02.0013211Z Package 'php-symfony-filesystem' is not installed, so not removed
higress-wasmplugin-test (GO)	Free Up GitHub Actions Ubuntu Runner Disk Space 🔧	2026-09-23T08:01:02.0013616Z Package 'php-symfony-finder' is not installed, so not removed
higress-wasmplugin-test (GO)	Free Up GitHub Actions Ubuntu Runner Disk Space 🔧	2026-09-23T08:01:02.0014034Z Package 'php-symfony-firebase-notifier' is not installed, so not removed
higress-wasmplugin-test (GO)	Free Up GitHub Actions Ubuntu Runner Disk Space 🔧	2026-09-23T08:01:02.0014452Z Package 'php-symfony-form' is not installed, so not removed
higress-wasmplugin-test (GO)	Free Up GitHub Actions Ubuntu Runner Disk Space 🔧	2026-09-23T08:01:02.0014872Z Package 'php-symfony-framework-bundle' is not installed, so not removed
higress-wasmplugin-test (GO)	Free Up GitHub Actions Ubuntu Runner Disk Space 🔧	2026-09-23T08:01:02.0015582Z Package 'php-symfony-free-mobile-notifier' is not installed, so not removed
higress-wasmplugin-test (GO)	Free Up GitHub Actions Ubuntu Runner Disk Space 🔧	2026-09-23T08:01:02.0016068Z Package 'php-symfony-gateway-api-notifier' is not installed, so not removed
higress-wasmplugin-test (GO)	Free Up GitHub Actions Ubuntu Runner Disk Space 🔧	2026-09-23T08:01:02.0016536Z Package 'php-symfony-gitter-notifier' is not installed, so not removed
higress-wasmplugin-test (GO)	Free Up GitHub Actions Ubuntu Runner Disk Space 🔧	2026-09-23T08:01:02.0016995Z Package 'php-symfony-google-chat-notifier' is not installed, so not removed
higress-wasmplugin-test (GO)	Free Up GitHub Actions Ubuntu Runner Disk Space 🔧	2026-09-23T08:01:02.0017443Z Package 'php-symfony-google-mailer' is not installed, so not removed
higress-wasmplugin-test (GO)	Free Up GitHub Actions Ubuntu Runner Disk Space 🔧	2026-09-23T08:01:02.0017866Z Package 'php-symfony-http-client' is not installed, so not removed
higress-wasmplugin-test (GO)	Free Up GitHub Actions Ubuntu Runner Disk Space 🔧	2026-09-23T08:01:02.0018321Z Package 'php-symfony-http-client-contracts' is not installed, so not removed
higress-wasmplugin-test (GO)	Free Up GitHub Actions Ubuntu Runner Disk Space 🔧	2026-09-23T08:01:02.0018795Z Package 'php-symfony-http-foundation' is not installed, so not removed
higress-wasmplugin-test (GO)	Free Up GitHub Actions Ubuntu Runner Disk Space 🔧	2026-09-23T08:01:02.0019221Z Package 'php-symfony-http-kernel' is not installed, so not removed
higress-wasmplugin-test (GO)	Free Up GitHub Actions Ubuntu Runner Disk Space 🔧	2026-09-23T08:01:02.0019624Z Package 'php-symfony-inflector' is not installed, so not removed
higress-wasmplugin-test (GO)	Free Up GitHub Actions Ubuntu Runner Disk Space 🔧	2026-09-23T08:01:02.0020063Z Package 'php-symfony-infobip-notifier' is not installed, so not removed
higress-wasmplugin-test (GO)	Free Up GitHub Actions Ubuntu Runner Disk Space 🔧	2026-09-23T08:01:02.0020475Z Package 'php-symfony-intl' is not installed, so not removed
higress-wasmplugin-test (GO)	Free Up GitHub Actions Ubuntu Runner Disk Space 🔧	2026-09-23T08:01:02.0020872Z Package 'php-symfony-iqsms-notifier' is not installed, so not removed
higress-wasmplugin-test (GO)	Free Up GitHub Actions Ubuntu Runner Disk Space 🔧	2026-09-23T08:01:02.0021277Z Package 'php-symfony-ldap' is not installed, so not removed
higress-wasmplugin-test (GO)	Free Up GitHub Actions Ubuntu Runner Disk Space 🔧	2026-09-23T08:01:02.0021693Z Package 'php-symfony-light-sms-notifier' is not installed, so not removed
higress-wasmplugin-test (GO)	Free Up GitHub Actions Ubuntu Runner Disk Space 🔧	2026-09-23T08:01:02.0022158Z Package 'php-symfony-linked-in-notifier' is not installed, so not removed
higress-wasmplugin-test (GO)	Free Up GitHub Actions Ubuntu Runner Disk Space 🔧	2026-09-23T08:01:02.0039292Z Package 'php-symfony-lock' is not installed, so not removed
higress-wasmplugin-test (GO)	Free Up GitHub Actions Ubuntu Runner Disk Space 🔧	2026-09-23T08:01:02.0039955Z Package 'php-symfony-loco-translation-provider' is not installed, so not removed
higress-wasmplugin-test (GO)	Free Up GitHub Actions Ubuntu Runner Disk Space 🔧	2026-09-23T08:01:02.0040613Z Package 'php-symfony-lokalise-translation-provider' is not installed, so not removed
higress-wasmplugin-test (GO)	Free Up GitHub Actions Ubuntu Runner Disk Space 🔧	2026-09-23T08:01:02.0041177Z Package 'php-symfony-mailchimp-mailer' is not installed, so not removed
higress-wasmplugin-test (GO)	Free Up GitHub Actions Ubuntu Runner Disk Space 🔧	2026-09-23T08:01:02.0041651Z Package 'php-symfony-mailer' is not installed, so not removed
higress-wasmplugin-test (GO)	Free Up GitHub Actions Ubuntu Runner Disk Space 🔧	2026-09-23T08:01:02.0042082Z Package 'php-symfony-mailgun-mailer' is not installed, so not removed
higress-wasmplugin-test (GO)	Free Up GitHub Actions Ubuntu Runner Disk Space 🔧	2026-09-23T08:01:02.0042537Z Package 'php-symfony-mailjet-mailer' is not installed, so not removed
higress-wasmplugin-test (GO)	Free Up GitHub Actions Ubuntu Runner Disk Space 🔧	2026-09-23T08:01:02.0042989Z Package 'php-symfony-mailjet-notifier' is not installed, so not removed
higress-wasmplugin-test (GO)	Free Up GitHub Actions Ubuntu Runner Disk Space 🔧	2026-09-23T08:01:02.0043486Z Package 'php-symfony-mattermost-notifier' is not installed, so not removed
higress-wasmplugin-test (GO)	Free Up GitHub Actions Ubuntu Runner Disk Space 🔧	2026-09-23T08:01:02.0043954Z Package 'php-symfony-mercure' is not installed, so not removed
higress-wasmplugin-test (GO)	Free Up GitHub Actions Ubuntu Runner Disk Space 🔧	2026-09-23T08:01:02.0044402Z Package 'php-symfony-mercure-notifier' is not installed, so not removed
higress-wasmplugin-test (GO)	Free Up GitHub Actions Ubuntu Runner Disk Space 🔧	2026-09-23T08:01:02.0044898Z Package 'php-symfony-message-bird-notifier' is not installed, so not removed
higress-wasmplugin-test (GO)	Free Up GitHub Actions Ubuntu Runner Disk Space 🔧	2026-09-23T08:01:02.0045692Z Package 'php-symfony-message-media-notifier' is not installed, so not removed
higress-wasmplugin-test (GO)	Free Up GitHub Actions Ubuntu Runner Disk Space 🔧	2026-09-23T08:01:02.0046171Z Package 'php-symfony-messenger' is not installed, so not removed
higress-wasmplugin-test (GO)	Free Up GitHub Actions Ubuntu Runner Disk Space 🔧	2026-09-23T08:01:02.0046881Z Package 'php-symfony-microsoft-teams-notifier' is not installed, so not removed
higress-wasmplugin-test (GO)	Free Up GitHub Actions Ubuntu Runner Disk Space 🔧	2026-09-23T08:01:02.0047348Z Package 'php-symfony-mime' is not installed, so not removed
higress-wasmplugin-test (GO)	Free Up GitHub Actions Ubuntu Runner Disk Space 🔧	2026-09-23T08:01:02.0047771Z Package 'php-symfony-mobyt-notifier' is not installed, so not removed
higress-wasmplugin-test (GO)	Free Up GitHub Actions Ubuntu Runner Disk Space 🔧	2026-09-23T08:01:02.0048220Z Package 'php-symfony-monolog-bridge' is not installed, so not removed
higress-wasmplugin-test (GO)	Free Up GitHub Actions Ubuntu Runner Disk Space 🔧	2026-09-23T08:01:02.0048664Z Package 'php-symfony-nexmo-notifier' is not installed, so not removed
higress-wasmplugin-test (GO)	Free Up GitHub Actions Ubuntu Runner Disk Space 🔧	2026-09-23T08:01:02.0049084Z Package 'php-symfony-notifier' is not installed, so not removed
higress-wasmplugin-test (GO)	Free Up GitHub Actions Ubuntu Runner Disk Space 🔧	2026-09-23T08:01:02.0049538Z Package 'php-symfony-octopush-notifier' is not installed, so not removed
higress-wasmplugin-test (GO)	Free Up GitHub Actions Ubuntu Runner Disk Space 🔧	2026-09-23T08:01:02.0050010Z Package 'php-symfony-oh-my-smtp-mailer' is not installed, so not removed
higress-wasmplugin-test (GO)	Free Up GitHub Actions Ubuntu Runner Disk Space 🔧	2026-09-23T08:01:02.0050488Z Package 'php-symfony-one-signal-notifier' is not installed, so not removed
higress-wasmplugin-test (GO)	Free Up GitHub Actions Ubuntu Runner Disk Space 🔧	2026-09-23T08:01:02.0050965Z Package 'php-symfony-options-resolver' is not installed, so not removed
higress-wasmplugin-test (GO)	Free Up GitHub Actions Ubuntu Runner Disk Space 🔧	2026-09-23T08:01:02.0051446Z Package 'php-symfony-ovh-cloud-notifier' is not installed, so not removed
higress-wasmplugin-test (GO)	Free Up GitHub Actions Ubuntu Runner Disk Space 🔧	2026-09-23T08:01:02.0052074Z Package 'php-symfony-password-hasher' is not installed, so not removed
higress-wasmplugin-test (GO)	Free Up GitHub Actions Ubuntu Runner Disk Space 🔧	2026-09-23T08:01:02.0052530Z Package 'php-symfony-phpunit-bridge' is not installed, so not removed
higress-wasmplugin-test (GO)	Free Up GitHub Actions Ubuntu Runner Disk Space 🔧	2026-09-23T08:01:02.0052957Z Package 'php-symfony-polyfill' is not installed, so not removed
higress-wasmplugin-test (GO)	Free Up GitHub Actions Ubuntu Runner Disk Space 🔧	2026-09-23T08:01:02.0053382Z Package 'php-symfony-polyfill-apcu' is not installed, so not removed
higress-wasmplugin-test (GO)	Free Up GitHub Actions Ubuntu Runner Disk Space 🔧	2026-09-23T08:01:02.0053832Z Package 'php-symfony-polyfill-ctype' is not installed, so not removed
higress-wasmplugin-test (GO)	Free Up GitHub Actions Ubuntu Runner Disk Space 🔧	2026-09-23T08:01:02.0054272Z Package 'php-symfony-polyfill-iconv' is not installed, so not removed
higress-wasmplugin-test (GO)	Free Up GitHub Actions Ubuntu Runner Disk Space 🔧	2026-09-23T08:01:02.0054748Z Package 'php-symfony-polyfill-intl-grapheme' is not installed, so not removed
higress-wasmplugin-test (GO)	Free Up GitHub Actions Ubuntu Runner Disk Space 🔧	2026-09-23T08:01:02.0055243Z Package 'php-symfony-polyfill-intl-icu' is not installed, so not removed
higress-wasmplugin-test (GO)	Free Up GitHub Actions Ubuntu Runner Disk Space 🔧	2026-09-23T08:01:02.0055980Z Package 'php-symfony-polyfill-intl-idn' is not installed, so not removed
higress-wasmplugin-test (GO)	Free Up GitHub Actions Ubuntu Runner Disk Space 🔧	2026-09-23T08:01:02.0056512Z Package 'php-symfony-polyfill-intl-messageformatter' is not installed, so not removed
higress-wasmplugin-test (GO)	Free Up GitHub Actions Ubuntu Runner Disk Space 🔧	2026-09-23T08:01:02.0057090Z Package 'php-symfony-polyfill-intl-normalizer' is not installed, so not removed
higress-wasmplugin-test (GO)	Free Up GitHub Actions Ubuntu Runner Disk Space 🔧	2026-09-23T08:01:02.0057582Z Package 'php-symfony-polyfill-mbstring' is not installed, so not removed
higress-wasmplugin-test (GO)	Free Up GitHub Actions Ubuntu Runner Disk Space 🔧	2026-09-23T08:01:02.0058041Z Package 'php-symfony-polyfill-php72' is not installed, so not removed
higress-wasmplugin-test (GO)	Free Up GitHub Actions Ubuntu Runner Disk Space 🔧	2026-09-23T08:01:02.0058480Z Package 'php-symfony-polyfill-php73' is not installed, so not removed
higress-wasmplugin-test (GO)	Free Up GitHub Actions Ubuntu Runner Disk Space 🔧	2026-09-23T08:01:02.0058913Z Package 'php-symfony-polyfill-php74' is not installed, so not removed
higress-wasmplugin-test (GO)	Free Up GitHub Actions Ubuntu Runner Disk Space 🔧	2026-09-23T08:01:02.0059377Z Package 'php-symfony-polyfill-php80' is not installed, so not removed
higress-wasmplugin-test (GO)	Free Up GitHub Actions Ubuntu Runner Disk Space 🔧	2026-09-23T08:01:02.0059808Z Package 'php-symfony-polyfill-php81' is not installed, so not removed
higress-wasmplugin-test (GO)	Free Up GitHub Actions Ubuntu Runner Disk Space 🔧	2026-09-23T08:01:02.0060301Z Package 'php-symfony-polyfill-util' is not installed, so not removed
higress-wasmplugin-test (GO)	Free Up GitHub Actions Ubuntu Runner Disk Space 🔧	2026-09-23T08:01:02.0060923Z Package 'php-symfony-polyfill-uuid' is not installed, so not removed
higress-wasmplugin-test (GO)	Free Up GitHub Actions Ubuntu Runner Disk Space 🔧	2026-09-23T08:01:02.0087886Z Package 'php-symfony-polyfill-xml' is not installed, so not removed
higress-wasmplugin-test (GO)	Free Up GitHub Actions Ubuntu Runner Disk Space 🔧	2026-09-23T08:01:02.0088487Z Package 'php-symfony-postmark-mailer' is not installed, so not removed
higress-wasmplugin-test (GO)	Free Up GitHub Actions Ubuntu Runner Disk Space 🔧	2026-09-23T08:01:02.0088936Z Package 'php-symfony-process' is not installed, so not removed
higress-wasmplugin-test (GO)	Free Up GitHub Actions Ubuntu Runner Disk Space 🔧	2026-09-23T08:01:02.0089357Z Package 'php-symfony-property-access' is not installed, so not removed
higress-wasmplugin-test (GO)	Free Up GitHub Actions Ubuntu Runner Disk Space 🔧	2026-09-23T08:01:02.0089806Z Package 'php-symfony-property-info' is not installed, so not removed
higress-wasmplugin-test (GO)	Free Up GitHub Actions Ubuntu Runner Disk Space 🔧	2026-09-23T08:01:02.0090268Z Package 'php-symfony-proxy-manager-bridge' is not installed, so not removed
higress-wasmplugin-test (GO)	Free Up GitHub Actions Ubuntu Runner Disk Space 🔧	2026-09-23T08:01:02.0090723Z Package 'php-symfony-rate-limiter' is not installed, so not removed
higress-wasmplugin-test (GO)	Free Up GitHub Actions Ubuntu Runner Disk Space 🔧	2026-09-23T08:01:02.0091152Z Package 'php-symfony-redis-messenger' is not installed, so not removed
higress-wasmplugin-test (GO)	Free Up GitHub Actions Ubuntu Runner Disk Space 🔧	2026-09-23T08:01:02.0091605Z Package 'php-symfony-rocket-chat-notifier' is not installed, so not removed
higress-wasmplugin-test (GO)	Free Up GitHub Actions Ubuntu Runner Disk Space 🔧	2026-09-23T08:01:02.0092034Z Package 'php-symfony-routing' is not installed, so not removed
higress-wasmplugin-test (GO)	Free Up GitHub Actions Ubuntu Runner Disk Space 🔧	2026-09-23T08:01:02.0092412Z Package 'php-symfony-runtime' is not installed, so not removed
higress-wasmplugin-test (GO)	Free Up GitHub Actions Ubuntu Runner Disk Space 🔧	2026-09-23T08:01:02.0093017Z Package 'php-symfony-security-acl' is not installed, so not removed
higress-wasmplugin-test (GO)	Free Up GitHub Actions Ubuntu Runner Disk Space 🔧	2026-09-23T08:01:02.0093439Z Package 'php-symfony-security-bundle' is not installed, so not removed
higress-wasmplugin-test (GO)	Free Up GitHub Actions Ubuntu Runner Disk Space 🔧	2026-09-23T08:01:02.0093860Z Package 'php-symfony-security-core' is not installed, so not removed
higress-wasmplugin-test (GO)	Free Up GitHub Actions Ubuntu Runner Disk Space 🔧	2026-09-23T08:01:02.0094271Z Package 'php-symfony-security-csrf' is not installed, so not removed
higress-wasmplugin-test (GO)	Free Up GitHub Actions Ubuntu Runner Disk Space 🔧	2026-09-23T08:01:02.0094693Z Package 'php-symfony-security-guard' is not installed, so not removed
higress-wasmplugin-test (GO)	Free Up GitHub Actions Ubuntu Runner Disk Space 🔧	2026-09-23T08:01:02.0095115Z Package 'php-symfony-security-http' is not installed, so not removed
higress-wasmplugin-test (GO)	Free Up GitHub Actions Ubuntu Runner Disk Space 🔧	2026-09-23T08:01:02.0095845Z Package 'php-symfony-semaphore' is not installed, so not removed
higress-wasmplugin-test (GO)	Free Up GitHub Actions Ubuntu Runner Disk Space 🔧	2026-09-23T08:01:02.0096276Z Package 'php-symfony-sendgrid-mailer' is not installed, so not removed
higress-wasmplugin-test (GO)	Free Up GitHub Actions Ubuntu Runner Disk Space 🔧	2026-09-23T08:01:02.0096731Z Package 'php-symfony-sendinblue-mailer' is not installed, so not removed
higress-wasmplugin-test (GO)	Free Up GitHub Actions Ubuntu Runner Disk Space 🔧	2026-09-23T08:01:02.0097197Z Package 'php-symfony-sendinblue-notifier' is not installed, so not removed
higress-wasmplugin-test (GO)	Free Up GitHub Actions Ubuntu Runner Disk Space 🔧	2026-09-23T08:01:02.0097641Z Package 'php-symfony-serializer' is not installed, so not removed
higress-wasmplugin-test (GO)	Free Up GitHub Actions Ubuntu Runner Disk Space 🔧	2026-09-23T08:01:02.0098223Z Package 'php-symfony-service-contracts' is not installed, so not removed
higress-wasmplugin-test (GO)	Free Up GitHub Actions Ubuntu Runner Disk Space 🔧	2026-09-23T08:01:02.0098696Z Package 'php-symfony-sinch-notifier' is not installed, so not removed
higress-wasmplugin-test (GO)	Free Up GitHub Actions Ubuntu Runner Disk Space 🔧	2026-09-23T08:01:02.0099124Z Package 'php-symfony-slack-notifier' is not installed, so not removed
higress-wasmplugin-test (GO)	Free Up GitHub Actions Ubuntu Runner Disk Space 🔧	2026-09-23T08:01:02.0099571Z Package 'php-symfony-sms-biuras-notifier' is not installed, so not removed
higress-wasmplugin-test (GO)	Free Up GitHub Actions Ubuntu Runner Disk Space 🔧	2026-09-23T08:01:02.0100017Z Package 'php-symfony-sms77-notifier' is not installed, so not removed
higress-wasmplugin-test (GO)	Free Up GitHub Actions Ubuntu Runner Disk Space 🔧	2026-09-23T08:01:02.0100442Z Package 'php-symfony-smsapi-notifier' is not installed, so not removed
higress-wasmplugin-test (GO)	Free Up GitHub Actions Ubuntu Runner Disk Space 🔧	2026-09-23T08:01:02.0100870Z Package 'php-symfony-smsc-notifier' is not installed, so not removed
higress-wasmplugin-test (GO)	Free Up GitHub Actions Ubuntu Runner Disk Space 🔧	2026-09-23T08:01:02.0101300Z Package 'php-symfony-spot-hit-notifier' is not installed, so not removed
higress-wasmplugin-test (GO)	Free Up GitHub Actions Ubuntu Runner Disk Space 🔧	2026-09-23T08:01:02.0101730Z Package 'php-symfony-stopwatch' is not installed, so not removed
higress-wasmplugin-test (GO)	Free Up GitHub Actions Ubuntu Runner Disk Space 🔧	2026-09-23T08:01:02.0102128Z Package 'php-symfony-string' is not installed, so not removed
higress-wasmplugin-test (GO)	Free Up GitHub Actions Ubuntu Runner Disk Space 🔧	2026-09-23T08:01:02.0102560Z Package 'php-symfony-telegram-notifier' is not installed, so not removed
higress-wasmplugin-test (GO)	Free Up GitHub Actions Ubuntu Runner Disk Space 🔧	2026-09-23T08:01:02.0103005Z Package 'php-symfony-telnyx-notifier' is not installed, so not removed
higress-wasmplugin-test (GO)	Free Up GitHub Actions Ubuntu Runner Disk Space 🔧	2026-09-23T08:01:02.0103441Z Package 'php-symfony-templating' is not installed, so not removed
higress-wasmplugin-test (GO)	Free Up GitHub Actions Ubuntu Runner Disk Space 🔧	2026-09-23T08:01:02.0103852Z Package 'php-symfony-translation' is not installed, so not removed
higress-wasmplugin-test (GO)	Free Up GitHub Actions Ubuntu Runner Disk Space 🔧	2026-09-23T08:01:02.0104307Z Package 'php-symfony-translation-contracts' is not installed, so not removed
higress-wasmplugin-test (GO)	Free Up GitHub Actions Ubuntu Runner Disk Space 🔧	2026-09-23T08:01:02.0104794Z Package 'php-symfony-turbo-sms-notifier' is not installed, so not removed
higress-wasmplugin-test (GO)	Free Up GitHub Actions Ubuntu Runner Disk Space 🔧	2026-09-23T08:01:02.0105227Z Package 'php-symfony-twig-bridge' is not installed, so not removed
higress-wasmplugin-test (GO)	Free Up GitHub Actions Ubuntu Runner Disk Space 🔧	2026-09-23T08:01:02.0105866Z Package 'php-symfony-twig-bundle' is not installed, so not removed
higress-wasmplugin-test (GO)	Free Up GitHub Actions Ubuntu Runner Disk Space 🔧	2026-09-23T08:01:02.0106290Z Package 'php-symfony-twilio-notifier' is not installed, so not removed
higress-wasmplugin-test (GO)	Free Up GitHub Actions Ubuntu Runner Disk Space 🔧	2026-09-23T08:01:02.0106692Z Package 'php-symfony-uid' is not installed, so not removed
higress-wasmplugin-test (GO)	Free Up GitHub Actions Ubuntu Runner Disk Space 🔧	2026-09-23T08:01:02.0107080Z Package 'php-symfony-validator' is not installed, so not removed
higress-wasmplugin-test (GO)	Free Up GitHub Actions Ubuntu Runner Disk Space 🔧	2026-09-23T08:01:02.0107479Z Package 'php-symfony-var-dumper' is not installed, so not removed
higress-wasmplugin-test (GO)	Free Up GitHub Actions Ubuntu Runner Disk Space 🔧	2026-09-23T08:01:02.0107895Z Package 'php-symfony-var-exporter' is not installed, so not removed
higress-wasmplugin-test (GO)	Free Up GitHub Actions Ubuntu Runner Disk Space 🔧	2026-09-23T08:01:02.0108322Z Package 'php-symfony-vonage-notifier' is not installed, so not removed
higress-wasmplugin-test (GO)	Free Up GitHub Actions Ubuntu Runner Disk Space 🔧	2026-09-23T08:01:02.0108745Z Package 'php-symfony-web-link' is not installed, so not removed
higress-wasmplugin-test (GO)	Free Up GitHub Actions Ubuntu Runner Disk Space 🔧	2026-09-23T08:01:02.0109188Z Package 'php-symfony-web-profiler-bundle' is not installed, so not removed
higress-wasmplugin-test (GO)	Free Up GitHub Actions Ubuntu Runner Disk Space 🔧	2026-09-23T08:01:02.0109630Z Package 'php-symfony-workflow' is not installed, so not removed
higress-wasmplugin-test (GO)	Free Up GitHub Actions Ubuntu Runner Disk Space 🔧	2026-09-23T08:01:02.0110014Z Package 'php-symfony-yaml' is not installed, so not removed
higress-wasmplugin-test (GO)	Free Up GitHub Actions Ubuntu Runner Disk Space 🔧	2026-09-23T08:01:02.0110431Z Package 'php-symfony-yunpian-notifier' is not installed, so not removed
higress-wasmplugin-test (GO)	Free Up GitHub Actions Ubuntu Runner Disk Space 🔧	2026-09-23T08:01:02.0110886Z Package 'php-symfony-zulip-notifier' is not installed, so not removed
higress-wasmplugin-test (GO)	Free Up GitHub Actions Ubuntu Runner Disk Space 🔧	2026-09-23T08:01:02.0111276Z Package 'php-tcpdf' is not installed, so not removed
higress-wasmplugin-test (GO)	Free Up GitHub Actions Ubuntu Runner Disk Space 🔧	2026-09-23T08:01:02.0111804Z Package 'php-text-captcha' is not installed, so not removed
higress-wasmplugin-test (GO)	Free Up GitHub Actions Ubuntu Runner Disk Space 🔧	2026-09-23T08:01:02.0112173Z Package 'php-text-figlet' is not installed, so not removed
higress-wasmplugin-test (GO)	Free Up GitHub Actions Ubuntu Runner Disk Space 🔧	2026-09-23T08:01:02.0112567Z Package 'php-text-languagedetect' is not installed, so not removed
higress-wasmplugin-test (GO)	Free Up GitHub Actions Ubuntu Runner Disk Space 🔧	2026-09-23T08:01:02.0112977Z Package 'php-text-password' is not installed, so not removed
higress-wasmplugin-test (GO)	Free Up GitHub Actions Ubuntu Runner Disk Space 🔧	2026-09-23T08:01:02.0113349Z Package 'php-text-template' is not installed, so not removed
higress-wasmplugin-test (GO)	Free Up GitHub Actions Ubuntu Runner Disk Space 🔧	2026-09-23T08:01:02.0113716Z Package 'php-text-wiki' is not installed, so not removed
higress-wasmplugin-test (GO)	Free Up GitHub Actions Ubuntu Runner Disk Space 🔧	2026-09-23T08:01:02.0114067Z Package 'php-thrift' is not installed, so not removed
higress-wasmplugin-test (GO)	Free Up GitHub Actions Ubuntu Runner Disk Space 🔧	2026-09-23T08:01:02.0114407Z Package 'php-tideways' is not installed, so not removed
higress-wasmplugin-test (GO)	Free Up GitHub Actions Ubuntu Runner Disk Space 🔧	2026-09-23T08:01:02.0114849Z Package 'php-tijsverkoyen-css-to-inline-styles' is not installed, so not removed
higress-wasmplugin-test (GO)	Free Up GitHub Actions Ubuntu Runner Disk Space 🔧	2026-09-23T08:01:02.0115295Z Package 'php-timer' is not installed, so not removed
higress-wasmplugin-test (GO)	Free Up GitHub Actions Ubuntu Runner Disk Space 🔧	2026-09-23T08:01:02.0115783Z Package 'php-token-stream' is not installed, so not removed
higress-wasmplugin-test (GO)	Free Up GitHub Actions Ubuntu Runner Disk Space 🔧	2026-09-23T08:01:02.0116148Z Package 'php-tokenizer' is not installed, so not removed
higress-wasmplugin-test (GO)	Free Up GitHub Actions Ubuntu Runner Disk Space 🔧	2026-09-23T08:01:02.0116637Z Package 'php-twig' is not installed, so not removed
higress-wasmplugin-test (GO)	Free Up GitHub Actions Ubuntu Runner Disk Space 🔧	2026-09-23T08:01:02.0117011Z Package 'php-twig-cache-extra' is not installed, so not removed
higress-wasmplugin-test (GO)	Free Up GitHub Actions Ubuntu Runner Disk Space 🔧	2026-09-23T08:01:02.0117440Z Package 'php-twig-cssinliner-extra' is not installed, so not removed
higress-wasmplugin-test (GO)	Free Up GitHub Actions Ubuntu Runner Disk Space 🔧	2026-09-23T08:01:02.0117845Z Package 'php-twig-doc' is not installed, so not removed
higress-wasmplugin-test (GO)	Free Up GitHub Actions Ubuntu Runner Disk Space 🔧	2026-09-23T08:01:02.0118227Z Package 'php-twig-extra-bundle' is not installed, so not removed
higress-wasmplugin-test (GO)	Free Up GitHub Actions Ubuntu Runner Disk Space 🔧	2026-09-23T08:01:02.0118632Z Package 'php-twig-html-extra' is not installed, so not removed
higress-wasmplugin-test (GO)	Free Up GitHub Actions Ubuntu Runner Disk Space 🔧	2026-09-23T08:01:02.0119047Z Package 'php-twig-i18n-extension' is not installed, so not removed
higress-wasmplugin-test (GO)	Free Up GitHub Actions Ubuntu Runner Disk Space 🔧	2026-09-23T08:01:02.0119447Z Package 'php-twig-inky-extra' is not installed, so not removed
higress-wasmplugin-test (GO)	Free Up GitHub Actions Ubuntu Runner Disk Space 🔧	2026-09-23T08:01:02.0119828Z Package 'php-twig-intl-extra' is not installed, so not removed
higress-wasmplugin-test (GO)	Free Up GitHub Actions Ubuntu Runner Disk Space 🔧	2026-09-23T08:01:02.0120219Z Package 'php-twig-markdown-extra' is not installed, so not removed
higress-wasmplugin-test (GO)	Free Up GitHub Actions Ubuntu Runner Disk Space 🔧	2026-09-23T08:01:02.0120619Z Package 'php-twig-string-extra' is not installed, so not removed
higress-wasmplugin-test (GO)	Free Up GitHub Actions Ubuntu Runner Disk Space 🔧	2026-09-23T08:01:02.0120988Z Package 'php-uopz' is not installed, so not removed
higress-wasmplugin-test (GO)	Free Up GitHub Actions Ubuntu Runner Disk Space 🔧	2026-09-23T08:01:02.0121346Z Package 'php-uopz-all-dev' is not installed, so not removed
higress-wasmplugin-test (GO)	Free Up GitHub Actions Ubuntu Runner Disk Space 🔧	2026-09-23T08:01:02.0121734Z Package 'php-uploadprogress' is not installed, so not removed
higress-wasmplugin-test (GO)	Free Up GitHub Actions Ubuntu Runner Disk Space 🔧	2026-09-23T08:01:02.0122164Z Package 'php-uploadprogress-all-dev' is not installed, so not removed
higress-wasmplugin-test (GO)	Free Up GitHub Actions Ubuntu Runner Disk Space 🔧	2026-09-23T08:01:02.0122554Z Package 'php-uuid' is not installed, so not removed
higress-wasmplugin-test (GO)	Free Up GitHub Actions Ubuntu Runner Disk Space 🔧	2026-09-23T08:01:02.0122890Z Package 'php-uuid-all-dev' is not installed, so not removed
higress-wasmplugin-test (GO)	Free Up GitHub Actions Ubuntu Runner Disk Space 🔧	2026-09-23T08:01:02.0123260Z Package 'php-validate' is not installed, so not removed
higress-wasmplugin-test (GO)	Free Up GitHub Actions Ubuntu Runner Disk Space 🔧	2026-09-23T08:01:02.0123627Z Package 'php-vlucas-phpdotenv' is not installed, so not removed
higress-wasmplugin-test (GO)	Free Up GitHub Actions Ubuntu Runner Disk Space 🔧	2026-09-23T08:01:02.0124023Z Package 'php-webmozart-assert' is not installed, so not removed
higress-wasmplugin-test (GO)	Free Up GitHub Actions Ubuntu Runner Disk Space 🔧	2026-09-23T08:01:02.0124398Z Package 'php-wikidiff2' is not installed, so not removed
higress-wasmplugin-test (GO)	Free Up GitHub Actions Ubuntu Runner Disk Space 🔧	2026-09-23T08:01:02.0124740Z Package 'php-xajax' is not installed, so not removed
higress-wasmplugin-test (GO)	Free Up GitHub Actions Ubuntu Runner Disk Space 🔧	2026-09-23T08:01:02.0125077Z Package 'php-xdebug' is not installed, so not removed
higress-wasmplugin-test (GO)	Free Up GitHub Actions Ubuntu Runner Disk Space 🔧	2026-09-23T08:01:02.0125567Z Package 'php-xdebug-all-dev' is not installed, so not removed
higress-wasmplugin-test (GO)	Free Up GitHub Actions Ubuntu Runner Disk Space 🔧	2026-09-23T08:01:02.0125942Z Package 'php-xml-htmlsax3' is not installed, so not removed
higress-wasmplugin-test (GO)	Free Up GitHub Actions Ubuntu Runner Disk Space 🔧	2026-09-23T08:01:02.0126295Z Package 'php-xml-rpc2' is not installed, so not removed
higress-wasmplugin-test (GO)	Free Up GitHub Actions Ubuntu Runner Disk Space 🔧	2026-09-23T08:01:02.0126637Z Package 'php-xml-svg' is not installed, so not removed
higress-wasmplugin-test (GO)	Free Up GitHub Actions Ubuntu Runner Disk Space 🔧	2026-09-23T08:01:02.0126969Z Package 'php-xmlrpc' is not installed, so not removed
higress-wasmplugin-test (GO)	Free Up GitHub Actions Ubuntu Runner Disk Space 🔧	2026-09-23T08:01:02.0127323Z Package 'php-xmlrpc-all-dev' is not installed, so not removed
higress-wasmplugin-test (GO)	Free Up GitHub Actions Ubuntu Runner Disk Space 🔧	2026-09-23T08:01:02.0127674Z Package 'php-yac' is not installed, so not removed
higress-wasmplugin-test (GO)	Free Up GitHub Actions Ubuntu Runner Disk Space 🔧	2026-09-23T08:01:02.0128024Z Package 'php-yac-all-dev' is not installed, so not removed
higress-wasmplugin-test (GO)	Free Up GitHub Actions Ubuntu Runner Disk Space 🔧	2026-09-23T08:01:02.0128368Z Package 'php-yaml' is not installed, so not removed
higress-wasmplugin-test (GO)	Free Up GitHub Actions Ubuntu Runner Disk Space 🔧	2026-09-23T08:01:02.0128712Z Package 'php-yaml-all-dev' is not installed, so not removed
higress-wasmplugin-test (GO)	Free Up GitHub Actions Ubuntu Runner Disk Space 🔧	2026-09-23T08:01:02.0129069Z Package 'php-zend-code' is not installed, so not removed
higress-wasmplugin-test (GO)	Free Up GitHub Actions Ubuntu Runner Disk Space 🔧	2026-09-23T08:01:02.0129624Z Package 'php-zend-eventmanager' is not installed, so not removed
higress-wasmplugin-test (GO)	Free Up GitHub Actions Ubuntu Runner Disk Space 🔧	2026-09-23T08:01:02.0130015Z Package 'php-zend-stdlib' is not installed, so not removed
higress-wasmplugin-test (GO)	Free Up GitHub Actions Ubuntu Runner Disk Space 🔧	2026-09-23T08:01:02.0130364Z Package 'php-zeroc-ice' is not installed, so not removed
higress-wasmplugin-test (GO)	Free Up GitHub Actions Ubuntu Runner Disk Space 🔧	2026-09-23T08:01:02.0130702Z Package 'php-zeta-base' is not installed, so not removed
higress-wasmplugin-test (GO)	Free Up GitHub Actions Ubuntu Runner Disk Space 🔧	2026-09-23T08:01:02.0131075Z Package 'php-zeta-console-tools' is not installed, so not removed
higress-wasmplugin-test (GO)	Free Up GitHub Actions Ubuntu Runner Disk Space 🔧	2026-09-23T08:01:02.0131469Z Package 'php-zeta-unit-test' is not installed, so not removed
higress-wasmplugin-test (GO)	Free Up GitHub Actions Ubuntu Runner Disk Space 🔧	2026-09-23T08:01:02.0131815Z Package 'php-zip' is not installed, so not removed
higress-wasmplugin-test (GO)	Free Up GitHub Actions Ubuntu Runner Disk Space 🔧	2026-09-23T08:01:02.0132127Z Package 'php-zmq' is not installed, so not removed
higress-wasmplugin-test (GO)	Free Up GitHub Actions Ubuntu Runner Disk Space 🔧	2026-09-23T08:01:02.0132470Z Package 'php-zmq-all-dev' is not installed, so not removed
higress-wasmplugin-test (GO)	Free Up GitHub Actions Ubuntu Runner Disk Space 🔧	2026-09-23T08:01:02.0132816Z Package 'php8.1-ast' is not installed, so not removed
higress-wasmplugin-test (GO)	Free Up GitHub Actions Ubuntu Runner Disk Space 🔧	2026-09-23T08:01:02.0133148Z Package 'php8.1-ds' is not installed, so not removed
higress-wasmplugin-test (GO)	Free Up GitHub Actions Ubuntu Runner Disk Space 🔧	2026-09-23T08:01:02.0133488Z Package 'php8.1-gearman' is not installed, so not removed
higress-wasmplugin-test (GO)	Free Up GitHub Actions Ubuntu Runner Disk Space 🔧	2026-09-23T08:01:02.0133978Z Package 'php8.1-gmagick' is not installed, so not removed
higress-wasmplugin-test (GO)	Free Up GitHub Actions Ubuntu Runner Disk Space 🔧	2026-09-23T08:01:02.0134321Z Package 'php8.1-gnupg' is not installed, so not removed
higress-wasmplugin-test (GO)	Free Up GitHub Actions Ubuntu Runner Disk Space 🔧	2026-09-23T08:01:02.0134663Z Package 'php8.1-http' is not installed, so not removed
higress-wasmplugin-test (GO)	Free Up GitHub Actions Ubuntu Runner Disk Space 🔧	2026-09-23T08:01:02.0135010Z Package 'php8.1-mailparse' is not installed, so not removed
higress-wasmplugin-test (GO)	Free Up GitHub Actions Ubuntu Runner Disk Space 🔧	2026-09-23T08:01:02.0135495Z Package 'php8.1-oauth' is not installed, so not removed
higress-wasmplugin-test (GO)	Free Up GitHub Actions Ubuntu Runner Disk Space 🔧	2026-09-23T08:01:02.0135836Z Package 'php8.1-ps' is not installed, so not removed
higress-wasmplugin-test (GO)	Free Up GitHub Actions Ubuntu Runner Disk Space 🔧	2026-09-23T08:01:02.0136165Z Package 'php8.1-psr' is not installed, so not removed
higress-wasmplugin-test (GO)	Free Up GitHub Actions Ubuntu Runner Disk Space 🔧	2026-09-23T08:01:02.0136502Z Package 'php8.1-raphf' is not installed, so not removed
higress-wasmplugin-test (GO)	Free Up GitHub Actions Ubuntu Runner Disk Space 🔧	2026-09-23T08:01:02.0136832Z Package 'php8.1-rrd' is not installed, so not removed
higress-wasmplugin-test (GO)	Free Up GitHub Actions Ubuntu Runner Disk Space 🔧	2026-09-23T08:01:02.0137168Z Package 'php8.1-smbclient' is not installed, so not removed
higress-wasmplugin-test (GO)	Free Up GitHub Actions Ubuntu Runner Disk Space 🔧	2026-09-23T08:01:02.0137514Z Package 'php8.1-solr' is not installed, so not removed
higress-wasmplugin-test (GO)	Free Up GitHub Actions Ubuntu Runner Disk Space 🔧	2026-09-23T08:01:02.0137842Z Package 'php8.1-ssh2' is not installed, so not removed
higress-wasmplugin-test (GO)	Free Up GitHub Actions Ubuntu Runner Disk Space 🔧	2026-09-23T08:01:02.0138185Z Package 'php8.1-uopz' is not installed, so not removed
higress-wasmplugin-test (GO)	Free Up GitHub Actions Ubuntu Runner Disk Space 🔧	2026-09-23T08:01:02.0138562Z Package 'php8.1-uploadprogress' is not installed, so not removed
higress-wasmplugin-test (GO)	Free Up GitHub Actions Ubuntu Runner Disk Space 🔧	2026-09-23T08:01:02.0138938Z Package 'php8.1-uuid' is not installed, so not removed
higress-wasmplugin-test (GO)	Free Up GitHub Actions Ubuntu Runner Disk Space 🔧	2026-09-23T08:01:02.0139284Z Package 'php8.1-xmlrpc' is not installed, so not removed
higress-wasmplugin-test (GO)	Free Up GitHub Actions Ubuntu Runner Disk Space 🔧	2026-09-23T08:01:02.0139627Z Package 'php8.1-yac' is not installed, so not removed
higress-wasmplugin-test (GO)	Free Up GitHub Actions Ubuntu Runner Disk Space 🔧	2026-09-23T08:01:02.0139960Z Package 'phpab' is not installed, so not removed
higress-wasmplugin-test (GO)	Free Up GitHub Actions Ubuntu Runner Disk Space 🔧	2026-09-23T08:01:02.0140281Z Package 'phpcpd' is not installed, so not removed
higress-wasmplugin-test (GO)	Free Up GitHub Actions Ubuntu Runner Disk Space 🔧	2026-09-23T08:01:02.0140598Z Package 'phpdox' is not installed, so not removed
higress-wasmplugin-test (GO)	Free Up GitHub Actions Ubuntu Runner Disk Space 🔧	2026-09-23T08:01:02.0140927Z Package 'phpldapadmin' is not installed, so not removed
higress-wasmplugin-test (GO)	Free Up GitHub Actions Ubuntu Runner Disk Space 🔧	2026-09-23T08:01:02.0141275Z Package 'phpliteadmin' is not installed, so not removed
higress-wasmplugin-test (GO)	Free Up GitHub Actions Ubuntu Runner Disk Space 🔧	2026-09-23T08:01:02.0141642Z Package 'phpliteadmin-themes' is not installed, so not removed
higress-wasmplugin-test (GO)	Free Up GitHub Actions Ubuntu Runner Disk Space 🔧	2026-09-23T08:01:02.0141998Z Package 'phploc' is not installed, so not removed
higress-wasmplugin-test (GO)	Free Up GitHub Actions Ubuntu Runner Disk Space 🔧	2026-09-23T08:01:02.0142309Z Package 'phpmd' is not installed, so not removed
higress-wasmplugin-test (GO)	Free Up GitHub Actions Ubuntu Runner Disk Space 🔧	2026-09-23T08:01:02.0142634Z Package 'phpmyadmin' is not installed, so not removed
higress-wasmplugin-test (GO)	Free Up GitHub Actions Ubuntu Runner Disk Space 🔧	2026-09-23T08:01:02.0142973Z Package 'phppgadmin' is not installed, so not removed
higress-wasmplugin-test (GO)	Free Up GitHub Actions Ubuntu Runner Disk Space 🔧	2026-09-23T08:01:02.0143300Z Package 'phpqrcode' is not installed, so not removed
higress-wasmplugin-test (GO)	Free Up GitHub Actions Ubuntu Runner Disk Space 🔧	2026-09-23T08:01:02.0143626Z Package 'phpsysinfo' is not installed, so not removed
higress-wasmplugin-test (GO)	Free Up GitHub Actions Ubuntu Runner Disk Space 🔧	2026-09-23T08:01:02.0143945Z Package 'phpunit' is not installed, so not removed
higress-wasmplugin-test (GO)	Free Up GitHub Actions Ubuntu Runner Disk Space 🔧	2026-09-23T08:01:02.0144310Z Package 'phpunit-cli-parser' is not installed, so not removed
higress-wasmplugin-test (GO)	Free Up GitHub Actions Ubuntu Runner Disk Space 🔧	2026-09-23T08:01:02.0144701Z Package 'phpunit-code-unit' is not installed, so not removed
higress-wasmplugin-test (GO)	Free Up GitHub Actions Ubuntu Runner Disk Space 🔧	2026-09-23T08:01:02.0145141Z Package 'phpunit-code-unit-reverse-lookup' is not installed, so not removed
higress-wasmplugin-test (GO)	Free Up GitHub Actions Ubuntu Runner Disk Space 🔧	2026-09-23T08:01:02.0145702Z Package 'phpunit-comparator' is not installed, so not removed
higress-wasmplugin-test (GO)	Free Up GitHub Actions Ubuntu Runner Disk Space 🔧	2026-09-23T08:01:02.0146084Z Package 'phpunit-complexity' is not installed, so not removed
higress-wasmplugin-test (GO)	Free Up GitHub Actions Ubuntu Runner Disk Space 🔧	2026-09-23T08:01:02.0146452Z Package 'phpunit-diff' is not installed, so not removed
higress-wasmplugin-test (GO)	Free Up GitHub Actions Ubuntu Runner Disk Space 🔧	2026-09-23T08:01:02.0146976Z Package 'phpunit-environment' is not installed, so not removed
higress-wasmplugin-test (GO)	Free Up GitHub Actions Ubuntu Runner Disk Space 🔧	2026-09-23T08:01:02.0147362Z Package 'phpunit-exporter' is not installed, so not removed
higress-wasmplugin-test (GO)	Free Up GitHub Actions Ubuntu Runner Disk Space 🔧	2026-09-23T08:01:02.0147725Z Package 'phpunit-git' is not installed, so not removed
higress-wasmplugin-test (GO)	Free Up GitHub Actions Ubuntu Runner Disk Space 🔧	2026-09-23T08:01:02.1578665Z Package 'phpunit-global-state' is not installed, so not removed
higress-wasmplugin-test (GO)	Free Up GitHub Actions Ubuntu Runner Disk Space 🔧	2026-09-23T08:01:02.1579433Z Package 'phpunit-lines-of-code' is not installed, so not removed
higress-wasmplugin-test (GO)	Free Up GitHub Actions Ubuntu Runner Disk Space 🔧	2026-09-23T08:01:02.1579890Z Package 'phpunit-object-enumerator' is not installed, so not removed
higress-wasmplugin-test (GO)	Free Up GitHub Actions Ubuntu Runner Disk Space 🔧	2026-09-23T08:01:02.1580334Z Package 'phpunit-object-reflector' is not installed, so not removed
higress-wasmplugin-test (GO)	Free Up GitHub Actions Ubuntu Runner Disk Space 🔧	2026-09-23T08:01:02.1580776Z Package 'phpunit-recursion-context' is not installed, so not removed
higress-wasmplugin-test (GO)	Free Up GitHub Actions Ubuntu Runner Disk Space 🔧	2026-09-23T08:01:02.1581215Z Package 'phpunit-resource-operations' is not installed, so not removed
higress-wasmplugin-test (GO)	Free Up GitHub Actions Ubuntu Runner Disk Space 🔧	2026-09-23T08:01:02.1581627Z Package 'phpunit-type' is not installed, so not removed
higress-wasmplugin-test (GO)	Free Up GitHub Actions Ubuntu Runner Disk Space 🔧	2026-09-23T08:01:02.1581995Z Package 'phpunit-version' is not installed, so not removed
higress-wasmplugin-test (GO)	Free Up GitHub Actions Ubuntu Runner Disk Space 🔧	2026-09-23T08:01:02.1582792Z Package 'phpwebcounter' is not installed, so not removed
higress-wasmplugin-test (GO)	Free Up GitHub Actions Ubuntu Runner Disk Space 🔧	2026-09-23T08:01:02.1583179Z Package 'phpwebcounter-extra' is not installed, so not removed
higress-wasmplugin-test (GO)	Free Up GitHub Actions Ubuntu Runner Disk Space 🔧	2026-09-23T08:01:02.1583643Z Package 'python3-phply' is not installed, so not removed
higress-wasmplugin-test (GO)	Free Up GitHub Actions Ubuntu Runner Disk Space 🔧	2026-09-23T08:01:02.1584028Z Package 'python3-phpserialize' is not installed, so not removed
higress-wasmplugin-test (GO)	Free Up GitHub Actions Ubuntu Runner Disk Space 🔧	2026-09-23T08:01:02.1584409Z Package 'simplesamlphp' is not installed, so not removed
higress-wasmplugin-test (GO)	Free Up GitHub Actions Ubuntu Runner Disk Space 🔧	2026-09-23T08:01:02.1584768Z Package 'slbackup-php' is not installed, so not removed
higress-wasmplugin-test (GO)	Free Up GitHub Actions Ubuntu Runner Disk Space 🔧	2026-09-23T08:01:02.1585106Z Package 'uphpmvault' is not installed, so not removed
higress-wasmplugin-test (GO)	Free Up GitHub Actions Ubuntu Runner Disk Space 🔧	2026-09-23T08:01:02.1585685Z Package 'weechat-php' is not installed, so not removed
higress-wasmplugin-test (GO)	Free Up GitHub Actions Ubuntu Runner Disk Space 🔧	2026-09-23T08:01:02.1586186Z Package 'zabbix-frontend-php' is not installed, so not removed
higress-wasmplugin-test (GO)	Free Up GitHub Actions Ubuntu Runner Disk Space 🔧	2026-09-23T08:01:02.1586789Z Package 'php-mythtv' is not installed, so not removed
higress-wasmplugin-test (GO)	Free Up GitHub Actions Ubuntu Runner Disk Space 🔧	2026-09-23T08:01:02.1587402Z Package 'libapache2-mod-php8.1' is not installed, so not removed
higress-wasmplugin-test (GO)	Free Up GitHub Actions Ubuntu Runner Disk Space 🔧	2026-09-23T08:01:02.1587817Z Package 'libapache2-mod-php7.4' is not installed, so not removed
higress-wasmplugin-test (GO)	Free Up GitHub Actions Ubuntu Runner Disk Space 🔧	2026-09-23T08:01:02.1588223Z Package 'libapache2-mod-php8.0' is not installed, so not removed
higress-wasmplugin-test (GO)	Free Up GitHub Actions Ubuntu Runner Disk Space 🔧	2026-09-23T08:01:02.1588589Z Package 'libphp-adodb' is not installed, so not removed
higress-wasmplugin-test (GO)	Free Up GitHub Actions Ubuntu Runner Disk Space 🔧	2026-09-23T08:01:02.1588941Z Package 'libphp8.1-embed' is not installed, so not removed
higress-wasmplugin-test (GO)	Free Up GitHub Actions Ubuntu Runner Disk Space 🔧	2026-09-23T08:01:02.1589284Z Package 'php-cas' is not installed, so not removed
higress-wasmplugin-test (GO)	Free Up GitHub Actions Ubuntu Runner Disk Space 🔧	2026-09-23T08:01:02.1589612Z Package 'php-dompdf' is not installed, so not removed
higress-wasmplugin-test (GO)	Free Up GitHub Actions Ubuntu Runner Disk Space 🔧	2026-09-23T08:01:02.1589935Z Package 'php-mapi' is not installed, so not removed
higress-wasmplugin-test (GO)	Free Up GitHub Actions Ubuntu Runner Disk Space 🔧	2026-09-23T08:01:02.1590247Z The following packages will be REMOVED:
higress-wasmplugin-test (GO)	Free Up GitHub Actions Ubuntu Runner Disk Space 🔧	2026-09-23T08:01:02.1590647Z   php-common php-pear php8.1 php8.1-amqp php8.1-apcu php8.1-bcmath php8.1-bz2
higress-wasmplugin-test (GO)	Free Up GitHub Actions Ubuntu Runner Disk Space 🔧	2026-09-23T08:01:02.1591135Z   php8.1-cgi php8.1-cli php8.1-common php8.1-curl php8.1-dba php8.1-dev
higress-wasmplugin-test (GO)	Free Up GitHub Actions Ubuntu Runner Disk Space 🔧	2026-09-23T08:01:02.1591579Z   php8.1-enchant php8.1-fpm php8.1-gd php8.1-gmp php8.1-igbinary
higress-wasmplugin-test (GO)	Free Up GitHub Actions Ubuntu Runner Disk Space 🔧	2026-09-23T08:01:02.1592006Z   php8.1-imagick php8.1-imap php8.1-interbase php8.1-intl php8.1-ldap
higress-wasmplugin-test (GO)	Free Up GitHub Actions Ubuntu Runner Disk Space 🔧	2026-09-23T08:01:02.1592433Z   php8.1-mbstring php8.1-memcache php8.1-memcached php8.1-mongodb
higress-wasmplugin-test (GO)	Free Up GitHub Actions Ubuntu Runner Disk Space 🔧	2026-09-23T08:01:02.1592855Z   php8.1-msgpack php8.1-mysql php8.1-odbc php8.1-opcache php8.1-pcov
higress-wasmplugin-test (GO)	Free Up GitHub Actions Ubuntu Runner Disk Space 🔧	2026-09-23T08:01:02.1593281Z   php8.1-pgsql php8.1-phpdbg php8.1-pspell php8.1-readline php8.1-redis
higress-wasmplugin-test (GO)	Free Up GitHub Actions Ubuntu Runner Disk Space 🔧	2026-09-23T08:01:02.1593704Z   php8.1-snmp php8.1-soap php8.1-sqlite3 php8.1-sybase php8.1-tidy
higress-wasmplugin-test (GO)	Free Up GitHub Actions Ubuntu Runner Disk Space 🔧	2026-09-23T08:01:02.1594119Z   php8.1-xdebug php8.1-xml php8.1-xsl php8.1-yaml php8.1-zip php8.1-zmq
higress-wasmplugin-test (GO)	Free Up GitHub Actions Ubuntu Runner Disk Space 🔧	2026-09-23T08:01:02.4528293Z 0 upgraded, 0 newly installed, 48 to remove and 8 not upgraded.
higress-wasmplugin-test (GO)	Free Up GitHub Actions Ubuntu Runner Disk Space 🔧	2026-09-23T08:01:02.4529154Z After this operation, 56.7 MB disk space will be freed.
higress-wasmplugin-test (GO)	Free Up GitHub Actions Ubuntu Runner Disk Space 🔧	2026-09-23T08:01:02.4786637Z (Reading database ... 
higress-wasmplugin-test (GO)	Free Up GitHub Actions Ubuntu Runner Disk Space 🔧	2026-09-23T08:01:02.4787122Z (Reading database ... 5%
higress-wasmplugin-test (GO)	Free Up GitHub Actions Ubuntu Runner Disk Space 🔧	2026-09-23T08:01:02.4787543Z (Reading database ... 10%
higress-wasmplugin-test (GO)	Free Up GitHub Actions Ubuntu Runner Disk Space 🔧	2026-09-23T08:01:02.4787939Z (Reading database ... 15%
higress-wasmplugin-test (GO)	Free Up GitHub Actions Ubuntu Runner Disk Space 🔧	2026-09-23T08:01:02.4788297Z (Reading database ... 20%
higress-wasmplugin-test (GO)	Free Up GitHub Actions Ubuntu Runner Disk Space 🔧	2026-09-23T08:01:02.4788646Z (Reading database ... 25%
higress-wasmplugin-test (GO)	Free Up GitHub Actions Ubuntu Runner Disk Space 🔧	2026-09-23T08:01:02.4788997Z (Reading database ... 30%
higress-wasmplugin-test (GO)	Free Up GitHub Actions Ubuntu Runner Disk Space 🔧	2026-09-23T08:01:02.4790047Z (Reading database ... 35%
higress-wasmplugin-test (GO)	Free Up GitHub Actions Ubuntu Runner Disk Space 🔧	2026-09-23T08:01:02.4790409Z (Reading database ... 40%
higress-wasmplugin-test (GO)	Free Up GitHub Actions Ubuntu Runner Disk Space 🔧	2026-09-23T08:01:02.4790755Z (Reading database ... 45%
higress-wasmplugin-test (GO)	Free Up GitHub Actions Ubuntu Runner Disk Space 🔧	2026-09-23T08:01:02.4791098Z (Reading database ... 50%
higress-wasmplugin-test (GO)	Free Up GitHub Actions Ubuntu Runner Disk Space 🔧	2026-09-23T08:01:02.4831727Z (Reading database ... 55%
higress-wasmplugin-test (GO)	Free Up GitHub Actions Ubuntu Runner Disk Space 🔧	2026-09-23T08:01:02.4863387Z (Reading database ... 60%
higress-wasmplugin-test (GO)	Free Up GitHub Actions Ubuntu Runner Disk Space 🔧	2026-09-23T08:01:02.4889899Z (Reading database ... 65%
higress-wasmplugin-test (GO)	Free Up GitHub Actions Ubuntu Runner Disk Space 🔧	2026-09-23T08:01:02.5008044Z (Reading database ... 70%
higress-wasmplugin-test (GO)	Free Up GitHub Actions Ubuntu Runner Disk Space 🔧	2026-09-23T08:01:02.5202514Z (Reading database ... 75%
higress-wasmplugin-test (GO)	Free Up GitHub Actions Ubuntu Runner Disk Space 🔧	2026-09-23T08:01:02.5231258Z (Reading database ... 80%
higress-wasmplugin-test (GO)	Free Up GitHub Actions Ubuntu Runner Disk Space 🔧	2026-09-23T08:01:02.5426613Z (Reading database ... 85%
higress-wasmplugin-test (GO)	Free Up GitHub Actions Ubuntu Runner Disk Space 🔧	2026-09-23T08:01:02.5670904Z (Reading database ... 90%
higress-wasmplugin-test (GO)	Free Up GitHub Actions Ubuntu Runner Disk Space 🔧	2026-09-23T08:01:02.5793025Z (Reading database ... 95%
higress-wasmplugin-test (GO)	Free Up GitHub Actions Ubuntu Runner Disk Space 🔧	2026-09-23T08:01:02.5793425Z (Reading database ... 100%
higress-wasmplugin-test (GO)	Free Up GitHub Actions Ubuntu Runner Disk Space 🔧	2026-09-23T08:01:02.5793932Z (Reading database ... 253457 files and directories currently installed.)
higress-wasmplugin-test (GO)	Free Up GitHub Actions Ubuntu Runner Disk Space 🔧	2026-09-23T08:01:02.5851495Z Removing php8.1-zip (8.1.2-1ubuntu2.26) ...
higress-wasmplugin-test (GO)	Free Up GitHub Actions Ubuntu Runner Disk Space 🔧	2026-09-23T08:01:02.7812491Z Removing php8.1-sybase (8.1.2-1ubuntu2.26) ...
higress-wasmplugin-test (GO)	Free Up GitHub Actions Ubuntu Runner Disk Space 🔧	2026-09-23T08:01:02.9403418Z Removing php-pear (1:1.10.12+submodules+notgz+20210212-1ubuntu3) ...
higress-wasmplugin-test (GO)	Free Up GitHub Actions Ubuntu Runner Disk Space 🔧	2026-09-23T08:01:03.0213290Z Removing php8.1 (8.1.2-1ubuntu2.26) ...
higress-wasmplugin-test (GO)	Free Up GitHub Actions Ubuntu Runner Disk Space 🔧	2026-09-23T08:01:03.0353140Z Removing php8.1-amqp (1.11.0-4) ...
higress-wasmplugin-test (GO)	Free Up GitHub Actions Ubuntu Runner Disk Space 🔧	2026-09-23T08:01:03.1839325Z Removing php8.1-apcu (5.1.21+4.0.11-7ubuntu1) ...
higress-wasmplugin-test (GO)	Free Up GitHub Actions Ubuntu Runner Disk Space 🔧	2026-09-23T08:01:03.3343140Z Removing php8.1-bcmath (8.1.2-1ubuntu2.26) ...
higress-wasmplugin-test (GO)	Free Up GitHub Actions Ubuntu Runner Disk Space 🔧	2026-09-23T08:01:03.4852066Z Removing php8.1-bz2 (8.1.2-1ubuntu2.26) ...
higress-wasmplugin-test (GO)	Free Up GitHub Actions Ubuntu Runner Disk Space 🔧	2026-09-23T08:01:03.6352721Z Removing php8.1-zmq (1.1.3-23) ...
higress-wasmplugin-test (GO)	Free Up GitHub Actions Ubuntu Runner Disk Space 🔧	2026-09-23T08:01:03.7843611Z Removing php8.1-yaml (2.2.2+2.1.0+2.0.4+1.3.2-5) ...
higress-wasmplugin-test (GO)	Free Up GitHub Actions Ubuntu Runner Disk Space 🔧	2026-09-23T08:01:03.9335294Z Removing php8.1-cgi (8.1.2-1ubuntu2.26) ...
higress-wasmplugin-test (GO)	Free Up GitHub Actions Ubuntu Runner Disk Space 🔧	2026-09-23T08:01:06.1629535Z apache2_invoke php8.1-cgi prerm: No action required
higress-wasmplugin-test (GO)	Free Up GitHub Actions Ubuntu Runner Disk Space 🔧	2026-09-23T08:01:06.1978230Z Removing php8.1-dev (8.1.2-1ubuntu2.26) ...
higress-wasmplugin-test (GO)	Free Up GitHub Actions Ubuntu Runner Disk Space 🔧	2026-09-23T08:01:06.2744727Z Removing php8.1-xdebug (3.1.2+2.9.8+2.8.1+2.5.5-4) ...
higress-wasmplugin-test (GO)	Free Up GitHub Actions Ubuntu Runner Disk Space 🔧	2026-09-23T08:01:06.3986050Z Removing php8.1-phpdbg (8.1.2-1ubuntu2.26) ...
higress-wasmplugin-test (GO)	Free Up GitHub Actions Ubuntu Runner Disk Space 🔧	2026-09-23T08:01:08.1743928Z Removing php8.1-redis (5.3.5+4.3.0-5.1) ...
higress-wasmplugin-test (GO)	Free Up GitHub Actions Ubuntu Runner Disk Space 🔧	2026-09-23T08:01:08.2733404Z Removing php8.1-xsl (8.1.2-1ubuntu2.26) ...
higress-wasmplugin-test (GO)	Free Up GitHub Actions Ubuntu Runner Disk Space 🔧	2026-09-23T08:01:08.2866293Z Removing php8.1-soap (8.1.2-1ubuntu2.26) ...
higress-wasmplugin-test (GO)	Free Up GitHub Actions Ubuntu Runner Disk Space 🔧	2026-09-23T08:01:08.3954646Z Removing php8.1-curl (8.1.2-1ubuntu2.26) ...
higress-wasmplugin-test (GO)	Free Up GitHub Actions Ubuntu Runner Disk Space 🔧	2026-09-23T08:01:08.5090705Z Removing php8.1-dba (8.1.2-1ubuntu2.26) ...
higress-wasmplugin-test (GO)	Free Up GitHub Actions Ubuntu Runner Disk Space 🔧	2026-09-23T08:01:08.6086953Z Removing php8.1-enchant (8.1.2-1ubuntu2.26) ...
higress-wasmplugin-test (GO)	Free Up GitHub Actions Ubuntu Runner Disk Space 🔧	2026-09-23T08:01:08.7085109Z Removing php8.1-pcov (1.0.11-4) ...
higress-wasmplugin-test (GO)	Free Up GitHub Actions Ubuntu Runner Disk Space 🔧	2026-09-23T08:01:08.7952618Z Removing php8.1-fpm (8.1.2-1ubuntu2.26) ...
higress-wasmplugin-test (GO)	Free Up GitHub Actions Ubuntu Runner Disk Space 🔧	2026-09-23T08:01:10.4422029Z apache2_invoke php8.1-fpm prerm: No action required
higress-wasmplugin-test (GO)	Free Up GitHub Actions Ubuntu Runner Disk Space 🔧	2026-09-23T08:01:10.7882796Z Removing php8.1-gd (8.1.2-1ubuntu2.26) ...
higress-wasmplugin-test (GO)	Free Up GitHub Actions Ubuntu Runner Disk Space 🔧	2026-09-23T08:01:10.8620510Z Removing php8.1-gmp (8.1.2-1ubuntu2.26) ...
higress-wasmplugin-test (GO)	Free Up GitHub Actions Ubuntu Runner Disk Space 🔧	2026-09-23T08:01:10.9360600Z Removing php8.1-memcached (3.1.5+2.2.0-14.1) ...
higress-wasmplugin-test (GO)	Free Up GitHub Actions Ubuntu Runner Disk Space 🔧	2026-09-23T08:01:11.0100474Z Removing php8.1-igbinary (3.2.6+2.0.8-7ubuntu1) ...
higress-wasmplugin-test (GO)	Free Up GitHub Actions Ubuntu Runner Disk Space 🔧	2026-09-23T08:01:11.0842490Z Removing php8.1-imagick (3.6.0-4ubuntu1) ...
higress-wasmplugin-test (GO)	Free Up GitHub Actions Ubuntu Runner Disk Space 🔧	2026-09-23T08:01:11.1574777Z Removing php8.1-imap (8.1.2-1ubuntu2.26) ...
higress-wasmplugin-test (GO)	Free Up GitHub Actions Ubuntu Runner Disk Space 🔧	2026-09-23T08:01:11.2307503Z Removing php8.1-interbase (8.1.2-1ubuntu2.26) ...
higress-wasmplugin-test (GO)	Free Up GitHub Actions Ubuntu Runner Disk Space 🔧	2026-09-23T08:01:11.3039760Z Removing php8.1-intl (8.1.2-1ubuntu2.26) ...
higress-wasmplugin-test (GO)	Free Up GitHub Actions Ubuntu Runner Disk Space 🔧	2026-09-23T08:01:11.3773348Z Removing php8.1-ldap (8.1.2-1ubuntu2.26) ...
higress-wasmplugin-test (GO)	Free Up GitHub Actions Ubuntu Runner Disk Space 🔧	2026-09-23T08:01:11.4508412Z Removing php8.1-mbstring (8.1.2-1ubuntu2.26) ...
higress-wasmplugin-test (GO)	Free Up GitHub Actions Ubuntu Runner Disk Space 🔧	2026-09-23T08:01:11.5244096Z Removing php8.1-memcache (8.0+4.0.5.2+3.0.9~20170802.e702b5f9+-7) ...
higress-wasmplugin-test (GO)	Free Up GitHub Actions Ubuntu Runner Disk Space 🔧	2026-09-23T08:01:11.5962433Z Removing php8.1-mongodb (1.12.0+1.9.2+1.7.5-4) ...
higress-wasmplugin-test (GO)	Free Up GitHub Actions Ubuntu Runner Disk Space 🔧	2026-09-23T08:01:11.6697043Z Removing php8.1-msgpack (2.2.0~rc1+2.1.2+0.5.7-6) ...
higress-wasmplugin-test (GO)	Free Up GitHub Actions Ubuntu Runner Disk Space 🔧	2026-09-23T08:01:11.7433208Z Removing php8.1-mysql (8.1.2-1ubuntu2.26) ...
higress-wasmplugin-test (GO)	Free Up GitHub Actions Ubuntu Runner Disk Space 🔧	2026-09-23T08:01:11.9023905Z Removing php8.1-odbc (8.1.2-1ubuntu2.26) ...
higress-wasmplugin-test (GO)	Free Up GitHub Actions Ubuntu Runner Disk Space 🔧	2026-09-23T08:01:12.0160289Z Removing php8.1-pgsql (8.1.2-1ubuntu2.26) ...
higress-wasmplugin-test (GO)	Free Up GitHub Actions Ubuntu Runner Disk Space 🔧	2026-09-23T08:01:12.1282683Z Removing php8.1-pspell (8.1.2-1ubuntu2.26) ...
higress-wasmplugin-test (GO)	Free Up GitHub Actions Ubuntu Runner Disk Space 🔧	2026-09-23T08:01:12.2029021Z Removing php8.1-snmp (8.1.2-1ubuntu2.26) ...
higress-wasmplugin-test (GO)	Free Up GitHub Actions Ubuntu Runner Disk Space 🔧	2026-09-23T08:01:12.2849371Z Removing php8.1-sqlite3 (8.1.2-1ubuntu2.26) ...
higress-wasmplugin-test (GO)	Free Up GitHub Actions Ubuntu Runner Disk Space 🔧	2026-09-23T08:01:12.3974170Z Removing php8.1-tidy (8.1.2-1ubuntu2.26) ...
higress-wasmplugin-test (GO)	Free Up GitHub Actions Ubuntu Runner Disk Space 🔧	2026-09-23T08:01:12.4709982Z Removing php8.1-xml (8.1.2-1ubuntu2.26) ...
higress-wasmplugin-test (GO)	Free Up GitHub Actions Ubuntu Runner Disk Space 🔧	2026-09-23T08:01:12.7371703Z Removing php8.1-cli (8.1.2-1ubuntu2.26) ...
higress-wasmplugin-test (GO)	Free Up GitHub Actions Ubuntu Runner Disk Space 🔧	2026-09-23T08:01:13.3894903Z Removing php8.1-opcache (8.1.2-1ubuntu2.26) ...
higress-wasmplugin-test (GO)	Free Up GitHub Actions Ubuntu Runner Disk Space 🔧	2026-09-23T08:01:13.4345139Z Removing php8.1-readline (8.1.2-1ubuntu2.26) ...
higress-wasmplugin-test (GO)	Free Up GitHub Actions Ubuntu Runner Disk Space 🔧	2026-09-23T08:01:13.4789450Z Removing php8.1-common (8.1.2-1ubuntu2.26) ...
higress-wasmplugin-test (GO)	Free Up GitHub Actions Ubuntu Runner Disk Space 🔧	2026-09-23T08:01:13.7133194Z Removing php-common (2:92ubuntu1) ...
higress-wasmplugin-test (GO)	Free Up GitHub Actions Ubuntu Runner Disk Space 🔧	2026-09-23T08:01:13.7392519Z Warning: Stopping phpsessionclean.service, but it can still be activated by:
higress-wasmplugin-test (GO)	Free Up GitHub Actions Ubuntu Runner Disk Space 🔧	2026-09-23T08:01:13.7393004Z   phpsessionclean.timer
higress-wasmplugin-test (GO)	Free Up GitHub Actions Ubuntu Runner Disk Space 🔧	2026-09-23T08:01:14.5623639Z Processing triggers for man-db (2.10.2-1) ...
higress-wasmplugin-test (GO)	Free Up GitHub Actions Ubuntu Runner Disk Space 🔧	2026-09-23T08:01:14.5639953Z Not building database; man-db/auto-update is not 'true'.
higress-wasmplugin-test (GO)	Free Up GitHub Actions Ubuntu Runner Disk Space 🔧	2026-09-23T08:01:16.4926498Z Reading package lists...
higress-wasmplugin-test (GO)	Free Up GitHub Actions Ubuntu Runner Disk Space 🔧	2026-09-23T08:01:16.7476091Z Building dependency tree...
higress-wasmplugin-test (GO)	Free Up GitHub Actions Ubuntu Runner Disk Space 🔧	2026-09-23T08:01:16.7487663Z Reading state information...
higress-wasmplugin-test (GO)	Free Up GitHub Actions Ubuntu Runner Disk Space 🔧	2026-09-23T08:01:17.0312311Z Package 'mongodb-dev' is not installed, so not removed
higress-wasmplugin-test (GO)	Free Up GitHub Actions Ubuntu Runner Disk Space 🔧	2026-09-23T08:01:17.0312980Z Package 'mongodb-server' is not installed, so not removed
higress-wasmplugin-test (GO)	Free Up GitHub Actions Ubuntu Runner Disk Space 🔧	2026-09-23T08:01:17.0313569Z 0 upgraded, 0 newly installed, 0 to remove and 8 not upgraded.
higress-wasmplugin-test (GO)	Free Up GitHub Actions Ubuntu Runner Disk Space 🔧	2026-09-23T08:01:17.0885226Z Reading package lists...
higress-wasmplugin-test (GO)	Free Up GitHub Actions Ubuntu Runner Disk Space 🔧	2026-09-23T08:01:17.3398882Z Building dependency tree...
higress-wasmplugin-test (GO)	Free Up GitHub Actions Ubuntu Runner Disk Space 🔧	2026-09-23T08:01:17.3409925Z Reading state information...
higress-wasmplugin-test (GO)	Free Up GitHub Actions Ubuntu Runner Disk Space 🔧	2026-09-23T08:01:17.6122146Z Package 'mysql-client-5.7' is not installed, so not removed
higress-wasmplugin-test (GO)	Free Up GitHub Actions Ubuntu Runner Disk Space 🔧	2026-09-23T08:01:17.6122944Z Package 'mysql-client-core-5.7' is not installed, so not removed
higress-wasmplugin-test (GO)	Free Up GitHub Actions Ubuntu Runner Disk Space 🔧	2026-09-23T08:01:17.6123622Z Package 'mysql-server-5.5' is not installed, so not removed
higress-wasmplugin-test (GO)	Free Up GitHub Actions Ubuntu Runner Disk Space 🔧	2026-09-23T08:01:17.6124235Z Package 'mysql-server-5.7' is not installed, so not removed
higress-wasmplugin-test (GO)	Free Up GitHub Actions Ubuntu Runner Disk Space 🔧	2026-09-23T08:01:17.6124867Z Package 'mysql-server-core-5.7' is not installed, so not removed
higress-wasmplugin-test (GO)	Free Up GitHub Actions Ubuntu Runner Disk Space 🔧	2026-09-23T08:01:17.6125748Z Package 'mysql-client-core-5.5' is not installed, so not removed
higress-wasmplugin-test (GO)	Free Up GitHub Actions Ubuntu Runner Disk Space 🔧	2026-09-23T08:01:17.6126452Z Package 'mysql-client-core-5.6' is not installed, so not removed
higress-wasmplugin-test (GO)	Free Up GitHub Actions Ubuntu Runner Disk Space 🔧	2026-09-23T08:01:17.6127079Z Package 'mysql-client-5.5' is not installed, so not removed
higress-wasmplugin-test (GO)	Free Up GitHub Actions Ubuntu Runner Disk Space 🔧	2026-09-23T08:01:17.6127691Z Package 'mysql-client-5.6' is not installed, so not removed
higress-wasmplugin-test (GO)	Free Up GitHub Actions Ubuntu Runner Disk Space 🔧	2026-09-23T08:01:17.6128304Z Package 'mysql-server-core-5.5' is not installed, so not removed
higress-wasmplugin-test (GO)	Free Up GitHub Actions Ubuntu Runner Disk Space 🔧	2026-09-23T08:01:17.6128977Z Package 'mysql-server-core-5.6' is not installed, so not removed
higress-wasmplugin-test (GO)	Free Up GitHub Actions Ubuntu Runner Disk Space 🔧	2026-09-23T08:01:17.6129593Z Package 'mysql-server-5.6' is not installed, so not removed
higress-wasmplugin-test (GO)	Free Up GitHub Actions Ubuntu Runner Disk Space 🔧	2026-09-23T08:01:17.6130115Z Package 'mysql-testsuite-5.5' is not installed, so not removed
higress-wasmplugin-test (GO)	Free Up GitHub Actions Ubuntu Runner Disk Space 🔧	2026-09-23T08:01:17.6130506Z Package 'mysql-testsuite-5.6' is not installed, so not removed
higress-wasmplugin-test (GO)	Free Up GitHub Actions Ubuntu Runner Disk Space 🔧	2026-09-23T08:01:17.6130884Z Package 'mysql-testsuite-5.7' is not installed, so not removed
higress-wasmplugin-test (GO)	Free Up GitHub Actions Ubuntu Runner Disk Space 🔧	2026-09-23T08:01:17.6131253Z Package 'mysql-sandbox' is not installed, so not removed
higress-wasmplugin-test (GO)	Free Up GitHub Actions Ubuntu Runner Disk Space 🔧	2026-09-23T08:01:17.6131607Z Package 'mysql-router' is not installed, so not removed
higress-wasmplugin-test (GO)	Free Up GitHub Actions Ubuntu Runner Disk Space 🔧	2026-09-23T08:01:17.6132012Z Package 'mysql-source-8.0' is not installed, so not removed
higress-wasmplugin-test (GO)	Free Up GitHub Actions Ubuntu Runner Disk Space 🔧	2026-09-23T08:01:17.6132388Z Package 'mysql-testsuite' is not installed, so not removed
higress-wasmplugin-test (GO)	Free Up GitHub Actions Ubuntu Runner Disk Space 🔧	2026-09-23T08:01:17.6132762Z Package 'mysql-testsuite-8.0' is not installed, so not removed
higress-wasmplugin-test (GO)	Free Up GitHub Actions Ubuntu Runner Disk Space 🔧	2026-09-23T08:01:17.6133093Z The following packages will be REMOVED:
higress-wasmplugin-test (GO)	Free Up GitHub Actions Ubuntu Runner Disk Space 🔧	2026-09-23T08:01:17.6133468Z   libmysqlclient-dev libmysqlclient21 mysql-client mysql-client-8.0
higress-wasmplugin-test (GO)	Free Up GitHub Actions Ubuntu Runner Disk Space 🔧	2026-09-23T08:01:17.6133922Z   mysql-client-core-8.0 mysql-common mysql-server mysql-server-8.0
higress-wasmplugin-test (GO)	Free Up GitHub Actions Ubuntu Runner Disk Space 🔧	2026-09-23T08:01:17.6134287Z   mysql-server-core-8.0 sphinxsearch
higress-wasmplugin-test (GO)	Free Up GitHub Actions Ubuntu Runner Disk Space 🔧	2026-09-23T08:01:17.9014580Z 0 upgraded, 0 newly installed, 10 to remove and 8 not upgraded.
higress-wasmplugin-test (GO)	Free Up GitHub Actions Ubuntu Runner Disk Space 🔧	2026-09-23T08:01:17.9015280Z After this operation, 210 MB disk space will be freed.
higress-wasmplugin-test (GO)	Free Up GitHub Actions Ubuntu Runner Disk Space 🔧	2026-09-23T08:01:17.9270027Z (Reading database ... 
higress-wasmplugin-test (GO)	Free Up GitHub Actions Ubuntu Runner Disk Space 🔧	2026-09-23T08:01:17.9270447Z (Reading database ... 5%
higress-wasmplugin-test (GO)	Free Up GitHub Actions Ubuntu Runner Disk Space 🔧	2026-09-23T08:01:17.9270831Z (Reading database ... 10%
higress-wasmplugin-test (GO)	Free Up GitHub Actions Ubuntu Runner Disk Space 🔧	2026-09-23T08:01:17.9271221Z (Reading database ... 15%
higress-wasmplugin-test (GO)	Free Up GitHub Actions Ubuntu Runner Disk Space 🔧	2026-09-23T08:01:17.9271582Z (Reading database ... 20%
higress-wasmplugin-test (GO)	Free Up GitHub Actions Ubuntu Runner Disk Space 🔧	2026-09-23T08:01:17.9272351Z (Reading database ... 25%
higress-wasmplugin-test (GO)	Free Up GitHub Actions Ubuntu Runner Disk Space 🔧	2026-09-23T08:01:17.9272705Z (Reading database ... 30%
higress-wasmplugin-test (GO)	Free Up GitHub Actions Ubuntu Runner Disk Space 🔧	2026-09-23T08:01:17.9273034Z (Reading database ... 35%
higress-wasmplugin-test (GO)	Free Up GitHub Actions Ubuntu Runner Disk Space 🔧	2026-09-23T08:01:17.9273253Z (Reading database ... 40%
higress-wasmplugin-test (GO)	Free Up GitHub Actions Ubuntu Runner Disk Space 🔧	2026-09-23T08:01:17.9273469Z (Reading database ... 45%
higress-wasmplugin-test (GO)	Free Up GitHub Actions Ubuntu Runner Disk Space 🔧	2026-09-23T08:01:17.9273684Z (Reading database ... 50%
higress-wasmplugin-test (GO)	Free Up GitHub Actions Ubuntu Runner Disk Space 🔧	2026-09-23T08:01:17.9310031Z (Reading database ... 55%
higress-wasmplugin-test (GO)	Free Up GitHub Actions Ubuntu Runner Disk Space 🔧	2026-09-23T08:01:17.9346148Z (Reading database ... 60%
higress-wasmplugin-test (GO)	Free Up GitHub Actions Ubuntu Runner Disk Space 🔧	2026-09-23T08:01:17.9372159Z (Reading database ... 65%
higress-wasmplugin-test (GO)	Free Up GitHub Actions Ubuntu Runner Disk Space 🔧	2026-09-23T08:01:17.9401967Z (Reading database ... 70%
higress-wasmplugin-test (GO)	Free Up GitHub Actions Ubuntu Runner Disk Space 🔧	2026-09-23T08:01:17.9686119Z (Reading database ... 75%
higress-wasmplugin-test (GO)	Free Up GitHub Actions Ubuntu Runner Disk Space 🔧	2026-09-23T08:01:17.9713937Z (Reading database ... 80%
higress-wasmplugin-test (GO)	Free Up GitHub Actions Ubuntu Runner Disk Space 🔧	2026-09-23T08:01:17.9910881Z (Reading database ... 85%
higress-wasmplugin-test (GO)	Free Up GitHub Actions Ubuntu Runner Disk Space 🔧	2026-09-23T08:01:18.0152300Z (Reading database ... 90%
higress-wasmplugin-test (GO)	Free Up GitHub Actions Ubuntu Runner Disk Space 🔧	2026-09-23T08:01:18.0269127Z (Reading database ... 95%
higress-wasmplugin-test (GO)	Free Up GitHub Actions Ubuntu Runner Disk Space 🔧	2026-09-23T08:01:18.0269440Z (Reading database ... 100%
higress-wasmplugin-test (GO)	Free Up GitHub Actions Ubuntu Runner Disk Space 🔧	2026-09-23T08:01:18.0269803Z (Reading database ... 252470 files and directories currently installed.)
higress-wasmplugin-test (GO)	Free Up GitHub Actions Ubuntu Runner Disk Space 🔧	2026-09-23T08:01:18.0328083Z Removing libmysqlclient-dev (8.0.46-0ubuntu0.22.04.4) ...
higress-wasmplugin-test (GO)	Free Up GitHub Actions Ubuntu Runner Disk Space 🔧	2026-09-23T08:01:18.0513488Z Removing sphinxsearch (2.2.11-8) ...
higress-wasmplugin-test (GO)	Free Up GitHub Actions Ubuntu Runner Disk Space 🔧	2026-09-23T08:01:18.1296439Z Removing libmysqlclient21:amd64 (8.0.46-0ubuntu0.22.04.4) ...
higress-wasmplugin-test (GO)	Free Up GitHub Actions Ubuntu Runner Disk Space 🔧	2026-09-23T08:01:18.1446834Z Removing mysql-client (8.0.46-0ubuntu0.22.04.4) ...
higress-wasmplugin-test (GO)	Free Up GitHub Actions Ubuntu Runner Disk Space 🔧	2026-09-23T08:01:18.1581586Z Removing mysql-server (8.0.46-0ubuntu0.22.04.4) ...
higress-wasmplugin-test (GO)	Free Up GitHub Actions Ubuntu Runner Disk Space 🔧	2026-09-23T08:01:18.1716789Z Removing mysql-server-8.0 (8.0.46-0ubuntu0.22.04.4) ...
higress-wasmplugin-test (GO)	Free Up GitHub Actions Ubuntu Runner Disk Space 🔧	2026-09-23T08:01:18.5569484Z update-alternatives: using /etc/mysql/my.cnf.fallback to provide /etc/mysql/my.cnf (my.cnf) in auto mode
higress-wasmplugin-test (GO)	Free Up GitHub Actions Ubuntu Runner Disk Space 🔧	2026-09-23T08:01:18.8748222Z Removing mysql-client-8.0 (8.0.46-0ubuntu0.22.04.4) ...
higress-wasmplugin-test (GO)	Free Up GitHub Actions Ubuntu Runner Disk Space 🔧	2026-09-23T08:01:18.8897042Z Removing mysql-client-core-8.0 (8.0.46-0ubuntu0.22.04.4) ...
higress-wasmplugin-test (GO)	Free Up GitHub Actions Ubuntu Runner Disk Space 🔧	2026-09-23T08:01:18.9055013Z Removing mysql-common (5.8+1.0.8) ...
higress-wasmplugin-test (GO)	Free Up GitHub Actions Ubuntu Runner Disk Space 🔧	2026-09-23T08:01:18.9578517Z Removing mysql-server-core-8.0 (8.0.46-0ubuntu0.22.04.4) ...
higress-wasmplugin-test (GO)	Free Up GitHub Actions Ubuntu Runner Disk Space 🔧	2026-09-23T08:01:19.0136383Z Processing triggers for man-db (2.10.2-1) ...
higress-wasmplugin-test (GO)	Free Up GitHub Actions Ubuntu Runner Disk Space 🔧	2026-09-23T08:01:19.0152796Z Not building database; man-db/auto-update is not 'true'.
higress-wasmplugin-test (GO)	Free Up GitHub Actions Ubuntu Runner Disk Space 🔧	2026-09-23T08:01:19.0163265Z Processing triggers for libc-bin (2.35-0ubuntu3.15) ...
higress-wasmplugin-test (GO)	Free Up GitHub Actions Ubuntu Runner Disk Space 🔧	2026-09-23T08:01:20.9617415Z Reading package lists...
higress-wasmplugin-test (GO)	Free Up GitHub Actions Ubuntu Runner Disk Space 🔧	2026-09-23T08:01:21.2104866Z Building dependency tree...
higress-wasmplugin-test (GO)	Free Up GitHub Actions Ubuntu Runner Disk Space 🔧	2026-09-23T08:01:21.2116946Z Reading state information...
higress-wasmplugin-test (GO)	Free Up GitHub Actions Ubuntu Runner Disk Space 🔧	2026-09-23T08:01:21.4071997Z The following packages will be REMOVED:
higress-wasmplugin-test (GO)	Free Up GitHub Actions Ubuntu Runner Disk Space 🔧	2026-09-23T08:01:21.4072811Z   azure-cli firefox google-chrome-stable libgl1 libgl1-mesa-dri libglx-mesa0
higress-wasmplugin-test (GO)	Free Up GitHub Actions Ubuntu Runner Disk Space 🔧	2026-09-23T08:01:21.4076815Z   libglx0 mono-complete mono-devel mono-roslyn mono-xsp4 mono-xsp4-base
higress-wasmplugin-test (GO)	Free Up GitHub Actions Ubuntu Runner Disk Space 🔧	2026-09-23T08:01:21.4078297Z   monodoc-http monodoc-manual powershell xvfb
higress-wasmplugin-test (GO)	Free Up GitHub Actions Ubuntu Runner Disk Space 🔧	2026-09-23T08:01:21.6854588Z 0 upgraded, 0 newly installed, 16 to remove and 7 not upgraded.
higress-wasmplugin-test (GO)	Free Up GitHub Actions Ubuntu Runner Disk Space 🔧	2026-09-23T08:01:21.7089668Z After this operation, 1764 MB disk space will be freed.
higress-wasmplugin-test (GO)	Free Up GitHub Actions Ubuntu Runner Disk Space 🔧	2026-09-23T08:01:21.7090221Z (Reading database ... 
higress-wasmplugin-test (GO)	Free Up GitHub Actions Ubuntu Runner Disk Space 🔧	2026-09-23T08:01:21.7090949Z (Reading database ... 5%
higress-wasmplugin-test (GO)	Free Up GitHub Actions Ubuntu Runner Disk Space 🔧	2026-09-23T08:01:21.7091337Z (Reading database ... 10%
higress-wasmplugin-test (GO)	Free Up GitHub Actions Ubuntu Runner Disk Space 🔧	2026-09-23T08:01:21.7091740Z (Reading database ... 15%
higress-wasmplugin-test (GO)	Free Up GitHub Actions Ubuntu Runner Disk Space 🔧	2026-09-23T08:01:21.7092098Z (Reading database ... 20%
higress-wasmplugin-test (GO)	Free Up GitHub Actions Ubuntu Runner Disk Space 🔧	2026-09-23T08:01:21.7092431Z (Reading database ... 25%
higress-wasmplugin-test (GO)	Free Up GitHub Actions Ubuntu Runner Disk Space 🔧	2026-09-23T08:01:21.7092759Z (Reading database ... 30%
higress-wasmplugin-test (GO)	Free Up GitHub Actions Ubuntu Runner Disk Space 🔧	2026-09-23T08:01:21.7093108Z (Reading database ... 35%
higress-wasmplugin-test (GO)	Free Up GitHub Actions Ubuntu Runner Disk Space 🔧	2026-09-23T08:01:21.7093590Z (Reading database ... 40%
higress-wasmplugin-test (GO)	Free Up GitHub Actions Ubuntu Runner Disk Space 🔧	2026-09-23T08:01:21.7093949Z (Reading database ... 45%
higress-wasmplugin-test (GO)	Free Up GitHub Actions Ubuntu Runner Disk Space 🔧	2026-09-23T08:01:21.7094303Z (Reading database ... 50%
higress-wasmplugin-test (GO)	Free Up GitHub Actions Ubuntu Runner Disk Space 🔧	2026-09-23T08:01:21.7130895Z (Reading database ... 55%
higress-wasmplugin-test (GO)	Free Up GitHub Actions Ubuntu Runner Disk Space 🔧	2026-09-23T08:01:21.7167256Z (Reading database ... 60%
higress-wasmplugin-test (GO)	Free Up GitHub Actions Ubuntu Runner Disk Space 🔧	2026-09-23T08:01:21.7192675Z (Reading database ... 65%
higress-wasmplugin-test (GO)	Free Up GitHub Actions Ubuntu Runner Disk Space 🔧	2026-09-23T08:01:21.7221596Z (Reading database ... 70%
higress-wasmplugin-test (GO)	Free Up GitHub Actions Ubuntu Runner Disk Space 🔧	2026-09-23T08:01:21.7500930Z (Reading database ... 75%
higress-wasmplugin-test (GO)	Free Up GitHub Actions Ubuntu Runner Disk Space 🔧	2026-09-23T08:01:21.7527695Z (Reading database ... 80%
higress-wasmplugin-test (GO)	Free Up GitHub Actions Ubuntu Runner Disk Space 🔧	2026-09-23T08:01:21.7722838Z (Reading database ... 85%
higress-wasmplugin-test (GO)	Free Up GitHub Actions Ubuntu Runner Disk Space 🔧	2026-09-23T08:01:21.7961975Z (Reading database ... 90%
higress-wasmplugin-test (GO)	Free Up GitHub Actions Ubuntu Runner Disk Space 🔧	2026-09-23T08:01:21.8076717Z (Reading database ... 95%
higress-wasmplugin-test (GO)	Free Up GitHub Actions Ubuntu Runner Disk Space 🔧	2026-09-23T08:01:21.8077168Z (Reading database ... 100%
higress-wasmplugin-test (GO)	Free Up GitHub Actions Ubuntu Runner Disk Space 🔧	2026-09-23T08:01:21.8077721Z (Reading database ... 252203 files and directories currently installed.)
higress-wasmplugin-test (GO)	Free Up GitHub Actions Ubuntu Runner Disk Space 🔧	2026-09-23T08:01:21.8130725Z Removing azure-cli (2.90.0-1~jammy) ...
higress-wasmplugin-test (GO)	Free Up GitHub Actions Ubuntu Runner Disk Space 🔧	2026-09-23T08:01:27.6742842Z Removing firefox (156.0+build1-0ubuntu0.22.04.1~mt1) ...
higress-wasmplugin-test (GO)	Free Up GitHub Actions Ubuntu Runner Disk Space 🔧	2026-09-23T08:01:27.7299046Z Removing google-chrome-stable (153.0.8010.52-1) ...
higress-wasmplugin-test (GO)	Free Up GitHub Actions Ubuntu Runner Disk Space 🔧	2026-09-23T08:01:27.9382429Z Removing xvfb (2:21.1.4-2ubuntu1.7~22.04.16) ...
higress-wasmplugin-test (GO)	Free Up GitHub Actions Ubuntu Runner Disk Space 🔧	2026-09-23T08:01:27.9526084Z Removing libgl1:amd64 (1.4.0-1) ...
higress-wasmplugin-test (GO)	Free Up GitHub Actions Ubuntu Runner Disk Space 🔧	2026-09-23T08:01:27.9673584Z Removing libglx0:amd64 (1.4.0-1) ...
higress-wasmplugin-test (GO)	Free Up GitHub Actions Ubuntu Runner Disk Space 🔧	2026-09-23T08:01:27.9812442Z Removing libglx-mesa0:amd64 (23.2.1-1ubuntu3.1~22.04.4) ...
higress-wasmplugin-test (GO)	Free Up GitHub Actions Ubuntu Runner Disk Space 🔧	2026-09-23T08:01:27.9955961Z Removing libgl1-mesa-dri:amd64 (23.2.1-1ubuntu3.1~22.04.4) ...
higress-wasmplugin-test (GO)	Free Up GitHub Actions Ubuntu Runner Disk Space 🔧	2026-09-23T08:01:28.0374339Z Removing mono-complete (6.12.0.200-0xamarin2+ubuntu2004b1) ...
higress-wasmplugin-test (GO)	Free Up GitHub Actions Ubuntu Runner Disk Space 🔧	2026-09-23T08:01:28.0550321Z Removing powershell (7.6.6-1.deb) ...
higress-wasmplugin-test (GO)	Free Up GitHub Actions Ubuntu Runner Disk Space 🔧	2026-09-23T08:01:28.2118702Z Removing monodoc-http (4.2-3.1) ...
higress-wasmplugin-test (GO)	Free Up GitHub Actions Ubuntu Runner Disk Space 🔧	2026-09-23T08:01:28.4101433Z Restarting mono-xsp4 (via systemctl): mono-xsp4.service.
higress-wasmplugin-test (GO)	Free Up GitHub Actions Ubuntu Runner Disk Space 🔧	2026-09-23T08:01:28.4383781Z Removing monodoc-manual (6.12.0.200-0xamarin2+ubuntu2004b1) ...
higress-wasmplugin-test (GO)	Free Up GitHub Actions Ubuntu Runner Disk Space 🔧	2026-09-23T08:01:28.4549656Z Removing mono-xsp4 (4.7.1-0xamarin3+ubuntu2004b1) ...
higress-wasmplugin-test (GO)	Free Up GitHub Actions Ubuntu Runner Disk Space 🔧	2026-09-23T08:01:28.5398432Z Removing mono-xsp4-base (4.7.1-0xamarin3+ubuntu2004b1) ...
higress-wasmplugin-test (GO)	Free Up GitHub Actions Ubuntu Runner Disk Space 🔧	2026-09-23T08:01:28.5790411Z Removing mono-roslyn (6.12.0.200-0xamarin2+ubuntu2004b1) ...
higress-wasmplugin-test (GO)	Free Up GitHub Actions Ubuntu Runner Disk Space 🔧	2026-09-23T08:01:28.6722173Z Removing mono-devel (6.12.0.200-0xamarin2+ubuntu2004b1) ...
higress-wasmplugin-test (GO)	Free Up GitHub Actions Ubuntu Runner Disk Space 🔧	2026-09-23T08:01:28.9648296Z Processing triggers for libc-bin (2.35-0ubuntu3.15) ...
higress-wasmplugin-test (GO)	Free Up GitHub Actions Ubuntu Runner Disk Space 🔧	2026-09-23T08:01:28.9811829Z Processing triggers for man-db (2.10.2-1) ...
higress-wasmplugin-test (GO)	Free Up GitHub Actions Ubuntu Runner Disk Space 🔧	2026-09-23T08:01:28.9827446Z Not building database; man-db/auto-update is not 'true'.
higress-wasmplugin-test (GO)	Free Up GitHub Actions Ubuntu Runner Disk Space 🔧	2026-09-23T08:01:28.9840040Z Processing triggers for mailcap (3.70+nmu1ubuntu1.22.04.1) ...
higress-wasmplugin-test (GO)	Free Up GitHub Actions Ubuntu Runner Disk Space 🔧	2026-09-23T08:01:29.0780675Z Processing triggers for hicolor-icon-theme (0.17-2) ...
higress-wasmplugin-test (GO)	Free Up GitHub Actions Ubuntu Runner Disk Space 🔧	2026-09-23T08:01:31.0558508Z Reading package lists...
higress-wasmplugin-test (GO)	Free Up GitHub Actions Ubuntu Runner Disk Space 🔧	2026-09-23T08:01:31.3042858Z Building dependency tree...
higress-wasmplugin-test (GO)	Free Up GitHub Actions Ubuntu Runner Disk Space 🔧	2026-09-23T08:01:31.3053552Z Reading state information...
higress-wasmplugin-test (GO)	Free Up GitHub Actions Ubuntu Runner Disk Space 🔧	2026-09-23T08:01:31.5030782Z Package 'google-cloud-sdk' is not installed, so not removed
higress-wasmplugin-test (GO)	Free Up GitHub Actions Ubuntu Runner Disk Space 🔧	2026-09-23T08:01:31.5031625Z 0 upgraded, 0 newly installed, 0 to remove and 7 not upgraded.
higress-wasmplugin-test (GO)	Free Up GitHub Actions Ubuntu Runner Disk Space 🔧	2026-09-23T08:01:31.5603304Z Reading package lists...
higress-wasmplugin-test (GO)	Free Up GitHub Actions Ubuntu Runner Disk Space 🔧	2026-09-23T08:01:31.8078345Z Building dependency tree...
higress-wasmplugin-test (GO)	Free Up GitHub Actions Ubuntu Runner Disk Space 🔧	2026-09-23T08:01:31.8088976Z Reading state information...
higress-wasmplugin-test (GO)	Free Up GitHub Actions Ubuntu Runner Disk Space 🔧	2026-09-23T08:01:31.9911106Z The following packages will be REMOVED:
higress-wasmplugin-test (GO)	Free Up GitHub Actions Ubuntu Runner Disk Space 🔧	2026-09-23T08:01:31.9916294Z   google-cloud-cli
higress-wasmplugin-test (GO)	Free Up GitHub Actions Ubuntu Runner Disk Space 🔧	2026-09-23T08:01:32.2654781Z 0 upgraded, 0 newly installed, 1 to remove and 7 not upgraded.
higress-wasmplugin-test (GO)	Free Up GitHub Actions Ubuntu Runner Disk Space 🔧	2026-09-23T08:01:32.2655703Z After this operation, 429 MB disk space will be freed.
higress-wasmplugin-test (GO)	Free Up GitHub Actions Ubuntu Runner Disk Space 🔧	2026-09-23T08:01:32.2888576Z (Reading database ... 
higress-wasmplugin-test (GO)	Free Up GitHub Actions Ubuntu Runner Disk Space 🔧	2026-09-23T08:01:32.2889010Z (Reading database ... 5%
higress-wasmplugin-test (GO)	Free Up GitHub Actions Ubuntu Runner Disk Space 🔧	2026-09-23T08:01:32.2889441Z (Reading database ... 10%
higress-wasmplugin-test (GO)	Free Up GitHub Actions Ubuntu Runner Disk Space 🔧	2026-09-23T08:01:32.2889994Z (Reading database ... 15%
higress-wasmplugin-test (GO)	Free Up GitHub Actions Ubuntu Runner Disk Space 🔧	2026-09-23T08:01:32.2890411Z (Reading database ... 20%
higress-wasmplugin-test (GO)	Free Up GitHub Actions Ubuntu Runner Disk Space 🔧	2026-09-23T08:01:32.2890857Z (Reading database ... 25%
higress-wasmplugin-test (GO)	Free Up GitHub Actions Ubuntu Runner Disk Space 🔧	2026-09-23T08:01:32.2891268Z (Reading database ... 30%
higress-wasmplugin-test (GO)	Free Up GitHub Actions Ubuntu Runner Disk Space 🔧	2026-09-23T08:01:32.2891739Z (Reading database ... 35%
higress-wasmplugin-test (GO)	Free Up GitHub Actions Ubuntu Runner Disk Space 🔧	2026-09-23T08:01:32.2892220Z (Reading database ... 40%
higress-wasmplugin-test (GO)	Free Up GitHub Actions Ubuntu Runner Disk Space 🔧	2026-09-23T08:01:32.2892626Z (Reading database ... 45%
higress-wasmplugin-test (GO)	Free Up GitHub Actions Ubuntu Runner Disk Space 🔧	2026-09-23T08:01:32.2893032Z (Reading database ... 50%
higress-wasmplugin-test (GO)	Free Up GitHub Actions Ubuntu Runner Disk Space 🔧	2026-09-23T08:01:32.2926242Z (Reading database ... 55%
higress-wasmplugin-test (GO)	Free Up GitHub Actions Ubuntu Runner Disk Space 🔧	2026-09-23T08:01:32.2959802Z (Reading database ... 60%
higress-wasmplugin-test (GO)	Free Up GitHub Actions Ubuntu Runner Disk Space 🔧	2026-09-23T08:01:32.2988232Z (Reading database ... 65%
higress-wasmplugin-test (GO)	Free Up GitHub Actions Ubuntu Runner Disk Space 🔧	2026-09-23T08:01:32.3016538Z (Reading database ... 70%
higress-wasmplugin-test (GO)	Free Up GitHub Actions Ubuntu Runner Disk Space 🔧	2026-09-23T08:01:32.3182605Z (Reading database ... 75%
higress-wasmplugin-test (GO)	Free Up GitHub Actions Ubuntu Runner Disk Space 🔧	2026-09-23T08:01:32.3206808Z (Reading database ... 80%
higress-wasmplugin-test (GO)	Free Up GitHub Actions Ubuntu Runner Disk Space 🔧	2026-09-23T08:01:32.3398595Z (Reading database ... 85%
higress-wasmplugin-test (GO)	Free Up GitHub Actions Ubuntu Runner Disk Space 🔧	2026-09-23T08:01:32.3628631Z (Reading database ... 90%
higress-wasmplugin-test (GO)	Free Up GitHub Actions Ubuntu Runner Disk Space 🔧	2026-09-23T08:01:32.3729900Z (Reading database ... 95%
higress-wasmplugin-test (GO)	Free Up GitHub Actions Ubuntu Runner Disk Space 🔧	2026-09-23T08:01:32.3730339Z (Reading database ... 100%
higress-wasmplugin-test (GO)	Free Up GitHub Actions Ubuntu Runner Disk Space 🔧	2026-09-23T08:01:32.3730902Z (Reading database ... 218545 files and directories currently installed.)
higress-wasmplugin-test (GO)	Free Up GitHub Actions Ubuntu Runner Disk Space 🔧	2026-09-23T08:01:32.3775241Z Removing google-cloud-cli (585.0.0-0) ...
higress-wasmplugin-test (GO)	Free Up GitHub Actions Ubuntu Runner Disk Space 🔧	2026-09-23T08:01:38.2640942Z Processing triggers for libc-bin (2.35-0ubuntu3.15) ...
higress-wasmplugin-test (GO)	Free Up GitHub Actions Ubuntu Runner Disk Space 🔧	2026-09-23T08:01:40.1633599Z Reading package lists...
higress-wasmplugin-test (GO)	Free Up GitHub Actions Ubuntu Runner Disk Space 🔧	2026-09-23T08:01:40.4127092Z Building dependency tree...
higress-wasmplugin-test (GO)	Free Up GitHub Actions Ubuntu Runner Disk Space 🔧	2026-09-23T08:01:40.4138436Z Reading state information...
higress-wasmplugin-test (GO)	Free Up GitHub Actions Ubuntu Runner Disk Space 🔧	2026-09-23T08:01:40.6005608Z The following packages will be REMOVED:
higress-wasmplugin-test (GO)	Free Up GitHub Actions Ubuntu Runner Disk Space 🔧	2026-09-23T08:01:40.6006420Z   apport-symptoms bc dictionaries-common emacsen-common firebird3.0-common
higress-wasmplugin-test (GO)	Free Up GitHub Actions Ubuntu Runner Disk Space 🔧	2026-09-23T08:01:40.6007264Z   firebird3.0-common-doc freetds-common hunspell-en-us landscape-common
higress-wasmplugin-test (GO)	Free Up GitHub Actions Ubuntu Runner Disk Space 🔧	2026-09-23T08:01:40.6008007Z   lib32gcc-s1 lib32stdc++6 libaspell15 libc-client2007e libcanberra0
higress-wasmplugin-test (GO)	Free Up GitHub Actions Ubuntu Runner Disk Space 🔧	2026-09-23T08:01:40.6008704Z   libcgi-fast-perl libcgi-pm-perl libclang-common-13-dev
higress-wasmplugin-test (GO)	Free Up GitHub Actions Ubuntu Runner Disk Space 🔧	2026-09-23T08:01:40.6009417Z   libclang-common-14-dev libclang-common-15-dev libclang1-13 libclang1-14
higress-wasmplugin-test (GO)	Free Up GitHub Actions Ubuntu Runner Disk Space 🔧	2026-09-23T08:01:40.6010230Z   libclang1-15 libclone-perl libdbusmenu-glib4 libdbusmenu-gtk3-4
higress-wasmplugin-test (GO)	Free Up GitHub Actions Ubuntu Runner Disk Space 🔧	2026-09-23T08:01:40.6016460Z   libdrm-amdgpu1 libdrm-intel1 libdrm-nouveau2 libdrm-radeon1 libenchant-2-2
higress-wasmplugin-test (GO)	Free Up GitHub Actions Ubuntu Runner Disk Space 🔧	2026-09-23T08:01:40.6017347Z   libencode-locale-perl libevent-pthreads-2.1-7 libfbclient2 libfcgi-bin
higress-wasmplugin-test (GO)	Free Up GitHub Actions Ubuntu Runner Disk Space 🔧	2026-09-23T08:01:40.6018185Z   libfcgi-perl libfcgi0ldbl libfontenc1 libgc1 libglapi-mesa libglvnd0
higress-wasmplugin-test (GO)	Free Up GitHub Actions Ubuntu Runner Disk Space 🔧	2026-09-23T08:01:40.6019457Z   libhtml-parser-perl libhtml-tagset-perl libhtml-template-perl
higress-wasmplugin-test (GO)	Free Up GitHub Actions Ubuntu Runner Disk Space 🔧	2026-09-23T08:01:40.6020193Z   libhttp-date-perl libhttp-message-perl libhunspell-1.7-0 libintl-perl
higress-wasmplugin-test (GO)	Free Up GitHub Actions Ubuntu Runner Disk Space 🔧	2026-09-23T08:01:40.6020917Z   libintl-xs-perl libio-html-perl libisns0 libjs-xmlextras liblldb-13
higress-wasmplugin-test (GO)	Free Up GitHub Actions Ubuntu Runner Disk Space 🔧	2026-09-23T08:01:40.6021375Z   liblldb-14 liblldb-15 liblwp-mediatypes-perl libmecab2 libmemcached11
higress-wasmplugin-test (GO)	Free Up GitHub Actions Ubuntu Runner Disk Space 🔧	2026-09-23T08:01:40.6021863Z   libmodule-find-perl libmodule-scandeps-perl libmono-2.0-1 libmono-2.0-dev
higress-wasmplugin-test (GO)	Free Up GitHub Actions Ubuntu Runner Disk Space 🔧	2026-09-23T08:01:40.6022347Z   libmono-cairo4.0-cil libmono-cecil-private-cil libmono-cil-dev
higress-wasmplugin-test (GO)	Free Up GitHub Actions Ubuntu Runner Disk Space 🔧	2026-09-23T08:01:40.6022833Z   libmono-codecontracts4.0-cil libmono-compilerservices-symbolwriter4.0-cil
higress-wasmplugin-test (GO)	Free Up GitHub Actions Ubuntu Runner Disk Space 🔧	2026-09-23T08:01:40.6023271Z   libmono-cscompmgd0.0-cil libmono-csharp4.0c-cil
higress-wasmplugin-test (GO)	Free Up GitHub Actions Ubuntu Runner Disk Space 🔧	2026-09-23T08:01:40.6023710Z   libmono-custommarshalers4.0-cil libmono-data-tds4.0-cil libmono-db2-1.0-cil
higress-wasmplugin-test (GO)	Free Up GitHub Actions Ubuntu Runner Disk Space 🔧	2026-09-23T08:01:40.6024233Z   libmono-debugger-soft4.0a-cil libmono-http4.0-cil libmono-management4.0-cil
higress-wasmplugin-test (GO)	Free Up GitHub Actions Ubuntu Runner Disk Space 🔧	2026-09-23T08:01:40.6024780Z   libmono-messaging-rabbitmq4.0-cil libmono-microsoft-build-engine4.0-cil
higress-wasmplugin-test (GO)	Free Up GitHub Actions Ubuntu Runner Disk Space 🔧	2026-09-23T08:01:40.6025292Z   libmono-microsoft-build-tasks-v4.0-4.0-cil libmono-microsoft-build4.0-cil
higress-wasmplugin-test (GO)	Free Up GitHub Actions Ubuntu Runner Disk Space 🔧	2026-09-23T08:01:40.6025957Z   libmono-microsoft-visualc10.0-cil
higress-wasmplugin-test (GO)	Free Up GitHub Actions Ubuntu Runner Disk Space 🔧	2026-09-23T08:01:40.6026317Z   libmono-microsoft-web-infrastructure1.0-cil libmono-oracle4.0-cil
higress-wasmplugin-test (GO)	Free Up GitHub Actions Ubuntu Runner Disk Space 🔧	2026-09-23T08:01:40.6026778Z   libmono-parallel4.0-cil libmono-peapi4.0a-cil libmono-profiler
higress-wasmplugin-test (GO)	Free Up GitHub Actions Ubuntu Runner Disk Space 🔧	2026-09-23T08:01:40.6027236Z   libmono-rabbitmq4.0-cil libmono-relaxng4.0-cil libmono-sharpzip4.84-cil
higress-wasmplugin-test (GO)	Free Up GitHub Actions Ubuntu Runner Disk Space 🔧	2026-09-23T08:01:40.6027650Z   libmono-simd4.0-cil libmono-smdiagnostics0.0-cil
higress-wasmplugin-test (GO)	Free Up GitHub Actions Ubuntu Runner Disk Space 🔧	2026-09-23T08:01:40.6027996Z   libmono-system-data-datasetextensions4.0-cil
higress-wasmplugin-test (GO)	Free Up GitHub Actions Ubuntu Runner Disk Space 🔧	2026-09-23T08:01:40.6028398Z   libmono-system-data-entity4.0-cil libmono-system-data-linq4.0-cil
higress-wasmplugin-test (GO)	Free Up GitHub Actions Ubuntu Runner Disk Space 🔧	2026-09-23T08:01:40.6028893Z   libmono-system-data-services4.0-cil libmono-system-deployment4.0-cil
higress-wasmplugin-test (GO)	Free Up GitHub Actions Ubuntu Runner Disk Space 🔧	2026-09-23T08:01:40.6029369Z   libmono-system-drawing-design4.0-cil libmono-system-dynamic4.0-cil
higress-wasmplugin-test (GO)	Free Up GitHub Actions Ubuntu Runner Disk Space 🔧	2026-09-23T08:01:40.6029794Z   libmono-system-io-compression-filesystem4.0-cil
higress-wasmplugin-test (GO)	Free Up GitHub Actions Ubuntu Runner Disk Space 🔧	2026-09-23T08:01:40.6030189Z   libmono-system-json-microsoft4.0-cil libmono-system-json4.0-cil
higress-wasmplugin-test (GO)	Free Up GitHub Actions Ubuntu Runner Disk Space 🔧	2026-09-23T08:01:40.6030658Z   libmono-system-ldap-protocols4.0-cil libmono-system-management4.0-cil
higress-wasmplugin-test (GO)	Free Up GitHub Actions Ubuntu Runner Disk Space 🔧	2026-09-23T08:01:40.6031069Z   libmono-system-net-http-formatting4.0-cil
higress-wasmplugin-test (GO)	Free Up GitHub Actions Ubuntu Runner Disk Space 🔧	2026-09-23T08:01:40.6031464Z   libmono-system-net-http-webrequest4.0-cil libmono-system-net4.0-cil
higress-wasmplugin-test (GO)	Free Up GitHub Actions Ubuntu Runner Disk Space 🔧	2026-09-23T08:01:40.6031970Z   libmono-system-numerics-vectors4.0-cil libmono-system-reactive-core2.2-cil
higress-wasmplugin-test (GO)	Free Up GitHub Actions Ubuntu Runner Disk Space 🔧	2026-09-23T08:01:40.6032394Z   libmono-system-reactive-debugger2.2-cil
higress-wasmplugin-test (GO)	Free Up GitHub Actions Ubuntu Runner Disk Space 🔧	2026-09-23T08:01:40.6032712Z   libmono-system-reactive-experimental2.2-cil
higress-wasmplugin-test (GO)	Free Up GitHub Actions Ubuntu Runner Disk Space 🔧	2026-09-23T08:01:40.6033033Z   libmono-system-reactive-interfaces2.2-cil
higress-wasmplugin-test (GO)	Free Up GitHub Actions Ubuntu Runner Disk Space 🔧	2026-09-23T08:01:40.6033336Z   libmono-system-reactive-linq2.2-cil
higress-wasmplugin-test (GO)	Free Up GitHub Actions Ubuntu Runner Disk Space 🔧	2026-09-23T08:01:40.6033651Z   libmono-system-reactive-observable-aliases0.0-cil
higress-wasmplugin-test (GO)	Free Up GitHub Actions Ubuntu Runner Disk Space 🔧	2026-09-23T08:01:40.6034020Z   libmono-system-reactive-platformservices2.2-cil
higress-wasmplugin-test (GO)	Free Up GitHub Actions Ubuntu Runner Disk Space 🔧	2026-09-23T08:01:40.6034563Z   libmono-system-reactive-providers2.2-cil
higress-wasmplugin-test (GO)	Free Up GitHub Actions Ubuntu Runner Disk Space 🔧	2026-09-23T08:01:40.6034886Z   libmono-system-reactive-runtime-remoting2.2-cil
higress-wasmplugin-test (GO)	Free Up GitHub Actions Ubuntu Runner Disk Space 🔧	2026-09-23T08:01:40.6035230Z   libmono-system-reactive-windows-forms2.2-cil
higress-wasmplugin-test (GO)	Free Up GitHub Actions Ubuntu Runner Disk Space 🔧	2026-09-23T08:01:40.6035709Z   libmono-system-reactive-windows-threading2.2-cil
higress-wasmplugin-test (GO)	Free Up GitHub Actions Ubuntu Runner Disk Space 🔧	2026-09-23T08:01:40.6036038Z   libmono-system-reflection-context4.0-cil
higress-wasmplugin-test (GO)	Free Up GitHub Actions Ubuntu Runner Disk Space 🔧	2026-09-23T08:01:40.6036329Z   libmono-system-runtime-caching4.0-cil
higress-wasmplugin-test (GO)	Free Up GitHub Actions Ubuntu Runner Disk Space 🔧	2026-09-23T08:01:40.6036639Z   libmono-system-runtime-durableinstancing4.0-cil
higress-wasmplugin-test (GO)	Free Up GitHub Actions Ubuntu Runner Disk Space 🔧	2026-09-23T08:01:40.6037067Z   libmono-system-runtime4.0-cil libmono-system-servicemodel-discovery4.0-cil
higress-wasmplugin-test (GO)	Free Up GitHub Actions Ubuntu Runner Disk Space 🔧	2026-09-23T08:01:40.6037503Z   libmono-system-servicemodel-routing4.0-cil
higress-wasmplugin-test (GO)	Free Up GitHub Actions Ubuntu Runner Disk Space 🔧	2026-09-23T08:01:40.6037934Z   libmono-system-servicemodel-web4.0-cil libmono-system-serviceprocess4.0-cil
higress-wasmplugin-test (GO)	Free Up GitHub Actions Ubuntu Runner Disk Space 🔧	2026-09-23T08:01:40.6038382Z   libmono-system-threading-tasks-dataflow4.0-cil
higress-wasmplugin-test (GO)	Free Up GitHub Actions Ubuntu Runner Disk Space 🔧	2026-09-23T08:01:40.6038820Z   libmono-system-web-abstractions4.0-cil libmono-system-web-dynamicdata4.0-cil
higress-wasmplugin-test (GO)	Free Up GitHub Actions Ubuntu Runner Disk Space 🔧	2026-09-23T08:01:40.6039266Z   libmono-system-web-extensions-design4.0-cil
higress-wasmplugin-test (GO)	Free Up GitHub Actions Ubuntu Runner Disk Space 🔧	2026-09-23T08:01:40.6039841Z   libmono-system-web-extensions4.0-cil libmono-system-web-http-selfhost4.0-cil
higress-wasmplugin-test (GO)	Free Up GitHub Actions Ubuntu Runner Disk Space 🔧	2026-09-23T08:01:40.6040348Z   libmono-system-web-http-webhost4.0-cil libmono-system-web-http4.0-cil
higress-wasmplugin-test (GO)	Free Up GitHub Actions Ubuntu Runner Disk Space 🔧	2026-09-23T08:01:40.6040811Z   libmono-system-web-mobile4.0-cil libmono-system-web-mvc3.0-cil
higress-wasmplugin-test (GO)	Free Up GitHub Actions Ubuntu Runner Disk Space 🔧	2026-09-23T08:01:40.6041291Z   libmono-system-web-razor2.0-cil libmono-system-web-regularexpressions4.0-cil
higress-wasmplugin-test (GO)	Free Up GitHub Actions Ubuntu Runner Disk Space 🔧	2026-09-23T08:01:40.6041705Z   libmono-system-web-routing4.0-cil
higress-wasmplugin-test (GO)	Free Up GitHub Actions Ubuntu Runner Disk Space 🔧	2026-09-23T08:01:40.6042012Z   libmono-system-web-webpages-deployment2.0-cil
higress-wasmplugin-test (GO)	Free Up GitHub Actions Ubuntu Runner Disk Space 🔧	2026-09-23T08:01:40.6042468Z   libmono-system-web-webpages-razor2.0-cil libmono-system-web-webpages2.0-cil
higress-wasmplugin-test (GO)	Free Up GitHub Actions Ubuntu Runner Disk Space 🔧	2026-09-23T08:01:40.6042952Z   libmono-system-windows-forms-datavisualization4.0a-cil
higress-wasmplugin-test (GO)	Free Up GitHub Actions Ubuntu Runner Disk Space 🔧	2026-09-23T08:01:40.6043403Z   libmono-system-windows4.0-cil libmono-system-workflow-activities4.0-cil
higress-wasmplugin-test (GO)	Free Up GitHub Actions Ubuntu Runner Disk Space 🔧	2026-09-23T08:01:40.6043821Z   libmono-system-workflow-componentmodel4.0-cil
higress-wasmplugin-test (GO)	Free Up GitHub Actions Ubuntu Runner Disk Space 🔧	2026-09-23T08:01:40.6044146Z   libmono-system-workflow-runtime4.0-cil
higress-wasmplugin-test (GO)	Free Up GitHub Actions Ubuntu Runner Disk Space 🔧	2026-09-23T08:01:40.6044516Z   libmono-system-xml-serialization4.0-cil libmono-tasklets4.0-cil
higress-wasmplugin-test (GO)	Free Up GitHub Actions Ubuntu Runner Disk Space 🔧	2026-09-23T08:01:40.6045001Z   libmono-webmatrix-data4.0-cil libmono-xbuild-tasks4.0-cil libmonoboehm-2.0-1
higress-wasmplugin-test (GO)	Free Up GitHub Actions Ubuntu Runner Disk Space 🔧	2026-09-23T08:01:40.6045613Z   libmonosgen-2.0-1 libmonosgen-2.0-dev libmspack0 libnorm1 libobjc-11-dev
higress-wasmplugin-test (GO)	Free Up GitHub Actions Ubuntu Runner Disk Space 🔧	2026-09-23T08:01:40.6046081Z   libobjc4 libogg0 libopeniscsiusr libpciaccess0 libpfm4 libpgm-5.3-0
higress-wasmplugin-test (GO)	Free Up GitHub Actions Ubuntu Runner Disk Space 🔧	2026-09-23T08:01:40.6046560Z   libproc-processtable-perl libprotobuf-lite23 libqdbm14 librabbitmq4 libre2-9
higress-wasmplugin-test (GO)	Free Up GitHub Actions Ubuntu Runner Disk Space 🔧	2026-09-23T08:01:40.6047067Z   libsnappy1v5 libsort-naturally-perl libsybdb5 libtdb1 libterm-readkey-perl
higress-wasmplugin-test (GO)	Free Up GitHub Actions Ubuntu Runner Disk Space 🔧	2026-09-23T08:01:40.6047532Z   libtidy5deb1 libtimedate-perl libtinfo-dev libtommath1 liburi-perl
higress-wasmplugin-test (GO)	Free Up GitHub Actions Ubuntu Runner Disk Space 🔧	2026-09-23T08:01:40.6048000Z   libvorbis0a libvorbisfile3 libx11-xcb1 libxaw7 libxcb-dri2-0 libxcb-dri3-0
higress-wasmplugin-test (GO)	Free Up GitHub Actions Ubuntu Runner Disk Space 🔧	2026-09-23T08:01:40.6048477Z   libxcb-glx0 libxcb-present0 libxcb-sync1 libxcb-xfixes0 libxfont2 libxmlsec1
higress-wasmplugin-test (GO)	Free Up GitHub Actions Ubuntu Runner Disk Space 🔧	2026-09-23T08:01:40.6048947Z   libxmlsec1-openssl libxmu6 libxshmfence1 libxxf86vm1 libz3-4 libz3-dev
higress-wasmplugin-test (GO)	Free Up GitHub Actions Ubuntu Runner Disk Space 🔧	2026-09-23T08:01:40.6049437Z   libzip4 libzmq5 lxd-agent-loader mecab-ipadic mecab-ipadic-utf8 mecab-utils
higress-wasmplugin-test (GO)	Free Up GitHub Actions Ubuntu Runner Disk Space 🔧	2026-09-23T08:01:40.6049913Z   mlock mono-4.0-service mono-csharp-shell mono-mcs mono-utils mono-xbuild
higress-wasmplugin-test (GO)	Free Up GitHub Actions Ubuntu Runner Disk Space 🔧	2026-09-23T08:01:40.6050384Z   monodoc-base msbuild msbuild-libhostfxr msbuild-sdkresolver needrestart
higress-wasmplugin-test (GO)	Free Up GitHub Actions Ubuntu Runner Disk Space 🔧	2026-09-23T08:01:40.6050844Z   open-iscsi open-vm-tools python3-apport python3-automat python3-bcrypt
higress-wasmplugin-test (GO)	Free Up GitHub Actions Ubuntu Runner Disk Space 🔧	2026-09-23T08:01:40.6051290Z   python3-click python3-colorama python3-constantly python3-hamcrest
higress-wasmplugin-test (GO)	Free Up GitHub Actions Ubuntu Runner Disk Space 🔧	2026-09-23T08:01:40.6051781Z   python3-hyperlink python3-incremental python3-lldb-14 python3-problem-report
higress-wasmplugin-test (GO)	Free Up GitHub Actions Ubuntu Runner Disk Space 🔧	2026-09-23T08:01:40.6052267Z   python3-pyasn1 python3-pyasn1-modules python3-service-identity
higress-wasmplugin-test (GO)	Free Up GitHub Actions Ubuntu Runner Disk Space 🔧	2026-09-23T08:01:40.6052668Z   python3-systemd python3-twisted python3-zope.interface
higress-wasmplugin-test (GO)	Free Up GitHub Actions Ubuntu Runner Disk Space 🔧	2026-09-23T08:01:40.6053089Z   referenceassemblies-pcl shtool sound-theme-freedesktop x11-xkb-utils
higress-wasmplugin-test (GO)	Free Up GitHub Actions Ubuntu Runner Disk Space 🔧	2026-09-23T08:01:40.6053483Z   xserver-common xul-ext-ubufox zerofree
higress-wasmplugin-test (GO)	Free Up GitHub Actions Ubuntu Runner Disk Space 🔧	2026-09-23T08:01:40.8759696Z 0 upgraded, 0 newly installed, 237 to remove and 7 not upgraded.
higress-wasmplugin-test (GO)	Free Up GitHub Actions Ubuntu Runner Disk Space 🔧	2026-09-23T08:01:40.8760472Z After this operation, 649 MB disk space will be freed.
higress-wasmplugin-test (GO)	Free Up GitHub Actions Ubuntu Runner Disk Space 🔧	2026-09-23T08:01:40.8993801Z (Reading database ... 
higress-wasmplugin-test (GO)	Free Up GitHub Actions Ubuntu Runner Disk Space 🔧	2026-09-23T08:01:40.8994292Z (Reading database ... 5%
higress-wasmplugin-test (GO)	Free Up GitHub Actions Ubuntu Runner Disk Space 🔧	2026-09-23T08:01:40.8994689Z (Reading database ... 10%
higress-wasmplugin-test (GO)	Free Up GitHub Actions Ubuntu Runner Disk Space 🔧	2026-09-23T08:01:40.8995066Z (Reading database ... 15%
higress-wasmplugin-test (GO)	Free Up GitHub Actions Ubuntu Runner Disk Space 🔧	2026-09-23T08:01:40.8995632Z (Reading database ... 20%
higress-wasmplugin-test (GO)	Free Up GitHub Actions Ubuntu Runner Disk Space 🔧	2026-09-23T08:01:40.8996100Z (Reading database ... 25%
higress-wasmplugin-test (GO)	Free Up GitHub Actions Ubuntu Runner Disk Space 🔧	2026-09-23T08:01:40.8996550Z (Reading database ... 30%
higress-wasmplugin-test (GO)	Free Up GitHub Actions Ubuntu Runner Disk Space 🔧	2026-09-23T08:01:40.8996970Z (Reading database ... 35%
higress-wasmplugin-test (GO)	Free Up GitHub Actions Ubuntu Runner Disk Space 🔧	2026-09-23T08:01:40.8997378Z (Reading database ... 40%
higress-wasmplugin-test (GO)	Free Up GitHub Actions Ubuntu Runner Disk Space 🔧	2026-09-23T08:01:40.8997787Z (Reading database ... 45%
higress-wasmplugin-test (GO)	Free Up GitHub Actions Ubuntu Runner Disk Space 🔧	2026-09-23T08:01:40.8998193Z (Reading database ... 50%
higress-wasmplugin-test (GO)	Free Up GitHub Actions Ubuntu Runner Disk Space 🔧	2026-09-23T08:01:40.9032836Z (Reading database ... 55%
higress-wasmplugin-test (GO)	Free Up GitHub Actions Ubuntu Runner Disk Space 🔧	2026-09-23T08:01:40.9064749Z (Reading database ... 60%
higress-wasmplugin-test (GO)	Free Up GitHub Actions Ubuntu Runner Disk Space 🔧	2026-09-23T08:01:40.9093193Z (Reading database ... 65%
higress-wasmplugin-test (GO)	Free Up GitHub Actions Ubuntu Runner Disk Space 🔧	2026-09-23T08:01:40.9121995Z (Reading database ... 70%
higress-wasmplugin-test (GO)	Free Up GitHub Actions Ubuntu Runner Disk Space 🔧	2026-09-23T08:01:40.9286062Z (Reading database ... 75%
higress-wasmplugin-test (GO)	Free Up GitHub Actions Ubuntu Runner Disk Space 🔧	2026-09-23T08:01:40.9310516Z (Reading database ... 80%
higress-wasmplugin-test (GO)	Free Up GitHub Actions Ubuntu Runner Disk Space 🔧	2026-09-23T08:01:40.9354783Z (Reading database ... 85%
higress-wasmplugin-test (GO)	Free Up GitHub Actions Ubuntu Runner Disk Space 🔧	2026-09-23T08:01:40.9572140Z (Reading database ... 90%
higress-wasmplugin-test (GO)	Free Up GitHub Actions Ubuntu Runner Disk Space 🔧	2026-09-23T08:01:40.9664886Z (Reading database ... 95%
higress-wasmplugin-test (GO)	Free Up GitHub Actions Ubuntu Runner Disk Space 🔧	2026-09-23T08:01:40.9665303Z (Reading database ... 100%
higress-wasmplugin-test (GO)	Free Up GitHub Actions Ubuntu Runner Disk Space 🔧	2026-09-23T08:01:40.9666016Z (Reading database ... 180971 files and directories currently installed.)
higress-wasmplugin-test (GO)	Free Up GitHub Actions Ubuntu Runner Disk Space 🔧	2026-09-23T08:01:40.9703597Z Removing apport-symptoms (0.24) ...
higress-wasmplugin-test (GO)	Free Up GitHub Actions Ubuntu Runner Disk Space 🔧	2026-09-23T08:01:40.9835495Z Removing landscape-common (23.02-0ubuntu1~22.04.7) ...
higress-wasmplugin-test (GO)	Free Up GitHub Actions Ubuntu Runner Disk Space 🔧	2026-09-23T08:01:41.1124665Z Removing bc (1.07.1-3build1) ...
higress-wasmplugin-test (GO)	Free Up GitHub Actions Ubuntu Runner Disk Space 🔧	2026-09-23T08:01:41.1385767Z Removing libenchant-2-2:amd64 (2.3.2-1ubuntu2) ...
higress-wasmplugin-test (GO)	Free Up GitHub Actions Ubuntu Runner Disk Space 🔧	2026-09-23T08:01:41.1599393Z Removing hunspell-en-us (1:2020.12.07-2) ...
higress-wasmplugin-test (GO)	Free Up GitHub Actions Ubuntu Runner Disk Space 🔧	2026-09-23T08:01:41.2392264Z Removing dictionaries-common (1.28.14) ...
higress-wasmplugin-test (GO)	Free Up GitHub Actions Ubuntu Runner Disk Space 🔧	2026-09-23T08:01:41.3139302Z Removing 'diversion of /usr/share/dict/words to /usr/share/dict/words.pre-dictionaries-common by dictionaries-common'
higress-wasmplugin-test (GO)	Free Up GitHub Actions Ubuntu Runner Disk Space 🔧	2026-09-23T08:01:41.3377263Z Removing emacsen-common (3.0.4) ...
higress-wasmplugin-test (GO)	Free Up GitHub Actions Ubuntu Runner Disk Space 🔧	2026-09-23T08:01:41.3893965Z Removing libfbclient2:amd64 (3.0.8.33535.ds4-1ubuntu2) ...
higress-wasmplugin-test (GO)	Free Up GitHub Actions Ubuntu Runner Disk Space 🔧	2026-09-23T08:01:41.4103743Z Removing firebird3.0-common (3.0.8.33535.ds4-1ubuntu2) ...
higress-wasmplugin-test (GO)	Free Up GitHub Actions Ubuntu Runner Disk Space 🔧	2026-09-23T08:01:41.4368542Z Removing firebird3.0-common-doc (3.0.8.33535.ds4-1ubuntu2) ...
higress-wasmplugin-test (GO)	Free Up GitHub Actions Ubuntu Runner Disk Space 🔧	2026-09-23T08:01:41.4486057Z Removing libsybdb5:amd64 (1.3.6-1) ...
higress-wasmplugin-test (GO)	Free Up GitHub Actions Ubuntu Runner Disk Space 🔧	2026-09-23T08:01:41.4741385Z Removing freetds-common (1.3.6-1) ...
higress-wasmplugin-test (GO)	Free Up GitHub Actions Ubuntu Runner Disk Space 🔧	2026-09-23T08:01:41.4983987Z Removing libclang-common-14-dev (1:14.0.0-1ubuntu1.1) ...
higress-wasmplugin-test (GO)	Free Up GitHub Actions Ubuntu Runner Disk Space 🔧	2026-09-23T08:01:41.5508332Z Removing libclang-common-13-dev (1:13.0.1-2ubuntu2.2) ...
higress-wasmplugin-test (GO)	Free Up GitHub Actions Ubuntu Runner Disk Space 🔧	2026-09-23T08:01:41.6041256Z Removing libclang-common-15-dev (1:15.0.7-0ubuntu0.22.04.3) ...
higress-wasmplugin-test (GO)	Free Up GitHub Actions Ubuntu Runner Disk Space 🔧	2026-09-23T08:01:41.6632559Z Removing lib32stdc++6 (12.3.0-1ubuntu1~22.04.3) ...
higress-wasmplugin-test (GO)	Free Up GitHub Actions Ubuntu Runner Disk Space 🔧	2026-09-23T08:01:41.6759589Z Removing libaspell15:amd64 (0.60.8-4build1) ...
higress-wasmplugin-test (GO)	Free Up GitHub Actions Ubuntu Runner Disk Space 🔧	2026-09-23T08:01:41.6979401Z Removing libc-client2007e (8:2007f~dfsg-7build1) ...
higress-wasmplugin-test (GO)	Free Up GitHub Actions Ubuntu Runner Disk Space 🔧	2026-09-23T08:01:41.7207384Z Removing libcanberra0:amd64 (0.30-10ubuntu1.22.04.1) ...
higress-wasmplugin-test (GO)	Free Up GitHub Actions Ubuntu Runner Disk Space 🔧	2026-09-23T08:01:41.7351987Z Removing libcgi-fast-perl (1:2.15-1) ...
higress-wasmplugin-test (GO)	Free Up GitHub Actions Ubuntu Runner Disk Space 🔧	2026-09-23T08:01:41.7485170Z Removing libhtml-template-perl (2.97-1.1) ...
higress-wasmplugin-test (GO)	Free Up GitHub Actions Ubuntu Runner Disk Space 🔧	2026-09-23T08:01:41.7627118Z Removing libcgi-pm-perl (4.54-1) ...
higress-wasmplugin-test (GO)	Free Up GitHub Actions Ubuntu Runner Disk Space 🔧	2026-09-23T08:01:41.7787261Z Removing libclang1-13 (1:13.0.1-2ubuntu2.2) ...
higress-wasmplugin-test (GO)	Free Up GitHub Actions Ubuntu Runner Disk Space 🔧	2026-09-23T08:01:41.7999887Z Removing libclang1-14 (1:14.0.0-1ubuntu1.1) ...
higress-wasmplugin-test (GO)	Free Up GitHub Actions Ubuntu Runner Disk Space 🔧	2026-09-23T08:01:41.8222460Z Removing libclang1-15 (1:15.0.7-0ubuntu0.22.04.3) ...
higress-wasmplugin-test (GO)	Free Up GitHub Actions Ubuntu Runner Disk Space 🔧	2026-09-23T08:01:41.8431924Z Removing libclone-perl (0.45-1build3) ...
higress-wasmplugin-test (GO)	Free Up GitHub Actions Ubuntu Runner Disk Space 🔧	2026-09-23T08:01:41.8552994Z Removing libdbusmenu-gtk3-4:amd64 (16.04.1+18.10.20180917-0ubuntu8) ...
higress-wasmplugin-test (GO)	Free Up GitHub Actions Ubuntu Runner Disk Space 🔧	2026-09-23T08:01:41.8974828Z Removing libdbusmenu-glib4:amd64 (16.04.1+18.10.20180917-0ubuntu8) ...
higress-wasmplugin-test (GO)	Free Up GitHub Actions Ubuntu Runner Disk Space 🔧	2026-09-23T08:01:41.9093306Z Removing libdrm-amdgpu1:amd64 (2.4.113-2~ubuntu0.22.04.1) ...
higress-wasmplugin-test (GO)	Free Up GitHub Actions Ubuntu Runner Disk Space 🔧	2026-09-23T08:01:41.9218395Z Removing libdrm-intel1:amd64 (2.4.113-2~ubuntu0.22.04.1) ...
higress-wasmplugin-test (GO)	Free Up GitHub Actions Ubuntu Runner Disk Space 🔧	2026-09-23T08:01:41.9338311Z Removing libdrm-nouveau2:amd64 (2.4.113-2~ubuntu0.22.04.1) ...
higress-wasmplugin-test (GO)	Free Up GitHub Actions Ubuntu Runner Disk Space 🔧	2026-09-23T08:01:41.9459756Z Removing libdrm-radeon1:amd64 (2.4.113-2~ubuntu0.22.04.1) ...
higress-wasmplugin-test (GO)	Free Up GitHub Actions Ubuntu Runner Disk Space 🔧	2026-09-23T08:01:41.9579356Z Removing libhttp-message-perl (6.36-1) ...
higress-wasmplugin-test (GO)	Free Up GitHub Actions Ubuntu Runner Disk Space 🔧	2026-09-23T08:01:41.9717854Z Removing libencode-locale-perl (1.05-1.1) ...
higress-wasmplugin-test (GO)	Free Up GitHub Actions Ubuntu Runner Disk Space 🔧	2026-09-23T08:01:41.9901726Z Removing libevent-pthreads-2.1-7:amd64 (2.1.12-stable-1ubuntu0.1) ...
higress-wasmplugin-test (GO)	Free Up GitHub Actions Ubuntu Runner Disk Space 🔧	2026-09-23T08:01:42.0021884Z Removing libfcgi-bin (2.4.2-2ubuntu0.1) ...
higress-wasmplugin-test (GO)	Free Up GitHub Actions Ubuntu Runner Disk Space 🔧	2026-09-23T08:01:42.0139082Z Removing libfcgi-perl:amd64 (0.82+ds-1build1) ...
higress-wasmplugin-test (GO)	Free Up GitHub Actions Ubuntu Runner Disk Space 🔧	2026-09-23T08:01:42.0473492Z Removing libfcgi0ldbl:amd64 (2.4.2-2ubuntu0.1) ...
higress-wasmplugin-test (GO)	Free Up GitHub Actions Ubuntu Runner Disk Space 🔧	2026-09-23T08:01:42.0597516Z Removing libxfont2:amd64 (1:2.0.5-1ubuntu0.2) ...
higress-wasmplugin-test (GO)	Free Up GitHub Actions Ubuntu Runner Disk Space 🔧	2026-09-23T08:01:42.0716622Z Removing libfontenc1:amd64 (1:1.1.4-1build3) ...
higress-wasmplugin-test (GO)	Free Up GitHub Actions Ubuntu Runner Disk Space 🔧	2026-09-23T08:01:42.0836801Z Removing libobjc-11-dev:amd64 (11.4.0-1ubuntu1~22.04.3) ...
higress-wasmplugin-test (GO)	Free Up GitHub Actions Ubuntu Runner Disk Space 🔧	2026-09-23T08:01:42.0978422Z Removing libobjc4:amd64 (12.3.0-1ubuntu1~22.04.3) ...
higress-wasmplugin-test (GO)	Free Up GitHub Actions Ubuntu Runner Disk Space 🔧	2026-09-23T08:01:42.1380649Z Removing libgc1:amd64 (1:8.0.6-1.1build1) ...
higress-wasmplugin-test (GO)	Free Up GitHub Actions Ubuntu Runner Disk Space 🔧	2026-09-23T08:01:42.1507832Z Removing libglapi-mesa:amd64 (23.2.1-1ubuntu3.1~22.04.4) ...
higress-wasmplugin-test (GO)	Free Up GitHub Actions Ubuntu Runner Disk Space 🔧	2026-09-23T08:01:42.1637078Z Removing libglvnd0:amd64 (1.4.0-1) ...
higress-wasmplugin-test (GO)	Free Up GitHub Actions Ubuntu Runner Disk Space 🔧	2026-09-23T08:01:42.1757576Z Removing libhtml-parser-perl:amd64 (3.76-1ubuntu0.1) ...
higress-wasmplugin-test (GO)	Free Up GitHub Actions Ubuntu Runner Disk Space 🔧	2026-09-23T08:01:42.1912105Z Removing libhtml-tagset-perl (3.20-4) ...
higress-wasmplugin-test (GO)	Free Up GitHub Actions Ubuntu Runner Disk Space 🔧	2026-09-23T08:01:42.2025225Z Removing libhttp-date-perl (6.05-1ubuntu0.1) ...
higress-wasmplugin-test (GO)	Free Up GitHub Actions Ubuntu Runner Disk Space 🔧	2026-09-23T08:01:42.2139213Z Removing libhunspell-1.7-0:amd64 (1.7.0-4build1) ...
higress-wasmplugin-test (GO)	Free Up GitHub Actions Ubuntu Runner Disk Space 🔧	2026-09-23T08:01:42.2498180Z Removing libintl-xs-perl (1.26-3build2) ...
higress-wasmplugin-test (GO)	Free Up GitHub Actions Ubuntu Runner Disk Space 🔧	2026-09-23T08:01:42.2617312Z Removing needrestart (3.5-5ubuntu2.5) ...
higress-wasmplugin-test (GO)	Free Up GitHub Actions Ubuntu Runner Disk Space 🔧	2026-09-23T08:01:42.3210516Z Removing libintl-perl (1.26-3build2) ...
higress-wasmplugin-test (GO)	Free Up GitHub Actions Ubuntu Runner Disk Space 🔧	2026-09-23T08:01:42.3644662Z Removing libio-html-perl (1.004-2) ...
higress-wasmplugin-test (GO)	Free Up GitHub Actions Ubuntu Runner Disk Space 🔧	2026-09-23T08:01:42.3761655Z Removing open-iscsi (2.1.5-1ubuntu1.1) ...
higress-wasmplugin-test (GO)	Free Up GitHub Actions Ubuntu Runner Disk Space 🔧	2026-09-23T08:01:42.5182816Z Warning: Stopping iscsid.service, but it can still be activated by:
higress-wasmplugin-test (GO)	Free Up GitHub Actions Ubuntu Runner Disk Space 🔧	2026-09-23T08:01:42.5183283Z   iscsid.socket
higress-wasmplugin-test (GO)	Free Up GitHub Actions Ubuntu Runner Disk Space 🔧	2026-09-23T08:01:44.1589327Z Removing libisns0:amd64 (0.101-0ubuntu2) ...
higress-wasmplugin-test (GO)	Free Up GitHub Actions Ubuntu Runner Disk Space 🔧	2026-09-23T08:01:44.1717426Z Removing libjs-xmlextras (20060529-2) ...
higress-wasmplugin-test (GO)	Free Up GitHub Actions Ubuntu Runner Disk Space 🔧	2026-09-23T08:01:44.1862242Z Removing liblldb-13 (1:13.0.1-2ubuntu2.2) ...
higress-wasmplugin-test (GO)	Free Up GitHub Actions Ubuntu Runner Disk Space 🔧	2026-09-23T08:01:44.1987608Z Removing python3-lldb-14 (1:14.0.0-1ubuntu1.1) ...
higress-wasmplugin-test (GO)	Free Up GitHub Actions Ubuntu Runner Disk Space 🔧	2026-09-23T08:01:44.2134423Z Removing liblldb-14 (1:14.0.0-1ubuntu1.1) ...
higress-wasmplugin-test (GO)	Free Up GitHub Actions Ubuntu Runner Disk Space 🔧	2026-09-23T08:01:44.2346071Z Removing liblldb-15 (1:15.0.7-0ubuntu0.22.04.3) ...
higress-wasmplugin-test (GO)	Free Up GitHub Actions Ubuntu Runner Disk Space 🔧	2026-09-23T08:01:44.2910800Z Removing liblwp-mediatypes-perl (6.04-1) ...
higress-wasmplugin-test (GO)	Free Up GitHub Actions Ubuntu Runner Disk Space 🔧	2026-09-23T08:01:44.3030511Z Removing mecab-ipadic-utf8 (2.7.0-20070801+main-3) ...
higress-wasmplugin-test (GO)	Free Up GitHub Actions Ubuntu Runner Disk Space 🔧	2026-09-23T08:01:44.3092934Z update-alternatives: using /var/lib/mecab/dic/ipadic to provide /var/lib/mecab/dic/debian (mecab-dictionary) in auto mode
higress-wasmplugin-test (GO)	Free Up GitHub Actions Ubuntu Runner Disk Space 🔧	2026-09-23T08:01:44.3315313Z Removing mecab-ipadic (2.7.0-20070801+main-3) ...
higress-wasmplugin-test (GO)	Free Up GitHub Actions Ubuntu Runner Disk Space 🔧	2026-09-23T08:01:44.3624453Z Removing mecab-utils (0.996-14build9) ...
higress-wasmplugin-test (GO)	Free Up GitHub Actions Ubuntu Runner Disk Space 🔧	2026-09-23T08:01:44.3749251Z Removing libmecab2:amd64 (0.996-14build9) ...
higress-wasmplugin-test (GO)	Free Up GitHub Actions Ubuntu Runner Disk Space 🔧	2026-09-23T08:01:44.3868171Z Removing libmemcached11:amd64 (1.0.18-4.2ubuntu4) ...
higress-wasmplugin-test (GO)	Free Up GitHub Actions Ubuntu Runner Disk Space 🔧	2026-09-23T08:01:44.3998432Z Removing libmodule-find-perl (0.15-1) ...
higress-wasmplugin-test (GO)	Free Up GitHub Actions Ubuntu Runner Disk Space 🔧	2026-09-23T08:01:44.4120882Z Removing libmodule-scandeps-perl (1.31-1ubuntu0.1) ...
higress-wasmplugin-test (GO)	Free Up GitHub Actions Ubuntu Runner Disk Space 🔧	2026-09-23T08:01:44.4246840Z Removing libmono-2.0-1 (6.12.0.200-0xamarin2+ubuntu2004b1) ...
higress-wasmplugin-test (GO)	Free Up GitHub Actions Ubuntu Runner Disk Space 🔧	2026-09-23T08:01:44.4371503Z Removing libmono-2.0-dev (6.12.0.200-0xamarin2+ubuntu2004b1) ...
higress-wasmplugin-test (GO)	Free Up GitHub Actions Ubuntu Runner Disk Space 🔧	2026-09-23T08:01:44.4539120Z Removing libmono-cil-dev (6.12.0.200-0xamarin2+ubuntu2004b1) ...
higress-wasmplugin-test (GO)	Free Up GitHub Actions Ubuntu Runner Disk Space 🔧	2026-09-23T08:01:44.4666590Z Removing libmono-cairo4.0-cil (6.12.0.200-0xamarin2+ubuntu2004b1) ...
higress-wasmplugin-test (GO)	Free Up GitHub Actions Ubuntu Runner Disk Space 🔧	2026-09-23T08:01:44.4791383Z Removing libmono-codecontracts4.0-cil (6.12.0.200-0xamarin2+ubuntu2004b1) ...
higress-wasmplugin-test (GO)	Free Up GitHub Actions Ubuntu Runner Disk Space 🔧	2026-09-23T08:01:44.4912423Z Removing monodoc-base (6.12.0.200-0xamarin2+ubuntu2004b1) ...
higress-wasmplugin-test (GO)	Free Up GitHub Actions Ubuntu Runner Disk Space 🔧	2026-09-23T08:01:44.5305642Z Removing libmono-compilerservices-symbolwriter4.0-cil (6.12.0.200-0xamarin2+ubuntu2004b1) ...
higress-wasmplugin-test (GO)	Free Up GitHub Actions Ubuntu Runner Disk Space 🔧	2026-09-23T08:01:44.5432399Z Removing libmono-cscompmgd0.0-cil (6.12.0.200-0xamarin2+ubuntu2004b1) ...
higress-wasmplugin-test (GO)	Free Up GitHub Actions Ubuntu Runner Disk Space 🔧	2026-09-23T08:01:44.5551995Z Removing mono-csharp-shell (6.12.0.200-0xamarin2+ubuntu2004b1) ...
higress-wasmplugin-test (GO)	Free Up GitHub Actions Ubuntu Runner Disk Space 🔧	2026-09-23T08:01:44.5667205Z Removing libmono-csharp4.0c-cil (6.12.0.200-0xamarin2+ubuntu2004b1) ...
higress-wasmplugin-test (GO)	Free Up GitHub Actions Ubuntu Runner Disk Space 🔧	2026-09-23T08:01:44.5802593Z Removing libmono-custommarshalers4.0-cil (6.12.0.200-0xamarin2+ubuntu2004b1) ...
higress-wasmplugin-test (GO)	Free Up GitHub Actions Ubuntu Runner Disk Space 🔧	2026-09-23T08:01:44.5939716Z Removing libmono-data-tds4.0-cil (6.12.0.200-0xamarin2+ubuntu2004b1) ...
higress-wasmplugin-test (GO)	Free Up GitHub Actions Ubuntu Runner Disk Space 🔧	2026-09-23T08:01:44.6066810Z Removing libmono-db2-1.0-cil (6.12.0.200-0xamarin2+ubuntu2004b1) ...
higress-wasmplugin-test (GO)	Free Up GitHub Actions Ubuntu Runner Disk Space 🔧	2026-09-23T08:01:44.6187698Z Removing libmono-debugger-soft4.0a-cil (6.12.0.200-0xamarin2+ubuntu2004b1) ...
higress-wasmplugin-test (GO)	Free Up GitHub Actions Ubuntu Runner Disk Space 🔧	2026-09-23T08:01:44.6303509Z Removing libmono-http4.0-cil (6.12.0.200-0xamarin2+ubuntu2004b1) ...
higress-wasmplugin-test (GO)	Free Up GitHub Actions Ubuntu Runner Disk Space 🔧	2026-09-23T08:01:44.6427587Z Removing libmono-management4.0-cil (6.12.0.200-0xamarin2+ubuntu2004b1) ...
higress-wasmplugin-test (GO)	Free Up GitHub Actions Ubuntu Runner Disk Space 🔧	2026-09-23T08:01:44.6550179Z Removing libmono-messaging-rabbitmq4.0-cil (6.12.0.200-0xamarin2+ubuntu2004b1) ...
higress-wasmplugin-test (GO)	Free Up GitHub Actions Ubuntu Runner Disk Space 🔧	2026-09-23T08:01:44.6669635Z Removing referenceassemblies-pcl (2014.04.14-1xamarin7+ubuntu2004b1) ...
higress-wasmplugin-test (GO)	Free Up GitHub Actions Ubuntu Runner Disk Space 🔧	2026-09-23T08:01:44.7678198Z Removing mono-xbuild (6.12.0.200-0xamarin2+ubuntu2004b1) ...
higress-wasmplugin-test (GO)	Free Up GitHub Actions Ubuntu Runner Disk Space 🔧	2026-09-23T08:01:44.8066783Z Removing libmono-microsoft-build-tasks-v4.0-4.0-cil (6.12.0.200-0xamarin2+ubuntu2004b1) ...
higress-wasmplugin-test (GO)	Free Up GitHub Actions Ubuntu Runner Disk Space 🔧	2026-09-23T08:01:44.8186513Z Removing libmono-microsoft-build-engine4.0-cil (6.12.0.200-0xamarin2+ubuntu2004b1) ...
higress-wasmplugin-test (GO)	Free Up GitHub Actions Ubuntu Runner Disk Space 🔧	2026-09-23T08:01:44.8305263Z Removing libmono-microsoft-build4.0-cil (6.12.0.200-0xamarin2+ubuntu2004b1) ...
higress-wasmplugin-test (GO)	Free Up GitHub Actions Ubuntu Runner Disk Space 🔧	2026-09-23T08:01:44.8426486Z Removing libmono-microsoft-visualc10.0-cil (6.12.0.200-0xamarin2+ubuntu2004b1) ...
higress-wasmplugin-test (GO)	Free Up GitHub Actions Ubuntu Runner Disk Space 🔧	2026-09-23T08:01:44.8542826Z Removing libmono-system-web-http-webhost4.0-cil (6.12.0.200-0xamarin2+ubuntu2004b1) ...
higress-wasmplugin-test (GO)	Free Up GitHub Actions Ubuntu Runner Disk Space 🔧	2026-09-23T08:01:44.8662475Z Removing libmono-system-web-mvc3.0-cil (6.12.0.200-0xamarin2+ubuntu2004b1) ...
higress-wasmplugin-test (GO)	Free Up GitHub Actions Ubuntu Runner Disk Space 🔧	2026-09-23T08:01:44.8879602Z Removing msbuild (1:16.10.1+xamarinxplat.2021.05.26.14.00-0xamarin2+ubuntu2004b1) ...
higress-wasmplugin-test (GO)	Free Up GitHub Actions Ubuntu Runner Disk Space 🔧	2026-09-23T08:01:44.9663483Z Removing libmono-oracle4.0-cil (6.12.0.200-0xamarin2+ubuntu2004b1) ...
higress-wasmplugin-test (GO)	Free Up GitHub Actions Ubuntu Runner Disk Space 🔧	2026-09-23T08:01:44.9790456Z Removing libmono-parallel4.0-cil (6.12.0.200-0xamarin2+ubuntu2004b1) ...
higress-wasmplugin-test (GO)	Free Up GitHub Actions Ubuntu Runner Disk Space 🔧	2026-09-23T08:01:44.9916225Z Removing libmono-peapi4.0a-cil (6.12.0.200-0xamarin2+ubuntu2004b1) ...
higress-wasmplugin-test (GO)	Free Up GitHub Actions Ubuntu Runner Disk Space 🔧	2026-09-23T08:01:45.0033319Z Removing libmono-profiler (6.12.0.200-0xamarin2+ubuntu2004b1) ...
higress-wasmplugin-test (GO)	Free Up GitHub Actions Ubuntu Runner Disk Space 🔧	2026-09-23T08:01:45.0387439Z Removing libmono-rabbitmq4.0-cil (6.12.0.200-0xamarin2+ubuntu2004b1) ...
higress-wasmplugin-test (GO)	Free Up GitHub Actions Ubuntu Runner Disk Space 🔧	2026-09-23T08:01:45.0511385Z Removing libmono-relaxng4.0-cil (6.12.0.200-0xamarin2+ubuntu2004b1) ...
higress-wasmplugin-test (GO)	Free Up GitHub Actions Ubuntu Runner Disk Space 🔧	2026-09-23T08:01:45.0636015Z Removing libmono-sharpzip4.84-cil (6.12.0.200-0xamarin2+ubuntu2004b1) ...
higress-wasmplugin-test (GO)	Free Up GitHub Actions Ubuntu Runner Disk Space 🔧	2026-09-23T08:01:45.0760391Z Removing libmono-simd4.0-cil (6.12.0.200-0xamarin2+ubuntu2004b1) ...
higress-wasmplugin-test (GO)	Free Up GitHub Actions Ubuntu Runner Disk Space 🔧	2026-09-23T08:01:45.0879686Z Removing libmono-smdiagnostics0.0-cil (6.12.0.200-0xamarin2+ubuntu2004b1) ...
higress-wasmplugin-test (GO)	Free Up GitHub Actions Ubuntu Runner Disk Space 🔧	2026-09-23T08:01:45.1000146Z Removing libmono-system-data-datasetextensions4.0-cil (6.12.0.200-0xamarin2+ubuntu2004b1) ...
higress-wasmplugin-test (GO)	Free Up GitHub Actions Ubuntu Runner Disk Space 🔧	2026-09-23T08:01:45.1138430Z Removing libmono-system-data-entity4.0-cil (6.12.0.200-0xamarin2+ubuntu2004b1) ...
higress-wasmplugin-test (GO)	Free Up GitHub Actions Ubuntu Runner Disk Space 🔧	2026-09-23T08:01:45.1268658Z Removing libmono-system-web-dynamicdata4.0-cil (6.12.0.200-0xamarin2+ubuntu2004b1) ...
higress-wasmplugin-test (GO)	Free Up GitHub Actions Ubuntu Runner Disk Space 🔧	2026-09-23T08:01:45.1391986Z Removing libmono-system-web-http-selfhost4.0-cil (6.12.0.200-0xamarin2+ubuntu2004b1) ...
higress-wasmplugin-test (GO)	Free Up GitHub Actions Ubuntu Runner Disk Space 🔧	2026-09-23T08:01:45.1517518Z Removing libmono-system-web-http4.0-cil (6.12.0.200-0xamarin2+ubuntu2004b1) ...
higress-wasmplugin-test (GO)	Free Up GitHub Actions Ubuntu Runner Disk Space 🔧	2026-09-23T08:01:45.1655603Z Removing libmono-system-data-services4.0-cil (6.12.0.200-0xamarin2+ubuntu2004b1) ...
higress-wasmplugin-test (GO)	Free Up GitHub Actions Ubuntu Runner Disk Space 🔧	2026-09-23T08:01:45.2005211Z Removing libmono-system-deployment4.0-cil (6.12.0.200-0xamarin2+ubuntu2004b1) ...
higress-wasmplugin-test (GO)	Free Up GitHub Actions Ubuntu Runner Disk Space 🔧	2026-09-23T08:01:45.2125484Z Removing libmono-system-drawing-design4.0-cil (6.12.0.200-0xamarin2+ubuntu2004b1) ...
higress-wasmplugin-test (GO)	Free Up GitHub Actions Ubuntu Runner Disk Space 🔧	2026-09-23T08:01:45.2244379Z Removing libmono-system-dynamic4.0-cil (6.12.0.200-0xamarin2+ubuntu2004b1) ...
higress-wasmplugin-test (GO)	Free Up GitHub Actions Ubuntu Runner Disk Space 🔧	2026-09-23T08:01:45.2371317Z Removing libmono-system-io-compression-filesystem4.0-cil (6.12.0.200-0xamarin2+ubuntu2004b1) ...
higress-wasmplugin-test (GO)	Free Up GitHub Actions Ubuntu Runner Disk Space 🔧	2026-09-23T08:01:45.2489032Z Removing libmono-system-json-microsoft4.0-cil (6.12.0.200-0xamarin2+ubuntu2004b1) ...
higress-wasmplugin-test (GO)	Free Up GitHub Actions Ubuntu Runner Disk Space 🔧	2026-09-23T08:01:45.2607610Z Removing libmono-system-json4.0-cil (6.12.0.200-0xamarin2+ubuntu2004b1) ...
higress-wasmplugin-test (GO)	Free Up GitHub Actions Ubuntu Runner Disk Space 🔧	2026-09-23T08:01:45.2726246Z Removing libmono-system-ldap-protocols4.0-cil (6.12.0.200-0xamarin2+ubuntu2004b1) ...
higress-wasmplugin-test (GO)	Free Up GitHub Actions Ubuntu Runner Disk Space 🔧	2026-09-23T08:01:45.2854992Z Removing libmono-system-management4.0-cil (6.12.0.200-0xamarin2+ubuntu2004b1) ...
higress-wasmplugin-test (GO)	Free Up GitHub Actions Ubuntu Runner Disk Space 🔧	2026-09-23T08:01:45.2978111Z Removing libmono-system-net-http-formatting4.0-cil (6.12.0.200-0xamarin2+ubuntu2004b1) ...
higress-wasmplugin-test (GO)	Free Up GitHub Actions Ubuntu Runner Disk Space 🔧	2026-09-23T08:01:45.3099399Z Removing libmono-system-net-http-webrequest4.0-cil (6.12.0.200-0xamarin2+ubuntu2004b1) ...
higress-wasmplugin-test (GO)	Free Up GitHub Actions Ubuntu Runner Disk Space 🔧	2026-09-23T08:01:45.3220220Z Removing libmono-system-net4.0-cil (6.12.0.200-0xamarin2+ubuntu2004b1) ...
higress-wasmplugin-test (GO)	Free Up GitHub Actions Ubuntu Runner Disk Space 🔧	2026-09-23T08:01:45.3343209Z Removing libmono-system-numerics-vectors4.0-cil (6.12.0.200-0xamarin2+ubuntu2004b1) ...
higress-wasmplugin-test (GO)	Free Up GitHub Actions Ubuntu Runner Disk Space 🔧	2026-09-23T08:01:45.3463766Z Removing libmono-system-reactive-experimental2.2-cil (6.12.0.200-0xamarin2+ubuntu2004b1) ...
higress-wasmplugin-test (GO)	Free Up GitHub Actions Ubuntu Runner Disk Space 🔧	2026-09-23T08:01:45.3582585Z Removing libmono-system-reactive-windows-threading2.2-cil (6.12.0.200-0xamarin2+ubuntu2004b1) ...
higress-wasmplugin-test (GO)	Free Up GitHub Actions Ubuntu Runner Disk Space 🔧	2026-09-23T08:01:45.3707919Z Removing libmono-system-reactive-debugger2.2-cil (6.12.0.200-0xamarin2+ubuntu2004b1) ...
higress-wasmplugin-test (GO)	Free Up GitHub Actions Ubuntu Runner Disk Space 🔧	2026-09-23T08:01:45.3838247Z Removing libmono-system-reactive-windows-forms2.2-cil (6.12.0.200-0xamarin2+ubuntu2004b1) ...
higress-wasmplugin-test (GO)	Free Up GitHub Actions Ubuntu Runner Disk Space 🔧	2026-09-23T08:01:45.3972228Z Removing libmono-system-reactive-observable-aliases0.0-cil (6.12.0.200-0xamarin2+ubuntu2004b1) ...
higress-wasmplugin-test (GO)	Free Up GitHub Actions Ubuntu Runner Disk Space 🔧	2026-09-23T08:01:45.4096779Z Removing libmono-system-reactive-providers2.2-cil (6.12.0.200-0xamarin2+ubuntu2004b1) ...
higress-wasmplugin-test (GO)	Free Up GitHub Actions Ubuntu Runner Disk Space 🔧	2026-09-23T08:01:45.4223303Z Removing libmono-system-reactive-platformservices2.2-cil (6.12.0.200-0xamarin2+ubuntu2004b1) ...
higress-wasmplugin-test (GO)	Free Up GitHub Actions Ubuntu Runner Disk Space 🔧	2026-09-23T08:01:45.4354608Z Removing libmono-system-reactive-linq2.2-cil (6.12.0.200-0xamarin2+ubuntu2004b1) ...
higress-wasmplugin-test (GO)	Free Up GitHub Actions Ubuntu Runner Disk Space 🔧	2026-09-23T08:01:45.4483763Z Removing libmono-system-reactive-runtime-remoting2.2-cil (6.12.0.200-0xamarin2+ubuntu2004b1) ...
higress-wasmplugin-test (GO)	Free Up GitHub Actions Ubuntu Runner Disk Space 🔧	2026-09-23T08:01:45.4609686Z Removing libmono-system-reflection-context4.0-cil (6.12.0.200-0xamarin2+ubuntu2004b1) ...
higress-wasmplugin-test (GO)	Free Up GitHub Actions Ubuntu Runner Disk Space 🔧	2026-09-23T08:01:45.4734653Z Removing libmono-system-runtime-caching4.0-cil (6.12.0.200-0xamarin2+ubuntu2004b1) ...
higress-wasmplugin-test (GO)	Free Up GitHub Actions Ubuntu Runner Disk Space 🔧	2026-09-23T08:01:45.4861511Z Removing libmono-system-runtime-durableinstancing4.0-cil (6.12.0.200-0xamarin2+ubuntu2004b1) ...
higress-wasmplugin-test (GO)	Free Up GitHub Actions Ubuntu Runner Disk Space 🔧	2026-09-23T08:01:45.4989703Z Removing libmono-system-runtime4.0-cil (6.12.0.200-0xamarin2+ubuntu2004b1) ...
higress-wasmplugin-test (GO)	Free Up GitHub Actions Ubuntu Runner Disk Space 🔧	2026-09-23T08:01:45.5113655Z Removing libmono-system-servicemodel-discovery4.0-cil (6.12.0.200-0xamarin2+ubuntu2004b1) ...
higress-wasmplugin-test (GO)	Free Up GitHub Actions Ubuntu Runner Disk Space 🔧	2026-09-23T08:01:45.5234472Z Removing libmono-system-servicemodel-routing4.0-cil (6.12.0.200-0xamarin2+ubuntu2004b1) ...
higress-wasmplugin-test (GO)	Free Up GitHub Actions Ubuntu Runner Disk Space 🔧	2026-09-23T08:01:45.5356600Z Removing libmono-system-servicemodel-web4.0-cil (6.12.0.200-0xamarin2+ubuntu2004b1) ...
higress-wasmplugin-test (GO)	Free Up GitHub Actions Ubuntu Runner Disk Space 🔧	2026-09-23T08:01:45.5477825Z Removing mono-4.0-service (6.12.0.200-0xamarin2+ubuntu2004b1) ...
higress-wasmplugin-test (GO)	Free Up GitHub Actions Ubuntu Runner Disk Space 🔧	2026-09-23T08:01:45.5599817Z Removing libmono-system-serviceprocess4.0-cil (6.12.0.200-0xamarin2+ubuntu2004b1) ...
higress-wasmplugin-test (GO)	Free Up GitHub Actions Ubuntu Runner Disk Space 🔧	2026-09-23T08:01:45.5722006Z Removing libmono-system-threading-tasks-dataflow4.0-cil (6.12.0.200-0xamarin2+ubuntu2004b1) ...
higress-wasmplugin-test (GO)	Free Up GitHub Actions Ubuntu Runner Disk Space 🔧	2026-09-23T08:01:45.5853041Z Removing libmono-system-web-abstractions4.0-cil (6.12.0.200-0xamarin2+ubuntu2004b1) ...
higress-wasmplugin-test (GO)	Free Up GitHub Actions Ubuntu Runner Disk Space 🔧	2026-09-23T08:01:45.5973111Z Removing libmono-system-web-extensions-design4.0-cil (6.12.0.200-0xamarin2+ubuntu2004b1) ...
higress-wasmplugin-test (GO)	Free Up GitHub Actions Ubuntu Runner Disk Space 🔧	2026-09-23T08:01:45.6094637Z Removing libmono-system-web-extensions4.0-cil (6.12.0.200-0xamarin2+ubuntu2004b1) ...
higress-wasmplugin-test (GO)	Free Up GitHub Actions Ubuntu Runner Disk Space 🔧	2026-09-23T08:01:45.6213470Z Removing libmono-system-web-mobile4.0-cil (6.12.0.200-0xamarin2+ubuntu2004b1) ...
higress-wasmplugin-test (GO)	Free Up GitHub Actions Ubuntu Runner Disk Space 🔧	2026-09-23T08:01:45.6341141Z Removing libmono-system-web-webpages-razor2.0-cil (6.12.0.200-0xamarin2+ubuntu2004b1) ...
higress-wasmplugin-test (GO)	Free Up GitHub Actions Ubuntu Runner Disk Space 🔧	2026-09-23T08:01:45.6718334Z Removing libmono-system-web-regularexpressions4.0-cil (6.12.0.200-0xamarin2+ubuntu2004b1) ...
higress-wasmplugin-test (GO)	Free Up GitHub Actions Ubuntu Runner Disk Space 🔧	2026-09-23T08:01:45.6849174Z Removing libmono-system-web-routing4.0-cil (6.12.0.200-0xamarin2+ubuntu2004b1) ...
higress-wasmplugin-test (GO)	Free Up GitHub Actions Ubuntu Runner Disk Space 🔧	2026-09-23T08:01:45.6983108Z Removing libmono-system-windows-forms-datavisualization4.0a-cil (6.12.0.200-0xamarin2+ubuntu2004b1) ...
higress-wasmplugin-test (GO)	Free Up GitHub Actions Ubuntu Runner Disk Space 🔧	2026-09-23T08:01:45.7103997Z Removing libmono-system-windows4.0-cil (6.12.0.200-0xamarin2+ubuntu2004b1) ...
higress-wasmplugin-test (GO)	Free Up GitHub Actions Ubuntu Runner Disk Space 🔧	2026-09-23T08:01:45.7221441Z Removing libmono-system-workflow-activities4.0-cil (6.12.0.200-0xamarin2+ubuntu2004b1) ...
higress-wasmplugin-test (GO)	Free Up GitHub Actions Ubuntu Runner Disk Space 🔧	2026-09-23T08:01:45.7343809Z Removing libmono-system-workflow-componentmodel4.0-cil (6.12.0.200-0xamarin2+ubuntu2004b1) ...
higress-wasmplugin-test (GO)	Free Up GitHub Actions Ubuntu Runner Disk Space 🔧	2026-09-23T08:01:45.7470463Z Removing libmono-system-workflow-runtime4.0-cil (6.12.0.200-0xamarin2+ubuntu2004b1) ...
higress-wasmplugin-test (GO)	Free Up GitHub Actions Ubuntu Runner Disk Space 🔧	2026-09-23T08:01:45.7590819Z Removing libmono-system-xml-serialization4.0-cil (6.12.0.200-0xamarin2+ubuntu2004b1) ...
higress-wasmplugin-test (GO)	Free Up GitHub Actions Ubuntu Runner Disk Space 🔧	2026-09-23T08:01:45.7711460Z Removing libmono-tasklets4.0-cil (6.12.0.200-0xamarin2+ubuntu2004b1) ...
higress-wasmplugin-test (GO)	Free Up GitHub Actions Ubuntu Runner Disk Space 🔧	2026-09-23T08:01:45.7833407Z Removing libmono-webmatrix-data4.0-cil (6.12.0.200-0xamarin2+ubuntu2004b1) ...
higress-wasmplugin-test (GO)	Free Up GitHub Actions Ubuntu Runner Disk Space 🔧	2026-09-23T08:01:45.7962234Z Removing libmono-xbuild-tasks4.0-cil (6.12.0.200-0xamarin2+ubuntu2004b1) ...
higress-wasmplugin-test (GO)	Free Up GitHub Actions Ubuntu Runner Disk Space 🔧	2026-09-23T08:01:45.8091157Z Removing mono-utils (6.12.0.200-0xamarin2+ubuntu2004b1) ...
higress-wasmplugin-test (GO)	Free Up GitHub Actions Ubuntu Runner Disk Space 🔧	2026-09-23T08:01:45.8366031Z Removing libmonoboehm-2.0-1 (6.12.0.200-0xamarin2+ubuntu2004b1) ...
higress-wasmplugin-test (GO)	Free Up GitHub Actions Ubuntu Runner Disk Space 🔧	2026-09-23T08:01:45.8584156Z Removing libmonosgen-2.0-dev (6.12.0.200-0xamarin2+ubuntu2004b1) ...
higress-wasmplugin-test (GO)	Free Up GitHub Actions Ubuntu Runner Disk Space 🔧	2026-09-23T08:01:45.8705148Z Removing libmonosgen-2.0-1 (6.12.0.200-0xamarin2+ubuntu2004b1) ...
higress-wasmplugin-test (GO)	Free Up GitHub Actions Ubuntu Runner Disk Space 🔧	2026-09-23T08:01:45.8833907Z Removing open-vm-tools (2:12.3.5-3~ubuntu0.22.04.3) ...
higress-wasmplugin-test (GO)	Free Up GitHub Actions Ubuntu Runner Disk Space 🔧	2026-09-23T08:01:47.0191281Z Removing libmspack0:amd64 (0.10.1-2build2) ...
higress-wasmplugin-test (GO)	Free Up GitHub Actions Ubuntu Runner Disk Space 🔧	2026-09-23T08:01:47.0317189Z Removing libzmq5:amd64 (4.3.4-2) ...
higress-wasmplugin-test (GO)	Free Up GitHub Actions Ubuntu Runner Disk Space 🔧	2026-09-23T08:01:47.0467941Z Removing libnorm1:amd64 (1.5.9+dfsg-2) ...
higress-wasmplugin-test (GO)	Free Up GitHub Actions Ubuntu Runner Disk Space 🔧	2026-09-23T08:01:47.0633773Z Removing libvorbisfile3:amd64 (1.3.7-1build2) ...
higress-wasmplugin-test (GO)	Free Up GitHub Actions Ubuntu Runner Disk Space 🔧	2026-09-23T08:01:47.0812970Z Removing libvorbis0a:amd64 (1.3.7-1build2) ...
higress-wasmplugin-test (GO)	Free Up GitHub Actions Ubuntu Runner Disk Space 🔧	2026-09-23T08:01:47.0980575Z Removing libogg0:amd64 (1.3.5-0ubuntu3) ...
higress-wasmplugin-test (GO)	Free Up GitHub Actions Ubuntu Runner Disk Space 🔧	2026-09-23T08:01:47.1108215Z Removing libopeniscsiusr (2.1.5-1ubuntu1.1) ...
higress-wasmplugin-test (GO)	Free Up GitHub Actions Ubuntu Runner Disk Space 🔧	2026-09-23T08:01:47.1271034Z Removing libpciaccess0:amd64 (0.16-3) ...
higress-wasmplugin-test (GO)	Free Up GitHub Actions Ubuntu Runner Disk Space 🔧	2026-09-23T08:01:47.1393446Z Removing libpfm4:amd64 (4.11.1+git32-gd0b85fb-1ubuntu0.1) ...
higress-wasmplugin-test (GO)	Free Up GitHub Actions Ubuntu Runner Disk Space 🔧	2026-09-23T08:01:47.1516830Z Removing libpgm-5.3-0:amd64 (5.3.128~dfsg-2) ...
higress-wasmplugin-test (GO)	Free Up GitHub Actions Ubuntu Runner Disk Space 🔧	2026-09-23T08:01:47.1639844Z Removing libproc-processtable-perl:amd64 (0.634-1build1) ...
higress-wasmplugin-test (GO)	Free Up GitHub Actions Ubuntu Runner Disk Space 🔧	2026-09-23T08:01:47.1792806Z Removing libprotobuf-lite23:amd64 (3.12.4-1ubuntu7.22.04.6) ...
higress-wasmplugin-test (GO)	Free Up GitHub Actions Ubuntu Runner Disk Space 🔧	2026-09-23T08:01:47.1920084Z Removing libqdbm14 (1.8.78-11build3) ...
higress-wasmplugin-test (GO)	Free Up GitHub Actions Ubuntu Runner Disk Space 🔧	2026-09-23T08:01:47.2122628Z Removing librabbitmq4:amd64 (0.10.0-1ubuntu2.2) ...
higress-wasmplugin-test (GO)	Free Up GitHub Actions Ubuntu Runner Disk Space 🔧	2026-09-23T08:01:47.2243931Z Removing libre2-9:amd64 (20220201+dfsg-1) ...
higress-wasmplugin-test (GO)	Free Up GitHub Actions Ubuntu Runner Disk Space 🔧	2026-09-23T08:01:47.2366247Z Removing libsnappy1v5:amd64 (1.1.8-1build3) ...
higress-wasmplugin-test (GO)	Free Up GitHub Actions Ubuntu Runner Disk Space 🔧	2026-09-23T08:01:47.2490926Z Removing libsort-naturally-perl (1.03-2) ...
higress-wasmplugin-test (GO)	Free Up GitHub Actions Ubuntu Runner Disk Space 🔧	2026-09-23T08:01:47.2610151Z Removing libtdb1:amd64 (1.4.5-2build1) ...
higress-wasmplugin-test (GO)	Free Up GitHub Actions Ubuntu Runner Disk Space 🔧	2026-09-23T08:01:47.2770660Z Removing libterm-readkey-perl (2.38-1build4) ...
higress-wasmplugin-test (GO)	Free Up GitHub Actions Ubuntu Runner Disk Space 🔧	2026-09-23T08:01:47.2909068Z Removing libtidy5deb1:amd64 (2:5.6.0-11ubuntu0.22.04.1) ...
higress-wasmplugin-test (GO)	Free Up GitHub Actions Ubuntu Runner Disk Space 🔧	2026-09-23T08:01:47.3242699Z Removing libtimedate-perl (2.3300-2) ...
higress-wasmplugin-test (GO)	Free Up GitHub Actions Ubuntu Runner Disk Space 🔧	2026-09-23T08:01:47.3418943Z Removing libtinfo-dev:amd64 (6.3-2ubuntu0.3) ...
higress-wasmplugin-test (GO)	Free Up GitHub Actions Ubuntu Runner Disk Space 🔧	2026-09-23T08:01:47.3762195Z Removing libtommath1:amd64 (1.2.0-6ubuntu0.22.04.1) ...
higress-wasmplugin-test (GO)	Free Up GitHub Actions Ubuntu Runner Disk Space 🔧	2026-09-23T08:01:47.3888040Z Removing liburi-perl (5.10-1) ...
higress-wasmplugin-test (GO)	Free Up GitHub Actions Ubuntu Runner Disk Space 🔧	2026-09-23T08:01:47.4060498Z Removing libx11-xcb1:amd64 (2:1.7.5-1ubuntu0.3) ...
higress-wasmplugin-test (GO)	Free Up GitHub Actions Ubuntu Runner Disk Space 🔧	2026-09-23T08:01:47.4180027Z Removing xserver-common (2:21.1.4-2ubuntu1.7~22.04.16) ...
higress-wasmplugin-test (GO)	Free Up GitHub Actions Ubuntu Runner Disk Space 🔧	2026-09-23T08:01:47.4314699Z Removing x11-xkb-utils (7.7+5build4) ...
higress-wasmplugin-test (GO)	Free Up GitHub Actions Ubuntu Runner Disk Space 🔧	2026-09-23T08:01:47.4445778Z Removing libxaw7:amd64 (2:1.0.14-1) ...
higress-wasmplugin-test (GO)	Free Up GitHub Actions Ubuntu Runner Disk Space 🔧	2026-09-23T08:01:47.4563227Z Removing libxcb-dri2-0:amd64 (1.14-3ubuntu3) ...
higress-wasmplugin-test (GO)	Free Up GitHub Actions Ubuntu Runner Disk Space 🔧	2026-09-23T08:01:47.4682420Z Removing libxcb-dri3-0:amd64 (1.14-3ubuntu3) ...
higress-wasmplugin-test (GO)	Free Up GitHub Actions Ubuntu Runner Disk Space 🔧	2026-09-23T08:01:47.4805295Z Removing libxcb-glx0:amd64 (1.14-3ubuntu3) ...
higress-wasmplugin-test (GO)	Free Up GitHub Actions Ubuntu Runner Disk Space 🔧	2026-09-23T08:01:47.4925071Z Removing libxcb-present0:amd64 (1.14-3ubuntu3) ...
higress-wasmplugin-test (GO)	Free Up GitHub Actions Ubuntu Runner Disk Space 🔧	2026-09-23T08:01:47.5040330Z Removing libxcb-sync1:amd64 (1.14-3ubuntu3) ...
higress-wasmplugin-test (GO)	Free Up GitHub Actions Ubuntu Runner Disk Space 🔧	2026-09-23T08:01:47.5222412Z Removing libxcb-xfixes0:amd64 (1.14-3ubuntu3) ...
higress-wasmplugin-test (GO)	Free Up GitHub Actions Ubuntu Runner Disk Space 🔧	2026-09-23T08:01:47.5403356Z Removing libxmlsec1-openssl:amd64 (1.2.33-1build2) ...
higress-wasmplugin-test (GO)	Free Up GitHub Actions Ubuntu Runner Disk Space 🔧	2026-09-23T08:01:47.5533359Z Removing libxmlsec1:amd64 (1.2.33-1build2) ...
higress-wasmplugin-test (GO)	Free Up GitHub Actions Ubuntu Runner Disk Space 🔧	2026-09-23T08:01:47.5697837Z Removing libxmu6:amd64 (2:1.1.3-3) ...
higress-wasmplugin-test (GO)	Free Up GitHub Actions Ubuntu Runner Disk Space 🔧	2026-09-23T08:01:47.5820094Z Removing libxshmfence1:amd64 (1.3-1build4) ...
higress-wasmplugin-test (GO)	Free Up GitHub Actions Ubuntu Runner Disk Space 🔧	2026-09-23T08:01:47.5944676Z Removing libxxf86vm1:amd64 (1:1.1.4-1build3) ...
higress-wasmplugin-test (GO)	Free Up GitHub Actions Ubuntu Runner Disk Space 🔧	2026-09-23T08:01:47.6063614Z Removing libz3-dev:amd64 (4.8.12-1) ...
higress-wasmplugin-test (GO)	Free Up GitHub Actions Ubuntu Runner Disk Space 🔧	2026-09-23T08:01:47.6195724Z Removing libz3-4:amd64 (4.8.12-1) ...
higress-wasmplugin-test (GO)	Free Up GitHub Actions Ubuntu Runner Disk Space 🔧	2026-09-23T08:01:47.6439137Z Removing libzip4:amd64 (1.7.3-1ubuntu2) ...
higress-wasmplugin-test (GO)	Free Up GitHub Actions Ubuntu Runner Disk Space 🔧	2026-09-23T08:01:47.6562852Z Removing lxd-agent-loader (0.5) ...
higress-wasmplugin-test (GO)	Free Up GitHub Actions Ubuntu Runner Disk Space 🔧	2026-09-23T08:01:48.2198637Z Removing mlock (8:2007f~dfsg-7build1) ...
higress-wasmplugin-test (GO)	Free Up GitHub Actions Ubuntu Runner Disk Space 🔧	2026-09-23T08:01:48.2327495Z Removing mono-mcs (6.12.0.200-0xamarin2+ubuntu2004b1) ...
higress-wasmplugin-test (GO)	Free Up GitHub Actions Ubuntu Runner Disk Space 🔧	2026-09-23T08:01:48.2660592Z Removing python3-apport (2.20.11-0ubuntu82.10) ...
higress-wasmplugin-test (GO)	Free Up GitHub Actions Ubuntu Runner Disk Space 🔧	2026-09-23T08:01:48.3528640Z Removing python3-twisted (22.1.0-2ubuntu2.7) ...
higress-wasmplugin-test (GO)	Free Up GitHub Actions Ubuntu Runner Disk Space 🔧	2026-09-23T08:01:48.7243064Z Removing python3-automat (20.2.0-1) ...
higress-wasmplugin-test (GO)	Free Up GitHub Actions Ubuntu Runner Disk Space 🔧	2026-09-23T08:01:48.8104286Z Removing python3-bcrypt (3.2.0-1build1) ...
higress-wasmplugin-test (GO)	Free Up GitHub Actions Ubuntu Runner Disk Space 🔧	2026-09-23T08:01:48.8933374Z Removing python3-click (8.0.3-1) ...
higress-wasmplugin-test (GO)	Free Up GitHub Actions Ubuntu Runner Disk Space 🔧	2026-09-23T08:01:48.9843639Z Removing python3-colorama (0.4.4-1) ...
higress-wasmplugin-test (GO)	Free Up GitHub Actions Ubuntu Runner Disk Space 🔧	2026-09-23T08:01:49.0767107Z Removing python3-constantly (15.1.0-2) ...
higress-wasmplugin-test (GO)	Free Up GitHub Actions Ubuntu Runner Disk Space 🔧	2026-09-23T08:01:49.1598452Z Removing python3-hamcrest (2.0.2-2) ...
higress-wasmplugin-test (GO)	Free Up GitHub Actions Ubuntu Runner Disk Space 🔧	2026-09-23T08:01:49.2632330Z Removing python3-hyperlink (21.0.0-3) ...
higress-wasmplugin-test (GO)	Free Up GitHub Actions Ubuntu Runner Disk Space 🔧	2026-09-23T08:01:49.3501258Z Removing python3-incremental (21.3.0-1) ...
higress-wasmplugin-test (GO)	Free Up GitHub Actions Ubuntu Runner Disk Space 🔧	2026-09-23T08:01:49.4395306Z Removing python3-problem-report (2.20.11-0ubuntu82.10) ...
higress-wasmplugin-test (GO)	Free Up GitHub Actions Ubuntu Runner Disk Space 🔧	2026-09-23T08:01:49.5435989Z Removing python3-service-identity (18.1.0-6) ...
higress-wasmplugin-test (GO)	Free Up GitHub Actions Ubuntu Runner Disk Space 🔧	2026-09-23T08:01:49.6317843Z Removing python3-pyasn1-modules (0.2.1-1) ...
higress-wasmplugin-test (GO)	Free Up GitHub Actions Ubuntu Runner Disk Space 🔧	2026-09-23T08:01:49.7198857Z Removing python3-pyasn1 (0.4.8-1ubuntu0.3) ...
higress-wasmplugin-test (GO)	Free Up GitHub Actions Ubuntu Runner Disk Space 🔧	2026-09-23T08:01:49.8366387Z Removing python3-systemd (234-3ubuntu2) ...
higress-wasmplugin-test (GO)	Free Up GitHub Actions Ubuntu Runner Disk Space 🔧	2026-09-23T08:01:49.9274983Z Removing python3-zope.interface (5.4.0-1build1) ...
higress-wasmplugin-test (GO)	Free Up GitHub Actions Ubuntu Runner Disk Space 🔧	2026-09-23T08:01:50.0250137Z Removing shtool (2.0.8-10) ...
higress-wasmplugin-test (GO)	Free Up GitHub Actions Ubuntu Runner Disk Space 🔧	2026-09-23T08:01:50.0425883Z Removing sound-theme-freedesktop (0.8-2ubuntu1) ...
higress-wasmplugin-test (GO)	Free Up GitHub Actions Ubuntu Runner Disk Space 🔧	2026-09-23T08:01:50.0604624Z Removing xul-ext-ubufox (3.4-0ubuntu1.17.10.1) ...
higress-wasmplugin-test (GO)	Free Up GitHub Actions Ubuntu Runner Disk Space 🔧	2026-09-23T08:01:50.1062648Z Removing zerofree (1.1.1-1build3) ...
higress-wasmplugin-test (GO)	Free Up GitHub Actions Ubuntu Runner Disk Space 🔧	2026-09-23T08:01:50.1188872Z Removing lib32gcc-s1 (12.3.0-1ubuntu1~22.04.3) ...
higress-wasmplugin-test (GO)	Free Up GitHub Actions Ubuntu Runner Disk Space 🔧	2026-09-23T08:01:50.1312828Z Removing libmono-cecil-private-cil (6.12.0.200-0xamarin2+ubuntu2004b1) ...
higress-wasmplugin-test (GO)	Free Up GitHub Actions Ubuntu Runner Disk Space 🔧	2026-09-23T08:01:50.1437853Z Removing libmono-system-web-webpages2.0-cil (6.12.0.200-0xamarin2+ubuntu2004b1) ...
higress-wasmplugin-test (GO)	Free Up GitHub Actions Ubuntu Runner Disk Space 🔧	2026-09-23T08:01:50.1574072Z Removing libmono-system-data-linq4.0-cil (6.12.0.200-0xamarin2+ubuntu2004b1) ...
higress-wasmplugin-test (GO)	Free Up GitHub Actions Ubuntu Runner Disk Space 🔧	2026-09-23T08:01:50.1699315Z Removing libmono-system-reactive-core2.2-cil (6.12.0.200-0xamarin2+ubuntu2004b1) ...
higress-wasmplugin-test (GO)	Free Up GitHub Actions Ubuntu Runner Disk Space 🔧	2026-09-23T08:01:50.1818481Z Removing libmono-system-reactive-interfaces2.2-cil (6.12.0.200-0xamarin2+ubuntu2004b1) ...
higress-wasmplugin-test (GO)	Free Up GitHub Actions Ubuntu Runner Disk Space 🔧	2026-09-23T08:01:50.1934404Z Removing libmono-system-web-razor2.0-cil (6.12.0.200-0xamarin2+ubuntu2004b1) ...
higress-wasmplugin-test (GO)	Free Up GitHub Actions Ubuntu Runner Disk Space 🔧	2026-09-23T08:01:50.2050408Z Removing libmono-system-web-webpages-deployment2.0-cil (6.12.0.200-0xamarin2+ubuntu2004b1) ...
higress-wasmplugin-test (GO)	Free Up GitHub Actions Ubuntu Runner Disk Space 🔧	2026-09-23T08:01:50.2179384Z Removing libmono-microsoft-web-infrastructure1.0-cil (6.12.0.200-0xamarin2+ubuntu2004b1) ...
higress-wasmplugin-test (GO)	Free Up GitHub Actions Ubuntu Runner Disk Space 🔧	2026-09-23T08:01:50.2517166Z Removing msbuild-libhostfxr (3.0.0.2019.04.16.02.13-0xamarin4+ubuntu2004b1) ...
higress-wasmplugin-test (GO)	Free Up GitHub Actions Ubuntu Runner Disk Space 🔧	2026-09-23T08:01:50.2641345Z Removing msbuild-sdkresolver (1:16.10.1+xamarinxplat.2021.05.26.14.00-0xamarin2+ubuntu2004b1) ...
higress-wasmplugin-test (GO)	Free Up GitHub Actions Ubuntu Runner Disk Space 🔧	2026-09-23T08:01:50.3125864Z Processing triggers for libc-bin (2.35-0ubuntu3.15) ...
higress-wasmplugin-test (GO)	Free Up GitHub Actions Ubuntu Runner Disk Space 🔧	2026-09-23T08:01:50.3276351Z Processing triggers for man-db (2.10.2-1) ...
higress-wasmplugin-test (GO)	Free Up GitHub Actions Ubuntu Runner Disk Space 🔧	2026-09-23T08:01:50.3292632Z Not building database; man-db/auto-update is not 'true'.
higress-wasmplugin-test (GO)	Free Up GitHub Actions Ubuntu Runner Disk Space 🔧	2026-09-23T08:01:50.3312992Z Processing triggers for postgresql-common (293.pgdg22.04+1) ...
higress-wasmplugin-test (GO)	Free Up GitHub Actions Ubuntu Runner Disk Space 🔧	2026-09-23T08:01:50.4860126Z Building PostgreSQL dictionaries from installed myspell/hunspell packages...
higress-wasmplugin-test (GO)	Free Up GitHub Actions Ubuntu Runner Disk Space 🔧	2026-09-23T08:01:50.4860657Z Removing obsolete dictionary files:
higress-wasmplugin-test (GO)	Free Up GitHub Actions Ubuntu Runner Disk Space 🔧	2026-09-23T08:01:50.4862554Z   /var/cache/postgresql/dicts/en_us.affix
higress-wasmplugin-test (GO)	Free Up GitHub Actions Ubuntu Runner Disk Space 🔧	2026-09-23T08:01:50.4863645Z   /var/cache/postgresql/dicts/en_us.dict
higress-wasmplugin-test (GO)	Free Up GitHub Actions Ubuntu Runner Disk Space 🔧	2026-09-23T08:01:50.4871842Z   /usr/share/postgresql/14/tsearch_data/en_us.affix
higress-wasmplugin-test (GO)	Free Up GitHub Actions Ubuntu Runner Disk Space 🔧	2026-09-23T08:01:50.4873995Z   /usr/share/postgresql/14/tsearch_data/en_us.dict
higress-wasmplugin-test (GO)	Free Up GitHub Actions Ubuntu Runner Disk Space 🔧	2026-09-23T08:01:50.5107890Z Processing triggers for install-info (6.8-4build1) ...
higress-wasmplugin-test (GO)	Free Up GitHub Actions Ubuntu Runner Disk Space 🔧	2026-09-23T08:01:50.8836700Z Processing triggers for initramfs-tools (0.140ubuntu13.5) ...
higress-wasmplugin-test (GO)	Free Up GitHub Actions Ubuntu Runner Disk Space 🔧	2026-09-23T08:01:50.9436064Z update-initramfs: Generating /boot/initrd.img-6.8.0-1064-azure
higress-wasmplugin-test (GO)	Free Up GitHub Actions Ubuntu Runner Disk Space 🔧	2026-09-23T08:02:02.7402373Z 
higress-wasmplugin-test (GO)	Free Up GitHub Actions Ubuntu Runner Disk Space 🔧	2026-09-23T08:02:02.7409020Z ********************************************************************************
higress-wasmplugin-test (GO)	Free Up GitHub Actions Ubuntu Runner Disk Space 🔧	2026-09-23T08:02:02.7430208Z => Large misc. packages: Saved 4.6GiB
higress-wasmplugin-test (GO)	Free Up GitHub Actions Ubuntu Runner Disk Space 🔧	2026-09-23T08:02:02.7436518Z ********************************************************************************
higress-wasmplugin-test (GO)	Free Up GitHub Actions Ubuntu Runner Disk Space 🔧	2026-09-23T08:02:02.7436895Z 
higress-wasmplugin-test (GO)	Free Up GitHub Actions Ubuntu Runner Disk Space 🔧	2026-09-23T08:02:02.7692212Z Total reclaimed space: 0B
higress-wasmplugin-test (GO)	Free Up GitHub Actions Ubuntu Runner Disk Space 🔧	2026-09-23T08:02:02.7757085Z 
higress-wasmplugin-test (GO)	Free Up GitHub Actions Ubuntu Runner Disk Space 🔧	2026-09-23T08:02:02.7763426Z ********************************************************************************
higress-wasmplugin-test (GO)	Free Up GitHub Actions Ubuntu Runner Disk Space 🔧	2026-09-23T08:02:02.7785947Z => Docker images: Saved 0B
higress-wasmplugin-test (GO)	Free Up GitHub Actions Ubuntu Runner Disk Space 🔧	2026-09-23T08:02:02.7792018Z ********************************************************************************
higress-wasmplugin-test (GO)	Free Up GitHub Actions Ubuntu Runner Disk Space 🔧	2026-09-23T08:02:02.7792400Z 
higress-wasmplugin-test (GO)	Free Up GitHub Actions Ubuntu Runner Disk Space 🔧	2026-09-23T08:02:02.8087451Z                total        used        free      shared  buff/cache   available
higress-wasmplugin-test (GO)	Free Up GitHub Actions Ubuntu Runner Disk Space 🔧	2026-09-23T08:02:02.8088257Z Mem:            15Gi       549Mi        11Gi        44Mi       3.7Gi        14Gi
higress-wasmplugin-test (GO)	Free Up GitHub Actions Ubuntu Runner Disk Space 🔧	2026-09-23T08:02:02.8088617Z Swap:             0B          0B          0B
higress-wasmplugin-test (GO)	Free Up GitHub Actions Ubuntu Runner Disk Space 🔧	2026-09-23T08:02:02.8128446Z 
higress-wasmplugin-test (GO)	Free Up GitHub Actions Ubuntu Runner Disk Space 🔧	2026-09-23T08:02:02.8134594Z ********************************************************************************
higress-wasmplugin-test (GO)	Free Up GitHub Actions Ubuntu Runner Disk Space 🔧	2026-09-23T08:02:02.8151625Z numfmt: invalid option -- '8'
higress-wasmplugin-test (GO)	Free Up GitHub Actions Ubuntu Runner Disk Space 🔧	2026-09-23T08:02:02.8152182Z Try 'numfmt --help' for more information.
higress-wasmplugin-test (GO)	Free Up GitHub Actions Ubuntu Runner Disk Space 🔧	2026-09-23T08:02:02.8155797Z => Swap storage: Saved 
higress-wasmplugin-test (GO)	Free Up GitHub Actions Ubuntu Runner Disk Space 🔧	2026-09-23T08:02:02.8162277Z ********************************************************************************
higress-wasmplugin-test (GO)	Free Up GitHub Actions Ubuntu Runner Disk Space 🔧	2026-09-23T08:02:02.8162655Z 
higress-wasmplugin-test (GO)	Free Up GitHub Actions Ubuntu Runner Disk Space 🔧	2026-09-23T08:02:02.8236245Z 
higress-wasmplugin-test (GO)	Free Up GitHub Actions Ubuntu Runner Disk Space 🔧	2026-09-23T08:02:02.8242535Z ================================================================================
higress-wasmplugin-test (GO)	Free Up GitHub Actions Ubuntu Runner Disk Space 🔧	2026-09-23T08:02:02.8243081Z AFTER CLEAN-UP:
higress-wasmplugin-test (GO)	Free Up GitHub Actions Ubuntu Runner Disk Space 🔧	2026-09-23T08:02:02.8243294Z 
higress-wasmplugin-test (GO)	Free Up GitHub Actions Ubuntu Runner Disk Space 🔧	2026-09-23T08:02:02.8243428Z $ dh -h /
higress-wasmplugin-test (GO)	Free Up GitHub Actions Ubuntu Runner Disk Space 🔧	2026-09-23T08:02:02.8243592Z 
higress-wasmplugin-test (GO)	Free Up GitHub Actions Ubuntu Runner Disk Space 🔧	2026-09-23T08:02:02.8255061Z Filesystem      Size  Used Avail Use% Mounted on
higress-wasmplugin-test (GO)	Free Up GitHub Actions Ubuntu Runner Disk Space 🔧	2026-09-23T08:02:02.8256162Z /dev/root       146G   35G  112G  24% /
higress-wasmplugin-test (GO)	Free Up GitHub Actions Ubuntu Runner Disk Space 🔧	2026-09-23T08:02:02.8257023Z $ dh -a /
higress-wasmplugin-test (GO)	Free Up GitHub Actions Ubuntu Runner Disk Space 🔧	2026-09-23T08:02:02.8257206Z 
higress-wasmplugin-test (GO)	Free Up GitHub Actions Ubuntu Runner Disk Space 🔧	2026-09-23T08:02:02.8269655Z Filesystem     1K-blocks     Used Available Use% Mounted on
higress-wasmplugin-test (GO)	Free Up GitHub Actions Ubuntu Runner Disk Space 🔧	2026-09-23T08:02:02.8270219Z /dev/root      152243760 35772872 116454504  24% /
higress-wasmplugin-test (GO)	Free Up GitHub Actions Ubuntu Runner Disk Space 🔧	2026-09-23T08:02:02.8271292Z $ dh -a
higress-wasmplugin-test (GO)	Free Up GitHub Actions Ubuntu Runner Disk Space 🔧	2026-09-23T08:02:02.8271469Z 
higress-wasmplugin-test (GO)	Free Up GitHub Actions Ubuntu Runner Disk Space 🔧	2026-09-23T08:02:02.8288671Z Filesystem     1K-blocks     Used Available Use% Mounted on
higress-wasmplugin-test (GO)	Free Up GitHub Actions Ubuntu Runner Disk Space 🔧	2026-09-23T08:02:02.8289232Z /dev/root      152243760 35772872 116454504  24% /
higress-wasmplugin-test (GO)	Free Up GitHub Actions Ubuntu Runner Disk Space 🔧	2026-09-23T08:02:02.8289723Z devtmpfs         8172648        0   8172648   0% /dev
higress-wasmplugin-test (GO)	Free Up GitHub Actions Ubuntu Runner Disk Space 🔧	2026-09-23T08:02:02.8290119Z proc                   0        0         0    - /proc
higress-wasmplugin-test (GO)	Free Up GitHub Actions Ubuntu Runner Disk Space 🔧	2026-09-23T08:02:02.8290417Z sysfs                  0        0         0    - /sys
higress-wasmplugin-test (GO)	Free Up GitHub Actions Ubuntu Runner Disk Space 🔧	2026-09-23T08:02:02.8290748Z securityfs             0        0         0    - /sys/kernel/security
higress-wasmplugin-test (GO)	Free Up GitHub Actions Ubuntu Runner Disk Space 🔧	2026-09-23T08:02:02.8291110Z tmpfs            8186236      172   8186064   1% /dev/shm
higress-wasmplugin-test (GO)	Free Up GitHub Actions Ubuntu Runner Disk Space 🔧	2026-09-23T08:02:02.8291430Z devpts                 0        0         0    - /dev/pts
higress-wasmplugin-test (GO)	Free Up GitHub Actions Ubuntu Runner Disk Space 🔧	2026-09-23T08:02:02.8291744Z tmpfs            3274496     1016   3273480   1% /run
higress-wasmplugin-test (GO)	Free Up GitHub Actions Ubuntu Runner Disk Space 🔧	2026-09-23T08:02:02.8292065Z tmpfs               5120        0      5120   0% /run/lock
higress-wasmplugin-test (GO)	Free Up GitHub Actions Ubuntu Runner Disk Space 🔧	2026-09-23T08:02:02.8292402Z cgroup2                0        0         0    - /sys/fs/cgroup
higress-wasmplugin-test (GO)	Free Up GitHub Actions Ubuntu Runner Disk Space 🔧	2026-09-23T08:02:02.8292748Z pstore                 0        0         0    - /sys/fs/pstore
higress-wasmplugin-test (GO)	Free Up GitHub Actions Ubuntu Runner Disk Space 🔧	2026-09-23T08:02:02.8293110Z efivarfs          131072       34    131034   1% /sys/firmware/efi/efivars
higress-wasmplugin-test (GO)	Free Up GitHub Actions Ubuntu Runner Disk Space 🔧	2026-09-23T08:02:02.8293472Z bpf                    0        0         0    - /sys/fs/bpf
higress-wasmplugin-test (GO)	Free Up GitHub Actions Ubuntu Runner Disk Space 🔧	2026-09-23T08:02:02.8293826Z systemd-1              -        -         -    - /proc/sys/fs/binfmt_misc
higress-wasmplugin-test (GO)	Free Up GitHub Actions Ubuntu Runner Disk Space 🔧	2026-09-23T08:02:02.8294200Z hugetlbfs              0        0         0    - /dev/hugepages
higress-wasmplugin-test (GO)	Free Up GitHub Actions Ubuntu Runner Disk Space 🔧	2026-09-23T08:02:02.8294529Z mqueue                 0        0         0    - /dev/mqueue
higress-wasmplugin-test (GO)	Free Up GitHub Actions Ubuntu Runner Disk Space 🔧	2026-09-23T08:02:02.8294858Z debugfs                0        0         0    - /sys/kernel/debug
higress-wasmplugin-test (GO)	Free Up GitHub Actions Ubuntu Runner Disk Space 🔧	2026-09-23T08:02:02.8295210Z tracefs                0        0         0    - /sys/kernel/tracing
higress-wasmplugin-test (GO)	Free Up GitHub Actions Ubuntu Runner Disk Space 🔧	2026-09-23T08:02:02.8296047Z fusectl                0        0         0    - /sys/fs/fuse/connections
higress-wasmplugin-test (GO)	Free Up GitHub Actions Ubuntu Runner Disk Space 🔧	2026-09-23T08:02:02.8296403Z configfs               0        0         0    - /sys/kernel/config
higress-wasmplugin-test (GO)	Free Up GitHub Actions Ubuntu Runner Disk Space 🔧	2026-09-23T08:02:02.8297032Z ramfs                  0        0         0    - /run/credentials/systemd-sysusers.service
higress-wasmplugin-test (GO)	Free Up GitHub Actions Ubuntu Runner Disk Space 🔧	2026-09-23T08:02:02.8297697Z /dev/loop0         75776    75776         0 100% /snap/core22/2411
higress-wasmplugin-test (GO)	Free Up GitHub Actions Ubuntu Runner Disk Space 🔧	2026-09-23T08:02:02.8298273Z /dev/loop1        118144   118144         0 100% /snap/lxd/40338
higress-wasmplugin-test (GO)	Free Up GitHub Actions Ubuntu Runner Disk Space 🔧	2026-09-23T08:02:02.8298637Z /dev/loop2         51328    51328         0 100% /snap/snapd/27591
higress-wasmplugin-test (GO)	Free Up GitHub Actions Ubuntu Runner Disk Space 🔧	2026-09-23T08:02:02.8298982Z /dev/sda15        106832     6194    100638   6% /boot/efi
higress-wasmplugin-test (GO)	Free Up GitHub Actions Ubuntu Runner Disk Space 🔧	2026-09-23T08:02:02.8299334Z binfmt_misc            0        0         0    - /proc/sys/fs/binfmt_misc
higress-wasmplugin-test (GO)	Free Up GitHub Actions Ubuntu Runner Disk Space 🔧	2026-09-23T08:02:02.8299717Z tmpfs            1637244       12   1637232   1% /run/user/1001
higress-wasmplugin-test (GO)	Free Up GitHub Actions Ubuntu Runner Disk Space 🔧	2026-09-23T08:02:02.8300052Z tmpfs            3274496     1016   3273480   1% /run/snapd/ns
higress-wasmplugin-test (GO)	Free Up GitHub Actions Ubuntu Runner Disk Space 🔧	2026-09-23T08:02:02.8300397Z nsfs                   0        0         0    - /run/snapd/ns/lxd.mnt
higress-wasmplugin-test (GO)	Free Up GitHub Actions Ubuntu Runner Disk Space 🔧	2026-09-23T08:02:02.8300912Z ================================================================================
higress-wasmplugin-test (GO)	Free Up GitHub Actions Ubuntu Runner Disk Space 🔧	2026-09-23T08:02:02.8301130Z 
higress-wasmplugin-test (GO)	Free Up GitHub Actions Ubuntu Runner Disk Space 🔧	2026-09-23T08:02:02.8301136Z 
higress-wasmplugin-test (GO)	Free Up GitHub Actions Ubuntu Runner Disk Space 🔧	2026-09-23T08:02:02.8301219Z /dev/root:
higress-wasmplugin-test (GO)	Free Up GitHub Actions Ubuntu Runner Disk Space 🔧	2026-09-23T08:02:02.8301325Z 
higress-wasmplugin-test (GO)	Free Up GitHub Actions Ubuntu Runner Disk Space 🔧	2026-09-23T08:02:02.8303291Z ********************************************************************************
higress-wasmplugin-test (GO)	Free Up GitHub Actions Ubuntu Runner Disk Space 🔧	2026-09-23T08:02:02.8325120Z => Saved 25GiB
higress-wasmplugin-test (GO)	Free Up GitHub Actions Ubuntu Runner Disk Space 🔧	2026-09-23T08:02:02.8331535Z ********************************************************************************
higress-wasmplugin-test (GO)	Free Up GitHub Actions Ubuntu Runner Disk Space 🔧	2026-09-23T08:02:02.8331924Z 
higress-wasmplugin-test (GO)	Free Up GitHub Actions Ubuntu Runner Disk Space 🔧	2026-09-23T08:02:02.8332052Z overall:
higress-wasmplugin-test (GO)	Free Up GitHub Actions Ubuntu Runner Disk Space 🔧	2026-09-23T08:02:02.8332222Z 
higress-wasmplugin-test (GO)	Free Up GitHub Actions Ubuntu Runner Disk Space 🔧	2026-09-23T08:02:02.8338201Z ********************************************************************************
higress-wasmplugin-test (GO)	Free Up GitHub Actions Ubuntu Runner Disk Space 🔧	2026-09-23T08:02:02.8358699Z => Saved 25GiB
higress-wasmplugin-test (GO)	Free Up GitHub Actions Ubuntu Runner Disk Space 🔧	2026-09-23T08:02:02.8364739Z ********************************************************************************
higress-wasmplugin-test (GO)	Free Up GitHub Actions Ubuntu Runner Disk Space 🔧	2026-09-23T08:02:02.8365114Z 
higress-wasmplugin-test (GO)	Free Up GitHub Actions Ubuntu Runner Disk Space 🔧	2026-09-23T08:02:02.8383404Z ##[end-action id=__jlumbroso_free-disk-space.__run;outcome=success;conclusion=success;duration_ms=113289]
higress-wasmplugin-test (GO)	Setup Go	﻿2026-09-23T08:02:02.8472660Z Node 20 is being deprecated. This workflow is running with Node 24 by default. If you need to temporarily use Node 20, you can set the ACTIONS_ALLOW_USE_UNSECURE_NODE_VERSION=true environment variable. For more information see: https://github.blog/changelog/2025-09-19-deprecation-of-node-20-on-github-actions-runners/
higress-wasmplugin-test (GO)	Setup Go	2026-09-23T08:02:02.8474206Z ##[group]Run actions/setup-go@v5
higress-wasmplugin-test (GO)	Setup Go	2026-09-23T08:02:02.8474474Z with:
higress-wasmplugin-test (GO)	Setup Go	2026-09-23T08:02:02.8474692Z   go-version: 1.24
higress-wasmplugin-test (GO)	Setup Go	2026-09-23T08:02:02.8474926Z   cache: true
higress-wasmplugin-test (GO)	Setup Go	2026-09-23T08:02:02.8475149Z   check-latest: false
higress-wasmplugin-test (GO)	Setup Go	2026-09-23T08:02:02.8477799Z   token: ***
higress-wasmplugin-test (GO)	Setup Go	2026-09-23T08:02:02.8478016Z ##[endgroup]
higress-wasmplugin-test (GO)	Setup Go	2026-09-23T08:02:02.9890397Z Setup go version spec 1.24
higress-wasmplugin-test (GO)	Setup Go	2026-09-23T08:02:02.9940734Z Found in cache @ /opt/hostedtoolcache/go/1.24.13/x64
higress-wasmplugin-test (GO)	Setup Go	2026-09-23T08:02:02.9942909Z (node:20224) [DEP0040] DeprecationWarning: The `punycode` module is deprecated. Please use a userland alternative instead.
higress-wasmplugin-test (GO)	Setup Go	2026-09-23T08:02:02.9943595Z (Use `node --trace-deprecation ...` to show where the warning was created)
higress-wasmplugin-test (GO)	Setup Go	2026-09-23T08:02:02.9946831Z Added go to the path
higress-wasmplugin-test (GO)	Setup Go	2026-09-23T08:02:02.9950233Z Successfully set up Go version 1.24
higress-wasmplugin-test (GO)	Setup Go	2026-09-23T08:02:08.1579994Z go: downloading go1.26.0 (linux/amd64)
higress-wasmplugin-test (GO)	Setup Go	2026-09-23T08:02:08.1759361Z [command]/opt/hostedtoolcache/go/1.24.13/x64/bin/go env GOMODCACHE
higress-wasmplugin-test (GO)	Setup Go	2026-09-23T08:02:08.1792995Z [command]/opt/hostedtoolcache/go/1.24.13/x64/bin/go env GOCACHE
higress-wasmplugin-test (GO)	Setup Go	2026-09-23T08:02:08.1885112Z /home/runner/go/pkg/mod
higress-wasmplugin-test (GO)	Setup Go	2026-09-23T08:02:08.1914909Z /home/runner/.cache/go-build
higress-wasmplugin-test (GO)	Setup Go	2026-09-23T08:02:08.2701161Z Cache is not found
higress-wasmplugin-test (GO)	Setup Go	2026-09-23T08:02:08.2729138Z go version go1.26.0 linux/amd64
higress-wasmplugin-test (GO)	Setup Go	2026-09-23T08:02:08.2729357Z 
higress-wasmplugin-test (GO)	Setup Go	2026-09-23T08:02:08.2729665Z ##[group]go env
higress-wasmplugin-test (GO)	Setup Go	2026-09-23T08:02:10.9804085Z AR='ar'
higress-wasmplugin-test (GO)	Setup Go	2026-09-23T08:02:10.9804475Z CC='gcc'
higress-wasmplugin-test (GO)	Setup Go	2026-09-23T08:02:10.9804905Z CGO_CFLAGS='-O2 -g'
higress-wasmplugin-test (GO)	Setup Go	2026-09-23T08:02:10.9805218Z CGO_CPPFLAGS=''
higress-wasmplugin-test (GO)	Setup Go	2026-09-23T08:02:10.9805680Z CGO_CXXFLAGS='-O2 -g'
higress-wasmplugin-test (GO)	Setup Go	2026-09-23T08:02:10.9806024Z CGO_ENABLED='1'
higress-wasmplugin-test (GO)	Setup Go	2026-09-23T08:02:10.9806313Z CGO_FFLAGS='-O2 -g'
higress-wasmplugin-test (GO)	Setup Go	2026-09-23T08:02:10.9806634Z CGO_LDFLAGS='-O2 -g'
higress-wasmplugin-test (GO)	Setup Go	2026-09-23T08:02:10.9806969Z CXX='g++'
higress-wasmplugin-test (GO)	Setup Go	2026-09-23T08:02:10.9807243Z GCCGO='gccgo'
higress-wasmplugin-test (GO)	Setup Go	2026-09-23T08:02:10.9807549Z GO111MODULE=''
higress-wasmplugin-test (GO)	Setup Go	2026-09-23T08:02:10.9807841Z GOAMD64='v1'
higress-wasmplugin-test (GO)	Setup Go	2026-09-23T08:02:10.9808125Z GOARCH='amd64'
higress-wasmplugin-test (GO)	Setup Go	2026-09-23T08:02:10.9808417Z GOAUTH='netrc'
higress-wasmplugin-test (GO)	Setup Go	2026-09-23T08:02:10.9808706Z GOBIN=''
higress-wasmplugin-test (GO)	Setup Go	2026-09-23T08:02:10.9809070Z GOCACHE='/home/runner/.cache/go-build'
higress-wasmplugin-test (GO)	Setup Go	2026-09-23T08:02:10.9809462Z GOCACHEPROG=''
higress-wasmplugin-test (GO)	Setup Go	2026-09-23T08:02:10.9809754Z GODEBUG=''
higress-wasmplugin-test (GO)	Setup Go	2026-09-23T08:02:10.9810052Z GOENV='/home/runner/.config/go/env'
higress-wasmplugin-test (GO)	Setup Go	2026-09-23T08:02:10.9810443Z GOEXE=''
higress-wasmplugin-test (GO)	Setup Go	2026-09-23T08:02:10.9810718Z GOEXPERIMENT=''
higress-wasmplugin-test (GO)	Setup Go	2026-09-23T08:02:10.9811038Z GOFIPS140='off'
higress-wasmplugin-test (GO)	Setup Go	2026-09-23T08:02:10.9811314Z GOFLAGS=''
higress-wasmplugin-test (GO)	Setup Go	2026-09-23T08:02:10.9812270Z GOGCCFLAGS='-fPIC -m64 -pthread -Wl,--no-gc-sections -fmessage-length=0 -ffile-prefix-map=/tmp/go-build1331942028=/tmp/go-build -gno-record-gcc-switches'
higress-wasmplugin-test (GO)	Setup Go	2026-09-23T08:02:10.9813223Z GOHOSTARCH='amd64'
higress-wasmplugin-test (GO)	Setup Go	2026-09-23T08:02:10.9814036Z GOHOSTOS='linux'
higress-wasmplugin-test (GO)	Setup Go	2026-09-23T08:02:10.9814348Z GOINSECURE=''
higress-wasmplugin-test (GO)	Setup Go	2026-09-23T08:02:10.9814737Z GOMOD='/home/runner/work/higress/higress/go.mod'
higress-wasmplugin-test (GO)	Setup Go	2026-09-23T08:02:10.9815230Z GOMODCACHE='/home/runner/go/pkg/mod'
higress-wasmplugin-test (GO)	Setup Go	2026-09-23T08:02:10.9816189Z GONOPROXY=''
higress-wasmplugin-test (GO)	Setup Go	2026-09-23T08:02:10.9816498Z GONOSUMDB=''
higress-wasmplugin-test (GO)	Setup Go	2026-09-23T08:02:10.9816803Z GOOS='linux'
higress-wasmplugin-test (GO)	Setup Go	2026-09-23T08:02:10.9817119Z GOPATH='/home/runner/go'
higress-wasmplugin-test (GO)	Setup Go	2026-09-23T08:02:10.9817482Z GOPRIVATE=''
higress-wasmplugin-test (GO)	Setup Go	2026-09-23T08:02:10.9817875Z GOPROXY='https://proxy.golang.org,direct'
higress-wasmplugin-test (GO)	Setup Go	2026-09-23T08:02:10.9818597Z GOROOT='/home/runner/go/pkg/mod/golang.org/toolchain@v0.0.1-go1.26.0.linux-amd64'
higress-wasmplugin-test (GO)	Setup Go	2026-09-23T08:02:10.9819280Z GOSUMDB='sum.golang.org'
higress-wasmplugin-test (GO)	Setup Go	2026-09-23T08:02:10.9819644Z GOTELEMETRY='local'
higress-wasmplugin-test (GO)	Setup Go	2026-09-23T08:02:10.9820131Z GOTELEMETRYDIR='/home/runner/.config/go/telemetry'
higress-wasmplugin-test (GO)	Setup Go	2026-09-23T08:02:10.9820594Z GOTMPDIR=''
higress-wasmplugin-test (GO)	Setup Go	2026-09-23T08:02:10.9820818Z GOTOOLCHAIN='auto'
higress-wasmplugin-test (GO)	Setup Go	2026-09-23T08:02:10.9821295Z GOTOOLDIR='/home/runner/go/pkg/mod/golang.org/toolchain@v0.0.1-go1.26.0.linux-amd64/pkg/tool/linux_amd64'
higress-wasmplugin-test (GO)	Setup Go	2026-09-23T08:02:10.9821786Z GOVCS=''
higress-wasmplugin-test (GO)	Setup Go	2026-09-23T08:02:10.9821984Z GOVERSION='go1.26.0'
higress-wasmplugin-test (GO)	Setup Go	2026-09-23T08:02:10.9822468Z GOWORK=''
higress-wasmplugin-test (GO)	Setup Go	2026-09-23T08:02:10.9822677Z PKG_CONFIG='pkg-config'
higress-wasmplugin-test (GO)	Setup Go	2026-09-23T08:02:10.9822824Z 
higress-wasmplugin-test (GO)	Setup Go	2026-09-23T08:02:10.9823245Z ##[endgroup]
higress-wasmplugin-test (GO)	Run git stash	﻿2026-09-23T08:02:10.9950885Z ##[group]Run git stash
higress-wasmplugin-test (GO)	Run git stash	2026-09-23T08:02:10.9951156Z ^[[36;1mgit stash^[[0m
higress-wasmplugin-test (GO)	Run git stash	2026-09-23T08:02:11.0001240Z shell: /usr/bin/bash -e {0}
higress-wasmplugin-test (GO)	Run git stash	2026-09-23T08:02:11.0001519Z ##[endgroup]
higress-wasmplugin-test (GO)	Run git stash	2026-09-23T08:02:11.2970669Z No local changes to save
higress-wasmplugin-test (GO)	Run Ingress WasmPlugins Tests	﻿2026-09-23T08:02:11.3050947Z Node 20 is being deprecated. This workflow is running with Node 24 by default. If you need to temporarily use Node 20, you can set the ACTIONS_ALLOW_USE_UNSECURE_NODE_VERSION=true environment variable. For more information see: https://github.blog/changelog/2025-09-19-deprecation-of-node-20-on-github-actions-runners/
higress-wasmplugin-test (GO)	Run Ingress WasmPlugins Tests	2026-09-23T08:02:11.3052181Z ##[group]Run nick-fields/retry@v3
higress-wasmplugin-test (GO)	Run Ingress WasmPlugins Tests	2026-09-23T08:02:11.3052448Z with:
higress-wasmplugin-test (GO)	Run Ingress WasmPlugins Tests	2026-09-23T08:02:11.3052643Z   timeout_minutes: 60
higress-wasmplugin-test (GO)	Run Ingress WasmPlugins Tests	2026-09-23T08:02:11.3052880Z   max_attempts: 2
higress-wasmplugin-test (GO)	Run Ingress WasmPlugins Tests	2026-09-23T08:02:11.3053081Z   retry_on: error
higress-wasmplugin-test (GO)	Run Ingress WasmPlugins Tests	2026-09-23T08:02:11.3053806Z   command: sudo rm -rf -- "${GITHUB_WORKSPACE:?}/out" && mkdir -p -- "${GITHUB_WORKSPACE:?}/out" && GOPROXY="https://proxy.golang.org,direct" PLUGIN_TYPE=GO PLUGIN_GO_BATCH_SCOPE=e2e make higress-wasmplugin-test
higress-wasmplugin-test (GO)	Run Ingress WasmPlugins Tests	2026-09-23T08:02:11.3054610Z   retry_wait_seconds: 10
higress-wasmplugin-test (GO)	Run Ingress WasmPlugins Tests	2026-09-23T08:02:11.3054855Z   polling_interval_seconds: 1
higress-wasmplugin-test (GO)	Run Ingress WasmPlugins Tests	2026-09-23T08:02:11.3055099Z   warning_on_retry: true
higress-wasmplugin-test (GO)	Run Ingress WasmPlugins Tests	2026-09-23T08:02:11.3055546Z   continue_on_error: false
higress-wasmplugin-test (GO)	Run Ingress WasmPlugins Tests	2026-09-23T08:02:11.3055898Z ##[endgroup]
higress-wasmplugin-test (GO)	Run Ingress WasmPlugins Tests	2026-09-23T08:02:11.3727588Z ##[group]Attempt 1
higress-wasmplugin-test (GO)	Run Ingress WasmPlugins Tests	2026-09-23T08:02:11.6445923Z Makefile.core.mk:446: warning: overriding recipe for target 'build-test-pilot'
higress-wasmplugin-test (GO)	Run Ingress WasmPlugins Tests	2026-09-23T08:02:11.6447030Z Makefile.core.mk:355: warning: ignoring old recipe for target 'build-test-pilot'
higress-wasmplugin-test (GO)	Run Ingress WasmPlugins Tests	2026-09-23T08:02:11.6456903Z cd tools/src/kind && GOOS= GOARCH= go build -o /home/runner/work/higress/higress/tools/bin/kind $(sed -En 's,^import "(.*)".*,\1,p' pin.go)
higress-wasmplugin-test (GO)	Run Ingress WasmPlugins Tests	2026-09-23T08:02:11.6862979Z go: downloading sigs.k8s.io/kind v0.17.0
higress-wasmplugin-test (GO)	Run Ingress WasmPlugins Tests	2026-09-23T08:02:11.8638568Z go: downloading github.com/spf13/pflag v1.0.5
higress-wasmplugin-test (GO)	Run Ingress WasmPlugins Tests	2026-09-23T08:02:11.8897186Z go: downloading github.com/spf13/cobra v1.4.0
higress-wasmplugin-test (GO)	Run Ingress WasmPlugins Tests	2026-09-23T08:02:11.9161609Z go: downloading github.com/pkg/errors v0.9.1
higress-wasmplugin-test (GO)	Run Ingress WasmPlugins Tests	2026-09-23T08:02:12.1514908Z go: downloading github.com/alessio/shellescape v1.4.1
higress-wasmplugin-test (GO)	Run Ingress WasmPlugins Tests	2026-09-23T08:02:13.1872853Z go: downloading github.com/mattn/go-isatty v0.0.14
higress-wasmplugin-test (GO)	Run Ingress WasmPlugins Tests	2026-09-23T08:02:13.7990224Z go: downloading golang.org/x/sys v0.0.0-20210630005230-0f9fa26af87c
higress-wasmplugin-test (GO)	Run Ingress WasmPlugins Tests	2026-09-23T08:02:14.0209408Z go: downloading github.com/pelletier/go-toml v1.9.4
higress-wasmplugin-test (GO)	Run Ingress WasmPlugins Tests	2026-09-23T08:02:14.1314878Z go: downloading github.com/BurntSushi/toml v1.0.0
higress-wasmplugin-test (GO)	Run Ingress WasmPlugins Tests	2026-09-23T08:02:14.1469520Z go: downloading github.com/evanphx/json-patch/v5 v5.6.0
higress-wasmplugin-test (GO)	Run Ingress WasmPlugins Tests	2026-09-23T08:02:14.1663555Z go: downloading gopkg.in/yaml.v3 v3.0.1
higress-wasmplugin-test (GO)	Run Ingress WasmPlugins Tests	2026-09-23T08:02:14.1901343Z go: downloading sigs.k8s.io/yaml v1.3.0
higress-wasmplugin-test (GO)	Run Ingress WasmPlugins Tests	2026-09-23T08:02:14.5035578Z go: downloading github.com/google/safetext v0.0.0-20220905092116-b49f7bc46da2
higress-wasmplugin-test (GO)	Run Ingress WasmPlugins Tests	2026-09-23T08:02:14.5038100Z go: downloading gopkg.in/yaml.v2 v2.4.0
higress-wasmplugin-test (GO)	Run Ingress WasmPlugins Tests	2026-09-23T08:02:28.0466584Z tools/bin/kind delete cluster --name higress
higress-wasmplugin-test (GO)	Run Ingress WasmPlugins Tests	2026-09-23T08:02:28.0998232Z Deleting cluster "higress" ...
higress-wasmplugin-test (GO)	Run Ingress WasmPlugins Tests	2026-09-23T08:02:28.1163765Z tools/hack/create-cluster.sh
higress-wasmplugin-test (GO)	Run Ingress WasmPlugins Tests	2026-09-23T08:02:28.1518076Z v1.25.3
higress-wasmplugin-test (GO)	Run Ingress WasmPlugins Tests	2026-09-23T08:02:28.1518443Z higress
higress-wasmplugin-test (GO)	Run Ingress WasmPlugins Tests	2026-09-23T08:02:28.2553151Z Creating cluster "higress" ...
higress-wasmplugin-test (GO)	Run Ingress WasmPlugins Tests	2026-09-23T08:02:28.2554133Z  • Ensuring node image (kindest/node:v1.25.3) 🖼  ...
higress-wasmplugin-test (GO)	Run Ingress WasmPlugins Tests	2026-09-23T08:02:37.1958709Z  ✓ Ensuring node image (kindest/node:v1.25.3) 🖼
higress-wasmplugin-test (GO)	Run Ingress WasmPlugins Tests	2026-09-23T08:02:37.1959381Z  • Preparing nodes 📦   ...
higress-wasmplugin-test (GO)	Run Ingress WasmPlugins Tests	2026-09-23T08:02:39.2547355Z  ✓ Preparing nodes 📦 
higress-wasmplugin-test (GO)	Run Ingress WasmPlugins Tests	2026-09-23T08:02:39.2914581Z  • Writing configuration 📜  ...
higress-wasmplugin-test (GO)	Run Ingress WasmPlugins Tests	2026-09-23T08:02:39.5142240Z  ✓ Writing configuration 📜
higress-wasmplugin-test (GO)	Run Ingress WasmPlugins Tests	2026-09-23T08:02:39.5143009Z  • Starting control-plane 🕹️  ...
higress-wasmplugin-test (GO)	Run Ingress WasmPlugins Tests	2026-09-23T08:02:53.4563172Z  ✓ Starting control-plane 🕹️
higress-wasmplugin-test (GO)	Run Ingress WasmPlugins Tests	2026-09-23T08:02:53.4563683Z  • Installing CNI 🔌  ...
higress-wasmplugin-test (GO)	Run Ingress WasmPlugins Tests	2026-09-23T08:02:54.1517649Z  ✓ Installing CNI 🔌
higress-wasmplugin-test (GO)	Run Ingress WasmPlugins Tests	2026-09-23T08:02:54.1518266Z  • Installing StorageClass 💾  ...
higress-wasmplugin-test (GO)	Run Ingress WasmPlugins Tests	2026-09-23T08:02:54.4326993Z  ✓ Installing StorageClass 💾
higress-wasmplugin-test (GO)	Run Ingress WasmPlugins Tests	2026-09-23T08:02:54.6333403Z Set kubectl context to "kind-higress"
higress-wasmplugin-test (GO)	Run Ingress WasmPlugins Tests	2026-09-23T08:02:54.6333927Z You can now use your cluster with:
higress-wasmplugin-test (GO)	Run Ingress WasmPlugins Tests	2026-09-23T08:02:54.6334176Z 
higress-wasmplugin-test (GO)	Run Ingress WasmPlugins Tests	2026-09-23T08:02:54.6334319Z kubectl cluster-info --context kind-higress
higress-wasmplugin-test (GO)	Run Ingress WasmPlugins Tests	2026-09-23T08:02:54.6334532Z 
higress-wasmplugin-test (GO)	Run Ingress WasmPlugins Tests	2026-09-23T08:02:54.6335030Z Have a nice day! 👋
higress-wasmplugin-test (GO)	Run Ingress WasmPlugins Tests	2026-09-23T08:02:54.6351503Z rm -rf /home/runner/work/higress/higress/out/linux_amd64 /home/runner/work/higress/higress/out/linux_amd64
higress-wasmplugin-test (GO)	Run Ingress WasmPlugins Tests	2026-09-23T08:02:54.6713943Z git submodule update --init
higress-wasmplugin-test (GO)	Run Ingress WasmPlugins Tests	2026-09-23T08:02:54.7339540Z Submodule 'envoy/envoy' (https://github.com/higress-group/envoy) registered for path 'envoy/envoy'
higress-wasmplugin-test (GO)	Run Ingress WasmPlugins Tests	2026-09-23T08:02:54.7344423Z Submodule 'envoy/go-control-plane' (https://github.com/higress-group/go-control-plane) registered for path 'envoy/go-control-plane'
higress-wasmplugin-test (GO)	Run Ingress WasmPlugins Tests	2026-09-23T08:02:54.7351246Z Submodule 'istio/api' (https://github.com/higress-group/api) registered for path 'istio/api'
higress-wasmplugin-test (GO)	Run Ingress WasmPlugins Tests	2026-09-23T08:02:54.7357301Z Submodule 'istio/client-go' (https://github.com/higress-group/client-go) registered for path 'istio/client-go'
higress-wasmplugin-test (GO)	Run Ingress WasmPlugins Tests	2026-09-23T08:02:54.7362972Z Submodule 'istio/istio' (https://github.com/higress-group/istio) registered for path 'istio/istio'
higress-wasmplugin-test (GO)	Run Ingress WasmPlugins Tests	2026-09-23T08:02:54.7369473Z Submodule 'istio/pkg' (https://github.com/higress-group/pkg) registered for path 'istio/pkg'
higress-wasmplugin-test (GO)	Run Ingress WasmPlugins Tests	2026-09-23T08:02:54.7375971Z Submodule 'istio/proxy' (https://github.com/higress-group/proxy) registered for path 'istio/proxy'
higress-wasmplugin-test (GO)	Run Ingress WasmPlugins Tests	2026-09-23T08:02:54.7411193Z Cloning into '/home/runner/work/higress/higress/envoy/envoy'...
higress-wasmplugin-test (GO)	Run Ingress WasmPlugins Tests	2026-09-23T08:02:55.9741683Z Cloning into '/home/runner/work/higress/higress/envoy/go-control-plane'...
higress-wasmplugin-test (GO)	Run Ingress WasmPlugins Tests	2026-09-23T08:02:57.3670045Z Cloning into '/home/runner/work/higress/higress/istio/api'...
higress-wasmplugin-test (GO)	Run Ingress WasmPlugins Tests	2026-09-23T08:02:57.9984276Z Cloning into '/home/runner/work/higress/higress/istio/client-go'...
higress-wasmplugin-test (GO)	Run Ingress WasmPlugins Tests	2026-09-23T08:02:58.3091916Z Cloning into '/home/runner/work/higress/higress/istio/istio'...
higress-wasmplugin-test (GO)	Run Ingress WasmPlugins Tests	2026-09-23T08:02:59.8307658Z Cloning into '/home/runner/work/higress/higress/istio/pkg'...
higress-wasmplugin-test (GO)	Run Ingress WasmPlugins Tests	2026-09-23T08:03:00.1972140Z Cloning into '/home/runner/work/higress/higress/istio/proxy'...
higress-wasmplugin-test (GO)	Run Ingress WasmPlugins Tests	2026-09-23T08:03:02.0829990Z Submodule path 'envoy/envoy': checked out '9bd2ded786073d115beb71d0f2ca0afc075e4f4d'
higress-wasmplugin-test (GO)	Run Ingress WasmPlugins Tests	2026-09-23T08:03:03.2176390Z From https://github.com/higress-group/go-control-plane
higress-wasmplugin-test (GO)	Run Ingress WasmPlugins Tests	2026-09-23T08:03:03.2180306Z  * branch            4f11f65d9bc54bb8b18f1cc7c25460d3f8afef75 -> FETCH_HEAD
higress-wasmplugin-test (GO)	Run Ingress WasmPlugins Tests	2026-09-23T08:03:03.4255931Z Submodule path 'envoy/go-control-plane': checked out '4f11f65d9bc54bb8b18f1cc7c25460d3f8afef75'
higress-wasmplugin-test (GO)	Run Ingress WasmPlugins Tests	2026-09-23T08:03:06.5781044Z From https://github.com/higress-group/api
higress-wasmplugin-test (GO)	Run Ingress WasmPlugins Tests	2026-09-23T08:03:06.5781622Z  * branch              efc0fe428cccecc0285dbf51e2023f8e0422597c -> FETCH_HEAD
higress-wasmplugin-test (GO)	Run Ingress WasmPlugins Tests	2026-09-23T08:03:06.6503812Z Submodule path 'istio/api': checked out 'efc0fe428cccecc0285dbf51e2023f8e0422597c'
higress-wasmplugin-test (GO)	Run Ingress WasmPlugins Tests	2026-09-23T08:03:07.5028793Z From https://github.com/higress-group/client-go
higress-wasmplugin-test (GO)	Run Ingress WasmPlugins Tests	2026-09-23T08:03:07.5029621Z  * branch            09ed8dc4e7484d303c931fa42df7f7c728296923 -> FETCH_HEAD
higress-wasmplugin-test (GO)	Run Ingress WasmPlugins Tests	2026-09-23T08:03:07.5348285Z Submodule path 'istio/client-go': checked out '09ed8dc4e7484d303c931fa42df7f7c728296923'
higress-wasmplugin-test (GO)	Run Ingress WasmPlugins Tests	2026-09-23T08:03:07.9643508Z Submodule path 'istio/istio': checked out '65133dd61c6c597fb301c53beaa777ca5c9e4ba2'
higress-wasmplugin-test (GO)	Run Ingress WasmPlugins Tests	2026-09-23T08:03:07.9920404Z Submodule path 'istio/pkg': checked out '15c662994e6515201dc106a2ec3de85ed50e8078'
higress-wasmplugin-test (GO)	Run Ingress WasmPlugins Tests	2026-09-23T08:03:09.1367275Z From https://github.com/higress-group/proxy
higress-wasmplugin-test (GO)	Run Ingress WasmPlugins Tests	2026-09-23T08:03:09.1368093Z  * branch            919836551144ad42c41bbe25597d74c1b9cb8421 -> FETCH_HEAD
higress-wasmplugin-test (GO)	Run Ingress WasmPlugins Tests	2026-09-23T08:03:09.1695148Z Submodule path 'istio/proxy': checked out '919836551144ad42c41bbe25597d74c1b9cb8421'
higress-wasmplugin-test (GO)	Run Ingress WasmPlugins Tests	2026-09-23T08:03:09.1702379Z ./tools/hack/prebuild.sh
higress-wasmplugin-test (GO)	Run Ingress WasmPlugins Tests	2026-09-23T08:03:10.5913387Z go: downloading k8s.io/apiextensions-apiserver v0.34.1
higress-wasmplugin-test (GO)	Run Ingress WasmPlugins Tests	2026-09-23T08:03:10.5914098Z go: downloading k8s.io/apimachinery v0.34.1
higress-wasmplugin-test (GO)	Run Ingress WasmPlugins Tests	2026-09-23T08:03:10.5936097Z go: downloading github.com/golang/protobuf v1.5.4
higress-wasmplugin-test (GO)	Run Ingress WasmPlugins Tests	2026-09-23T08:03:10.6996153Z go: downloading google.golang.org/genproto/googleapis/api v0.0.0-20260226221140-a57be14db171
higress-wasmplugin-test (GO)	Run Ingress WasmPlugins Tests	2026-09-23T08:03:10.6997287Z go: downloading google.golang.org/protobuf v1.36.12-0.20260120151049-f2248ac996af
higress-wasmplugin-test (GO)	Run Ingress WasmPlugins Tests	2026-09-23T08:03:10.7379762Z go: downloading google.golang.org/genproto v0.0.0-20250603155806-513f23925822
higress-wasmplugin-test (GO)	Run Ingress WasmPlugins Tests	2026-09-23T08:03:10.9783425Z go: downloading sigs.k8s.io/structured-merge-diff/v4 v4.7.0
higress-wasmplugin-test (GO)	Run Ingress WasmPlugins Tests	2026-09-23T08:03:10.9788227Z go: downloading k8s.io/client-go v0.34.1
higress-wasmplugin-test (GO)	Run Ingress WasmPlugins Tests	2026-09-23T08:03:11.5439824Z go: downloading github.com/grpc-ecosystem/go-grpc-prometheus v1.2.0
higress-wasmplugin-test (GO)	Run Ingress WasmPlugins Tests	2026-09-23T08:03:11.5448216Z go: downloading google.golang.org/grpc v1.81.1
higress-wasmplugin-test (GO)	Run Ingress WasmPlugins Tests	2026-09-23T08:03:11.5483372Z go: downloading github.com/spf13/cobra v1.10.2
higress-wasmplugin-test (GO)	Run Ingress WasmPlugins Tests	2026-09-23T08:03:11.5678995Z go: downloading github.com/spf13/pflag v1.0.10
higress-wasmplugin-test (GO)	Run Ingress WasmPlugins Tests	2026-09-23T08:03:11.5866484Z go: downloading github.com/2456868764/certmagic v1.0.2
higress-wasmplugin-test (GO)	Run Ingress WasmPlugins Tests	2026-09-23T08:03:11.5962875Z go: downloading k8s.io/cli-runtime v0.33.3
higress-wasmplugin-test (GO)	Run Ingress WasmPlugins Tests	2026-09-23T08:03:11.6153591Z go: downloading github.com/mholt/acmez v1.2.0
higress-wasmplugin-test (GO)	Run Ingress WasmPlugins Tests	2026-09-23T08:03:11.7038401Z go: downloading sigs.k8s.io/yaml v1.6.0
higress-wasmplugin-test (GO)	Run Ingress WasmPlugins Tests	2026-09-23T08:03:11.7282511Z go: downloading go.uber.org/zap v1.28.0
higress-wasmplugin-test (GO)	Run Ingress WasmPlugins Tests	2026-09-23T08:03:11.7407038Z go: downloading github.com/stretchr/testify v1.11.1
higress-wasmplugin-test (GO)	Run Ingress WasmPlugins Tests	2026-09-23T08:03:11.7778075Z go: downloading k8s.io/api v0.34.1
higress-wasmplugin-test (GO)	Run Ingress WasmPlugins Tests	2026-09-23T08:03:11.8663703Z go: downloading github.com/gogo/protobuf v1.3.2
higress-wasmplugin-test (GO)	Run Ingress WasmPlugins Tests	2026-09-23T08:03:11.8910960Z go: downloading github.com/agiledragon/gomonkey/v2 v2.11.0
higress-wasmplugin-test (GO)	Run Ingress WasmPlugins Tests	2026-09-23T08:03:12.1912729Z go: downloading github.com/google/go-cmp v0.7.0
higress-wasmplugin-test (GO)	Run Ingress WasmPlugins Tests	2026-09-23T08:03:12.2206596Z go: downloading knative.dev/networking v0.0.0-20220302134042-e8b2eb995165
higress-wasmplugin-test (GO)	Run Ingress WasmPlugins Tests	2026-09-23T08:03:12.2453633Z go: downloading github.com/hashicorp/go-multierror v1.1.1
higress-wasmplugin-test (GO)	Run Ingress WasmPlugins Tests	2026-09-23T08:03:12.2454424Z go: downloading knative.dev/pkg v0.0.0-20220301181942-2fdd5f232e77
higress-wasmplugin-test (GO)	Run Ingress WasmPlugins Tests	2026-09-23T08:03:12.3206316Z go: downloading go.uber.org/atomic v1.11.0
higress-wasmplugin-test (GO)	Run Ingress WasmPlugins Tests	2026-09-23T08:03:12.3506599Z go: downloading sigs.k8s.io/gateway-api-inference-extension v1.1.0
higress-wasmplugin-test (GO)	Run Ingress WasmPlugins Tests	2026-09-23T08:03:12.7851939Z go: downloading sigs.k8s.io/gateway-api v1.6.0
higress-wasmplugin-test (GO)	Run Ingress WasmPlugins Tests	2026-09-23T08:03:12.9886495Z go: downloading sigs.k8s.io/controller-runtime v0.22.3
higress-wasmplugin-test (GO)	Run Ingress WasmPlugins Tests	2026-09-23T08:03:12.9907888Z go: downloading github.com/hashicorp/consul/api v1.32.0
higress-wasmplugin-test (GO)	Run Ingress WasmPlugins Tests	2026-09-23T08:03:12.9917296Z go: downloading github.com/go-errors/errors v1.5.1
higress-wasmplugin-test (GO)	Run Ingress WasmPlugins Tests	2026-09-23T08:03:13.0323178Z go: downloading github.com/hudl/fargo v1.4.0
higress-wasmplugin-test (GO)	Run Ingress WasmPlugins Tests	2026-09-23T08:03:13.0561278Z go: downloading github.com/avast/retry-go/v4 v4.3.4
higress-wasmplugin-test (GO)	Run Ingress WasmPlugins Tests	2026-09-23T08:03:13.0748284Z go: downloading github.com/nacos-group/nacos-sdk-go v1.0.8
higress-wasmplugin-test (GO)	Run Ingress WasmPlugins Tests	2026-09-23T08:03:13.1100986Z go: downloading github.com/nacos-group/nacos-sdk-go/v2 v2.3.5
higress-wasmplugin-test (GO)	Run Ingress WasmPlugins Tests	2026-09-23T08:03:13.1538855Z go: downloading k8s.io/utils v0.0.0-20260319190234-28399d86e0b5
higress-wasmplugin-test (GO)	Run Ingress WasmPlugins Tests	2026-09-23T08:03:13.1542902Z go: downloading github.com/johnlanni/gost v1.11.23-0.20220713132522-0967a24036c6
higress-wasmplugin-test (GO)	Run Ingress WasmPlugins Tests	2026-09-23T08:03:13.1544163Z go: downloading github.com/fxamacker/cbor/v2 v2.9.1
higress-wasmplugin-test (GO)	Run Ingress WasmPlugins Tests	2026-09-23T08:03:13.1546223Z go: downloading github.com/dubbogo/go-zookeeper v1.0.4-0.20211212162352-f9d2183d89d5
higress-wasmplugin-test (GO)	Run Ingress WasmPlugins Tests	2026-09-23T08:03:13.2515634Z go: downloading sigs.k8s.io/randfill v1.0.0
higress-wasmplugin-test (GO)	Run Ingress WasmPlugins Tests	2026-09-23T08:03:13.2573829Z go: downloading k8s.io/klog/v2 v2.140.0
higress-wasmplugin-test (GO)	Run Ingress WasmPlugins Tests	2026-09-23T08:03:13.2698079Z go: downloading sigs.k8s.io/structured-merge-diff/v6 v6.4.0
higress-wasmplugin-test (GO)	Run Ingress WasmPlugins Tests	2026-09-23T08:03:13.2716417Z go: downloading github.com/tidwall/gjson v1.17.0
higress-wasmplugin-test (GO)	Run Ingress WasmPlugins Tests	2026-09-23T08:03:13.3027304Z go: downloading golang.org/x/net v0.55.0
higress-wasmplugin-test (GO)	Run Ingress WasmPlugins Tests	2026-09-23T08:03:13.3227934Z go: downloading github.com/google/gnostic-models v0.7.1
higress-wasmplugin-test (GO)	Run Ingress WasmPlugins Tests	2026-09-23T08:03:13.3601416Z go: downloading k8s.io/kube-openapi v0.0.0-20260501160325-927ab1f70cd6
higress-wasmplugin-test (GO)	Run Ingress WasmPlugins Tests	2026-09-23T08:03:13.3616497Z go: downloading github.com/munnerz/goautoneg v0.0.0-20191010083416-a7dc8b61c822
higress-wasmplugin-test (GO)	Run Ingress WasmPlugins Tests	2026-09-23T08:03:13.3772821Z go: downloading golang.org/x/time v0.15.0
higress-wasmplugin-test (GO)	Run Ingress WasmPlugins Tests	2026-09-23T08:03:13.3962127Z go: downloading gopkg.in/evanphx/json-patch.v4 v4.13.0
higress-wasmplugin-test (GO)	Run Ingress WasmPlugins Tests	2026-09-23T08:03:13.5307324Z go: downloading github.com/go-logr/logr v1.4.3
higress-wasmplugin-test (GO)	Run Ingress WasmPlugins Tests	2026-09-23T08:03:13.5542322Z go: downloading gopkg.in/natefinch/lumberjack.v2 v2.2.1
higress-wasmplugin-test (GO)	Run Ingress WasmPlugins Tests	2026-09-23T08:03:13.5877091Z go: downloading github.com/prometheus/client_golang v1.23.2
higress-wasmplugin-test (GO)	Run Ingress WasmPlugins Tests	2026-09-23T08:03:13.5911935Z go: downloading github.com/inconshreveable/mousetrap v1.1.0
higress-wasmplugin-test (GO)	Run Ingress WasmPlugins Tests	2026-09-23T08:03:13.6087350Z go: downloading github.com/klauspost/cpuid/v2 v2.2.7
higress-wasmplugin-test (GO)	Run Ingress WasmPlugins Tests	2026-09-23T08:03:13.6585843Z go: downloading github.com/libdns/libdns v0.2.2
higress-wasmplugin-test (GO)	Run Ingress WasmPlugins Tests	2026-09-23T08:03:13.6673507Z go: downloading github.com/miekg/dns v1.1.72
higress-wasmplugin-test (GO)	Run Ingress WasmPlugins Tests	2026-09-23T08:03:13.6754502Z go: downloading github.com/zeebo/blake3 v0.2.3
higress-wasmplugin-test (GO)	Run Ingress WasmPlugins Tests	2026-09-23T08:03:13.7106330Z go: downloading golang.org/x/crypto v0.51.0
higress-wasmplugin-test (GO)	Run Ingress WasmPlugins Tests	2026-09-23T08:03:13.9036368Z go: downloading github.com/grpc-ecosystem/go-grpc-middleware v1.4.0
higress-wasmplugin-test (GO)	Run Ingress WasmPlugins Tests	2026-09-23T08:03:13.9056541Z go: downloading go.yaml.in/yaml/v2 v2.4.4
higress-wasmplugin-test (GO)	Run Ingress WasmPlugins Tests	2026-09-23T08:03:13.9218859Z go: downloading go.yaml.in/yaml/v3 v3.0.4
higress-wasmplugin-test (GO)	Run Ingress WasmPlugins Tests	2026-09-23T08:03:13.9406382Z go: downloading github.com/cncf/xds/go v0.0.0-20260202195803-dba9d589def2
higress-wasmplugin-test (GO)	Run Ingress WasmPlugins Tests	2026-09-23T08:03:13.9505984Z go: downloading github.com/hashicorp/golang-lru/v2 v2.0.7
higress-wasmplugin-test (GO)	Run Ingress WasmPlugins Tests	2026-09-23T08:03:13.9660700Z go: downloading github.com/hashicorp/golang-lru v0.6.0
higress-wasmplugin-test (GO)	Run Ingress WasmPlugins Tests	2026-09-23T08:03:13.9723642Z go: downloading go.opentelemetry.io/proto/otlp v1.9.0
higress-wasmplugin-test (GO)	Run Ingress WasmPlugins Tests	2026-09-23T08:03:13.9853676Z go: downloading github.com/davecgh/go-spew v1.1.2-0.20180830191138-d8f796af33cc
higress-wasmplugin-test (GO)	Run Ingress WasmPlugins Tests	2026-09-23T08:03:14.0013722Z go: downloading github.com/google/uuid v1.6.0
higress-wasmplugin-test (GO)	Run Ingress WasmPlugins Tests	2026-09-23T08:03:14.0142732Z go: downloading github.com/pmezard/go-difflib v1.0.1-0.20181226105442-5d4384ee4fb2
higress-wasmplugin-test (GO)	Run Ingress WasmPlugins Tests	2026-09-23T08:03:14.0240950Z go: downloading go.uber.org/multierr v1.11.0
higress-wasmplugin-test (GO)	Run Ingress WasmPlugins Tests	2026-09-23T08:03:14.0371185Z go: downloading github.com/yl2chen/cidranger v1.0.2
higress-wasmplugin-test (GO)	Run Ingress WasmPlugins Tests	2026-09-23T08:03:14.0578597Z go: downloading sigs.k8s.io/mcs-api v0.1.1-0.20240624222831-d7001fe1d21c
higress-wasmplugin-test (GO)	Run Ingress WasmPlugins Tests	2026-09-23T08:03:14.0845017Z go: downloading github.com/cespare/xxhash/v2 v2.3.0
higress-wasmplugin-test (GO)	Run Ingress WasmPlugins Tests	2026-09-23T08:03:14.0985998Z go: downloading google.golang.org/genproto/googleapis/rpc v0.0.0-20260427160629-7cedc36a6bc4
higress-wasmplugin-test (GO)	Run Ingress WasmPlugins Tests	2026-09-23T08:03:14.1158890Z go: downloading github.com/Masterminds/sprig/v3 v3.3.0
higress-wasmplugin-test (GO)	Run Ingress WasmPlugins Tests	2026-09-23T08:03:14.1435519Z go: downloading github.com/envoyproxy/protoc-gen-validate v1.3.3
higress-wasmplugin-test (GO)	Run Ingress WasmPlugins Tests	2026-09-23T08:03:14.2038014Z go: downloading github.com/planetscale/vtprotobuf v0.6.1-0.20240409071808-615f978279ca
higress-wasmplugin-test (GO)	Run Ingress WasmPlugins Tests	2026-09-23T08:03:14.2593225Z go: downloading golang.org/x/sync v0.20.0
higress-wasmplugin-test (GO)	Run Ingress WasmPlugins Tests	2026-09-23T08:03:14.2774529Z go: downloading k8s.io/apiserver v0.34.1
higress-wasmplugin-test (GO)	Run Ingress WasmPlugins Tests	2026-09-23T08:03:14.5938733Z go: downloading github.com/grpc-ecosystem/go-grpc-middleware/v2 v2.3.3
higress-wasmplugin-test (GO)	Run Ingress WasmPlugins Tests	2026-09-23T08:03:14.6270436Z go: downloading github.com/alecholmes/xfccparser v0.4.0
higress-wasmplugin-test (GO)	Run Ingress WasmPlugins Tests	2026-09-23T08:03:14.6355799Z go: downloading github.com/coreos/go-oidc/v3 v3.14.1
higress-wasmplugin-test (GO)	Run Ingress WasmPlugins Tests	2026-09-23T08:03:14.6513722Z go: downloading github.com/go-jose/go-jose/v4 v4.1.4
higress-wasmplugin-test (GO)	Run Ingress WasmPlugins Tests	2026-09-23T08:03:14.6888637Z go: downloading go.opencensus.io v0.24.0
higress-wasmplugin-test (GO)	Run Ingress WasmPlugins Tests	2026-09-23T08:03:14.8316111Z go: downloading github.com/evanphx/json-patch/v5 v5.9.11
higress-wasmplugin-test (GO)	Run Ingress WasmPlugins Tests	2026-09-23T08:03:14.8500775Z go: downloading gomodules.xyz/jsonpatch/v2 v2.5.0
higress-wasmplugin-test (GO)	Run Ingress WasmPlugins Tests	2026-09-23T08:03:14.8689199Z go: downloading github.com/hashicorp/errwrap v1.1.0
higress-wasmplugin-test (GO)	Run Ingress WasmPlugins Tests	2026-09-23T08:03:14.8785206Z go: downloading github.com/Masterminds/semver/v3 v3.4.0
higress-wasmplugin-test (GO)	Run Ingress WasmPlugins Tests	2026-09-23T08:03:14.8925733Z go: downloading golang.org/x/term v0.43.0
higress-wasmplugin-test (GO)	Run Ingress WasmPlugins Tests	2026-09-23T08:03:14.9108614Z go: downloading github.com/hashicorp/go-cleanhttp v0.5.2
higress-wasmplugin-test (GO)	Run Ingress WasmPlugins Tests	2026-09-23T08:03:14.9193827Z go: downloading github.com/hashicorp/go-hclog v1.6.3
higress-wasmplugin-test (GO)	Run Ingress WasmPlugins Tests	2026-09-23T08:03:14.9320458Z go: downloading github.com/hashicorp/go-rootcerts v1.0.2
higress-wasmplugin-test (GO)	Run Ingress WasmPlugins Tests	2026-09-23T08:03:14.9433236Z go: downloading github.com/mitchellh/mapstructure v1.5.0
higress-wasmplugin-test (GO)	Run Ingress WasmPlugins Tests	2026-09-23T08:03:14.9562170Z go: downloading github.com/hashicorp/serf v0.10.1
higress-wasmplugin-test (GO)	Run Ingress WasmPlugins Tests	2026-09-23T08:03:15.0141607Z go: downloading golang.org/x/exp v0.0.0-20230713183714-613f0c0eb8a1
higress-wasmplugin-test (GO)	Run Ingress WasmPlugins Tests	2026-09-23T08:03:24.3348294Z go: downloading go.uber.org/goleak v1.3.0
higress-wasmplugin-test (GO)	Run Ingress WasmPlugins Tests	2026-09-23T08:03:24.3348981Z go: downloading github.com/onsi/gomega v1.40.0
higress-wasmplugin-test (GO)	Run Ingress WasmPlugins Tests	2026-09-23T08:03:24.3349449Z go: downloading github.com/google/gofuzz v1.2.0
higress-wasmplugin-test (GO)	Run Ingress WasmPlugins Tests	2026-09-23T08:03:24.3349826Z go: downloading github.com/hashicorp/consul/sdk v0.16.1
higress-wasmplugin-test (GO)	Run Ingress WasmPlugins Tests	2026-09-23T08:03:24.3496238Z go: downloading github.com/hashicorp/go-uuid v1.0.3
higress-wasmplugin-test (GO)	Run Ingress WasmPlugins Tests	2026-09-23T08:03:24.3619945Z go: downloading github.com/cenkalti/backoff/v4 v4.3.0
higress-wasmplugin-test (GO)	Run Ingress WasmPlugins Tests	2026-09-23T08:03:24.3620622Z go: downloading github.com/clbanning/mxj v1.8.4
higress-wasmplugin-test (GO)	Run Ingress WasmPlugins Tests	2026-09-23T08:03:24.3669943Z go: downloading github.com/franela/goreq v0.0.0-20171204163338-bcd34c9993f8
higress-wasmplugin-test (GO)	Run Ingress WasmPlugins Tests	2026-09-23T08:03:24.3717898Z go: downloading github.com/op/go-logging v0.0.0-20160315200505-970db520ece7
higress-wasmplugin-test (GO)	Run Ingress WasmPlugins Tests	2026-09-23T08:03:24.3768167Z go: downloading gopkg.in/gcfg.v1 v1.2.3
higress-wasmplugin-test (GO)	Run Ingress WasmPlugins Tests	2026-09-23T08:03:24.3867454Z go: downloading github.com/smartystreets/goconvey v1.6.4
higress-wasmplugin-test (GO)	Run Ingress WasmPlugins Tests	2026-09-23T08:03:24.4056239Z go: downloading github.com/onsi/ginkgo/v2 v2.28.1
higress-wasmplugin-test (GO)	Run Ingress WasmPlugins Tests	2026-09-23T08:03:24.4063771Z go: downloading github.com/buger/jsonparser v1.1.1
higress-wasmplugin-test (GO)	Run Ingress WasmPlugins Tests	2026-09-23T08:03:24.4149549Z go: downloading github.com/toolkits/concurrent v0.0.0-20150624120057-a4371d70e3e3
higress-wasmplugin-test (GO)	Run Ingress WasmPlugins Tests	2026-09-23T08:03:24.4204400Z go: downloading github.com/golang/mock v1.7.0-rc.1
higress-wasmplugin-test (GO)	Run Ingress WasmPlugins Tests	2026-09-23T08:03:24.4286025Z go: downloading github.com/stretchr/objx v0.5.2
higress-wasmplugin-test (GO)	Run Ingress WasmPlugins Tests	2026-09-23T08:03:24.4516641Z go: downloading sigs.k8s.io/json v0.0.0-20250730193827-2d320260d730
higress-wasmplugin-test (GO)	Run Ingress WasmPlugins Tests	2026-09-23T08:03:24.4707851Z go: downloading gopkg.in/inf.v0 v0.9.1
higress-wasmplugin-test (GO)	Run Ingress WasmPlugins Tests	2026-09-23T08:03:24.4826996Z go: downloading github.com/x448/float16 v0.8.4
higress-wasmplugin-test (GO)	Run Ingress WasmPlugins Tests	2026-09-23T08:03:24.4853832Z go: downloading github.com/tidwall/match v1.1.1
higress-wasmplugin-test (GO)	Run Ingress WasmPlugins Tests	2026-09-23T08:03:24.4943888Z go: downloading github.com/tidwall/pretty v1.2.0
higress-wasmplugin-test (GO)	Run Ingress WasmPlugins Tests	2026-09-23T08:03:24.4976019Z go: downloading github.com/json-iterator/go v1.1.12
higress-wasmplugin-test (GO)	Run Ingress WasmPlugins Tests	2026-09-23T08:03:24.5036147Z go: downloading golang.org/x/oauth2 v0.36.0
higress-wasmplugin-test (GO)	Run Ingress WasmPlugins Tests	2026-09-23T08:03:24.5146137Z go: downloading github.com/go-openapi/swag v0.26.0
higress-wasmplugin-test (GO)	Run Ingress WasmPlugins Tests	2026-09-23T08:03:24.5416288Z go: downloading github.com/beorn7/perks v1.0.1
higress-wasmplugin-test (GO)	Run Ingress WasmPlugins Tests	2026-09-23T08:03:24.5431990Z go: downloading github.com/prometheus/client_model v0.6.2
higress-wasmplugin-test (GO)	Run Ingress WasmPlugins Tests	2026-09-23T08:03:24.5439034Z go: downloading github.com/prometheus/common v0.67.5
higress-wasmplugin-test (GO)	Run Ingress WasmPlugins Tests	2026-09-23T08:03:24.5541393Z go: downloading github.com/prometheus/procfs v0.20.1
higress-wasmplugin-test (GO)	Run Ingress WasmPlugins Tests	2026-09-23T08:03:24.5651923Z go: downloading github.com/onsi/ginkgo v1.16.5
higress-wasmplugin-test (GO)	Run Ingress WasmPlugins Tests	2026-09-23T08:03:24.5841149Z go: downloading golang.org/x/sys v0.45.0
higress-wasmplugin-test (GO)	Run Ingress WasmPlugins Tests	2026-09-23T08:03:24.6390398Z go: downloading golang.org/x/tools v0.45.0
higress-wasmplugin-test (GO)	Run Ingress WasmPlugins Tests	2026-09-23T08:03:24.6488335Z go: downloading github.com/zeebo/assert v1.3.0
higress-wasmplugin-test (GO)	Run Ingress WasmPlugins Tests	2026-09-23T08:03:24.6596145Z go: downloading golang.org/x/text v0.37.0
higress-wasmplugin-test (GO)	Run Ingress WasmPlugins Tests	2026-09-23T08:03:25.0442850Z go: downloading gopkg.in/check.v1 v1.0.0-20201130134442-10cb98267c6c
higress-wasmplugin-test (GO)	Run Ingress WasmPlugins Tests	2026-09-23T08:03:25.0562859Z go: downloading go.opentelemetry.io/otel v1.43.0
higress-wasmplugin-test (GO)	Run Ingress WasmPlugins Tests	2026-09-23T08:03:25.1473326Z go: downloading go.opentelemetry.io/otel/exporters/prometheus v0.57.0
higress-wasmplugin-test (GO)	Run Ingress WasmPlugins Tests	2026-09-23T08:03:25.1474263Z go: downloading go.opentelemetry.io/otel/metric v1.43.0
higress-wasmplugin-test (GO)	Run Ingress WasmPlugins Tests	2026-09-23T08:03:25.3174649Z go: downloading go.opentelemetry.io/otel/sdk/metric v1.43.0
higress-wasmplugin-test (GO)	Run Ingress WasmPlugins Tests	2026-09-23T08:03:25.3177848Z go: downloading github.com/gorilla/mux v1.8.1
higress-wasmplugin-test (GO)	Run Ingress WasmPlugins Tests	2026-09-23T08:03:25.3178632Z go: downloading github.com/AdaLogics/go-fuzz-headers v0.0.0-20240806141605-e8a1dd7889d6
higress-wasmplugin-test (GO)	Run Ingress WasmPlugins Tests	2026-09-23T08:03:25.3179393Z go: downloading github.com/mitchellh/copystructure v1.2.0
higress-wasmplugin-test (GO)	Run Ingress WasmPlugins Tests	2026-09-23T08:03:25.3346599Z go: downloading github.com/liggitt/tabwriter v0.0.0-20181228230101-89fcab3d43de
higress-wasmplugin-test (GO)	Run Ingress WasmPlugins Tests	2026-09-23T08:03:25.3406388Z go: downloading github.com/moby/term v0.5.2
higress-wasmplugin-test (GO)	Run Ingress WasmPlugins Tests	2026-09-23T08:03:25.3457395Z go: downloading sigs.k8s.io/kustomize/api v0.21.1
higress-wasmplugin-test (GO)	Run Ingress WasmPlugins Tests	2026-09-23T08:03:25.3479573Z go: downloading sigs.k8s.io/kustomize/kyaml v0.21.1
higress-wasmplugin-test (GO)	Run Ingress WasmPlugins Tests	2026-09-23T08:03:25.3480208Z go: downloading go.opentelemetry.io/otel/sdk v1.43.0
higress-wasmplugin-test (GO)	Run Ingress WasmPlugins Tests	2026-09-23T08:03:25.3752786Z go: downloading github.com/gregjones/httpcache v0.0.0-20190611155906-901d90724c79
higress-wasmplugin-test (GO)	Run Ingress WasmPlugins Tests	2026-09-23T08:03:25.3895812Z go: downloading github.com/peterbourgon/diskv v2.0.1+incompatible
higress-wasmplugin-test (GO)	Run Ingress WasmPlugins Tests	2026-09-23T08:03:25.4061781Z go: downloading github.com/fsnotify/fsnotify v1.9.0
higress-wasmplugin-test (GO)	Run Ingress WasmPlugins Tests	2026-09-23T08:03:25.4279724Z go: downloading github.com/hashicorp/go-version v1.7.0
higress-wasmplugin-test (GO)	Run Ingress WasmPlugins Tests	2026-09-23T08:03:25.4346400Z go: downloading github.com/openshift/api v0.0.0-20250507150912-7318813e48da
higress-wasmplugin-test (GO)	Run Ingress WasmPlugins Tests	2026-09-23T08:03:25.4376243Z go: downloading github.com/prometheus/prometheus v0.307.1
higress-wasmplugin-test (GO)	Run Ingress WasmPlugins Tests	2026-09-23T08:03:25.4806744Z go: downloading cloud.google.com/go/logging v1.13.0
higress-wasmplugin-test (GO)	Run Ingress WasmPlugins Tests	2026-09-23T08:03:25.5154770Z go: downloading cloud.google.com/go v0.120.0
higress-wasmplugin-test (GO)	Run Ingress WasmPlugins Tests	2026-09-23T08:03:25.5747366Z go: downloading google.golang.org/api v0.250.0
higress-wasmplugin-test (GO)	Run Ingress WasmPlugins Tests	2026-09-23T08:03:25.9700785Z go: downloading dario.cat/mergo v1.0.2
higress-wasmplugin-test (GO)	Run Ingress WasmPlugins Tests	2026-09-23T08:03:25.9701708Z go: downloading github.com/Masterminds/goutils v1.1.1
higress-wasmplugin-test (GO)	Run Ingress WasmPlugins Tests	2026-09-23T08:03:25.9834282Z go: downloading github.com/huandu/xstrings v1.5.0
higress-wasmplugin-test (GO)	Run Ingress WasmPlugins Tests	2026-09-23T08:03:25.9856901Z go: downloading github.com/shopspring/decimal v1.4.0
higress-wasmplugin-test (GO)	Run Ingress WasmPlugins Tests	2026-09-23T08:03:25.9919463Z go: downloading github.com/spf13/cast v1.8.0
higress-wasmplugin-test (GO)	Run Ingress WasmPlugins Tests	2026-09-23T08:03:26.0037829Z go: downloading github.com/google/cel-go v0.26.0
higress-wasmplugin-test (GO)	Run Ingress WasmPlugins Tests	2026-09-23T08:03:26.0038656Z go: downloading github.com/lestrrat-go/jwx v1.2.31
higress-wasmplugin-test (GO)	Run Ingress WasmPlugins Tests	2026-09-23T08:03:26.0368253Z go: downloading github.com/moby/spdystream v0.5.1
higress-wasmplugin-test (GO)	Run Ingress WasmPlugins Tests	2026-09-23T08:03:26.0526334Z go: downloading github.com/armon/go-socks5 v0.0.0-20160902184237-e75332964ef5
higress-wasmplugin-test (GO)	Run Ingress WasmPlugins Tests	2026-09-23T08:03:26.0573690Z go: downloading github.com/gorilla/websocket v1.5.4-0.20250319132907-e064f32e3674
higress-wasmplugin-test (GO)	Run Ingress WasmPlugins Tests	2026-09-23T08:03:26.0635557Z go: downloading github.com/alecthomas/participle/v2 v2.1.4
higress-wasmplugin-test (GO)	Run Ingress WasmPlugins Tests	2026-09-23T08:03:26.0887960Z go: downloading github.com/evanphx/json-patch v5.9.11+incompatible
higress-wasmplugin-test (GO)	Run Ingress WasmPlugins Tests	2026-09-23T08:03:26.0967159Z go: downloading k8s.io/component-base v0.34.1
higress-wasmplugin-test (GO)	Run Ingress WasmPlugins Tests	2026-09-23T08:03:26.1529463Z go: downloading github.com/fatih/color v1.18.0
higress-wasmplugin-test (GO)	Run Ingress WasmPlugins Tests	2026-09-23T08:03:26.1531332Z go: downloading github.com/mattn/go-colorable v0.1.14
higress-wasmplugin-test (GO)	Run Ingress WasmPlugins Tests	2026-09-23T08:03:26.1532210Z go: downloading github.com/mattn/go-isatty v0.0.20
higress-wasmplugin-test (GO)	Run Ingress WasmPlugins Tests	2026-09-23T08:03:26.1638921Z go: downloading github.com/mitchellh/go-homedir v1.1.0
higress-wasmplugin-test (GO)	Run Ingress WasmPlugins Tests	2026-09-23T08:03:26.1644813Z go: downloading github.com/hashicorp/go-msgpack v0.5.5
higress-wasmplugin-test (GO)	Run Ingress WasmPlugins Tests	2026-09-23T08:03:26.1645884Z go: downloading github.com/armon/go-metrics v0.4.1
higress-wasmplugin-test (GO)	Run Ingress WasmPlugins Tests	2026-09-23T08:03:26.1730234Z go: downloading github.com/hashicorp/memberlist v0.5.0
higress-wasmplugin-test (GO)	Run Ingress WasmPlugins Tests	2026-09-23T08:03:26.1822309Z go: downloading github.com/franela/goblin v0.0.0-20210519012713-85d372ac71e2
higress-wasmplugin-test (GO)	Run Ingress WasmPlugins Tests	2026-09-23T08:03:26.1882061Z go: downloading gopkg.in/warnings.v0 v0.1.2
higress-wasmplugin-test (GO)	Run Ingress WasmPlugins Tests	2026-09-23T08:03:26.1972064Z go: downloading github.com/go-logr/zapr v1.3.0
higress-wasmplugin-test (GO)	Run Ingress WasmPlugins Tests	2026-09-23T08:03:26.1974236Z go: downloading github.com/aliyun/alibaba-cloud-sdk-go v1.61.1800
higress-wasmplugin-test (GO)	Run Ingress WasmPlugins Tests	2026-09-23T08:03:26.1979294Z go: downloading github.com/lestrrat/go-file-rotatelogs v0.0.0-20180223000712-d3151e2a480f
higress-wasmplugin-test (GO)	Run Ingress WasmPlugins Tests	2026-09-23T08:03:26.2081304Z go: downloading github.com/aliyun/aliyun-secretsmanager-client-go v1.1.5
higress-wasmplugin-test (GO)	Run Ingress WasmPlugins Tests	2026-09-23T08:03:26.2100163Z go: downloading github.com/aliyun/credentials-go v1.4.3
higress-wasmplugin-test (GO)	Run Ingress WasmPlugins Tests	2026-09-23T08:03:26.2243578Z go: downloading github.com/alibabacloud-go/darabonba-openapi/v2 v2.0.10
higress-wasmplugin-test (GO)	Run Ingress WasmPlugins Tests	2026-09-23T08:03:26.2351085Z go: downloading github.com/alibabacloud-go/kms-20160120/v3 v3.2.3
higress-wasmplugin-test (GO)	Run Ingress WasmPlugins Tests	2026-09-23T08:03:26.2377031Z go: downloading github.com/alibabacloud-go/tea-utils/v2 v2.0.7
higress-wasmplugin-test (GO)	Run Ingress WasmPlugins Tests	2026-09-23T08:03:26.2488355Z go: downloading github.com/alibabacloud-go/tea-utils v1.4.4
higress-wasmplugin-test (GO)	Run Ingress WasmPlugins Tests	2026-09-23T08:03:26.2517042Z go: downloading github.com/alibabacloud-go/tea v1.2.2
higress-wasmplugin-test (GO)	Run Ingress WasmPlugins Tests	2026-09-23T08:03:26.2597017Z go: downloading github.com/aliyun/alibabacloud-dkms-gcs-go-sdk v0.5.1
higress-wasmplugin-test (GO)	Run Ingress WasmPlugins Tests	2026-09-23T08:03:26.2652636Z go: downloading github.com/aliyun/alibabacloud-dkms-transfer-go-sdk v0.1.8
higress-wasmplugin-test (GO)	Run Ingress WasmPlugins Tests	2026-09-23T08:03:26.2751311Z go: downloading k8s.io/kubectl v0.33.3
higress-wasmplugin-test (GO)	Run Ingress WasmPlugins Tests	2026-09-23T08:03:26.2851379Z go: downloading github.com/jtolds/gls v4.20.0+incompatible
higress-wasmplugin-test (GO)	Run Ingress WasmPlugins Tests	2026-09-23T08:03:26.2946499Z go: downloading github.com/smartystreets/assertions v1.1.0
higress-wasmplugin-test (GO)	Run Ingress WasmPlugins Tests	2026-09-23T08:03:26.3228123Z go: downloading github.com/go-openapi/jsonreference v0.21.5
higress-wasmplugin-test (GO)	Run Ingress WasmPlugins Tests	2026-09-23T08:03:26.3405727Z go: downloading github.com/modern-go/concurrent v0.0.0-20180306012644-bacd9c7ef1dd
higress-wasmplugin-test (GO)	Run Ingress WasmPlugins Tests	2026-09-23T08:03:26.3525169Z go: downloading github.com/modern-go/reflect2 v1.0.3-0.20250322232337-35a7c28c31ee
higress-wasmplugin-test (GO)	Run Ingress WasmPlugins Tests	2026-09-23T08:03:26.3656962Z go: downloading github.com/go-openapi/swag/cmdutils v0.26.0
higress-wasmplugin-test (GO)	Run Ingress WasmPlugins Tests	2026-09-23T08:03:26.3826409Z go: downloading github.com/go-openapi/swag/conv v0.26.0
higress-wasmplugin-test (GO)	Run Ingress WasmPlugins Tests	2026-09-23T08:03:26.3946066Z go: downloading github.com/go-openapi/swag/fileutils v0.26.0
higress-wasmplugin-test (GO)	Run Ingress WasmPlugins Tests	2026-09-23T08:03:26.4046189Z go: downloading github.com/go-openapi/swag/jsonname v0.26.0
higress-wasmplugin-test (GO)	Run Ingress WasmPlugins Tests	2026-09-23T08:03:26.4138057Z go: downloading github.com/go-openapi/swag/jsonutils v0.26.0
higress-wasmplugin-test (GO)	Run Ingress WasmPlugins Tests	2026-09-23T08:03:26.4346453Z go: downloading github.com/go-openapi/swag/loading v0.26.0
higress-wasmplugin-test (GO)	Run Ingress WasmPlugins Tests	2026-09-23T08:03:26.4726496Z go: downloading github.com/go-openapi/swag/mangling v0.26.0
higress-wasmplugin-test (GO)	Run Ingress WasmPlugins Tests	2026-09-23T08:03:26.4886364Z go: downloading github.com/go-openapi/swag/netutils v0.26.0
higress-wasmplugin-test (GO)	Run Ingress WasmPlugins Tests	2026-09-23T08:03:26.4962338Z go: downloading github.com/go-openapi/swag/stringutils v0.26.0
higress-wasmplugin-test (GO)	Run Ingress WasmPlugins Tests	2026-09-23T08:03:26.5056538Z go: downloading github.com/go-openapi/swag/typeutils v0.26.0
higress-wasmplugin-test (GO)	Run Ingress WasmPlugins Tests	2026-09-23T08:03:26.5142612Z go: downloading github.com/go-openapi/swag/yamlutils v0.26.0
higress-wasmplugin-test (GO)	Run Ingress WasmPlugins Tests	2026-09-23T08:03:26.5254862Z go: downloading github.com/go-openapi/testify/v2 v2.4.2
higress-wasmplugin-test (GO)	Run Ingress WasmPlugins Tests	2026-09-23T08:03:26.6145878Z go: downloading github.com/klauspost/compress v1.18.0
higress-wasmplugin-test (GO)	Run Ingress WasmPlugins Tests	2026-09-23T08:03:26.6714190Z go: downloading github.com/kr/pretty v0.3.1
higress-wasmplugin-test (GO)	Run Ingress WasmPlugins Tests	2026-09-23T08:03:26.6818796Z go: downloading go.opentelemetry.io/otel/trace v1.43.0
higress-wasmplugin-test (GO)	Run Ingress WasmPlugins Tests	2026-09-23T08:03:26.7011889Z go: downloading github.com/go-logr/stdr v1.2.2
higress-wasmplugin-test (GO)	Run Ingress WasmPlugins Tests	2026-09-23T08:03:26.7247741Z go: downloading github.com/mitchellh/reflectwalk v1.0.2
higress-wasmplugin-test (GO)	Run Ingress WasmPlugins Tests	2026-09-23T08:03:26.7343161Z go: downloading github.com/creack/pty v1.1.18
higress-wasmplugin-test (GO)	Run Ingress WasmPlugins Tests	2026-09-23T08:03:26.7635552Z go: downloading github.com/google/btree v1.1.3
higress-wasmplugin-test (GO)	Run Ingress WasmPlugins Tests	2026-09-23T08:03:26.7976681Z go: downloading github.com/googleapis/gax-go/v2 v2.15.0
higress-wasmplugin-test (GO)	Run Ingress WasmPlugins Tests	2026-09-23T08:03:29.0620123Z go: downloading github.com/grafana/regexp v0.0.0-20250905093917-f7b3be9d1853
higress-wasmplugin-test (GO)	Run Ingress WasmPlugins Tests	2026-09-23T08:03:29.0657993Z go: downloading github.com/frankban/quicktest v1.14.6
higress-wasmplugin-test (GO)	Run Ingress WasmPlugins Tests	2026-09-23T08:03:29.0700913Z go: downloading github.com/mxk/go-flowrate v0.0.0-20140419014527-cca7078d478f
higress-wasmplugin-test (GO)	Run Ingress WasmPlugins Tests	2026-09-23T08:03:29.0806107Z go: downloading github.com/decred/dcrd/dcrec/secp256k1/v4 v4.4.0
higress-wasmplugin-test (GO)	Run Ingress WasmPlugins Tests	2026-09-23T08:03:29.0885845Z go: downloading github.com/lestrrat-go/backoff/v2 v2.0.8
higress-wasmplugin-test (GO)	Run Ingress WasmPlugins Tests	2026-09-23T08:03:29.0989697Z go: downloading github.com/lestrrat-go/blackmagic v1.0.3
higress-wasmplugin-test (GO)	Run Ingress WasmPlugins Tests	2026-09-23T08:03:29.1098058Z go: downloading github.com/lestrrat-go/httpcc v1.0.1
higress-wasmplugin-test (GO)	Run Ingress WasmPlugins Tests	2026-09-23T08:03:29.1109459Z go: downloading github.com/lestrrat-go/iter v1.0.2
higress-wasmplugin-test (GO)	Run Ingress WasmPlugins Tests	2026-09-23T08:03:29.1277236Z go: downloading github.com/lestrrat-go/option v1.0.1
higress-wasmplugin-test (GO)	Run Ingress WasmPlugins Tests	2026-09-23T08:03:29.1283852Z go: downloading github.com/alecthomas/assert/v2 v2.11.0
higress-wasmplugin-test (GO)	Run Ingress WasmPlugins Tests	2026-09-23T08:03:29.1329398Z go: downloading github.com/alecthomas/repr v0.4.0
higress-wasmplugin-test (GO)	Run Ingress WasmPlugins Tests	2026-09-23T08:03:29.1427122Z go: downloading github.com/golang/groupcache v0.0.0-20241129210726-2c02b8208cf8
higress-wasmplugin-test (GO)	Run Ingress WasmPlugins Tests	2026-09-23T08:03:29.1506443Z go: downloading github.com/blang/semver/v4 v4.0.0
higress-wasmplugin-test (GO)	Run Ingress WasmPlugins Tests	2026-09-23T08:03:29.1526515Z go: downloading cel.dev/expr v0.25.1
higress-wasmplugin-test (GO)	Run Ingress WasmPlugins Tests	2026-09-23T08:03:29.1527134Z go: downloading github.com/stoewer/go-strcase v1.3.0
higress-wasmplugin-test (GO)	Run Ingress WasmPlugins Tests	2026-09-23T08:03:29.1607373Z go: downloading github.com/docker/cli v28.1.1+incompatible
higress-wasmplugin-test (GO)	Run Ingress WasmPlugins Tests	2026-09-23T08:03:29.1860412Z go: downloading github.com/google/go-containerregistry v0.20.3
higress-wasmplugin-test (GO)	Run Ingress WasmPlugins Tests	2026-09-23T08:03:29.4041576Z go: downloading github.com/tetratelabs/wazero v1.9.0
higress-wasmplugin-test (GO)	Run Ingress WasmPlugins Tests	2026-09-23T08:03:29.5276660Z go: downloading github.com/hashicorp/go-immutable-radix v1.3.1
higress-wasmplugin-test (GO)	Run Ingress WasmPlugins Tests	2026-09-23T08:03:29.5278580Z go: downloading github.com/pascaldekloe/goe v0.1.0
higress-wasmplugin-test (GO)	Run Ingress WasmPlugins Tests	2026-09-23T08:03:29.5592800Z go: downloading github.com/hashicorp/go-sockaddr v1.0.2
higress-wasmplugin-test (GO)	Run Ingress WasmPlugins Tests	2026-09-23T08:03:29.5623290Z go: downloading github.com/sean-/seed v0.0.0-20170313163322-e2103e2c3529
higress-wasmplugin-test (GO)	Run Ingress WasmPlugins Tests	2026-09-23T08:03:29.5750848Z go: downloading github.com/lestrrat/go-strftime v0.0.0-20180220042222-ba3bf9c1d042
higress-wasmplugin-test (GO)	Run Ingress WasmPlugins Tests	2026-09-23T08:03:29.5930069Z go: downloading github.com/jonboulle/clockwork v0.5.0
higress-wasmplugin-test (GO)	Run Ingress WasmPlugins Tests	2026-09-23T08:03:30.6339086Z go: downloading github.com/orcaman/concurrent-map v0.0.0-20210501183033-44dafcb38ecc
higress-wasmplugin-test (GO)	Run Ingress WasmPlugins Tests	2026-09-23T08:03:30.6434546Z go: downloading github.com/alibabacloud-go/alibabacloud-gateway-spi v0.0.5
higress-wasmplugin-test (GO)	Run Ingress WasmPlugins Tests	2026-09-23T08:03:30.6521121Z go: downloading github.com/alibabacloud-go/openapi-util v0.1.0
higress-wasmplugin-test (GO)	Run Ingress WasmPlugins Tests	2026-09-23T08:03:30.6614346Z go: downloading github.com/alibabacloud-go/tea-xml v1.1.3
higress-wasmplugin-test (GO)	Run Ingress WasmPlugins Tests	2026-09-23T08:03:30.6702136Z go: downloading github.com/alibabacloud-go/alibabacloud-gateway-pop v0.0.6
higress-wasmplugin-test (GO)	Run Ingress WasmPlugins Tests	2026-09-23T08:03:30.6786930Z go: downloading github.com/alibabacloud-go/debug v1.0.1
higress-wasmplugin-test (GO)	Run Ingress WasmPlugins Tests	2026-09-23T08:03:30.6876770Z go: downloading gopkg.in/ini.v1 v1.67.0
higress-wasmplugin-test (GO)	Run Ingress WasmPlugins Tests	2026-09-23T08:03:30.7023254Z go: downloading github.com/alibabacloud-go/endpoint-util v1.1.0
higress-wasmplugin-test (GO)	Run Ingress WasmPlugins Tests	2026-09-23T08:03:30.7102158Z go: downloading github.com/alibabacloud-go/darabonba-array v0.1.0
higress-wasmplugin-test (GO)	Run Ingress WasmPlugins Tests	2026-09-23T08:03:30.7181299Z go: downloading github.com/alibabacloud-go/darabonba-map v0.0.2
higress-wasmplugin-test (GO)	Run Ingress WasmPlugins Tests	2026-09-23T08:03:30.7287449Z go: downloading github.com/alibabacloud-go/darabonba-string v1.0.2
higress-wasmplugin-test (GO)	Run Ingress WasmPlugins Tests	2026-09-23T08:03:31.1357967Z go: downloading github.com/gopherjs/gopherjs v0.0.0-20200217142428-fce0ec30dd00
higress-wasmplugin-test (GO)	Run Ingress WasmPlugins Tests	2026-09-23T08:03:31.1360774Z go: downloading github.com/emicklei/go-restful/v3 v3.13.0
higress-wasmplugin-test (GO)	Run Ingress WasmPlugins Tests	2026-09-23T08:03:31.1361644Z go: downloading github.com/go-openapi/swag/jsonutils/fixtures_test v0.26.0
higress-wasmplugin-test (GO)	Run Ingress WasmPlugins Tests	2026-09-23T08:03:31.1362487Z go: downloading github.com/go-openapi/jsonpointer v0.23.1
higress-wasmplugin-test (GO)	Run Ingress WasmPlugins Tests	2026-09-23T08:03:31.1506264Z go: downloading github.com/go-openapi/testify/enable/yaml/v2 v2.4.2
higress-wasmplugin-test (GO)	Run Ingress WasmPlugins Tests	2026-09-23T08:03:31.1565289Z go: downloading github.com/kylelemons/godebug v1.1.0
higress-wasmplugin-test (GO)	Run Ingress WasmPlugins Tests	2026-09-23T08:03:31.1635474Z go: downloading golang.org/x/mod v0.36.0
higress-wasmplugin-test (GO)	Run Ingress WasmPlugins Tests	2026-09-23T08:03:31.1673319Z go: downloading github.com/kr/text v0.2.0
higress-wasmplugin-test (GO)	Run Ingress WasmPlugins Tests	2026-09-23T08:03:31.1797247Z go: downloading github.com/rogpeppe/go-internal v1.14.1
higress-wasmplugin-test (GO)	Run Ingress WasmPlugins Tests	2026-09-23T08:03:31.1827331Z go: downloading go.opentelemetry.io/auto/sdk v1.2.1
higress-wasmplugin-test (GO)	Run Ingress WasmPlugins Tests	2026-09-23T08:03:31.2009715Z go: downloading github.com/Azure/go-ansiterm v0.0.0-20250102033503-faa5f7b0171c
higress-wasmplugin-test (GO)	Run Ingress WasmPlugins Tests	2026-09-23T08:03:31.2010538Z go: downloading github.com/sergi/go-diff v1.4.0
higress-wasmplugin-test (GO)	Run Ingress WasmPlugins Tests	2026-09-23T08:03:31.2144174Z go: downloading helm.sh/helm/v3 v3.18.5
higress-wasmplugin-test (GO)	Run Ingress WasmPlugins Tests	2026-09-23T08:03:31.5080261Z go: downloading cloud.google.com/go/longrunning v0.6.7
higress-wasmplugin-test (GO)	Run Ingress WasmPlugins Tests	2026-09-23T08:03:31.5082225Z go: downloading cloud.google.com/go/compute/metadata v0.9.0
higress-wasmplugin-test (GO)	Run Ingress WasmPlugins Tests	2026-09-23T08:03:31.5206361Z go: downloading cloud.google.com/go/auth v0.16.5
higress-wasmplugin-test (GO)	Run Ingress WasmPlugins Tests	2026-09-23T08:03:31.5224897Z go: downloading gonum.org/v1/gonum v0.17.0
higress-wasmplugin-test (GO)	Run Ingress WasmPlugins Tests	2026-09-23T08:03:31.5225805Z go: downloading github.com/goccy/go-json v0.10.5
higress-wasmplugin-test (GO)	Run Ingress WasmPlugins Tests	2026-09-23T08:03:31.5226377Z go: downloading github.com/hexops/gotextdiff v1.0.3
higress-wasmplugin-test (GO)	Run Ingress WasmPlugins Tests	2026-09-23T08:03:31.5398251Z go: downloading sigs.k8s.io/apiserver-network-proxy/konnectivity-client v0.34.0
higress-wasmplugin-test (GO)	Run Ingress WasmPlugins Tests	2026-09-23T08:03:31.5580582Z go: downloading go.opentelemetry.io/contrib/instrumentation/net/http/otelhttp v0.65.0
higress-wasmplugin-test (GO)	Run Ingress WasmPlugins Tests	2026-09-23T08:03:31.5801120Z go: downloading go.opentelemetry.io/otel/exporters/otlp/otlptrace/otlptracegrpc v1.40.0
higress-wasmplugin-test (GO)	Run Ingress WasmPlugins Tests	2026-09-23T08:03:31.5802389Z go: downloading github.com/antlr4-go/antlr/v4 v4.13.1
higress-wasmplugin-test (GO)	Run Ingress WasmPlugins Tests	2026-09-23T08:03:31.5837925Z go: downloading github.com/opencontainers/go-digest v1.0.0
higress-wasmplugin-test (GO)	Run Ingress WasmPlugins Tests	2026-09-23T08:03:31.5976493Z go: downloading go.opentelemetry.io/otel/exporters/otlp/otlptrace v1.40.0
higress-wasmplugin-test (GO)	Run Ingress WasmPlugins Tests	2026-09-23T08:03:31.6084346Z go: downloading github.com/sirupsen/logrus v1.9.3
higress-wasmplugin-test (GO)	Run Ingress WasmPlugins Tests	2026-09-23T08:03:31.6185194Z go: downloading gotest.tools/v3 v3.5.1
higress-wasmplugin-test (GO)	Run Ingress WasmPlugins Tests	2026-09-23T08:03:31.6497174Z go: downloading github.com/fastly/go-utils v0.0.0-20180712184237-d95a45783239
higress-wasmplugin-test (GO)	Run Ingress WasmPlugins Tests	2026-09-23T08:03:31.6516465Z go: downloading github.com/jehiah/go-strftime v0.0.0-20171201141054-1d33003b3869
higress-wasmplugin-test (GO)	Run Ingress WasmPlugins Tests	2026-09-23T08:03:31.6517515Z go: downloading github.com/lestrrat/go-envload v0.0.0-20180220120943-6ed08b54a570
higress-wasmplugin-test (GO)	Run Ingress WasmPlugins Tests	2026-09-23T08:03:31.6620091Z go: downloading github.com/tebeka/strftime v0.1.3
higress-wasmplugin-test (GO)	Run Ingress WasmPlugins Tests	2026-09-23T08:03:31.6625137Z go: downloading github.com/deckarep/golang-set v1.7.1
higress-wasmplugin-test (GO)	Run Ingress WasmPlugins Tests	2026-09-23T08:03:31.6736087Z go: downloading github.com/tjfoc/gmsm v1.4.1
higress-wasmplugin-test (GO)	Run Ingress WasmPlugins Tests	2026-09-23T08:03:31.6750271Z go: downloading github.com/clbanning/mxj/v2 v2.5.5
higress-wasmplugin-test (GO)	Run Ingress WasmPlugins Tests	2026-09-23T08:03:31.6756316Z go: downloading github.com/alibabacloud-go/darabonba-encode-util v0.0.2
higress-wasmplugin-test (GO)	Run Ingress WasmPlugins Tests	2026-09-23T08:03:31.6867906Z go: downloading github.com/alibabacloud-go/darabonba-signature-util v0.0.7
higress-wasmplugin-test (GO)	Run Ingress WasmPlugins Tests	2026-09-23T08:03:31.6995704Z go: downloading github.com/jmespath/go-jmespath v0.4.0
higress-wasmplugin-test (GO)	Run Ingress WasmPlugins Tests	2026-09-23T08:03:31.7175990Z go: downloading github.com/go-task/slim-sprig/v3 v3.0.0
higress-wasmplugin-test (GO)	Run Ingress WasmPlugins Tests	2026-09-23T08:03:31.7436928Z go: downloading github.com/go-task/slim-sprig v0.0.0-20230315185526-52ccab3ef572
higress-wasmplugin-test (GO)	Run Ingress WasmPlugins Tests	2026-09-23T08:03:31.7552873Z go: downloading github.com/zeebo/pcg v1.0.1
higress-wasmplugin-test (GO)	Run Ingress WasmPlugins Tests	2026-09-23T08:03:31.7676228Z go: downloading github.com/monochromegane/go-gitignore v0.0.0-20200626010858-205db1a8cc00
higress-wasmplugin-test (GO)	Run Ingress WasmPlugins Tests	2026-09-23T08:03:31.7689164Z go: downloading github.com/xlab/treeprint v1.2.0
higress-wasmplugin-test (GO)	Run Ingress WasmPlugins Tests	2026-09-23T08:03:31.7781374Z go: downloading github.com/cyphar/filepath-securejoin v0.4.1
higress-wasmplugin-test (GO)	Run Ingress WasmPlugins Tests	2026-09-23T08:03:31.7794141Z go: downloading github.com/santhosh-tekuri/jsonschema/v6 v6.0.2
higress-wasmplugin-test (GO)	Run Ingress WasmPlugins Tests	2026-09-23T08:03:31.8056707Z go: downloading github.com/BurntSushi/toml v1.5.0
higress-wasmplugin-test (GO)	Run Ingress WasmPlugins Tests	2026-09-23T08:03:31.8106047Z go: downloading github.com/gobwas/glob v0.2.3
higress-wasmplugin-test (GO)	Run Ingress WasmPlugins Tests	2026-09-23T08:03:31.8207428Z go: downloading cloud.google.com/go/auth/oauth2adapt v0.2.8
higress-wasmplugin-test (GO)	Run Ingress WasmPlugins Tests	2026-09-23T08:03:31.8381881Z go: downloading go.opentelemetry.io/contrib/instrumentation/google.golang.org/grpc/otelgrpc v0.65.0
higress-wasmplugin-test (GO)	Run Ingress WasmPlugins Tests	2026-09-23T08:03:31.8469950Z go: downloading github.com/google/s2a-go v0.1.9
higress-wasmplugin-test (GO)	Run Ingress WasmPlugins Tests	2026-09-23T08:03:31.8578059Z go: downloading github.com/ryanuber/go-glob v1.0.0
higress-wasmplugin-test (GO)	Run Ingress WasmPlugins Tests	2026-09-23T08:03:31.8907749Z go: downloading github.com/felixge/httpsnoop v1.0.4
higress-wasmplugin-test (GO)	Run Ingress WasmPlugins Tests	2026-09-23T08:03:31.9152699Z go: downloading go.etcd.io/etcd/client/pkg/v3 v3.6.4
higress-wasmplugin-test (GO)	Run Ingress WasmPlugins Tests	2026-09-23T08:03:31.9391042Z go: downloading go.etcd.io/etcd v0.0.0-20191023171146-3cf2f69b5738
higress-wasmplugin-test (GO)	Run Ingress WasmPlugins Tests	2026-09-23T08:03:31.9403187Z go: downloading go.etcd.io/etcd/client/v3 v3.6.4
higress-wasmplugin-test (GO)	Run Ingress WasmPlugins Tests	2026-09-23T08:03:32.3283450Z go: downloading github.com/docker/distribution v0.0.0-20191216044856-a8371794149d
higress-wasmplugin-test (GO)	Run Ingress WasmPlugins Tests	2026-09-23T08:03:32.3284256Z go: downloading github.com/docker/docker-credential-helpers v0.9.3
higress-wasmplugin-test (GO)	Run Ingress WasmPlugins Tests	2026-09-23T08:03:32.3284763Z go: downloading github.com/containerd/stargz-snapshotter/estargz v0.16.3
higress-wasmplugin-test (GO)	Run Ingress WasmPlugins Tests	2026-09-23T08:03:32.3514272Z go: downloading github.com/opencontainers/image-spec v1.1.1
higress-wasmplugin-test (GO)	Run Ingress WasmPlugins Tests	2026-09-23T08:03:32.3540804Z go: downloading github.com/google/pprof v0.0.0-20260115054156-294ebfa9ad83
higress-wasmplugin-test (GO)	Run Ingress WasmPlugins Tests	2026-09-23T08:03:32.3546522Z go: downloading github.com/jmespath/go-jmespath/internal/testify v1.5.1
higress-wasmplugin-test (GO)	Run Ingress WasmPlugins Tests	2026-09-23T08:03:32.3857033Z go: downloading github.com/googleapis/enterprise-certificate-proxy v0.3.6
higress-wasmplugin-test (GO)	Run Ingress WasmPlugins Tests	2026-09-23T08:03:32.3955578Z go: downloading cloud.google.com/go/iam v1.5.2
higress-wasmplugin-test (GO)	Run Ingress WasmPlugins Tests	2026-09-23T08:03:32.4106543Z go: downloading go.etcd.io/etcd/api/v3 v3.6.4
higress-wasmplugin-test (GO)	Run Ingress WasmPlugins Tests	2026-09-23T08:03:32.4337814Z go: downloading github.com/coreos/go-systemd/v22 v22.6.0
higress-wasmplugin-test (GO)	Run Ingress WasmPlugins Tests	2026-09-23T08:03:32.4349544Z go: downloading github.com/coreos/go-semver v0.3.1
higress-wasmplugin-test (GO)	Run Ingress WasmPlugins Tests	2026-09-23T08:03:32.4481434Z go: downloading github.com/vbatts/tar-split v0.12.1
higress-wasmplugin-test (GO)	Run Ingress WasmPlugins Tests	2026-09-23T08:03:32.4484092Z go: downloading github.com/cenkalti/backoff/v5 v5.0.3
higress-wasmplugin-test (GO)	Run Ingress WasmPlugins Tests	2026-09-23T08:03:32.4587046Z go: downloading github.com/grpc-ecosystem/grpc-gateway/v2 v2.27.7
higress-wasmplugin-test (GO)	Run Ingress WasmPlugins Tests	2026-09-23T08:03:32.4616463Z go: downloading github.com/coreos/go-systemd v0.0.0-20180511133405-39ca1b05acc7
higress-wasmplugin-test (GO)	Run Ingress WasmPlugins Tests	2026-09-23T08:03:32.7964645Z GOPROXY="https://proxy.golang.org,direct" GOOS=linux GOARCH=amd64 LDFLAGS='-X github.com/alibaba/higress/v2/pkg/cmd/lversion.higressVersion=v2.2.4 -X github.com/alibaba/higress/v2/pkg/cmd/lversion.gitCommitID=a01636191d45d3bda350611b95f6d2363482dac2 -extldflags -static -s -w' tools/hack/gobuild.sh /home/runner/work/higress/higress/out/linux_amd64/ ./cmd/higress
higress-wasmplugin-test (GO)	Run Ingress WasmPlugins Tests	2026-09-23T08:03:33.4664079Z 
higress-wasmplugin-test (GO)	Run Ingress WasmPlugins Tests	2026-09-23T08:03:33.4664900Z istio.io/pkg/version.buildVersion=a01636191d45d3bda350611b95f6d2363482dac2
higress-wasmplugin-test (GO)	Run Ingress WasmPlugins Tests	2026-09-23T08:03:33.4665272Z 
higress-wasmplugin-test (GO)	Run Ingress WasmPlugins Tests	2026-09-23T08:03:33.4665747Z istio.io/pkg/version.buildGitRevision=a01636191d45d3bda350611b95f6d2363482dac2
higress-wasmplugin-test (GO)	Run Ingress WasmPlugins Tests	2026-09-23T08:03:33.4666616Z 
higress-wasmplugin-test (GO)	Run Ingress WasmPlugins Tests	2026-09-23T08:03:33.4666912Z istio.io/pkg/version.buildStatus=Clean
higress-wasmplugin-test (GO)	Run Ingress WasmPlugins Tests	2026-09-23T08:03:33.4667210Z 
higress-wasmplugin-test (GO)	Run Ingress WasmPlugins Tests	2026-09-23T08:03:33.4667327Z istio.io/pkg/version.buildTag=v2.2.4
higress-wasmplugin-test (GO)	Run Ingress WasmPlugins Tests	2026-09-23T08:03:33.4667615Z 
higress-wasmplugin-test (GO)	Run Ingress WasmPlugins Tests	2026-09-23T08:03:33.4668058Z istio.io/pkg/version.buildHub=higress-registry.cn-hangzhou.cr.aliyuncs.com/higress
higress-wasmplugin-test (GO)	Run Ingress WasmPlugins Tests	2026-09-23T08:03:33.4668796Z ~/work/higress/higress ~/work/higress/higress
higress-wasmplugin-test (GO)	Run Ingress WasmPlugins Tests	2026-09-23T08:06:45.3499218Z 
higress-wasmplugin-test (GO)	Run Ingress WasmPlugins Tests	2026-09-23T08:06:45.3500102Z real	3m11.883s
higress-wasmplugin-test (GO)	Run Ingress WasmPlugins Tests	2026-09-23T08:06:45.3500909Z user	9m53.064s
higress-wasmplugin-test (GO)	Run Ingress WasmPlugins Tests	2026-09-23T08:06:45.3501286Z sys	1m42.275s
higress-wasmplugin-test (GO)	Run Ingress WasmPlugins Tests	2026-09-23T08:06:45.3501649Z ~/work/higress/higress
higress-wasmplugin-test (GO)	Run Ingress WasmPlugins Tests	2026-09-23T08:06:45.3536631Z GOPROXY="https://proxy.golang.org,direct" GOOS=linux GOARCH=amd64 LDFLAGS='-X github.com/alibaba/higress/v2/pkg/cmd/lversion.higressVersion=v2.2.4 -X github.com/alibaba/higress/v2/pkg/cmd/lversion.gitCommitID=a01636191d45d3bda350611b95f6d2363482dac2 -extldflags -static -s -w' tools/hack/gobuild.sh ./out/linux_amd64/ ./cmd/higress
higress-wasmplugin-test (GO)	Run Ingress WasmPlugins Tests	2026-09-23T08:06:45.6507980Z 
higress-wasmplugin-test (GO)	Run Ingress WasmPlugins Tests	2026-09-23T08:06:45.6508819Z istio.io/pkg/version.buildVersion=a01636191d45d3bda350611b95f6d2363482dac2
higress-wasmplugin-test (GO)	Run Ingress WasmPlugins Tests	2026-09-23T08:06:45.6509366Z 
higress-wasmplugin-test (GO)	Run Ingress WasmPlugins Tests	2026-09-23T08:06:45.6509783Z istio.io/pkg/version.buildGitRevision=a01636191d45d3bda350611b95f6d2363482dac2
higress-wasmplugin-test (GO)	Run Ingress WasmPlugins Tests	2026-09-23T08:06:45.6510303Z 
higress-wasmplugin-test (GO)	Run Ingress WasmPlugins Tests	2026-09-23T08:06:45.6510491Z istio.io/pkg/version.buildStatus=Clean
higress-wasmplugin-test (GO)	Run Ingress WasmPlugins Tests	2026-09-23T08:06:45.6510792Z 
higress-wasmplugin-test (GO)	Run Ingress WasmPlugins Tests	2026-09-23T08:06:45.6510966Z istio.io/pkg/version.buildTag=v2.2.4
higress-wasmplugin-test (GO)	Run Ingress WasmPlugins Tests	2026-09-23T08:06:45.6511264Z 
higress-wasmplugin-test (GO)	Run Ingress WasmPlugins Tests	2026-09-23T08:06:45.6511695Z istio.io/pkg/version.buildHub=higress-registry.cn-hangzhou.cr.aliyuncs.com/higress
higress-wasmplugin-test (GO)	Run Ingress WasmPlugins Tests	2026-09-23T08:06:45.6514872Z ~/work/higress/higress ~/work/higress/higress
higress-wasmplugin-test (GO)	Run Ingress WasmPlugins Tests	2026-09-23T08:06:46.3568651Z 
higress-wasmplugin-test (GO)	Run Ingress WasmPlugins Tests	2026-09-23T08:06:46.3569256Z real	0m0.706s
higress-wasmplugin-test (GO)	Run Ingress WasmPlugins Tests	2026-09-23T08:06:46.3569651Z user	0m1.220s
higress-wasmplugin-test (GO)	Run Ingress WasmPlugins Tests	2026-09-23T08:06:46.3569908Z sys	0m0.679s
higress-wasmplugin-test (GO)	Run Ingress WasmPlugins Tests	2026-09-23T08:06:46.3570119Z ~/work/higress/higress
higress-wasmplugin-test (GO)	Run Ingress WasmPlugins Tests	2026-09-23T08:06:46.3611460Z time (mkdir -p /home/runner/work/higress/higress/out/linux_amd64/docker_build/docker.higress && TARGET_ARCH=amd64 ./docker/docker-copy.sh docker/Dockerfile.higress /home/runner/work/higress/higress/out/linux_amd64/higress /home/runner/work/higress/higress/out/linux_amd64/docker_build/docker.higress && cd /home/runner/work/higress/higress/out/linux_amd64/docker_build/docker.higress  && docker build --build-arg BASE_VERSION=2023-07-20T20-50-43 --build-arg HUB=higress-registry.cn-hangzhou.cr.aliyuncs.com/higress --build-arg BASE_DISTRIBUTION= -t higress-registry.cn-hangzhou.cr.aliyuncs.com/higress/higress:a01636191d45d3bda350611b95f6d2363482dac2 -f Dockerfile.higress . ); 
higress-wasmplugin-test (GO)	Run Ingress WasmPlugins Tests	2026-09-23T08:06:46.7266303Z Dockerfile.higress
higress-wasmplugin-test (GO)	Run Ingress WasmPlugins Tests	2026-09-23T08:06:46.7266758Z amd64
higress-wasmplugin-test (GO)	Run Ingress WasmPlugins Tests	2026-09-23T08:06:48.3563228Z #0 building with "default" instance using docker driver
higress-wasmplugin-test (GO)	Run Ingress WasmPlugins Tests	2026-09-23T08:06:48.3563726Z 
higress-wasmplugin-test (GO)	Run Ingress WasmPlugins Tests	2026-09-23T08:06:48.3563914Z #1 [internal] load build definition from Dockerfile.higress
higress-wasmplugin-test (GO)	Run Ingress WasmPlugins Tests	2026-09-23T08:06:48.3564284Z #1 transferring dockerfile: 688B done
higress-wasmplugin-test (GO)	Run Ingress WasmPlugins Tests	2026-09-23T08:06:48.3564560Z #1 DONE 0.0s
higress-wasmplugin-test (GO)	Run Ingress WasmPlugins Tests	2026-09-23T08:06:48.3564673Z 
higress-wasmplugin-test (GO)	Run Ingress WasmPlugins Tests	2026-09-23T08:06:48.3565049Z #2 [internal] load metadata for higress-registry.cn-hangzhou.cr.aliyuncs.com/higress/base:2023-07-20T20-50-43-amd64
higress-wasmplugin-test (GO)	Run Ingress WasmPlugins Tests	2026-09-23T08:06:54.8104302Z #2 DONE 6.6s
higress-wasmplugin-test (GO)	Run Ingress WasmPlugins Tests	2026-09-23T08:06:54.9296620Z 
higress-wasmplugin-test (GO)	Run Ingress WasmPlugins Tests	2026-09-23T08:06:54.9297244Z #3 [internal] load .dockerignore
higress-wasmplugin-test (GO)	Run Ingress WasmPlugins Tests	2026-09-23T08:06:54.9297771Z #3 transferring context: 2B done
higress-wasmplugin-test (GO)	Run Ingress WasmPlugins Tests	2026-09-23T08:06:54.9298184Z #3 DONE 0.0s
higress-wasmplugin-test (GO)	Run Ingress WasmPlugins Tests	2026-09-23T08:06:54.9298367Z 
higress-wasmplugin-test (GO)	Run Ingress WasmPlugins Tests	2026-09-23T08:06:54.9299352Z #4 [1/2] FROM higress-registry.cn-hangzhou.cr.aliyuncs.com/higress/base:2023-07-20T20-50-43-amd64@sha256:acab9dfbea20850ff641df718ae3c561d66c0b99f6144066ed314cd2ddfb6366
higress-wasmplugin-test (GO)	Run Ingress WasmPlugins Tests	2026-09-23T08:06:54.9301679Z #4 resolve higress-registry.cn-hangzhou.cr.aliyuncs.com/higress/base:2023-07-20T20-50-43-amd64@sha256:acab9dfbea20850ff641df718ae3c561d66c0b99f6144066ed314cd2ddfb6366 done
higress-wasmplugin-test (GO)	Run Ingress WasmPlugins Tests	2026-09-23T08:06:55.0314530Z #4 sha256:acab9dfbea20850ff641df718ae3c561d66c0b99f6144066ed314cd2ddfb6366 948B / 948B done
higress-wasmplugin-test (GO)	Run Ingress WasmPlugins Tests	2026-09-23T08:06:55.0316317Z #4 sha256:4d11bff12ac70ce1c4a962fdeec912ee6a75fa2f179f0e80cd1463c3e7976429 2.78kB / 2.78kB done
higress-wasmplugin-test (GO)	Run Ingress WasmPlugins Tests	2026-09-23T08:06:55.0317547Z #4 sha256:3153aa388d026c26a2235e1ed0163e350e451f41a8a313e1804d7e1afb857ab4 0B / 29.53MB 0.2s
higress-wasmplugin-test (GO)	Run Ingress WasmPlugins Tests	2026-09-23T08:06:55.0318822Z #4 sha256:54caf5b3a5e2c7216eaee588e14f0315ef93c33856fc70b82e0b62f3fb2d2929 0B / 7.32MB 0.2s
higress-wasmplugin-test (GO)	Run Ingress WasmPlugins Tests	2026-09-23T08:06:55.0319540Z #4 sha256:7b5da41100362b3241a917c0a4d9e62b54a1170b1fec76f93e336308e937ce9f 0B / 4.28kB 0.2s
higress-wasmplugin-test (GO)	Run Ingress WasmPlugins Tests	2026-09-23T08:06:55.2321396Z #4 ...
higress-wasmplugin-test (GO)	Run Ingress WasmPlugins Tests	2026-09-23T08:06:55.2321611Z 
higress-wasmplugin-test (GO)	Run Ingress WasmPlugins Tests	2026-09-23T08:06:55.2321744Z #5 [internal] load build context
higress-wasmplugin-test (GO)	Run Ingress WasmPlugins Tests	2026-09-23T08:06:55.2322073Z #5 transferring context: 119.22MB 0.4s done
higress-wasmplugin-test (GO)	Run Ingress WasmPlugins Tests	2026-09-23T08:06:55.2322366Z #5 DONE 0.4s
higress-wasmplugin-test (GO)	Run Ingress WasmPlugins Tests	2026-09-23T08:06:55.2322529Z 
higress-wasmplugin-test (GO)	Run Ingress WasmPlugins Tests	2026-09-23T08:06:55.2323110Z #4 [1/2] FROM higress-registry.cn-hangzhou.cr.aliyuncs.com/higress/base:2023-07-20T20-50-43-amd64@sha256:acab9dfbea20850ff641df718ae3c561d66c0b99f6144066ed314cd2ddfb6366
higress-wasmplugin-test (GO)	Run Ingress WasmPlugins Tests	2026-09-23T08:06:56.6320496Z #4 sha256:7b5da41100362b3241a917c0a4d9e62b54a1170b1fec76f93e336308e937ce9f 4.28kB / 4.28kB 1.7s done
higress-wasmplugin-test (GO)	Run Ingress WasmPlugins Tests	2026-09-23T08:06:56.9315752Z #4 sha256:3153aa388d026c26a2235e1ed0163e350e451f41a8a313e1804d7e1afb857ab4 2.10MB / 29.53MB 2.1s
higress-wasmplugin-test (GO)	Run Ingress WasmPlugins Tests	2026-09-23T08:06:57.2322108Z #4 sha256:3153aa388d026c26a2235e1ed0163e350e451f41a8a313e1804d7e1afb857ab4 5.24MB / 29.53MB 2.4s
higress-wasmplugin-test (GO)	Run Ingress WasmPlugins Tests	2026-09-23T08:06:57.4321971Z #4 sha256:3153aa388d026c26a2235e1ed0163e350e451f41a8a313e1804d7e1afb857ab4 8.39MB / 29.53MB 2.6s
higress-wasmplugin-test (GO)	Run Ingress WasmPlugins Tests	2026-09-23T08:06:57.6312324Z #4 sha256:3153aa388d026c26a2235e1ed0163e350e451f41a8a313e1804d7e1afb857ab4 11.53MB / 29.53MB 2.8s
higress-wasmplugin-test (GO)	Run Ingress WasmPlugins Tests	2026-09-23T08:06:57.9322010Z #4 sha256:3153aa388d026c26a2235e1ed0163e350e451f41a8a313e1804d7e1afb857ab4 15.73MB / 29.53MB 3.1s
higress-wasmplugin-test (GO)	Run Ingress WasmPlugins Tests	2026-09-23T08:06:57.9322791Z #4 sha256:54caf5b3a5e2c7216eaee588e14f0315ef93c33856fc70b82e0b62f3fb2d2929 1.05MB / 7.32MB 3.1s
higress-wasmplugin-test (GO)	Run Ingress WasmPlugins Tests	2026-09-23T08:06:58.1314140Z #4 sha256:3153aa388d026c26a2235e1ed0163e350e451f41a8a313e1804d7e1afb857ab4 18.87MB / 29.53MB 3.3s
higress-wasmplugin-test (GO)	Run Ingress WasmPlugins Tests	2026-09-23T08:06:58.2315965Z #4 sha256:3153aa388d026c26a2235e1ed0163e350e451f41a8a313e1804d7e1afb857ab4 20.97MB / 29.53MB 3.4s
higress-wasmplugin-test (GO)	Run Ingress WasmPlugins Tests	2026-09-23T08:06:58.2317046Z #4 sha256:54caf5b3a5e2c7216eaee588e14f0315ef93c33856fc70b82e0b62f3fb2d2929 2.10MB / 7.32MB 3.4s
higress-wasmplugin-test (GO)	Run Ingress WasmPlugins Tests	2026-09-23T08:06:58.4314466Z #4 sha256:3153aa388d026c26a2235e1ed0163e350e451f41a8a313e1804d7e1afb857ab4 23.07MB / 29.53MB 3.6s
higress-wasmplugin-test (GO)	Run Ingress WasmPlugins Tests	2026-09-23T08:06:58.4316026Z #4 sha256:54caf5b3a5e2c7216eaee588e14f0315ef93c33856fc70b82e0b62f3fb2d2929 4.19MB / 7.32MB 3.6s
higress-wasmplugin-test (GO)	Run Ingress WasmPlugins Tests	2026-09-23T08:06:58.6314575Z #4 sha256:3153aa388d026c26a2235e1ed0163e350e451f41a8a313e1804d7e1afb857ab4 26.21MB / 29.53MB 3.8s
higress-wasmplugin-test (GO)	Run Ingress WasmPlugins Tests	2026-09-23T08:06:58.6315572Z #4 sha256:54caf5b3a5e2c7216eaee588e14f0315ef93c33856fc70b82e0b62f3fb2d2929 7.32MB / 7.32MB 3.8s done
higress-wasmplugin-test (GO)	Run Ingress WasmPlugins Tests	2026-09-23T08:06:58.8311946Z #4 sha256:3153aa388d026c26a2235e1ed0163e350e451f41a8a313e1804d7e1afb857ab4 29.53MB / 29.53MB 4.0s done
higress-wasmplugin-test (GO)	Run Ingress WasmPlugins Tests	2026-09-23T08:06:58.9414310Z #4 extracting sha256:3153aa388d026c26a2235e1ed0163e350e451f41a8a313e1804d7e1afb857ab4 0.1s
higress-wasmplugin-test (GO)	Run Ingress WasmPlugins Tests	2026-09-23T08:06:59.7767522Z #4 extracting sha256:3153aa388d026c26a2235e1ed0163e350e451f41a8a313e1804d7e1afb857ab4 0.9s done
higress-wasmplugin-test (GO)	Run Ingress WasmPlugins Tests	2026-09-23T08:06:59.7768993Z #4 extracting sha256:54caf5b3a5e2c7216eaee588e14f0315ef93c33856fc70b82e0b62f3fb2d2929
higress-wasmplugin-test (GO)	Run Ingress WasmPlugins Tests	2026-09-23T08:07:00.2008656Z #4 extracting sha256:54caf5b3a5e2c7216eaee588e14f0315ef93c33856fc70b82e0b62f3fb2d2929 0.3s done
higress-wasmplugin-test (GO)	Run Ingress WasmPlugins Tests	2026-09-23T08:07:01.2604473Z #4 extracting sha256:7b5da41100362b3241a917c0a4d9e62b54a1170b1fec76f93e336308e937ce9f
higress-wasmplugin-test (GO)	Run Ingress WasmPlugins Tests	2026-09-23T08:07:01.4284819Z #4 extracting sha256:7b5da41100362b3241a917c0a4d9e62b54a1170b1fec76f93e336308e937ce9f done
higress-wasmplugin-test (GO)	Run Ingress WasmPlugins Tests	2026-09-23T08:07:01.4285568Z #4 DONE 6.5s
higress-wasmplugin-test (GO)	Run Ingress WasmPlugins Tests	2026-09-23T08:07:01.4285715Z 
higress-wasmplugin-test (GO)	Run Ingress WasmPlugins Tests	2026-09-23T08:07:01.4285867Z #6 [2/2] COPY amd64/higress /usr/local/bin/higress
higress-wasmplugin-test (GO)	Run Ingress WasmPlugins Tests	2026-09-23T08:07:01.5477241Z #6 DONE 0.3s
higress-wasmplugin-test (GO)	Run Ingress WasmPlugins Tests	2026-09-23T08:07:01.6996860Z 
higress-wasmplugin-test (GO)	Run Ingress WasmPlugins Tests	2026-09-23T08:07:01.6997460Z #7 exporting to image
higress-wasmplugin-test (GO)	Run Ingress WasmPlugins Tests	2026-09-23T08:07:01.6997913Z #7 exporting layers
higress-wasmplugin-test (GO)	Run Ingress WasmPlugins Tests	2026-09-23T08:07:02.0031138Z #7 exporting layers 0.5s done
higress-wasmplugin-test (GO)	Run Ingress WasmPlugins Tests	2026-09-23T08:07:02.0174270Z #7 writing image sha256:95ec1fca7df8d993fc19da5f4dffa6e1e81e1ba08e0ef46b33686a7937fa478a done
higress-wasmplugin-test (GO)	Run Ingress WasmPlugins Tests	2026-09-23T08:07:02.0175965Z #7 naming to higress-registry.cn-hangzhou.cr.aliyuncs.com/higress/higress:a01636191d45d3bda350611b95f6d2363482dac2 done
higress-wasmplugin-test (GO)	Run Ingress WasmPlugins Tests	2026-09-23T08:07:02.0177764Z #7 DONE 0.5s
higress-wasmplugin-test (GO)	Run Ingress WasmPlugins Tests	2026-09-23T08:07:02.0248033Z 
higress-wasmplugin-test (GO)	Run Ingress WasmPlugins Tests	2026-09-23T08:07:02.0248285Z real	0m15.629s
higress-wasmplugin-test (GO)	Run Ingress WasmPlugins Tests	2026-09-23T08:07:02.0248655Z user	0m0.434s
higress-wasmplugin-test (GO)	Run Ingress WasmPlugins Tests	2026-09-23T08:07:02.0248982Z sys	0m0.444s
higress-wasmplugin-test (GO)	Run Ingress WasmPlugins Tests	2026-09-23T08:07:02.0291822Z TARGET_ARCH=amd64 DOCKER_TARGETS='docker.pilot' IMG_URL='higress-registry.cn-hangzhou.cr.aliyuncs.com/higress/pilot:a01636191d45d3bda350611b95f6d2363482dac2' ./tools/hack/build-istio-image.sh docker
higress-wasmplugin-test (GO)	Run Ingress WasmPlugins Tests	2026-09-23T08:07:02.0733176Z IMG_URL=higress-registry.cn-hangzhou.cr.aliyuncs.com/higress/pilot:a01636191d45d3bda350611b95f6d2363482dac2
higress-wasmplugin-test (GO)	Run Ingress WasmPlugins Tests	2026-09-23T08:07:02.0733916Z HUB=higress-registry.cn-hangzhou.cr.aliyuncs.com/higress
higress-wasmplugin-test (GO)	Run Ingress WasmPlugins Tests	2026-09-23T08:07:02.0734311Z TAG=a01636191d45d3bda350611b95f6d2363482dac2
higress-wasmplugin-test (GO)	Run Ingress WasmPlugins Tests	2026-09-23T08:07:02.0751635Z make[1]: Entering directory '/home/runner/work/higress/higress/external/istio'
higress-wasmplugin-test (GO)	Run Ingress WasmPlugins Tests	2026-09-23T08:07:02.1497548Z Unable to find image 'higress-registry.cn-hangzhou.cr.aliyuncs.com/higress/build-tools:release-1.19-ef344298e65eeb2d9e2d07b87eb4e715c2def613' locally
higress-wasmplugin-test (GO)	Run Ingress WasmPlugins Tests	2026-09-23T08:07:06.9266538Z release-1.19-ef344298e65eeb2d9e2d07b87eb4e715c2def613: Pulling from higress/build-tools
higress-wasmplugin-test (GO)	Run Ingress WasmPlugins Tests	2026-09-23T08:07:09.0399970Z 9bd0e4bcc849: Pulling fs layer
higress-wasmplugin-test (GO)	Run Ingress WasmPlugins Tests	2026-09-23T08:07:09.0400891Z dbbe22aac0fb: Pulling fs layer
higress-wasmplugin-test (GO)	Run Ingress WasmPlugins Tests	2026-09-23T08:07:09.0401292Z 6eff59fed1b4: Pulling fs layer
higress-wasmplugin-test (GO)	Run Ingress WasmPlugins Tests	2026-09-23T08:07:09.0401660Z ee8339ca80c4: Pulling fs layer
higress-wasmplugin-test (GO)	Run Ingress WasmPlugins Tests	2026-09-23T08:07:09.0401921Z 45789ea04dec: Pulling fs layer
higress-wasmplugin-test (GO)	Run Ingress WasmPlugins Tests	2026-09-23T08:07:09.0402183Z 6f832f3040af: Pulling fs layer
higress-wasmplugin-test (GO)	Run Ingress WasmPlugins Tests	2026-09-23T08:07:09.0402430Z b85ab6d7258b: Pulling fs layer
higress-wasmplugin-test (GO)	Run Ingress WasmPlugins Tests	2026-09-23T08:07:09.0402668Z 44121ad9d775: Pulling fs layer
higress-wasmplugin-test (GO)	Run Ingress WasmPlugins Tests	2026-09-23T08:07:09.0403254Z 8f8de24e8289: Pulling fs layer
higress-wasmplugin-test (GO)	Run Ingress WasmPlugins Tests	2026-09-23T08:07:09.0403513Z f3301e9fde16: Pulling fs layer
higress-wasmplugin-test (GO)	Run Ingress WasmPlugins Tests	2026-09-23T08:07:09.0403751Z 7f4264031dda: Pulling fs layer
higress-wasmplugin-test (GO)	Run Ingress WasmPlugins Tests	2026-09-23T08:07:09.0403986Z 65b5fe86026c: Pulling fs layer
higress-wasmplugin-test (GO)	Run Ingress WasmPlugins Tests	2026-09-23T08:07:09.0404225Z 79fa08f43e6b: Pulling fs layer
higress-wasmplugin-test (GO)	Run Ingress WasmPlugins Tests	2026-09-23T08:07:09.0404465Z aa75b754dc18: Pulling fs layer
higress-wasmplugin-test (GO)	Run Ingress WasmPlugins Tests	2026-09-23T08:07:09.0404697Z ef60b6f59ee0: Pulling fs layer
higress-wasmplugin-test (GO)	Run Ingress WasmPlugins Tests	2026-09-23T08:07:09.0404933Z 0bbba021f207: Pulling fs layer
higress-wasmplugin-test (GO)	Run Ingress WasmPlugins Tests	2026-09-23T08:07:09.0405182Z c74424bf836e: Pulling fs layer
higress-wasmplugin-test (GO)	Run Ingress WasmPlugins Tests	2026-09-23T08:07:09.0405661Z f3301e9fde16: Waiting
higress-wasmplugin-test (GO)	Run Ingress WasmPlugins Tests	2026-09-23T08:07:09.0405987Z 7f4264031dda: Waiting
higress-wasmplugin-test (GO)	Run Ingress WasmPlugins Tests	2026-09-23T08:07:09.0406205Z 65b5fe86026c: Waiting
higress-wasmplugin-test (GO)	Run Ingress WasmPlugins Tests	2026-09-23T08:07:09.0406407Z 79fa08f43e6b: Waiting
higress-wasmplugin-test (GO)	Run Ingress WasmPlugins Tests	2026-09-23T08:07:09.0406607Z 45789ea04dec: Waiting
higress-wasmplugin-test (GO)	Run Ingress WasmPlugins Tests	2026-09-23T08:07:09.0406810Z aa75b754dc18: Waiting
higress-wasmplugin-test (GO)	Run Ingress WasmPlugins Tests	2026-09-23T08:07:09.0407008Z ef60b6f59ee0: Waiting
higress-wasmplugin-test (GO)	Run Ingress WasmPlugins Tests	2026-09-23T08:07:09.0407214Z 0bbba021f207: Waiting
higress-wasmplugin-test (GO)	Run Ingress WasmPlugins Tests	2026-09-23T08:07:09.0407414Z 6f832f3040af: Waiting
higress-wasmplugin-test (GO)	Run Ingress WasmPlugins Tests	2026-09-23T08:07:09.0407624Z b85ab6d7258b: Waiting
higress-wasmplugin-test (GO)	Run Ingress WasmPlugins Tests	2026-09-23T08:07:09.0407823Z c74424bf836e: Waiting
higress-wasmplugin-test (GO)	Run Ingress WasmPlugins Tests	2026-09-23T08:07:09.0408020Z 44121ad9d775: Waiting
higress-wasmplugin-test (GO)	Run Ingress WasmPlugins Tests	2026-09-23T08:07:09.0408222Z 8f8de24e8289: Waiting
higress-wasmplugin-test (GO)	Run Ingress WasmPlugins Tests	2026-09-23T08:07:09.0408434Z ee8339ca80c4: Waiting
higress-wasmplugin-test (GO)	Run Ingress WasmPlugins Tests	2026-09-23T08:07:17.6953895Z 6eff59fed1b4: Verifying Checksum
higress-wasmplugin-test (GO)	Run Ingress WasmPlugins Tests	2026-09-23T08:07:17.6954490Z 6eff59fed1b4: Download complete
higress-wasmplugin-test (GO)	Run Ingress WasmPlugins Tests	2026-09-23T08:07:25.0105313Z ee8339ca80c4: Verifying Checksum
higress-wasmplugin-test (GO)	Run Ingress WasmPlugins Tests	2026-09-23T08:07:25.0106291Z ee8339ca80c4: Download complete
higress-wasmplugin-test (GO)	Run Ingress WasmPlugins Tests	2026-09-23T08:07:32.1191652Z 45789ea04dec: Verifying Checksum
higress-wasmplugin-test (GO)	Run Ingress WasmPlugins Tests	2026-09-23T08:07:32.1197772Z 45789ea04dec: Download complete
higress-wasmplugin-test (GO)	Run Ingress WasmPlugins Tests	2026-09-23T08:07:36.4182949Z 6f832f3040af: Verifying Checksum
higress-wasmplugin-test (GO)	Run Ingress WasmPlugins Tests	2026-09-23T08:07:36.4183685Z 6f832f3040af: Download complete
higress-wasmplugin-test (GO)	Run Ingress WasmPlugins Tests	2026-09-23T08:07:43.8054080Z b85ab6d7258b: Verifying Checksum
higress-wasmplugin-test (GO)	Run Ingress WasmPlugins Tests	2026-09-23T08:07:43.8054771Z b85ab6d7258b: Download complete
higress-wasmplugin-test (GO)	Run Ingress WasmPlugins Tests	2026-09-23T08:07:50.6612380Z dbbe22aac0fb: Verifying Checksum
higress-wasmplugin-test (GO)	Run Ingress WasmPlugins Tests	2026-09-23T08:07:50.6613913Z dbbe22aac0fb: Download complete
higress-wasmplugin-test (GO)	Run Ingress WasmPlugins Tests	2026-09-23T08:07:53.0348021Z 8f8de24e8289: Verifying Checksum
higress-wasmplugin-test (GO)	Run Ingress WasmPlugins Tests	2026-09-23T08:07:53.0348547Z 8f8de24e8289: Download complete
higress-wasmplugin-test (GO)	Run Ingress WasmPlugins Tests	2026-09-23T08:07:56.5851468Z 9bd0e4bcc849: Verifying Checksum
higress-wasmplugin-test (GO)	Run Ingress WasmPlugins Tests	2026-09-23T08:07:56.5852263Z 9bd0e4bcc849: Download complete
higress-wasmplugin-test (GO)	Run Ingress WasmPlugins Tests	2026-09-23T08:07:57.3460061Z 44121ad9d775: Verifying Checksum
higress-wasmplugin-test (GO)	Run Ingress WasmPlugins Tests	2026-09-23T08:07:57.3463342Z 44121ad9d775: Download complete
higress-wasmplugin-test (GO)	Run Ingress WasmPlugins Tests	2026-09-23T08:07:59.1735855Z 7f4264031dda: Verifying Checksum
higress-wasmplugin-test (GO)	Run Ingress WasmPlugins Tests	2026-09-23T08:07:59.1736421Z 7f4264031dda: Download complete
higress-wasmplugin-test (GO)	Run Ingress WasmPlugins Tests	2026-09-23T08:07:59.6131734Z 65b5fe86026c: Download complete
higress-wasmplugin-test (GO)	Run Ingress WasmPlugins Tests	2026-09-23T08:07:59.6659061Z f3301e9fde16: Verifying Checksum
higress-wasmplugin-test (GO)	Run Ingress WasmPlugins Tests	2026-09-23T08:07:59.6659730Z f3301e9fde16: Download complete
higress-wasmplugin-test (GO)	Run Ingress WasmPlugins Tests	2026-09-23T08:08:01.8533857Z aa75b754dc18: Verifying Checksum
higress-wasmplugin-test (GO)	Run Ingress WasmPlugins Tests	2026-09-23T08:08:01.8534546Z aa75b754dc18: Download complete
higress-wasmplugin-test (GO)	Run Ingress WasmPlugins Tests	2026-09-23T08:08:02.8942949Z ef60b6f59ee0: Verifying Checksum
higress-wasmplugin-test (GO)	Run Ingress WasmPlugins Tests	2026-09-23T08:08:02.8943791Z ef60b6f59ee0: Download complete
higress-wasmplugin-test (GO)	Run Ingress WasmPlugins Tests	2026-09-23T08:08:04.0381972Z 0bbba021f207: Verifying Checksum
higress-wasmplugin-test (GO)	Run Ingress WasmPlugins Tests	2026-09-23T08:08:04.0382767Z 0bbba021f207: Download complete
higress-wasmplugin-test (GO)	Run Ingress WasmPlugins Tests	2026-09-23T08:08:04.5218150Z 79fa08f43e6b: Verifying Checksum
higress-wasmplugin-test (GO)	Run Ingress WasmPlugins Tests	2026-09-23T08:08:04.5219181Z 79fa08f43e6b: Download complete
higress-wasmplugin-test (GO)	Run Ingress WasmPlugins Tests	2026-09-23T08:08:05.1222757Z c74424bf836e: Download complete
higress-wasmplugin-test (GO)	Run Ingress WasmPlugins Tests	2026-09-23T08:08:11.4144511Z 9bd0e4bcc849: Pull complete
higress-wasmplugin-test (GO)	Run Ingress WasmPlugins Tests	2026-09-23T08:08:31.7650801Z dbbe22aac0fb: Pull complete
higress-wasmplugin-test (GO)	Run Ingress WasmPlugins Tests	2026-09-23T08:08:35.3172153Z 6eff59fed1b4: Pull complete
higress-wasmplugin-test (GO)	Run Ingress WasmPlugins Tests	2026-09-23T08:08:35.7734695Z ee8339ca80c4: Pull complete
higress-wasmplugin-test (GO)	Run Ingress WasmPlugins Tests	2026-09-23T08:08:41.9424477Z 45789ea04dec: Pull complete
higress-wasmplugin-test (GO)	Run Ingress WasmPlugins Tests	2026-09-23T08:08:42.6530007Z 6f832f3040af: Pull complete
higress-wasmplugin-test (GO)	Run Ingress WasmPlugins Tests	2026-09-23T08:08:43.3723748Z b85ab6d7258b: Pull complete
higress-wasmplugin-test (GO)	Run Ingress WasmPlugins Tests	2026-09-23T08:08:47.8660554Z 44121ad9d775: Pull complete
higress-wasmplugin-test (GO)	Run Ingress WasmPlugins Tests	2026-09-23T08:08:47.8788597Z 8f8de24e8289: Pull complete
higress-wasmplugin-test (GO)	Run Ingress WasmPlugins Tests	2026-09-23T08:08:50.3349695Z f3301e9fde16: Pull complete
higress-wasmplugin-test (GO)	Run Ingress WasmPlugins Tests	2026-09-23T08:08:50.3452098Z 7f4264031dda: Pull complete
higress-wasmplugin-test (GO)	Run Ingress WasmPlugins Tests	2026-09-23T08:08:50.3558447Z 65b5fe86026c: Pull complete
higress-wasmplugin-test (GO)	Run Ingress WasmPlugins Tests	2026-09-23T08:08:51.1631980Z 79fa08f43e6b: Pull complete
higress-wasmplugin-test (GO)	Run Ingress WasmPlugins Tests	2026-09-23T08:08:51.1702020Z aa75b754dc18: Pull complete
higress-wasmplugin-test (GO)	Run Ingress WasmPlugins Tests	2026-09-23T08:08:51.1767680Z ef60b6f59ee0: Pull complete
higress-wasmplugin-test (GO)	Run Ingress WasmPlugins Tests	2026-09-23T08:08:51.1861443Z 0bbba021f207: Pull complete
higress-wasmplugin-test (GO)	Run Ingress WasmPlugins Tests	2026-09-23T08:08:51.1981255Z c74424bf836e: Pull complete
higress-wasmplugin-test (GO)	Run Ingress WasmPlugins Tests	2026-09-23T08:08:51.2016168Z Digest: sha256:cea58a7535da6a0fdccb1953fba5018b7a0a835d6901a65f5c2efed010d843e2
higress-wasmplugin-test (GO)	Run Ingress WasmPlugins Tests	2026-09-23T08:08:51.2026080Z Status: Downloaded newer image for higress-registry.cn-hangzhou.cr.aliyuncs.com/higress/build-tools:release-1.19-ef344298e65eeb2d9e2d07b87eb4e715c2def613
higress-wasmplugin-test (GO)	Run Ingress WasmPlugins Tests	2026-09-23T08:08:51.3928386Z fatal: detected dubious ownership in repository at '/work'
higress-wasmplugin-test (GO)	Run Ingress WasmPlugins Tests	2026-09-23T08:08:51.3929156Z To add an exception for this directory, call:
higress-wasmplugin-test (GO)	Run Ingress WasmPlugins Tests	2026-09-23T08:08:51.3929478Z 
higress-wasmplugin-test (GO)	Run Ingress WasmPlugins Tests	2026-09-23T08:08:51.3929660Z 	git config --global --add safe.directory /work
higress-wasmplugin-test (GO)	Run Ingress WasmPlugins Tests	2026-09-23T08:08:51.5219636Z ./tools/docker
higress-wasmplugin-test (GO)	Run Ingress WasmPlugins Tests	2026-09-23T08:08:51.5604806Z fatal: detected dubious ownership in repository at '/work'
higress-wasmplugin-test (GO)	Run Ingress WasmPlugins Tests	2026-09-23T08:08:51.5605259Z To add an exception for this directory, call:
higress-wasmplugin-test (GO)	Run Ingress WasmPlugins Tests	2026-09-23T08:08:51.5605665Z 
higress-wasmplugin-test (GO)	Run Ingress WasmPlugins Tests	2026-09-23T08:08:51.5605833Z 	git config --global --add safe.directory /work
higress-wasmplugin-test (GO)	Run Ingress WasmPlugins Tests	2026-09-23T08:08:51.5622166Z fatal: detected dubious ownership in repository at '/work'
higress-wasmplugin-test (GO)	Run Ingress WasmPlugins Tests	2026-09-23T08:08:51.5622858Z To add an exception for this directory, call:
higress-wasmplugin-test (GO)	Run Ingress WasmPlugins Tests	2026-09-23T08:08:51.5623213Z 
higress-wasmplugin-test (GO)	Run Ingress WasmPlugins Tests	2026-09-23T08:08:51.5623469Z 	git config --global --add safe.directory /work
higress-wasmplugin-test (GO)	Run Ingress WasmPlugins Tests	2026-09-23T08:08:51.5670480Z go: downloading go1.26.0 (linux/amd64)
higress-wasmplugin-test (GO)	Run Ingress WasmPlugins Tests	2026-09-23T08:08:55.7659644Z go: downloading github.com/spf13/cobra v1.10.2
higress-wasmplugin-test (GO)	Run Ingress WasmPlugins Tests	2026-09-23T08:08:55.7661069Z go: downloading golang.org/x/sync v0.20.0
higress-wasmplugin-test (GO)	Run Ingress WasmPlugins Tests	2026-09-23T08:08:55.7710154Z go: downloading sigs.k8s.io/yaml v1.6.0
higress-wasmplugin-test (GO)	Run Ingress WasmPlugins Tests	2026-09-23T08:08:55.7938573Z go: downloading github.com/go-logr/logr v1.4.3
higress-wasmplugin-test (GO)	Run Ingress WasmPlugins Tests	2026-09-23T08:08:55.8948676Z go: downloading github.com/spf13/pflag v1.0.10
higress-wasmplugin-test (GO)	Run Ingress WasmPlugins Tests	2026-09-23T08:08:55.8952238Z go: downloading go.uber.org/zap v1.28.0
higress-wasmplugin-test (GO)	Run Ingress WasmPlugins Tests	2026-09-23T08:08:55.9464876Z go: downloading google.golang.org/grpc v1.64.0
higress-wasmplugin-test (GO)	Run Ingress WasmPlugins Tests	2026-09-23T08:08:55.9465816Z go: downloading k8s.io/klog/v2 v2.140.0
higress-wasmplugin-test (GO)	Run Ingress WasmPlugins Tests	2026-09-23T08:08:55.9466666Z go: downloading gopkg.in/natefinch/lumberjack.v2 v2.2.1
higress-wasmplugin-test (GO)	Run Ingress WasmPlugins Tests	2026-09-23T08:08:55.9530224Z go: downloading go.opentelemetry.io/otel v1.41.0
higress-wasmplugin-test (GO)	Run Ingress WasmPlugins Tests	2026-09-23T08:08:55.9793495Z go: downloading go.opentelemetry.io/otel/exporters/otlp/otlptrace v1.40.0
higress-wasmplugin-test (GO)	Run Ingress WasmPlugins Tests	2026-09-23T08:08:55.9913390Z go: downloading go.opentelemetry.io/otel/exporters/otlp/otlptrace/otlptracegrpc v1.40.0
higress-wasmplugin-test (GO)	Run Ingress WasmPlugins Tests	2026-09-23T08:08:56.2920211Z go: downloading go.opentelemetry.io/otel/exporters/otlp/otlptrace/otlptracehttp v1.38.0
higress-wasmplugin-test (GO)	Run Ingress WasmPlugins Tests	2026-09-23T08:08:56.3192431Z go: downloading go.opentelemetry.io/otel/sdk v1.40.0
higress-wasmplugin-test (GO)	Run Ingress WasmPlugins Tests	2026-09-23T08:08:56.3204860Z go: downloading go.opentelemetry.io/otel/trace v1.41.0
higress-wasmplugin-test (GO)	Run Ingress WasmPlugins Tests	2026-09-23T08:08:56.3205870Z go: downloading github.com/google/go-containerregistry v0.20.3
higress-wasmplugin-test (GO)	Run Ingress WasmPlugins Tests	2026-09-23T08:08:56.4629029Z go: downloading github.com/moby/buildkit v0.21.1
higress-wasmplugin-test (GO)	Run Ingress WasmPlugins Tests	2026-09-23T08:08:56.4717963Z go: downloading go.yaml.in/yaml/v2 v2.4.4
higress-wasmplugin-test (GO)	Run Ingress WasmPlugins Tests	2026-09-23T08:08:56.4737324Z go: downloading go.uber.org/multierr v1.11.0
higress-wasmplugin-test (GO)	Run Ingress WasmPlugins Tests	2026-09-23T08:08:56.5023924Z go: downloading go.opentelemetry.io/otel/metric v1.41.0
higress-wasmplugin-test (GO)	Run Ingress WasmPlugins Tests	2026-09-23T08:08:56.5027569Z go: downloading go.opentelemetry.io/proto/otlp v1.9.0
higress-wasmplugin-test (GO)	Run Ingress WasmPlugins Tests	2026-09-23T08:08:56.5290073Z go: downloading google.golang.org/genproto/googleapis/rpc v0.0.0-20260427160629-7cedc36a6bc4
higress-wasmplugin-test (GO)	Run Ingress WasmPlugins Tests	2026-09-23T08:08:56.5291177Z go: downloading google.golang.org/protobuf v1.36.12-0.20260120151049-f2248ac996af
higress-wasmplugin-test (GO)	Run Ingress WasmPlugins Tests	2026-09-23T08:08:56.5438917Z go: downloading google.golang.org/genproto v0.0.0-20250603155806-513f23925822
higress-wasmplugin-test (GO)	Run Ingress WasmPlugins Tests	2026-09-23T08:08:56.8186676Z go: downloading github.com/google/uuid v1.6.0
higress-wasmplugin-test (GO)	Run Ingress WasmPlugins Tests	2026-09-23T08:08:56.8201741Z go: downloading golang.org/x/sys v0.45.0
higress-wasmplugin-test (GO)	Run Ingress WasmPlugins Tests	2026-09-23T08:08:56.8801644Z go: downloading github.com/docker/cli v28.1.1+incompatible
higress-wasmplugin-test (GO)	Run Ingress WasmPlugins Tests	2026-09-23T08:08:57.2159359Z go: downloading github.com/opencontainers/go-digest v1.0.0
higress-wasmplugin-test (GO)	Run Ingress WasmPlugins Tests	2026-09-23T08:08:57.2159898Z go: downloading github.com/mitchellh/go-homedir v1.1.0
higress-wasmplugin-test (GO)	Run Ingress WasmPlugins Tests	2026-09-23T08:08:57.2160323Z go: downloading github.com/docker/distribution v2.8.3+incompatible
higress-wasmplugin-test (GO)	Run Ingress WasmPlugins Tests	2026-09-23T08:08:57.2424257Z go: downloading github.com/containerd/stargz-snapshotter/estargz v0.16.3
higress-wasmplugin-test (GO)	Run Ingress WasmPlugins Tests	2026-09-23T08:08:57.2489993Z go: downloading github.com/prometheus/client_golang v1.23.2
higress-wasmplugin-test (GO)	Run Ingress WasmPlugins Tests	2026-09-23T08:08:57.3354252Z go: downloading go.opentelemetry.io/otel/sdk/metric v1.40.0
higress-wasmplugin-test (GO)	Run Ingress WasmPlugins Tests	2026-09-23T08:08:57.3354840Z go: downloading go.opentelemetry.io/otel/exporters/prometheus v0.57.0
higress-wasmplugin-test (GO)	Run Ingress WasmPlugins Tests	2026-09-23T08:08:57.3666788Z go: downloading github.com/go-logr/stdr v1.2.2
higress-wasmplugin-test (GO)	Run Ingress WasmPlugins Tests	2026-09-23T08:08:57.3690979Z go: downloading go.opentelemetry.io/auto/sdk v1.2.1
higress-wasmplugin-test (GO)	Run Ingress WasmPlugins Tests	2026-09-23T08:08:57.3779908Z go: downloading github.com/cenkalti/backoff/v5 v5.0.3
higress-wasmplugin-test (GO)	Run Ingress WasmPlugins Tests	2026-09-23T08:08:57.3808987Z go: downloading github.com/grpc-ecosystem/grpc-gateway/v2 v2.27.7
higress-wasmplugin-test (GO)	Run Ingress WasmPlugins Tests	2026-09-23T08:08:57.3911040Z go: downloading golang.org/x/net v0.55.0
higress-wasmplugin-test (GO)	Run Ingress WasmPlugins Tests	2026-09-23T08:08:57.3977399Z go: downloading github.com/pkg/errors v0.9.1
higress-wasmplugin-test (GO)	Run Ingress WasmPlugins Tests	2026-09-23T08:08:57.4196605Z go: downloading github.com/sirupsen/logrus v1.9.3
higress-wasmplugin-test (GO)	Run Ingress WasmPlugins Tests	2026-09-23T08:08:57.4486771Z go: downloading github.com/opencontainers/image-spec v1.1.1
higress-wasmplugin-test (GO)	Run Ingress WasmPlugins Tests	2026-09-23T08:08:57.4849279Z go: downloading github.com/klauspost/compress v1.18.0
higress-wasmplugin-test (GO)	Run Ingress WasmPlugins Tests	2026-09-23T08:08:57.5530449Z go: downloading github.com/vbatts/tar-split v0.12.1
higress-wasmplugin-test (GO)	Run Ingress WasmPlugins Tests	2026-09-23T08:08:57.5540601Z go: downloading github.com/beorn7/perks v1.0.1
higress-wasmplugin-test (GO)	Run Ingress WasmPlugins Tests	2026-09-23T08:08:57.5739935Z go: downloading github.com/cespare/xxhash/v2 v2.3.0
higress-wasmplugin-test (GO)	Run Ingress WasmPlugins Tests	2026-09-23T08:08:57.5949334Z go: downloading github.com/prometheus/client_model v0.6.2
higress-wasmplugin-test (GO)	Run Ingress WasmPlugins Tests	2026-09-23T08:08:57.6154580Z go: downloading github.com/prometheus/common v0.67.5
higress-wasmplugin-test (GO)	Run Ingress WasmPlugins Tests	2026-09-23T08:08:57.6444703Z go: downloading github.com/prometheus/procfs v0.20.1
higress-wasmplugin-test (GO)	Run Ingress WasmPlugins Tests	2026-09-23T08:08:57.6879356Z go: downloading github.com/containerd/typeurl/v2 v2.2.3
higress-wasmplugin-test (GO)	Run Ingress WasmPlugins Tests	2026-09-23T08:08:57.6964096Z go: downloading github.com/planetscale/vtprotobuf v0.6.1-0.20240409071808-615f978279ca
higress-wasmplugin-test (GO)	Run Ingress WasmPlugins Tests	2026-09-23T08:08:57.7350931Z go: downloading github.com/docker/docker-credential-helpers v0.9.3
higress-wasmplugin-test (GO)	Run Ingress WasmPlugins Tests	2026-09-23T08:08:57.7579348Z go: downloading google.golang.org/genproto/googleapis/api v0.0.0-20260128011058-8636f8732409
higress-wasmplugin-test (GO)	Run Ingress WasmPlugins Tests	2026-09-23T08:08:57.7631753Z go: downloading github.com/munnerz/goautoneg v0.0.0-20191010083416-a7dc8b61c822
higress-wasmplugin-test (GO)	Run Ingress WasmPlugins Tests	2026-09-23T08:08:57.7679288Z go: downloading github.com/gogo/protobuf v1.3.2
higress-wasmplugin-test (GO)	Run Ingress WasmPlugins Tests	2026-09-23T08:08:57.7834289Z go: downloading golang.org/x/text v0.37.0
higress-wasmplugin-test (GO)	Run Ingress WasmPlugins Tests	2026-09-23T08:09:25.8535082Z 
higress-wasmplugin-test (GO)	Run Ingress WasmPlugins Tests	2026-09-23T08:09:25.8536227Z real	0m34.290s
higress-wasmplugin-test (GO)	Run Ingress WasmPlugins Tests	2026-09-23T08:09:25.8536653Z user	1m29.611s
higress-wasmplugin-test (GO)	Run Ingress WasmPlugins Tests	2026-09-23T08:09:25.8536925Z sys	0m17.787s
higress-wasmplugin-test (GO)	Run Ingress WasmPlugins Tests	2026-09-23T08:09:25.8602769Z 2026-09-23T08:09:25.859914Z	info	Args: Push:              false
higress-wasmplugin-test (GO)	Run Ingress WasmPlugins Tests	2026-09-23T08:09:25.8603186Z Save:              false
higress-wasmplugin-test (GO)	Run Ingress WasmPlugins Tests	2026-09-23T08:09:25.8603437Z NoClobber:         false
higress-wasmplugin-test (GO)	Run Ingress WasmPlugins Tests	2026-09-23T08:09:25.8603665Z NoCache:           false
higress-wasmplugin-test (GO)	Run Ingress WasmPlugins Tests	2026-09-23T08:09:25.8603893Z Targets:           [pilot]
higress-wasmplugin-test (GO)	Run Ingress WasmPlugins Tests	2026-09-23T08:09:25.8604463Z Variants:          [default]
higress-wasmplugin-test (GO)	Run Ingress WasmPlugins Tests	2026-09-23T08:09:25.8604717Z Architectures:     [linux/amd64]
higress-wasmplugin-test (GO)	Run Ingress WasmPlugins Tests	2026-09-23T08:09:25.8605070Z BaseVersion:       2023-07-20T20-50-43
higress-wasmplugin-test (GO)	Run Ingress WasmPlugins Tests	2026-09-23T08:09:25.8605966Z BaseImageRegistry: higress-registry.cn-hangzhou.cr.aliyuncs.com/higress
higress-wasmplugin-test (GO)	Run Ingress WasmPlugins Tests	2026-09-23T08:09:25.8606615Z ProxyVersion:      1a53bf14a57976dd0f509752b748caf3b1125d54
higress-wasmplugin-test (GO)	Run Ingress WasmPlugins Tests	2026-09-23T08:09:25.8607038Z ZtunnelVersion:    75376478762decb918ea884603b2852b1568b015
higress-wasmplugin-test (GO)	Run Ingress WasmPlugins Tests	2026-09-23T08:09:25.8607374Z IstioVersion:      1.27-dev
higress-wasmplugin-test (GO)	Run Ingress WasmPlugins Tests	2026-09-23T08:09:25.8607689Z Tags:              [a01636191d45d3bda350611b95f6d2363482dac2]
higress-wasmplugin-test (GO)	Run Ingress WasmPlugins Tests	2026-09-23T08:09:25.8608240Z Hubs:              [higress-registry.cn-hangzhou.cr.aliyuncs.com/higress]
higress-wasmplugin-test (GO)	Run Ingress WasmPlugins Tests	2026-09-23T08:09:25.8608835Z Builder:           docker
higress-wasmplugin-test (GO)	Run Ingress WasmPlugins Tests	2026-09-23T08:09:25.8609065Z 
higress-wasmplugin-test (GO)	Run Ingress WasmPlugins Tests	2026-09-23T08:09:25.8611631Z 2026-09-23T08:09:25.860481Z	info	building for architectures: [linux/amd64]
higress-wasmplugin-test (GO)	Run Ingress WasmPlugins Tests	2026-09-23T08:09:25.8612748Z 2026-09-23T08:09:25.860733Z	info	Running make for linux/amd64: pilot-discovery init
higress-wasmplugin-test (GO)	Run Ingress WasmPlugins Tests	2026-09-23T08:09:25.8614182Z 2026-09-23T08:09:25.860879Z	info	env: [TARGET_OUT_LINUX=/work/out/linux_amd64 TARGET_OS=linux TARGET_ARCH=amd64 TARGET_OUT=/work/out/linux_amd64]
higress-wasmplugin-test (GO)	Run Ingress WasmPlugins Tests	2026-09-23T08:09:25.9112245Z fatal: detected dubious ownership in repository at '/work'
higress-wasmplugin-test (GO)	Run Ingress WasmPlugins Tests	2026-09-23T08:09:25.9114805Z To add an exception for this directory, call:
higress-wasmplugin-test (GO)	Run Ingress WasmPlugins Tests	2026-09-23T08:09:25.9115610Z 
higress-wasmplugin-test (GO)	Run Ingress WasmPlugins Tests	2026-09-23T08:09:25.9116031Z 	git config --global --add safe.directory /work
higress-wasmplugin-test (GO)	Run Ingress WasmPlugins Tests	2026-09-23T08:09:26.0410188Z GOOS=linux GOARCH=amd64 LDFLAGS='-X github.com/alibaba/higress/v2/pkg/cmd/lversion.higressVersion=v2.2.4 -X github.com/alibaba/higress/v2/pkg/cmd/lversion.gitCommitID=a01636191d45d3bda350611b95f6d2363482dac2 -extldflags -static -s -w' common/scripts/gobuild.sh /work/out/linux_amd64/ -tags=vtprotobuf,disable_pgv ./pilot/cmd/pilot-discovery
higress-wasmplugin-test (GO)	Run Ingress WasmPlugins Tests	2026-09-23T08:09:26.0614764Z fatal: detected dubious ownership in repository at '/work'
higress-wasmplugin-test (GO)	Run Ingress WasmPlugins Tests	2026-09-23T08:09:26.0615944Z To add an exception for this directory, call:
higress-wasmplugin-test (GO)	Run Ingress WasmPlugins Tests	2026-09-23T08:09:26.0616581Z 
higress-wasmplugin-test (GO)	Run Ingress WasmPlugins Tests	2026-09-23T08:09:26.0617071Z 	git config --global --add safe.directory /work
higress-wasmplugin-test (GO)	Run Ingress WasmPlugins Tests	2026-09-23T08:09:26.0634808Z fatal: detected dubious ownership in repository at '/work'
higress-wasmplugin-test (GO)	Run Ingress WasmPlugins Tests	2026-09-23T08:09:26.0635612Z To add an exception for this directory, call:
higress-wasmplugin-test (GO)	Run Ingress WasmPlugins Tests	2026-09-23T08:09:26.0635949Z 
higress-wasmplugin-test (GO)	Run Ingress WasmPlugins Tests	2026-09-23T08:09:26.0636200Z 	git config --global --add safe.directory /work
higress-wasmplugin-test (GO)	Run Ingress WasmPlugins Tests	2026-09-23T08:09:26.1385878Z go: downloading github.com/fsnotify/fsnotify v1.9.0
higress-wasmplugin-test (GO)	Run Ingress WasmPlugins Tests	2026-09-23T08:09:26.1407596Z go: downloading github.com/grpc-ecosystem/go-grpc-prometheus v1.2.0
higress-wasmplugin-test (GO)	Run Ingress WasmPlugins Tests	2026-09-23T08:09:26.1408879Z go: downloading github.com/higress-group/api v0.0.0-20260211054508-efc0fe428ccc
higress-wasmplugin-test (GO)	Run Ingress WasmPlugins Tests	2026-09-23T08:09:26.2690843Z go: downloading k8s.io/api v0.34.1
higress-wasmplugin-test (GO)	Run Ingress WasmPlugins Tests	2026-09-23T08:09:26.4367311Z go: downloading k8s.io/apimachinery v0.34.1
higress-wasmplugin-test (GO)	Run Ingress WasmPlugins Tests	2026-09-23T08:09:26.4368024Z go: downloading k8s.io/client-go v0.34.1
higress-wasmplugin-test (GO)	Run Ingress WasmPlugins Tests	2026-09-23T08:09:26.6188366Z go: downloading go.uber.org/atomic v1.11.0
higress-wasmplugin-test (GO)	Run Ingress WasmPlugins Tests	2026-09-23T08:09:26.6307567Z go: downloading github.com/gorilla/mux v1.8.1
higress-wasmplugin-test (GO)	Run Ingress WasmPlugins Tests	2026-09-23T08:09:26.6612225Z go: downloading github.com/google/cel-go v0.26.0
higress-wasmplugin-test (GO)	Run Ingress WasmPlugins Tests	2026-09-23T08:09:26.6614580Z go: downloading github.com/hashicorp/go-multierror v1.1.1
higress-wasmplugin-test (GO)	Run Ingress WasmPlugins Tests	2026-09-23T08:09:26.6844734Z go: downloading github.com/lestrrat-go/jwx v1.2.31
higress-wasmplugin-test (GO)	Run Ingress WasmPlugins Tests	2026-09-23T08:09:26.8171271Z go: downloading golang.org/x/time v0.15.0
higress-wasmplugin-test (GO)	Run Ingress WasmPlugins Tests	2026-09-23T08:09:26.8208065Z go: downloading github.com/evanphx/json-patch/v5 v5.9.11
higress-wasmplugin-test (GO)	Run Ingress WasmPlugins Tests	2026-09-23T08:09:26.8363450Z go: downloading gomodules.xyz/jsonpatch/v2 v2.5.0
higress-wasmplugin-test (GO)	Run Ingress WasmPlugins Tests	2026-09-23T08:09:26.8513853Z go: downloading github.com/higress-group/client-go v0.0.0-20251013085901-09ed8dc4e748
higress-wasmplugin-test (GO)	Run Ingress WasmPlugins Tests	2026-09-23T08:09:27.0036113Z go: downloading k8s.io/apiextensions-apiserver v0.34.1
higress-wasmplugin-test (GO)	Run Ingress WasmPlugins Tests	2026-09-23T08:09:27.1446606Z go: downloading sigs.k8s.io/gateway-api-inference-extension v1.1.0
higress-wasmplugin-test (GO)	Run Ingress WasmPlugins Tests	2026-09-23T08:09:27.1735979Z go: downloading sigs.k8s.io/gateway-api v1.6.0
higress-wasmplugin-test (GO)	Run Ingress WasmPlugins Tests	2026-09-23T08:09:27.4474721Z go: downloading k8s.io/apiserver v0.34.1
higress-wasmplugin-test (GO)	Run Ingress WasmPlugins Tests	2026-09-23T08:09:27.4476388Z go: downloading github.com/grpc-ecosystem/go-grpc-middleware v1.4.0
higress-wasmplugin-test (GO)	Run Ingress WasmPlugins Tests	2026-09-23T08:09:27.4510342Z go: downloading github.com/cncf/xds/go v0.0.0-20251110193048-8bfbf64dc13e
higress-wasmplugin-test (GO)	Run Ingress WasmPlugins Tests	2026-09-23T08:09:27.5023623Z go: downloading github.com/higress-group/go-control-plane/envoy v0.0.0-20260808035359-140755b06167
higress-wasmplugin-test (GO)	Run Ingress WasmPlugins Tests	2026-09-23T08:09:28.2813712Z go: downloading github.com/higress-group/go-control-plane v0.0.0-20260808035359-140755b06167
higress-wasmplugin-test (GO)	Run Ingress WasmPlugins Tests	2026-09-23T08:09:28.3334589Z go: downloading github.com/google/go-cmp v0.7.0
higress-wasmplugin-test (GO)	Run Ingress WasmPlugins Tests	2026-09-23T08:09:28.3335558Z go: downloading github.com/hashicorp/golang-lru/v2 v2.0.7
higress-wasmplugin-test (GO)	Run Ingress WasmPlugins Tests	2026-09-23T08:09:28.3336436Z go: downloading github.com/miekg/dns v1.1.72
higress-wasmplugin-test (GO)	Run Ingress WasmPlugins Tests	2026-09-23T08:09:28.3622293Z go: downloading github.com/Masterminds/sprig/v3 v3.3.0
higress-wasmplugin-test (GO)	Run Ingress WasmPlugins Tests	2026-09-23T08:09:28.3672522Z go: downloading github.com/higress-group/go-control-plane/contrib v0.0.0-20260808035359-140755b06167
higress-wasmplugin-test (GO)	Run Ingress WasmPlugins Tests	2026-09-23T08:09:28.3675846Z go: downloading github.com/golang/protobuf v1.5.4
higress-wasmplugin-test (GO)	Run Ingress WasmPlugins Tests	2026-09-23T08:09:28.3907140Z go: downloading github.com/yl2chen/cidranger v1.0.2
higress-wasmplugin-test (GO)	Run Ingress WasmPlugins Tests	2026-09-23T08:09:28.3973539Z go: downloading sigs.k8s.io/mcs-api v0.1.1-0.20240624222831-d7001fe1d21c
higress-wasmplugin-test (GO)	Run Ingress WasmPlugins Tests	2026-09-23T08:09:28.4432778Z go: downloading github.com/hashicorp/go-version v1.7.0
higress-wasmplugin-test (GO)	Run Ingress WasmPlugins Tests	2026-09-23T08:09:28.4433482Z go: downloading github.com/openshift/api v0.0.0-20250507150912-7318813e48da
higress-wasmplugin-test (GO)	Run Ingress WasmPlugins Tests	2026-09-23T08:09:28.4433956Z go: downloading github.com/prometheus/prometheus v0.307.1
higress-wasmplugin-test (GO)	Run Ingress WasmPlugins Tests	2026-09-23T08:09:28.4660116Z go: downloading k8s.io/utils v0.0.0-20260319190234-28399d86e0b5
higress-wasmplugin-test (GO)	Run Ingress WasmPlugins Tests	2026-09-23T08:09:28.5197814Z go: downloading github.com/Masterminds/semver/v3 v3.4.0
higress-wasmplugin-test (GO)	Run Ingress WasmPlugins Tests	2026-09-23T08:09:28.5456759Z go: downloading github.com/grpc-ecosystem/go-grpc-middleware/v2 v2.3.3
higress-wasmplugin-test (GO)	Run Ingress WasmPlugins Tests	2026-09-23T08:09:28.5874440Z go: downloading github.com/go-jose/go-jose/v4 v4.1.0
higress-wasmplugin-test (GO)	Run Ingress WasmPlugins Tests	2026-09-23T08:09:28.6251115Z go: downloading github.com/alecholmes/xfccparser v0.4.0
higress-wasmplugin-test (GO)	Run Ingress WasmPlugins Tests	2026-09-23T08:09:28.6427634Z go: downloading github.com/coreos/go-oidc/v3 v3.14.1
higress-wasmplugin-test (GO)	Run Ingress WasmPlugins Tests	2026-09-23T08:09:28.6664042Z go: downloading sigs.k8s.io/randfill v1.0.0
higress-wasmplugin-test (GO)	Run Ingress WasmPlugins Tests	2026-09-23T08:09:28.6927905Z go: downloading github.com/cpuguy83/go-md2man/v2 v2.0.7
higress-wasmplugin-test (GO)	Run Ingress WasmPlugins Tests	2026-09-23T08:09:28.7238633Z go: downloading go.yaml.in/yaml/v3 v3.0.4
higress-wasmplugin-test (GO)	Run Ingress WasmPlugins Tests	2026-09-23T08:09:28.7556200Z go: downloading github.com/hashicorp/errwrap v1.1.0
higress-wasmplugin-test (GO)	Run Ingress WasmPlugins Tests	2026-09-23T08:09:28.7763044Z go: downloading github.com/lestrrat-go/backoff/v2 v2.0.8
higress-wasmplugin-test (GO)	Run Ingress WasmPlugins Tests	2026-09-23T08:09:28.7967526Z go: downloading github.com/lestrrat-go/blackmagic v1.0.3
higress-wasmplugin-test (GO)	Run Ingress WasmPlugins Tests	2026-09-23T08:09:28.8148159Z go: downloading github.com/lestrrat-go/httpcc v1.0.1
higress-wasmplugin-test (GO)	Run Ingress WasmPlugins Tests	2026-09-23T08:09:28.8413474Z go: downloading github.com/lestrrat-go/iter v1.0.2
higress-wasmplugin-test (GO)	Run Ingress WasmPlugins Tests	2026-09-23T08:09:28.8587585Z go: downloading github.com/lestrrat-go/option v1.0.1
higress-wasmplugin-test (GO)	Run Ingress WasmPlugins Tests	2026-09-23T08:09:28.8790441Z go: downloading cel.dev/expr v0.25.1
higress-wasmplugin-test (GO)	Run Ingress WasmPlugins Tests	2026-09-23T08:09:28.9269831Z go: downloading sigs.k8s.io/structured-merge-diff/v6 v6.4.0
higress-wasmplugin-test (GO)	Run Ingress WasmPlugins Tests	2026-09-23T08:09:28.9885587Z go: downloading sigs.k8s.io/json v0.0.0-20250730193827-2d320260d730
higress-wasmplugin-test (GO)	Run Ingress WasmPlugins Tests	2026-09-23T08:09:29.0170591Z go: downloading golang.org/x/oauth2 v0.36.0
higress-wasmplugin-test (GO)	Run Ingress WasmPlugins Tests	2026-09-23T08:09:29.0518247Z go: downloading k8s.io/kube-openapi v0.0.0-20260501160325-927ab1f70cd6
higress-wasmplugin-test (GO)	Run Ingress WasmPlugins Tests	2026-09-23T08:09:29.0557743Z go: downloading github.com/envoyproxy/protoc-gen-validate v1.3.0
higress-wasmplugin-test (GO)	Run Ingress WasmPlugins Tests	2026-09-23T08:09:29.0896578Z go: downloading dario.cat/mergo v1.0.2
higress-wasmplugin-test (GO)	Run Ingress WasmPlugins Tests	2026-09-23T08:09:29.1124544Z go: downloading github.com/Masterminds/goutils v1.1.1
higress-wasmplugin-test (GO)	Run Ingress WasmPlugins Tests	2026-09-23T08:09:29.1260763Z go: downloading github.com/huandu/xstrings v1.5.0
higress-wasmplugin-test (GO)	Run Ingress WasmPlugins Tests	2026-09-23T08:09:29.1315189Z go: downloading github.com/mitchellh/copystructure v1.2.0
higress-wasmplugin-test (GO)	Run Ingress WasmPlugins Tests	2026-09-23T08:09:29.1446154Z go: downloading github.com/shopspring/decimal v1.4.0
higress-wasmplugin-test (GO)	Run Ingress WasmPlugins Tests	2026-09-23T08:09:29.1490813Z go: downloading github.com/spf13/cast v1.8.0
higress-wasmplugin-test (GO)	Run Ingress WasmPlugins Tests	2026-09-23T08:09:29.1647696Z go: downloading golang.org/x/crypto v0.51.0
higress-wasmplugin-test (GO)	Run Ingress WasmPlugins Tests	2026-09-23T08:09:29.2738885Z go: downloading github.com/cenkalti/backoff/v4 v4.3.0
higress-wasmplugin-test (GO)	Run Ingress WasmPlugins Tests	2026-09-23T08:09:29.2788872Z go: downloading github.com/ryanuber/go-glob v1.0.0
higress-wasmplugin-test (GO)	Run Ingress WasmPlugins Tests	2026-09-23T08:09:29.2926644Z go: downloading github.com/moby/spdystream v0.5.1
higress-wasmplugin-test (GO)	Run Ingress WasmPlugins Tests	2026-09-23T08:09:29.2952099Z go: downloading github.com/google/gnostic-models v0.7.1
higress-wasmplugin-test (GO)	Run Ingress WasmPlugins Tests	2026-09-23T08:09:29.3147595Z go: downloading github.com/gregjones/httpcache v0.0.0-20190611155906-901d90724c79
higress-wasmplugin-test (GO)	Run Ingress WasmPlugins Tests	2026-09-23T08:09:29.3305273Z go: downloading github.com/peterbourgon/diskv v2.0.1+incompatible
higress-wasmplugin-test (GO)	Run Ingress WasmPlugins Tests	2026-09-23T08:09:29.3308427Z go: downloading gopkg.in/evanphx/json-patch.v4 v4.13.0
higress-wasmplugin-test (GO)	Run Ingress WasmPlugins Tests	2026-09-23T08:09:29.3355139Z go: downloading golang.org/x/term v0.43.0
higress-wasmplugin-test (GO)	Run Ingress WasmPlugins Tests	2026-09-23T08:09:29.3368463Z go: downloading github.com/gorilla/websocket v1.5.4-0.20250319132907-e064f32e3674
higress-wasmplugin-test (GO)	Run Ingress WasmPlugins Tests	2026-09-23T08:09:29.3512604Z go: downloading github.com/alecthomas/participle/v2 v2.1.4
higress-wasmplugin-test (GO)	Run Ingress WasmPlugins Tests	2026-09-23T08:09:29.3552254Z go: downloading gopkg.in/inf.v0 v0.9.1
higress-wasmplugin-test (GO)	Run Ingress WasmPlugins Tests	2026-09-23T08:09:29.3637116Z go: downloading github.com/russross/blackfriday/v2 v2.1.0
higress-wasmplugin-test (GO)	Run Ingress WasmPlugins Tests	2026-09-23T08:09:29.3727899Z go: downloading github.com/stoewer/go-strcase v1.3.0
higress-wasmplugin-test (GO)	Run Ingress WasmPlugins Tests	2026-09-23T08:09:29.3804446Z go: downloading github.com/antlr4-go/antlr/v4 v4.13.1
higress-wasmplugin-test (GO)	Run Ingress WasmPlugins Tests	2026-09-23T08:09:29.3968594Z go: downloading github.com/json-iterator/go v1.1.12
higress-wasmplugin-test (GO)	Run Ingress WasmPlugins Tests	2026-09-23T08:09:29.4076899Z go: downloading github.com/fxamacker/cbor/v2 v2.9.1
higress-wasmplugin-test (GO)	Run Ingress WasmPlugins Tests	2026-09-23T08:09:29.4185754Z go: downloading github.com/davecgh/go-spew v1.1.2-0.20180830191138-d8f796af33cc
higress-wasmplugin-test (GO)	Run Ingress WasmPlugins Tests	2026-09-23T08:09:29.4257376Z go: downloading github.com/grafana/regexp v0.0.0-20250905093917-f7b3be9d1853
higress-wasmplugin-test (GO)	Run Ingress WasmPlugins Tests	2026-09-23T08:09:29.4521309Z go: downloading github.com/tetratelabs/wazero v1.9.0
higress-wasmplugin-test (GO)	Run Ingress WasmPlugins Tests	2026-09-23T08:09:29.4536530Z go: downloading github.com/mitchellh/reflectwalk v1.0.2
higress-wasmplugin-test (GO)	Run Ingress WasmPlugins Tests	2026-09-23T08:09:29.4550326Z go: downloading github.com/go-openapi/jsonreference v0.21.5
higress-wasmplugin-test (GO)	Run Ingress WasmPlugins Tests	2026-09-23T08:09:29.4667505Z go: downloading github.com/go-openapi/swag v0.26.0
higress-wasmplugin-test (GO)	Run Ingress WasmPlugins Tests	2026-09-23T08:09:29.4803377Z go: downloading gopkg.in/yaml.v3 v3.0.1
higress-wasmplugin-test (GO)	Run Ingress WasmPlugins Tests	2026-09-23T08:09:29.4805115Z go: downloading github.com/mxk/go-flowrate v0.0.0-20140419014527-cca7078d478f
higress-wasmplugin-test (GO)	Run Ingress WasmPlugins Tests	2026-09-23T08:09:29.4954225Z go: downloading github.com/pmezard/go-difflib v1.0.1-0.20181226105442-5d4384ee4fb2
higress-wasmplugin-test (GO)	Run Ingress WasmPlugins Tests	2026-09-23T08:09:29.4990998Z go: downloading github.com/google/btree v1.1.3
higress-wasmplugin-test (GO)	Run Ingress WasmPlugins Tests	2026-09-23T08:09:29.5139368Z go: downloading golang.org/x/exp v0.0.0-20230713183714-613f0c0eb8a1
higress-wasmplugin-test (GO)	Run Ingress WasmPlugins Tests	2026-09-23T08:09:29.5148090Z go: downloading github.com/x448/float16 v0.8.4
higress-wasmplugin-test (GO)	Run Ingress WasmPlugins Tests	2026-09-23T08:09:29.5192454Z go: downloading github.com/modern-go/concurrent v0.0.0-20180306012644-bacd9c7ef1dd
higress-wasmplugin-test (GO)	Run Ingress WasmPlugins Tests	2026-09-23T08:09:29.5342749Z go: downloading github.com/modern-go/reflect2 v1.0.3-0.20250322232337-35a7c28c31ee
higress-wasmplugin-test (GO)	Run Ingress WasmPlugins Tests	2026-09-23T08:09:29.5382354Z go: downloading github.com/go-openapi/jsonpointer v0.23.1
higress-wasmplugin-test (GO)	Run Ingress WasmPlugins Tests	2026-09-23T08:09:29.5578275Z go: downloading github.com/go-openapi/swag/cmdutils v0.26.0
higress-wasmplugin-test (GO)	Run Ingress WasmPlugins Tests	2026-09-23T08:09:29.5667082Z go: downloading github.com/go-openapi/swag/conv v0.26.0
higress-wasmplugin-test (GO)	Run Ingress WasmPlugins Tests	2026-09-23T08:09:29.5808890Z go: downloading github.com/go-openapi/swag/fileutils v0.26.0
higress-wasmplugin-test (GO)	Run Ingress WasmPlugins Tests	2026-09-23T08:09:29.5842453Z go: downloading github.com/go-openapi/swag/jsonname v0.26.0
higress-wasmplugin-test (GO)	Run Ingress WasmPlugins Tests	2026-09-23T08:09:29.5981113Z go: downloading github.com/go-openapi/swag/jsonutils v0.26.0
higress-wasmplugin-test (GO)	Run Ingress WasmPlugins Tests	2026-09-23T08:09:29.6022816Z go: downloading github.com/go-openapi/swag/loading v0.26.0
higress-wasmplugin-test (GO)	Run Ingress WasmPlugins Tests	2026-09-23T08:09:29.6047595Z go: downloading github.com/go-openapi/swag/mangling v0.26.0
higress-wasmplugin-test (GO)	Run Ingress WasmPlugins Tests	2026-09-23T08:09:29.6216765Z go: downloading github.com/go-openapi/swag/netutils v0.26.0
higress-wasmplugin-test (GO)	Run Ingress WasmPlugins Tests	2026-09-23T08:09:29.6236091Z go: downloading github.com/go-openapi/swag/stringutils v0.26.0
higress-wasmplugin-test (GO)	Run Ingress WasmPlugins Tests	2026-09-23T08:09:29.6245166Z go: downloading github.com/go-openapi/swag/typeutils v0.26.0
higress-wasmplugin-test (GO)	Run Ingress WasmPlugins Tests	2026-09-23T08:09:29.6408025Z go: downloading github.com/go-openapi/swag/yamlutils v0.26.0
higress-wasmplugin-test (GO)	Run Ingress WasmPlugins Tests	2026-09-23T08:09:29.6413706Z go: downloading cloud.google.com/go/compute/metadata v0.8.4
higress-wasmplugin-test (GO)	Run Ingress WasmPlugins Tests	2026-09-23T08:09:29.6414496Z go: downloading github.com/emicklei/go-restful/v3 v3.13.0
higress-wasmplugin-test (GO)	Run Ingress WasmPlugins Tests	2026-09-23T08:09:29.6550972Z go: downloading cloud.google.com/go v0.120.0
higress-wasmplugin-test (GO)	Run Ingress WasmPlugins Tests	2026-09-23T08:11:50.3880152Z 
higress-wasmplugin-test (GO)	Run Ingress WasmPlugins Tests	2026-09-23T08:11:50.3880760Z real	2m24.323s
higress-wasmplugin-test (GO)	Run Ingress WasmPlugins Tests	2026-09-23T08:11:50.3881165Z user	7m16.667s
higress-wasmplugin-test (GO)	Run Ingress WasmPlugins Tests	2026-09-23T08:11:50.3881522Z sys	1m11.934s
higress-wasmplugin-test (GO)	Run Ingress WasmPlugins Tests	2026-09-23T08:11:50.3991772Z TARGET_OUT=/work/out/linux_amd64 ISTIO_BIN=/bin GOOS_LOCAL=linux bin/retry.sh SSL_ERROR_SYSCALL bin/init.sh
higress-wasmplugin-test (GO)	Run Ingress WasmPlugins Tests	2026-09-23T08:11:50.4241340Z Skipping envoy debug. Set DEBUG_IMAGE to download.
higress-wasmplugin-test (GO)	Run Ingress WasmPlugins Tests	2026-09-23T08:11:50.4293567Z /work/out/linux_amd64/release /work
higress-wasmplugin-test (GO)	Run Ingress WasmPlugins Tests	2026-09-23T08:11:50.4295119Z Downloading envoy: https://github.com/higress-group/proxy/releases/download/v2.2.4-test-envoy-1.36.10/envoy-symbol-amd64.tar.gz to /work/out/linux_amd64/release/envoy-1a53bf14a57976dd0f509752b748caf3b1125d54
higress-wasmplugin-test (GO)	Run Ingress WasmPlugins Tests	2026-09-23T08:11:55.1133401Z 
higress-wasmplugin-test (GO)	Run Ingress WasmPlugins Tests	2026-09-23T08:11:55.1134181Z real	0m4.684s
higress-wasmplugin-test (GO)	Run Ingress WasmPlugins Tests	2026-09-23T08:11:55.1134583Z user	0m4.392s
higress-wasmplugin-test (GO)	Run Ingress WasmPlugins Tests	2026-09-23T08:11:55.1134885Z sys	0m1.836s
higress-wasmplugin-test (GO)	Run Ingress WasmPlugins Tests	2026-09-23T08:11:55.1168920Z Copying /work/out/linux_amd64/release/envoy-1a53bf14a57976dd0f509752b748caf3b1125d54 to /work/out/linux_amd64/release/envoy
higress-wasmplugin-test (GO)	Run Ingress WasmPlugins Tests	2026-09-23T08:11:55.8329386Z /work
higress-wasmplugin-test (GO)	Run Ingress WasmPlugins Tests	2026-09-23T08:11:55.8330613Z Copying /work/out/linux_amd64/release/envoy-1a53bf14a57976dd0f509752b748caf3b1125d54 to /work/out/linux_amd64/envoy
higress-wasmplugin-test (GO)	Run Ingress WasmPlugins Tests	2026-09-23T08:11:56.8073056Z touch /work/out/linux_amd64/istio_is_init
higress-wasmplugin-test (GO)	Run Ingress WasmPlugins Tests	2026-09-23T08:11:56.8106039Z TARGET_OUT=/work/out/linux_amd64 bin/build_ztunnel.sh
higress-wasmplugin-test (GO)	Run Ingress WasmPlugins Tests	2026-09-23T08:11:56.8419540Z /work/out/linux_amd64/release /work
higress-wasmplugin-test (GO)	Run Ingress WasmPlugins Tests	2026-09-23T08:11:56.8421195Z Downloading ztunnel: https://storage.googleapis.com/istio-build/ztunnel/ztunnel-75376478762decb918ea884603b2852b1568b015-amd64 to /work/out/linux_amd64/release/ztunnel-75376478762decb918ea884603b2852b1568b015
higress-wasmplugin-test (GO)	Run Ingress WasmPlugins Tests	2026-09-23T08:11:57.1346087Z 
higress-wasmplugin-test (GO)	Run Ingress WasmPlugins Tests	2026-09-23T08:11:57.1346515Z real	0m0.293s
higress-wasmplugin-test (GO)	Run Ingress WasmPlugins Tests	2026-09-23T08:11:57.1346896Z user	0m0.057s
higress-wasmplugin-test (GO)	Run Ingress WasmPlugins Tests	2026-09-23T08:11:57.1347212Z sys	0m0.035s
higress-wasmplugin-test (GO)	Run Ingress WasmPlugins Tests	2026-09-23T08:11:57.1381908Z Copying /work/out/linux_amd64/release/ztunnel-75376478762decb918ea884603b2852b1568b015 to /work/out/linux_amd64/release/ztunnel
higress-wasmplugin-test (GO)	Run Ingress WasmPlugins Tests	2026-09-23T08:11:57.1547140Z /work
higress-wasmplugin-test (GO)	Run Ingress WasmPlugins Tests	2026-09-23T08:11:57.1548080Z Copying '/work/out/linux_amd64/release/ztunnel-75376478762decb918ea884603b2852b1568b015' to /work/out/linux_amd64/ztunnel
higress-wasmplugin-test (GO)	Run Ingress WasmPlugins Tests	2026-09-23T08:11:57.1841324Z 2026-09-23T08:11:57.183668Z	info	Running command: tools/docker-copy.sh pilot/docker/Dockerfile.pilot tools/packaging/common/envoy_bootstrap.json tools/packaging/common/higress-pilot-start.sh /work/out/linux_amd64/pilot-discovery /work/out/linux_amd64/dockerx_build/build.docker.pilot
higress-wasmplugin-test (GO)	Run Ingress WasmPlugins Tests	2026-09-23T08:11:58.7591696Z 2026-09-23T08:11:58.758592Z	info	make complete	runtime=2m32.897839191s
higress-wasmplugin-test (GO)	Run Ingress WasmPlugins Tests	2026-09-23T08:11:58.7592910Z 2026-09-23T08:11:58.758735Z	info	Running command: docker buildx bake -f /work/out/linux_amd64/dockerx_build/docker-bake.json all
higress-wasmplugin-test (GO)	Run Ingress WasmPlugins Tests	2026-09-23T08:11:59.6158772Z #0 building with "default" instance using docker driver
higress-wasmplugin-test (GO)	Run Ingress WasmPlugins Tests	2026-09-23T08:11:59.6159261Z 
higress-wasmplugin-test (GO)	Run Ingress WasmPlugins Tests	2026-09-23T08:11:59.6159458Z #1 [internal] load build definition from Dockerfile.pilot
higress-wasmplugin-test (GO)	Run Ingress WasmPlugins Tests	2026-09-23T08:11:59.6159817Z #1 transferring dockerfile: 998B done
higress-wasmplugin-test (GO)	Run Ingress WasmPlugins Tests	2026-09-23T08:11:59.6160097Z #1 DONE 0.0s
higress-wasmplugin-test (GO)	Run Ingress WasmPlugins Tests	2026-09-23T08:11:59.6160211Z 
higress-wasmplugin-test (GO)	Run Ingress WasmPlugins Tests	2026-09-23T08:11:59.6160572Z #2 [internal] load metadata for higress-registry.cn-hangzhou.cr.aliyuncs.com/higress/base:2023-07-20T20-50-43
higress-wasmplugin-test (GO)	Run Ingress WasmPlugins Tests	2026-09-23T08:12:02.3063048Z #2 DONE 2.8s
higress-wasmplugin-test (GO)	Run Ingress WasmPlugins Tests	2026-09-23T08:12:02.4216585Z 
higress-wasmplugin-test (GO)	Run Ingress WasmPlugins Tests	2026-09-23T08:12:02.4217638Z #3 [internal] load .dockerignore
higress-wasmplugin-test (GO)	Run Ingress WasmPlugins Tests	2026-09-23T08:12:02.4218166Z #3 transferring context: 2B done
higress-wasmplugin-test (GO)	Run Ingress WasmPlugins Tests	2026-09-23T08:12:02.4218479Z #3 DONE 0.0s
higress-wasmplugin-test (GO)	Run Ingress WasmPlugins Tests	2026-09-23T08:12:02.4218616Z 
higress-wasmplugin-test (GO)	Run Ingress WasmPlugins Tests	2026-09-23T08:12:02.4219448Z #4 [debug 1/1] FROM higress-registry.cn-hangzhou.cr.aliyuncs.com/higress/base:2023-07-20T20-50-43@sha256:043f4fd9072974da11e51736521eb7118cf159bf6872a1a00a90f1efe85764b6
higress-wasmplugin-test (GO)	Run Ingress WasmPlugins Tests	2026-09-23T08:12:02.4221415Z #4 resolve higress-registry.cn-hangzhou.cr.aliyuncs.com/higress/base:2023-07-20T20-50-43@sha256:043f4fd9072974da11e51736521eb7118cf159bf6872a1a00a90f1efe85764b6 done
higress-wasmplugin-test (GO)	Run Ingress WasmPlugins Tests	2026-09-23T08:12:02.4222591Z #4 CACHED
higress-wasmplugin-test (GO)	Run Ingress WasmPlugins Tests	2026-09-23T08:12:02.4222769Z 
higress-wasmplugin-test (GO)	Run Ingress WasmPlugins Tests	2026-09-23T08:12:02.4222926Z #5 [internal] load build context
higress-wasmplugin-test (GO)	Run Ingress WasmPlugins Tests	2026-09-23T08:12:02.7207804Z #5 transferring context: 113.56MB 0.4s done
higress-wasmplugin-test (GO)	Run Ingress WasmPlugins Tests	2026-09-23T08:12:02.8710356Z #5 DONE 0.4s
higress-wasmplugin-test (GO)	Run Ingress WasmPlugins Tests	2026-09-23T08:12:02.8710584Z 
higress-wasmplugin-test (GO)	Run Ingress WasmPlugins Tests	2026-09-23T08:12:02.8710837Z #6 [stage-2 1/3] COPY amd64/pilot-discovery /usr/local/bin/pilot-discovery
higress-wasmplugin-test (GO)	Run Ingress WasmPlugins Tests	2026-09-23T08:12:06.1289099Z #6 DONE 3.4s
higress-wasmplugin-test (GO)	Run Ingress WasmPlugins Tests	2026-09-23T08:12:06.2777758Z 
higress-wasmplugin-test (GO)	Run Ingress WasmPlugins Tests	2026-09-23T08:12:06.2778648Z #7 [stage-2 2/3] COPY higress-pilot-start.sh /usr/local/bin/higress-pilot-start.sh
higress-wasmplugin-test (GO)	Run Ingress WasmPlugins Tests	2026-09-23T08:12:06.2779254Z #7 DONE 0.0s
higress-wasmplugin-test (GO)	Run Ingress WasmPlugins Tests	2026-09-23T08:12:06.2779382Z 
higress-wasmplugin-test (GO)	Run Ingress WasmPlugins Tests	2026-09-23T08:12:06.2779647Z #8 [stage-2 3/3] RUN chmod +x /usr/local/bin/higress-pilot-start.sh
higress-wasmplugin-test (GO)	Run Ingress WasmPlugins Tests	2026-09-23T08:12:06.2780058Z #8 DONE 0.1s
higress-wasmplugin-test (GO)	Run Ingress WasmPlugins Tests	2026-09-23T08:12:06.4279630Z 
higress-wasmplugin-test (GO)	Run Ingress WasmPlugins Tests	2026-09-23T08:12:06.4280464Z #9 exporting to image
higress-wasmplugin-test (GO)	Run Ingress WasmPlugins Tests	2026-09-23T08:12:06.4280774Z #9 exporting layers
higress-wasmplugin-test (GO)	Run Ingress WasmPlugins Tests	2026-09-23T08:12:07.0067091Z #9 exporting layers 0.7s done
higress-wasmplugin-test (GO)	Run Ingress WasmPlugins Tests	2026-09-23T08:12:07.0194295Z #9 writing image sha256:04e9972a27656f754090b4fe539be02b5363688d82af1f0c2e96fb6df789493d done
higress-wasmplugin-test (GO)	Run Ingress WasmPlugins Tests	2026-09-23T08:12:07.0195820Z #9 naming to higress-registry.cn-hangzhou.cr.aliyuncs.com/higress/pilot:a01636191d45d3bda350611b95f6d2363482dac2 done
higress-wasmplugin-test (GO)	Run Ingress WasmPlugins Tests	2026-09-23T08:12:07.0196696Z #9 DONE 0.7s
higress-wasmplugin-test (GO)	Run Ingress WasmPlugins Tests	2026-09-23T08:12:07.0246327Z 2026-09-23T08:12:07.024210Z	info	images complete	runtime=8.265576192s
higress-wasmplugin-test (GO)	Run Ingress WasmPlugins Tests	2026-09-23T08:12:07.0246894Z 2026-09-23T08:12:07.024327Z	info	build complete	runtime=2m41.164522202s
higress-wasmplugin-test (GO)	Run Ingress WasmPlugins Tests	2026-09-23T08:12:07.0729232Z make[1]: Leaving directory '/home/runner/work/higress/higress/external/istio'
higress-wasmplugin-test (GO)	Run Ingress WasmPlugins Tests	2026-09-23T08:12:07.1298401Z tools/hack/kind-load-image.sh higress-registry.cn-hangzhou.cr.aliyuncs.com/higress/higress a01636191d45d3bda350611b95f6d2363482dac2
higress-wasmplugin-test (GO)	Run Ingress WasmPlugins Tests	2026-09-23T08:12:07.1667324Z Loading image higress-registry.cn-hangzhou.cr.aliyuncs.com/higress/higress:a01636191d45d3bda350611b95f6d2363482dac2 to kind cluster higress...
higress-wasmplugin-test (GO)	Run Ingress WasmPlugins Tests	2026-09-23T08:12:07.4092150Z Image: "" with ID "sha256:95ec1fca7df8d993fc19da5f4dffa6e1e81e1ba08e0ef46b33686a7937fa478a" not yet present on node "higress-control-plane", loading...
higress-wasmplugin-test (GO)	Run Ingress WasmPlugins Tests	2026-09-23T08:12:13.0495274Z tools/hack/docker-pull-image.sh higress-registry.cn-hangzhou.cr.aliyuncs.com/higress/gateway 6fad1fa9aca8bc8a055a4c65d66a125c791cff10
higress-wasmplugin-test (GO)	Run Ingress WasmPlugins Tests	2026-09-23T08:12:13.0518903Z Pulling image higress-registry.cn-hangzhou.cr.aliyuncs.com/higress/gateway:6fad1fa9aca8bc8a055a4c65d66a125c791cff10 to local ...
higress-wasmplugin-test (GO)	Run Ingress WasmPlugins Tests	2026-09-23T08:12:20.7375831Z 6fad1fa9aca8bc8a055a4c65d66a125c791cff10: Pulling from higress/gateway
higress-wasmplugin-test (GO)	Run Ingress WasmPlugins Tests	2026-09-23T08:12:20.7377552Z 3153aa388d02: Already exists
higress-wasmplugin-test (GO)	Run Ingress WasmPlugins Tests	2026-09-23T08:12:20.7390993Z 54caf5b3a5e2: Already exists
higress-wasmplugin-test (GO)	Run Ingress WasmPlugins Tests	2026-09-23T08:12:20.7403869Z 7b5da4110036: Already exists
higress-wasmplugin-test (GO)	Run Ingress WasmPlugins Tests	2026-09-23T08:12:20.7422806Z 0cc32659cde8: Pulling fs layer
higress-wasmplugin-test (GO)	Run Ingress WasmPlugins Tests	2026-09-23T08:12:20.7424150Z 5b7c092881de: Pulling fs layer
higress-wasmplugin-test (GO)	Run Ingress WasmPlugins Tests	2026-09-23T08:12:20.7424904Z 606294ec275d: Pulling fs layer
higress-wasmplugin-test (GO)	Run Ingress WasmPlugins Tests	2026-09-23T08:12:20.7425617Z fc09ba6f5202: Pulling fs layer
higress-wasmplugin-test (GO)	Run Ingress WasmPlugins Tests	2026-09-23T08:12:20.7425909Z 44c0a4212730: Pulling fs layer
higress-wasmplugin-test (GO)	Run Ingress WasmPlugins Tests	2026-09-23T08:12:20.7426264Z e9a2cd67e5e1: Pulling fs layer
higress-wasmplugin-test (GO)	Run Ingress WasmPlugins Tests	2026-09-23T08:12:20.7426519Z 292a6d90a342: Pulling fs layer
higress-wasmplugin-test (GO)	Run Ingress WasmPlugins Tests	2026-09-23T08:12:20.7426754Z 0576724877e6: Pulling fs layer
higress-wasmplugin-test (GO)	Run Ingress WasmPlugins Tests	2026-09-23T08:12:20.7426999Z 93707a7fe8bd: Pulling fs layer
higress-wasmplugin-test (GO)	Run Ingress WasmPlugins Tests	2026-09-23T08:12:20.7427300Z 42ae04c21a9c: Pulling fs layer
higress-wasmplugin-test (GO)	Run Ingress WasmPlugins Tests	2026-09-23T08:12:20.7427639Z bb0ccb968da1: Pulling fs layer
higress-wasmplugin-test (GO)	Run Ingress WasmPlugins Tests	2026-09-23T08:12:20.7427882Z fc09ba6f5202: Waiting
higress-wasmplugin-test (GO)	Run Ingress WasmPlugins Tests	2026-09-23T08:12:20.7428106Z 292a6d90a342: Waiting
higress-wasmplugin-test (GO)	Run Ingress WasmPlugins Tests	2026-09-23T08:12:20.7428410Z 42ae04c21a9c: Waiting
higress-wasmplugin-test (GO)	Run Ingress WasmPlugins Tests	2026-09-23T08:12:20.7428657Z bb0ccb968da1: Waiting
higress-wasmplugin-test (GO)	Run Ingress WasmPlugins Tests	2026-09-23T08:12:20.7428936Z 44c0a4212730: Waiting
higress-wasmplugin-test (GO)	Run Ingress WasmPlugins Tests	2026-09-23T08:12:20.7429131Z 0576724877e6: Waiting
higress-wasmplugin-test (GO)	Run Ingress WasmPlugins Tests	2026-09-23T08:12:20.7429341Z 93707a7fe8bd: Waiting
higress-wasmplugin-test (GO)	Run Ingress WasmPlugins Tests	2026-09-23T08:12:20.7429542Z e9a2cd67e5e1: Waiting
higress-wasmplugin-test (GO)	Run Ingress WasmPlugins Tests	2026-09-23T08:12:23.5059736Z 5b7c092881de: Download complete
higress-wasmplugin-test (GO)	Run Ingress WasmPlugins Tests	2026-09-23T08:12:23.8042729Z 0cc32659cde8: Verifying Checksum
higress-wasmplugin-test (GO)	Run Ingress WasmPlugins Tests	2026-09-23T08:12:23.8043303Z 0cc32659cde8: Download complete
higress-wasmplugin-test (GO)	Run Ingress WasmPlugins Tests	2026-09-23T08:12:24.0796591Z 0cc32659cde8: Pull complete
higress-wasmplugin-test (GO)	Run Ingress WasmPlugins Tests	2026-09-23T08:12:24.0888176Z 5b7c092881de: Pull complete
higress-wasmplugin-test (GO)	Run Ingress WasmPlugins Tests	2026-09-23T08:12:30.4497526Z fc09ba6f5202: Verifying Checksum
higress-wasmplugin-test (GO)	Run Ingress WasmPlugins Tests	2026-09-23T08:12:30.4498041Z fc09ba6f5202: Download complete
higress-wasmplugin-test (GO)	Run Ingress WasmPlugins Tests	2026-09-23T08:12:32.4403587Z 44c0a4212730: Verifying Checksum
higress-wasmplugin-test (GO)	Run Ingress WasmPlugins Tests	2026-09-23T08:12:32.4404503Z 44c0a4212730: Download complete
higress-wasmplugin-test (GO)	Run Ingress WasmPlugins Tests	2026-09-23T08:12:32.6387840Z 606294ec275d: Verifying Checksum
higress-wasmplugin-test (GO)	Run Ingress WasmPlugins Tests	2026-09-23T08:12:32.6388367Z 606294ec275d: Download complete
higress-wasmplugin-test (GO)	Run Ingress WasmPlugins Tests	2026-09-23T08:12:35.9073341Z 0576724877e6: Download complete
higress-wasmplugin-test (GO)	Run Ingress WasmPlugins Tests	2026-09-23T08:12:37.6766521Z 292a6d90a342: Verifying Checksum
higress-wasmplugin-test (GO)	Run Ingress WasmPlugins Tests	2026-09-23T08:12:37.6767435Z 292a6d90a342: Download complete
higress-wasmplugin-test (GO)	Run Ingress WasmPlugins Tests	2026-09-23T08:12:37.7714577Z 606294ec275d: Pull complete
higress-wasmplugin-test (GO)	Run Ingress WasmPlugins Tests	2026-09-23T08:12:38.1391518Z fc09ba6f5202: Pull complete
higress-wasmplugin-test (GO)	Run Ingress WasmPlugins Tests	2026-09-23T08:12:38.1406139Z 93707a7fe8bd: Verifying Checksum
higress-wasmplugin-test (GO)	Run Ingress WasmPlugins Tests	2026-09-23T08:12:38.1406726Z 93707a7fe8bd: Download complete
higress-wasmplugin-test (GO)	Run Ingress WasmPlugins Tests	2026-09-23T08:12:38.2886904Z 44c0a4212730: Pull complete
higress-wasmplugin-test (GO)	Run Ingress WasmPlugins Tests	2026-09-23T08:12:40.3378102Z bb0ccb968da1: Verifying Checksum
higress-wasmplugin-test (GO)	Run Ingress WasmPlugins Tests	2026-09-23T08:12:40.3378524Z bb0ccb968da1: Download complete
higress-wasmplugin-test (GO)	Run Ingress WasmPlugins Tests	2026-09-23T08:12:40.9302768Z e9a2cd67e5e1: Verifying Checksum
higress-wasmplugin-test (GO)	Run Ingress WasmPlugins Tests	2026-09-23T08:12:40.9303381Z e9a2cd67e5e1: Download complete
higress-wasmplugin-test (GO)	Run Ingress WasmPlugins Tests	2026-09-23T08:12:42.8839033Z e9a2cd67e5e1: Pull complete
higress-wasmplugin-test (GO)	Run Ingress WasmPlugins Tests	2026-09-23T08:12:42.9672828Z 292a6d90a342: Pull complete
higress-wasmplugin-test (GO)	Run Ingress WasmPlugins Tests	2026-09-23T08:12:42.9761131Z 0576724877e6: Pull complete
higress-wasmplugin-test (GO)	Run Ingress WasmPlugins Tests	2026-09-23T08:12:42.9862825Z 93707a7fe8bd: Pull complete
higress-wasmplugin-test (GO)	Run Ingress WasmPlugins Tests	2026-09-23T08:12:44.0671195Z 42ae04c21a9c: Verifying Checksum
higress-wasmplugin-test (GO)	Run Ingress WasmPlugins Tests	2026-09-23T08:12:44.0671712Z 42ae04c21a9c: Download complete
higress-wasmplugin-test (GO)	Run Ingress WasmPlugins Tests	2026-09-23T08:12:44.4206285Z 42ae04c21a9c: Pull complete
higress-wasmplugin-test (GO)	Run Ingress WasmPlugins Tests	2026-09-23T08:12:44.4294124Z bb0ccb968da1: Pull complete
higress-wasmplugin-test (GO)	Run Ingress WasmPlugins Tests	2026-09-23T08:12:44.4321382Z Digest: sha256:9d5b5ded5e51793037dbc360dc3cb59cd09ebc0ce712a0c0ecf693852902127e
higress-wasmplugin-test (GO)	Run Ingress WasmPlugins Tests	2026-09-23T08:12:44.4333445Z Status: Downloaded newer image for higress-registry.cn-hangzhou.cr.aliyuncs.com/higress/gateway:6fad1fa9aca8bc8a055a4c65d66a125c791cff10
higress-wasmplugin-test (GO)	Run Ingress WasmPlugins Tests	2026-09-23T08:12:44.4341477Z higress-registry.cn-hangzhou.cr.aliyuncs.com/higress/gateway:6fad1fa9aca8bc8a055a4c65d66a125c791cff10
higress-wasmplugin-test (GO)	Run Ingress WasmPlugins Tests	2026-09-23T08:12:44.4366123Z tools/hack/docker-pull-image.sh higress-registry.cn-hangzhou.cr.aliyuncs.com/higress/dubbo-provider-demo 0.0.3-x86
higress-wasmplugin-test (GO)	Run Ingress WasmPlugins Tests	2026-09-23T08:12:44.4390835Z Pulling image higress-registry.cn-hangzhou.cr.aliyuncs.com/higress/dubbo-provider-demo:0.0.3-x86 to local ...
higress-wasmplugin-test (GO)	Run Ingress WasmPlugins Tests	2026-09-23T08:12:46.5015152Z Error response from daemon: Head "https://higress-registry.cn-hangzhou.cr.aliyuncs.com/v2/higress/dubbo-provider-demo/manifests/0.0.3-x86": Get "https://dockerauth.cn-hangzhou.aliyuncs.com/auth?scope=repository%3Ahigress%2Fdubbo-provider-demo%3Apull&service=registry.aliyuncs.com%3Acn-hangzhou%3Achina%3Acri-r0xfyoxudmtseqq7": read tcp 10.1.0.237:44184->120.55.35.37:443: read: connection reset by peer
higress-wasmplugin-test (GO)	Run Ingress WasmPlugins Tests	2026-09-23T08:12:46.5035540Z make: *** [Makefile.core.mk:556: kube-load-image] Error 1
higress-wasmplugin-test (GO)	Run Ingress WasmPlugins Tests	2026-09-23T08:12:57.0945790Z ##[warning]Attempt 1 failed. Reason: Child_process exited with error code 2
higress-wasmplugin-test (GO)	Run Ingress WasmPlugins Tests	2026-09-23T08:12:57.0954747Z ##[endgroup]
higress-wasmplugin-test (GO)	Run Ingress WasmPlugins Tests	2026-09-23T08:12:57.0955747Z ##[group]Attempt 2
higress-wasmplugin-test (GO)	Run Ingress WasmPlugins Tests	2026-09-23T08:12:57.2498706Z Makefile.core.mk:446: warning: overriding recipe for target 'build-test-pilot'
higress-wasmplugin-test (GO)	Run Ingress WasmPlugins Tests	2026-09-23T08:12:57.2500027Z Makefile.core.mk:355: warning: ignoring old recipe for target 'build-test-pilot'
higress-wasmplugin-test (GO)	Run Ingress WasmPlugins Tests	2026-09-23T08:12:57.2510953Z tools/bin/kind delete cluster --name higress
higress-wasmplugin-test (GO)	Run Ingress WasmPlugins Tests	2026-09-23T08:12:57.3080794Z Deleting cluster "higress" ...
higress-wasmplugin-test (GO)	Run Ingress WasmPlugins Tests	2026-09-23T08:12:58.5525128Z tools/hack/create-cluster.sh
higress-wasmplugin-test (GO)	Run Ingress WasmPlugins Tests	2026-09-23T08:12:58.5894288Z v1.25.3
higress-wasmplugin-test (GO)	Run Ingress WasmPlugins Tests	2026-09-23T08:12:58.5894662Z higress
higress-wasmplugin-test (GO)	Run Ingress WasmPlugins Tests	2026-09-23T08:12:58.6805789Z Creating cluster "higress" ...
higress-wasmplugin-test (GO)	Run Ingress WasmPlugins Tests	2026-09-23T08:12:58.6806575Z  • Ensuring node image (kindest/node:v1.25.3) 🖼  ...
higress-wasmplugin-test (GO)	Run Ingress WasmPlugins Tests	2026-09-23T08:12:58.7133125Z  ✓ Ensuring node image (kindest/node:v1.25.3) 🖼
higress-wasmplugin-test (GO)	Run Ingress WasmPlugins Tests	2026-09-23T08:12:58.7133804Z  • Preparing nodes 📦   ...
higress-wasmplugin-test (GO)	Run Ingress WasmPlugins Tests	2026-09-23T08:13:01.3709923Z  ✓ Preparing nodes 📦 
higress-wasmplugin-test (GO)	Run Ingress WasmPlugins Tests	2026-09-23T08:13:01.4086097Z  • Writing configuration 📜  ...
higress-wasmplugin-test (GO)	Run Ingress WasmPlugins Tests	2026-09-23T08:13:01.6290745Z  ✓ Writing configuration 📜
higress-wasmplugin-test (GO)	Run Ingress WasmPlugins Tests	2026-09-23T08:13:01.6291218Z  • Starting control-plane 🕹️  ...
higress-wasmplugin-test (GO)	Run Ingress WasmPlugins Tests	2026-09-23T08:13:14.3762969Z  ✓ Starting control-plane 🕹️
higress-wasmplugin-test (GO)	Run Ingress WasmPlugins Tests	2026-09-23T08:13:14.3763532Z  • Installing CNI 🔌  ...
higress-wasmplugin-test (GO)	Run Ingress WasmPlugins Tests	2026-09-23T08:13:15.1095473Z  ✓ Installing CNI 🔌
higress-wasmplugin-test (GO)	Run Ingress WasmPlugins Tests	2026-09-23T08:13:15.1096213Z  • Installing StorageClass 💾  ...
higress-wasmplugin-test (GO)	Run Ingress WasmPlugins Tests	2026-09-23T08:13:15.3945989Z  ✓ Installing StorageClass 💾
higress-wasmplugin-test (GO)	Run Ingress WasmPlugins Tests	2026-09-23T08:13:15.5952785Z Set kubectl context to "kind-higress"
higress-wasmplugin-test (GO)	Run Ingress WasmPlugins Tests	2026-09-23T08:13:15.5953396Z You can now use your cluster with:
higress-wasmplugin-test (GO)	Run Ingress WasmPlugins Tests	2026-09-23T08:13:15.5953647Z 
higress-wasmplugin-test (GO)	Run Ingress WasmPlugins Tests	2026-09-23T08:13:15.5953797Z kubectl cluster-info --context kind-higress
higress-wasmplugin-test (GO)	Run Ingress WasmPlugins Tests	2026-09-23T08:13:15.5954055Z 
higress-wasmplugin-test (GO)	Run Ingress WasmPlugins Tests	2026-09-23T08:13:15.5954527Z Thanks for using kind! 😊
higress-wasmplugin-test (GO)	Run Ingress WasmPlugins Tests	2026-09-23T08:13:15.5974353Z rm -rf /home/runner/work/higress/higress/out/linux_amd64 /home/runner/work/higress/higress/out/linux_amd64
higress-wasmplugin-test (GO)	Run Ingress WasmPlugins Tests	2026-09-23T08:13:15.6354691Z git submodule update --init
higress-wasmplugin-test (GO)	Run Ingress WasmPlugins Tests	2026-09-23T08:13:15.7050497Z ./tools/hack/prebuild.sh
higress-wasmplugin-test (GO)	Run Ingress WasmPlugins Tests	2026-09-23T08:13:16.5326594Z GOPROXY="https://proxy.golang.org,direct" GOOS=linux GOARCH=amd64 LDFLAGS='-X github.com/alibaba/higress/v2/pkg/cmd/lversion.higressVersion=v2.2.4 -X github.com/alibaba/higress/v2/pkg/cmd/lversion.gitCommitID=a01636191d45d3bda350611b95f6d2363482dac2 -extldflags -static -s -w' tools/hack/gobuild.sh /home/runner/work/higress/higress/out/linux_amd64/ ./cmd/higress
higress-wasmplugin-test (GO)	Run Ingress WasmPlugins Tests	2026-09-23T08:13:16.8527350Z 
higress-wasmplugin-test (GO)	Run Ingress WasmPlugins Tests	2026-09-23T08:13:16.8528166Z istio.io/pkg/version.buildVersion=a01636191d45d3bda350611b95f6d2363482dac2
higress-wasmplugin-test (GO)	Run Ingress WasmPlugins Tests	2026-09-23T08:13:16.8528738Z 
higress-wasmplugin-test (GO)	Run Ingress WasmPlugins Tests	2026-09-23T08:13:16.8529137Z istio.io/pkg/version.buildGitRevision=a01636191d45d3bda350611b95f6d2363482dac2
higress-wasmplugin-test (GO)	Run Ingress WasmPlugins Tests	2026-09-23T08:13:16.8529622Z 
higress-wasmplugin-test (GO)	Run Ingress WasmPlugins Tests	2026-09-23T08:13:16.8531084Z istio.io/pkg/version.buildStatus=Clean
higress-wasmplugin-test (GO)	Run Ingress WasmPlugins Tests	2026-09-23T08:13:16.8531391Z 
higress-wasmplugin-test (GO)	Run Ingress WasmPlugins Tests	2026-09-23T08:13:16.8531579Z istio.io/pkg/version.buildTag=v2.2.4
higress-wasmplugin-test (GO)	Run Ingress WasmPlugins Tests	2026-09-23T08:13:16.8531867Z 
higress-wasmplugin-test (GO)	Run Ingress WasmPlugins Tests	2026-09-23T08:13:16.8532281Z istio.io/pkg/version.buildHub=higress-registry.cn-hangzhou.cr.aliyuncs.com/higress
higress-wasmplugin-test (GO)	Run Ingress WasmPlugins Tests	2026-09-23T08:13:16.8532758Z ~/work/higress/higress ~/work/higress/higress
higress-wasmplugin-test (GO)	Run Ingress WasmPlugins Tests	2026-09-23T08:13:21.4984516Z 
higress-wasmplugin-test (GO)	Run Ingress WasmPlugins Tests	2026-09-23T08:13:21.4985142Z real	0m4.645s
higress-wasmplugin-test (GO)	Run Ingress WasmPlugins Tests	2026-09-23T08:13:21.4985856Z user	0m4.731s
higress-wasmplugin-test (GO)	Run Ingress WasmPlugins Tests	2026-09-23T08:13:21.4986175Z sys	0m1.625s
higress-wasmplugin-test (GO)	Run Ingress WasmPlugins Tests	2026-09-23T08:13:21.4986494Z ~/work/higress/higress
higress-wasmplugin-test (GO)	Run Ingress WasmPlugins Tests	2026-09-23T08:13:21.5019737Z GOPROXY="https://proxy.golang.org,direct" GOOS=linux GOARCH=amd64 LDFLAGS='-X github.com/alibaba/higress/v2/pkg/cmd/lversion.higressVersion=v2.2.4 -X github.com/alibaba/higress/v2/pkg/cmd/lversion.gitCommitID=a01636191d45d3bda350611b95f6d2363482dac2 -extldflags -static -s -w' tools/hack/gobuild.sh ./out/linux_amd64/ ./cmd/higress
higress-wasmplugin-test (GO)	Run Ingress WasmPlugins Tests	2026-09-23T08:13:21.7762786Z 
higress-wasmplugin-test (GO)	Run Ingress WasmPlugins Tests	2026-09-23T08:13:21.7763579Z istio.io/pkg/version.buildVersion=a01636191d45d3bda350611b95f6d2363482dac2
higress-wasmplugin-test (GO)	Run Ingress WasmPlugins Tests	2026-09-23T08:13:21.7764528Z 
higress-wasmplugin-test (GO)	Run Ingress WasmPlugins Tests	2026-09-23T08:13:21.7764933Z istio.io/pkg/version.buildGitRevision=a01636191d45d3bda350611b95f6d2363482dac2
higress-wasmplugin-test (GO)	Run Ingress WasmPlugins Tests	2026-09-23T08:13:21.7765589Z 
higress-wasmplugin-test (GO)	Run Ingress WasmPlugins Tests	2026-09-23T08:13:21.7765715Z istio.io/pkg/version.buildStatus=Clean
higress-wasmplugin-test (GO)	Run Ingress WasmPlugins Tests	2026-09-23T08:13:21.7765909Z 
higress-wasmplugin-test (GO)	Run Ingress WasmPlugins Tests	2026-09-23T08:13:21.7766024Z istio.io/pkg/version.buildTag=v2.2.4
higress-wasmplugin-test (GO)	Run Ingress WasmPlugins Tests	2026-09-23T08:13:21.7766215Z 
higress-wasmplugin-test (GO)	Run Ingress WasmPlugins Tests	2026-09-23T08:13:21.7766479Z istio.io/pkg/version.buildHub=higress-registry.cn-hangzhou.cr.aliyuncs.com/higress
higress-wasmplugin-test (GO)	Run Ingress WasmPlugins Tests	2026-09-23T08:13:21.7766990Z ~/work/higress/higress ~/work/higress/higress
higress-wasmplugin-test (GO)	Run Ingress WasmPlugins Tests	2026-09-23T08:13:22.4490591Z 
higress-wasmplugin-test (GO)	Run Ingress WasmPlugins Tests	2026-09-23T08:13:22.4491037Z real	0m0.673s
higress-wasmplugin-test (GO)	Run Ingress WasmPlugins Tests	2026-09-23T08:13:22.4491310Z user	0m1.208s
higress-wasmplugin-test (GO)	Run Ingress WasmPlugins Tests	2026-09-23T08:13:22.4491517Z sys	0m0.658s
higress-wasmplugin-test (GO)	Run Ingress WasmPlugins Tests	2026-09-23T08:13:22.4491725Z ~/work/higress/higress
higress-wasmplugin-test (GO)	Run Ingress WasmPlugins Tests	2026-09-23T08:13:22.4536983Z time (mkdir -p /home/runner/work/higress/higress/out/linux_amd64/docker_build/docker.higress && TARGET_ARCH=amd64 ./docker/docker-copy.sh docker/Dockerfile.higress /home/runner/work/higress/higress/out/linux_amd64/higress /home/runner/work/higress/higress/out/linux_amd64/docker_build/docker.higress && cd /home/runner/work/higress/higress/out/linux_amd64/docker_build/docker.higress  && docker build --build-arg BASE_VERSION=2023-07-20T20-50-43 --build-arg HUB=higress-registry.cn-hangzhou.cr.aliyuncs.com/higress --build-arg BASE_DISTRIBUTION= -t higress-registry.cn-hangzhou.cr.aliyuncs.com/higress/higress:a01636191d45d3bda350611b95f6d2363482dac2 -f Dockerfile.higress . ); 
higress-wasmplugin-test (GO)	Run Ingress WasmPlugins Tests	2026-09-23T08:13:22.6100925Z Dockerfile.higress
higress-wasmplugin-test (GO)	Run Ingress WasmPlugins Tests	2026-09-23T08:13:22.6101363Z amd64
higress-wasmplugin-test (GO)	Run Ingress WasmPlugins Tests	2026-09-23T08:13:22.9095779Z #0 building with "default" instance using docker driver
higress-wasmplugin-test (GO)	Run Ingress WasmPlugins Tests	2026-09-23T08:13:22.9096308Z 
higress-wasmplugin-test (GO)	Run Ingress WasmPlugins Tests	2026-09-23T08:13:22.9096561Z #1 [internal] load build definition from Dockerfile.higress
higress-wasmplugin-test (GO)	Run Ingress WasmPlugins Tests	2026-09-23T08:13:22.9096941Z #1 transferring dockerfile: 688B done
higress-wasmplugin-test (GO)	Run Ingress WasmPlugins Tests	2026-09-23T08:13:22.9097440Z #1 DONE 0.0s
higress-wasmplugin-test (GO)	Run Ingress WasmPlugins Tests	2026-09-23T08:13:22.9097612Z 
higress-wasmplugin-test (GO)	Run Ingress WasmPlugins Tests	2026-09-23T08:13:22.9097998Z #2 [internal] load metadata for higress-registry.cn-hangzhou.cr.aliyuncs.com/higress/base:2023-07-20T20-50-43-amd64
higress-wasmplugin-test (GO)	Run Ingress WasmPlugins Tests	2026-09-23T08:13:25.4657725Z #2 DONE 2.7s
higress-wasmplugin-test (GO)	Run Ingress WasmPlugins Tests	2026-09-23T08:13:25.5739990Z 
higress-wasmplugin-test (GO)	Run Ingress WasmPlugins Tests	2026-09-23T08:13:25.5741382Z #3 [internal] load .dockerignore
higress-wasmplugin-test (GO)	Run Ingress WasmPlugins Tests	2026-09-23T08:13:25.5741960Z #3 transferring context: 2B done
higress-wasmplugin-test (GO)	Run Ingress WasmPlugins Tests	2026-09-23T08:13:25.5742367Z #3 DONE 0.0s
higress-wasmplugin-test (GO)	Run Ingress WasmPlugins Tests	2026-09-23T08:13:25.5742542Z 
higress-wasmplugin-test (GO)	Run Ingress WasmPlugins Tests	2026-09-23T08:13:25.5743512Z #4 [1/2] FROM higress-registry.cn-hangzhou.cr.aliyuncs.com/higress/base:2023-07-20T20-50-43-amd64@sha256:acab9dfbea20850ff641df718ae3c561d66c0b99f6144066ed314cd2ddfb6366
higress-wasmplugin-test (GO)	Run Ingress WasmPlugins Tests	2026-09-23T08:13:25.5744526Z #4 DONE 0.0s
higress-wasmplugin-test (GO)	Run Ingress WasmPlugins Tests	2026-09-23T08:13:25.5744646Z 
higress-wasmplugin-test (GO)	Run Ingress WasmPlugins Tests	2026-09-23T08:13:25.5744755Z #5 [internal] load build context
higress-wasmplugin-test (GO)	Run Ingress WasmPlugins Tests	2026-09-23T08:13:25.8950784Z #5 transferring context: 119.22MB 0.4s done
higress-wasmplugin-test (GO)	Run Ingress WasmPlugins Tests	2026-09-23T08:13:25.8951332Z #5 DONE 0.4s
higress-wasmplugin-test (GO)	Run Ingress WasmPlugins Tests	2026-09-23T08:13:25.8951515Z 
higress-wasmplugin-test (GO)	Run Ingress WasmPlugins Tests	2026-09-23T08:13:25.8951730Z #6 [2/2] COPY amd64/higress /usr/local/bin/higress
higress-wasmplugin-test (GO)	Run Ingress WasmPlugins Tests	2026-09-23T08:13:25.8952190Z #6 CACHED
higress-wasmplugin-test (GO)	Run Ingress WasmPlugins Tests	2026-09-23T08:13:25.8952344Z 
higress-wasmplugin-test (GO)	Run Ingress WasmPlugins Tests	2026-09-23T08:13:25.8952485Z #7 exporting to image
higress-wasmplugin-test (GO)	Run Ingress WasmPlugins Tests	2026-09-23T08:13:25.8952814Z #7 exporting layers done
higress-wasmplugin-test (GO)	Run Ingress WasmPlugins Tests	2026-09-23T08:13:25.8953541Z #7 writing image sha256:95ec1fca7df8d993fc19da5f4dffa6e1e81e1ba08e0ef46b33686a7937fa478a done
higress-wasmplugin-test (GO)	Run Ingress WasmPlugins Tests	2026-09-23T08:13:25.8954793Z #7 naming to higress-registry.cn-hangzhou.cr.aliyuncs.com/higress/higress:a01636191d45d3bda350611b95f6d2363482dac2 done
higress-wasmplugin-test (GO)	Run Ingress WasmPlugins Tests	2026-09-23T08:13:25.8955894Z #7 DONE 0.0s
higress-wasmplugin-test (GO)	Run Ingress WasmPlugins Tests	2026-09-23T08:13:25.9023548Z 
higress-wasmplugin-test (GO)	Run Ingress WasmPlugins Tests	2026-09-23T08:13:25.9023874Z real	0m3.414s
higress-wasmplugin-test (GO)	Run Ingress WasmPlugins Tests	2026-09-23T08:13:25.9024202Z user	0m0.394s
higress-wasmplugin-test (GO)	Run Ingress WasmPlugins Tests	2026-09-23T08:13:25.9024530Z sys	0m0.416s
higress-wasmplugin-test (GO)	Run Ingress WasmPlugins Tests	2026-09-23T08:13:25.9067939Z TARGET_ARCH=amd64 DOCKER_TARGETS='docker.pilot' IMG_URL='higress-registry.cn-hangzhou.cr.aliyuncs.com/higress/pilot:a01636191d45d3bda350611b95f6d2363482dac2' ./tools/hack/build-istio-image.sh docker
higress-wasmplugin-test (GO)	Run Ingress WasmPlugins Tests	2026-09-23T08:13:25.9502357Z rm: cannot remove 'out/linux_amd64/ztunnel': Permission denied
higress-wasmplugin-test (GO)	Run Ingress WasmPlugins Tests	2026-09-23T08:13:25.9503177Z rm: cannot remove 'out/linux_amd64/docker-builder': Permission denied
higress-wasmplugin-test (GO)	Run Ingress WasmPlugins Tests	2026-09-23T08:13:25.9503978Z rm: cannot remove 'out/linux_amd64/pilot-discovery': Permission denied
higress-wasmplugin-test (GO)	Run Ingress WasmPlugins Tests	2026-09-23T08:13:25.9506115Z rm: cannot remove 'out/linux_amd64/dockerx_build/build.docker.pilot/Dockerfile.pilot': Permission denied
higress-wasmplugin-test (GO)	Run Ingress WasmPlugins Tests	2026-09-23T08:13:25.9507241Z rm: cannot remove 'out/linux_amd64/dockerx_build/build.docker.pilot/amd64/pilot-discovery': Permission denied
higress-wasmplugin-test (GO)	Run Ingress WasmPlugins Tests	2026-09-23T08:13:25.9508378Z rm: cannot remove 'out/linux_amd64/dockerx_build/build.docker.pilot/higress-pilot-start.sh': Permission denied
higress-wasmplugin-test (GO)	Run Ingress WasmPlugins Tests	2026-09-23T08:13:25.9509131Z rm: cannot remove 'out/linux_amd64/dockerx_build/build.docker.pilot/envoy_bootstrap.json': Permission denied
higress-wasmplugin-test (GO)	Run Ingress WasmPlugins Tests	2026-09-23T08:13:25.9509776Z rm: cannot remove 'out/linux_amd64/dockerx_build/docker-bake.json': Permission denied
higress-wasmplugin-test (GO)	Run Ingress WasmPlugins Tests	2026-09-23T08:13:25.9510272Z rm: cannot remove 'out/linux_amd64/istio_is_init': Permission denied
higress-wasmplugin-test (GO)	Run Ingress WasmPlugins Tests	2026-09-23T08:13:25.9511011Z rm: cannot remove 'out/linux_amd64/release/ztunnel': Permission denied
higress-wasmplugin-test (GO)	Run Ingress WasmPlugins Tests	2026-09-23T08:13:25.9511966Z rm: cannot remove 'out/linux_amd64/release/ztunnel-75376478762decb918ea884603b2852b1568b015': Permission denied
higress-wasmplugin-test (GO)	Run Ingress WasmPlugins Tests	2026-09-23T08:13:25.9513046Z rm: cannot remove 'out/linux_amd64/release/envoy-1a53bf14a57976dd0f509752b748caf3b1125d54': Permission denied
higress-wasmplugin-test (GO)	Run Ingress WasmPlugins Tests	2026-09-23T08:13:25.9514024Z rm: cannot remove 'out/linux_amd64/release/docker': Permission denied
higress-wasmplugin-test (GO)	Run Ingress WasmPlugins Tests	2026-09-23T08:13:25.9514686Z rm: cannot remove 'out/linux_amd64/logs': Permission denied
higress-wasmplugin-test (GO)	Run Ingress WasmPlugins Tests	2026-09-23T08:13:25.9515277Z make: *** [Makefile.core.mk:446: build-test-pilot] Error 1
higress-wasmplugin-test (GO)	Run Ingress WasmPlugins Tests	2026-09-23T08:13:36.1239961Z ##[endgroup]
higress-wasmplugin-test (GO)	Run Ingress WasmPlugins Tests	2026-09-23T08:13:36.1244484Z ##[error]Final attempt failed. Child_process exited with error code 2
higress-wasmplugin-test (GO)	Post Run actions/checkout@v4	﻿2026-09-23T08:13:36.1422690Z Node 20 is being deprecated. This workflow is running with Node 24 by default. If you need to temporarily use Node 20, you can set the ACTIONS_ALLOW_USE_UNSECURE_NODE_VERSION=true environment variable. For more information see: https://github.blog/changelog/2025-09-19-deprecation-of-node-20-on-github-actions-runners/
higress-wasmplugin-test (GO)	Post Run actions/checkout@v4	2026-09-23T08:13:36.1423859Z Post job cleanup.
higress-wasmplugin-test (GO)	Post Run actions/checkout@v4	2026-09-23T08:13:36.2372409Z [command]/usr/bin/git version
higress-wasmplugin-test (GO)	Post Run actions/checkout@v4	2026-09-23T08:13:36.2414656Z git version 2.55.0
higress-wasmplugin-test (GO)	Post Run actions/checkout@v4	2026-09-23T08:13:36.2452349Z Temporarily overriding HOME='/home/runner/work/_temp/d30d01a4-ddda-4383-aecb-465a825e09c5' before making global git config changes
higress-wasmplugin-test (GO)	Post Run actions/checkout@v4	2026-09-23T08:13:36.2453632Z Adding repository directory to the temporary git global config as a safe directory
higress-wasmplugin-test (GO)	Post Run actions/checkout@v4	2026-09-23T08:13:36.2458159Z [command]/usr/bin/git config --global --add safe.directory /home/runner/work/higress/higress
higress-wasmplugin-test (GO)	Post Run actions/checkout@v4	2026-09-23T08:13:36.2499519Z [command]/usr/bin/git config --local --name-only --get-regexp core\.sshCommand
higress-wasmplugin-test (GO)	Post Run actions/checkout@v4	2026-09-23T08:13:36.2537715Z [command]/usr/bin/git submodule foreach --recursive sh -c "git config --local --name-only --get-regexp 'core\.sshCommand' && git config --local --unset-all 'core.sshCommand' || :"
higress-wasmplugin-test (GO)	Post Run actions/checkout@v4	2026-09-23T08:13:36.2808883Z Entering 'envoy/envoy'
higress-wasmplugin-test (GO)	Post Run actions/checkout@v4	2026-09-23T08:13:36.2887616Z Entering 'envoy/go-control-plane'
higress-wasmplugin-test (GO)	Post Run actions/checkout@v4	2026-09-23T08:13:36.2949216Z Entering 'istio/api'
higress-wasmplugin-test (GO)	Post Run actions/checkout@v4	2026-09-23T08:13:36.3003154Z Entering 'istio/client-go'
higress-wasmplugin-test (GO)	Post Run actions/checkout@v4	2026-09-23T08:13:36.3057865Z Entering 'istio/istio'
higress-wasmplugin-test (GO)	Post Run actions/checkout@v4	2026-09-23T08:13:36.3123307Z Entering 'istio/pkg'
higress-wasmplugin-test (GO)	Post Run actions/checkout@v4	2026-09-23T08:13:36.3179135Z Entering 'istio/proxy'
higress-wasmplugin-test (GO)	Post Run actions/checkout@v4	2026-09-23T08:13:36.3252868Z [command]/usr/bin/git config --local --name-only --get-regexp http\.https\:\/\/github\.com\/\.extraheader
higress-wasmplugin-test (GO)	Post Run actions/checkout@v4	2026-09-23T08:13:36.3285873Z http.https://github.com/.extraheader
higress-wasmplugin-test (GO)	Post Run actions/checkout@v4	2026-09-23T08:13:36.3297485Z [command]/usr/bin/git config --local --unset-all http.https://github.com/.extraheader
higress-wasmplugin-test (GO)	Post Run actions/checkout@v4	2026-09-23T08:13:36.3357356Z [command]/usr/bin/git submodule foreach --recursive sh -c "git config --local --name-only --get-regexp 'http\.https\:\/\/github\.com\/\.extraheader' && git config --local --unset-all 'http.https://github.com/.extraheader' || :"
higress-wasmplugin-test (GO)	Post Run actions/checkout@v4	2026-09-23T08:13:36.3636546Z Entering 'envoy/envoy'
higress-wasmplugin-test (GO)	Post Run actions/checkout@v4	2026-09-23T08:13:36.3717028Z Entering 'envoy/go-control-plane'
higress-wasmplugin-test (GO)	Post Run actions/checkout@v4	2026-09-23T08:13:36.3775892Z Entering 'istio/api'
higress-wasmplugin-test (GO)	Post Run actions/checkout@v4	2026-09-23T08:13:36.3832009Z Entering 'istio/client-go'
higress-wasmplugin-test (GO)	Post Run actions/checkout@v4	2026-09-23T08:13:36.3896553Z Entering 'istio/istio'
higress-wasmplugin-test (GO)	Post Run actions/checkout@v4	2026-09-23T08:13:36.3962378Z Entering 'istio/pkg'
higress-wasmplugin-test (GO)	Post Run actions/checkout@v4	2026-09-23T08:13:36.4023769Z Entering 'istio/proxy'
higress-wasmplugin-test (GO)	Post Run actions/checkout@v4	2026-09-23T08:13:36.4104583Z [command]/usr/bin/git config --local --name-only --get-regexp ^includeIf\.gitdir:
higress-wasmplugin-test (GO)	Post Run actions/checkout@v4	2026-09-23T08:13:36.4150710Z [command]/usr/bin/git submodule foreach --recursive git config --local --show-origin --name-only --get-regexp remote.origin.url
higress-wasmplugin-test (GO)	Post Run actions/checkout@v4	2026-09-23T08:13:36.4444706Z Entering 'envoy/envoy'
higress-wasmplugin-test (GO)	Post Run actions/checkout@v4	2026-09-23T08:13:36.4468798Z file:/home/runner/work/higress/higress/.git/modules/envoy/envoy/config	remote.origin.url
higress-wasmplugin-test (GO)	Post Run actions/checkout@v4	2026-09-23T08:13:36.4518366Z Entering 'envoy/go-control-plane'
higress-wasmplugin-test (GO)	Post Run actions/checkout@v4	2026-09-23T08:13:36.4543067Z file:/home/runner/work/higress/higress/.git/modules/envoy/go-control-plane/config	remote.origin.url
higress-wasmplugin-test (GO)	Post Run actions/checkout@v4	2026-09-23T08:13:36.4574721Z Entering 'istio/api'
higress-wasmplugin-test (GO)	Post Run actions/checkout@v4	2026-09-23T08:13:36.4599140Z file:/home/runner/work/higress/higress/.git/modules/istio/api/config	remote.origin.url
higress-wasmplugin-test (GO)	Post Run actions/checkout@v4	2026-09-23T08:13:36.4623100Z Entering 'istio/client-go'
higress-wasmplugin-test (GO)	Post Run actions/checkout@v4	2026-09-23T08:13:36.4647146Z file:/home/runner/work/higress/higress/.git/modules/istio/client-go/config	remote.origin.url
higress-wasmplugin-test (GO)	Post Run actions/checkout@v4	2026-09-23T08:13:36.4671526Z Entering 'istio/istio'
higress-wasmplugin-test (GO)	Post Run actions/checkout@v4	2026-09-23T08:13:36.4695184Z file:/home/runner/work/higress/higress/.git/modules/istio/istio/config	remote.origin.url
higress-wasmplugin-test (GO)	Post Run actions/checkout@v4	2026-09-23T08:13:36.4729742Z Entering 'istio/pkg'
higress-wasmplugin-test (GO)	Post Run actions/checkout@v4	2026-09-23T08:13:36.4753027Z file:/home/runner/work/higress/higress/.git/modules/istio/pkg/config	remote.origin.url
higress-wasmplugin-test (GO)	Post Run actions/checkout@v4	2026-09-23T08:13:36.4776864Z Entering 'istio/proxy'
higress-wasmplugin-test (GO)	Post Run actions/checkout@v4	2026-09-23T08:13:36.4800169Z file:/home/runner/work/higress/higress/.git/modules/istio/proxy/config	remote.origin.url
higress-wasmplugin-test (GO)	Post Run actions/checkout@v4	2026-09-23T08:13:36.4840441Z [command]/usr/bin/git config --file /home/runner/work/higress/higress/.git/modules/envoy/envoy/config --name-only --get-regexp ^includeIf\.gitdir:
higress-wasmplugin-test (GO)	Post Run actions/checkout@v4	2026-09-23T08:13:36.4880289Z [command]/usr/bin/git config --file /home/runner/work/higress/higress/.git/modules/envoy/go-control-plane/config --name-only --get-regexp ^includeIf\.gitdir:
higress-wasmplugin-test (GO)	Post Run actions/checkout@v4	2026-09-23T08:13:36.4916328Z [command]/usr/bin/git config --file /home/runner/work/higress/higress/.git/modules/istio/api/config --name-only --get-regexp ^includeIf\.gitdir:
higress-wasmplugin-test (GO)	Post Run actions/checkout@v4	2026-09-23T08:13:36.4949590Z [command]/usr/bin/git config --file /home/runner/work/higress/higress/.git/modules/istio/client-go/config --name-only --get-regexp ^includeIf\.gitdir:
higress-wasmplugin-test (GO)	Post Run actions/checkout@v4	2026-09-23T08:13:36.4985096Z [command]/usr/bin/git config --file /home/runner/work/higress/higress/.git/modules/istio/istio/config --name-only --get-regexp ^includeIf\.gitdir:
higress-wasmplugin-test (GO)	Post Run actions/checkout@v4	2026-09-23T08:13:36.5056247Z [command]/usr/bin/git config --file /home/runner/work/higress/higress/.git/modules/istio/pkg/config --name-only --get-regexp ^includeIf\.gitdir:
higress-wasmplugin-test (GO)	Post Run actions/checkout@v4	2026-09-23T08:13:36.5093027Z [command]/usr/bin/git config --file /home/runner/work/higress/higress/.git/modules/istio/proxy/config --name-only --get-regexp ^includeIf\.gitdir:
higress-wasmplugin-test (GO)	Complete job	﻿2026-09-23T08:13:36.5273753Z Cleaning up orphan processes
higress-wasmplugin-test (GO)	Complete job	2026-09-23T08:13:36.5981856Z ##[warning]Node.js 20 is deprecated. The following actions target Node.js 20 but are being forced to run on Node.js 24: actions/checkout@v4, actions/setup-go@v5, nick-fields/retry@v3. For more information see: https://github.blog/changelog/2025-09-19-deprecation-of-node-20-on-github-actions-runners/
