2026-09-23T08:35:47.2098876Z Current runner version: '2.337.0'
2026-09-23T08:35:47.2120623Z ##[group]Runner Image Provisioner
2026-09-23T08:35:47.2121664Z Hosted Compute Agent
2026-09-23T08:35:47.2122419Z Version: 20260828.587
2026-09-23T08:35:47.2123121Z Commit: abac92662cab4cc7352de4f9f9d2e2419aad9c29
2026-09-23T08:35:47.2123830Z Build Date: 2026-08-28T16:44:25Z
2026-09-23T08:35:47.2124504Z Worker ID: {f2d4ebf3-cd95-4c68-ab93-56f96dcc9b79}
2026-09-23T08:35:47.2125261Z Azure Region: westcentralus
2026-09-23T08:35:47.2125826Z ##[endgroup]
2026-09-23T08:35:47.2127159Z ##[group]Operating System
2026-09-23T08:35:47.2127756Z Ubuntu
2026-09-23T08:35:47.2128294Z 22.04.5
2026-09-23T08:35:47.2128806Z LTS
2026-09-23T08:35:47.2129301Z ##[endgroup]
2026-09-23T08:35:47.2129850Z ##[group]Runner Image
2026-09-23T08:35:47.2130428Z Image: ubuntu-22.04
2026-09-23T08:35:47.2130976Z Version: 20260907.292.1
2026-09-23T08:35:47.2132491Z Included Software: https://github.com/actions/runner-images/blob/ubuntu22/20260907.292/images/ubuntu/Ubuntu2204-Readme.md
2026-09-23T08:35:47.2133985Z Image Release: https://github.com/actions/runner-images/releases/tag/ubuntu22%2F20260907.292
2026-09-23T08:35:47.2134892Z ##[endgroup]
2026-09-23T08:35:47.2137590Z ##[group]GITHUB_TOKEN Permissions
2026-09-23T08:35:47.2140020Z Actions: read
2026-09-23T08:35:47.2140618Z ArtifactMetadata: read
2026-09-23T08:35:47.2141218Z Attestations: read
2026-09-23T08:35:47.2141974Z Checks: read
2026-09-23T08:35:47.2142659Z CodeQuality: read
2026-09-23T08:35:47.2143217Z Contents: read
2026-09-23T08:35:47.2143788Z Deployments: read
2026-09-23T08:35:47.2144345Z Discussions: read
2026-09-23T08:35:47.2144871Z Drives: read
2026-09-23T08:35:47.2145418Z Issues: read
2026-09-23T08:35:47.2145930Z Metadata: read
2026-09-23T08:35:47.2146425Z Models: read
2026-09-23T08:35:47.2147061Z Packages: read
2026-09-23T08:35:47.2147578Z Pages: read
2026-09-23T08:35:47.2148167Z PullRequests: read
2026-09-23T08:35:47.2148726Z RepositoryProjects: read
2026-09-23T08:35:47.2149307Z SecurityEvents: read
2026-09-23T08:35:47.2149900Z Statuses: read
2026-09-23T08:35:47.2150431Z VulnerabilityAlerts: read
2026-09-23T08:35:47.2151021Z ##[endgroup]
2026-09-23T08:35:47.2153416Z Secret source: None
2026-09-23T08:35:47.2154344Z Cache mode: write
2026-09-23T08:35:47.2155004Z Prepare workflow directory
2026-09-23T08:35:47.2500886Z Prepare all required actions
2026-09-23T08:35:47.2546671Z Getting action download info
2026-09-23T08:35:47.6304506Z Download action repository 'actions/checkout@v4' (SHA:11d5960a326750d5838078e36cf38b85af677262)
2026-09-23T08:35:47.7555757Z Download action repository 'jlumbroso/free-disk-space@main' (SHA:36e9a5af4eddb91fc11aec4c6f6f79b3cc0cb523)
2026-09-23T08:35:48.0957563Z Download action repository 'actions/setup-go@v5' (SHA:40f1582b2485089dde7abd97c1529aa768e1baff)
2026-09-23T08:35:49.1652707Z Download action repository 'actions-rs/toolchain@v1' (SHA:16499b5e05bf2e26879000db0c1d13f7e13fa3af)
2026-09-23T08:35:49.6324177Z Download action repository 'nick-fields/retry@v3' (SHA:ce71cc2ab81d554ebbe88c79ab5975992d79ba08)
2026-09-23T08:35:50.1860816Z Complete job name: higress-wasmplugin-test (RUST)
2026-09-23T08:35:50.2448507Z Node 20 is being deprecated. This workflow is running with Node 24 by default. If you need to temporarily use Node 20, you can set the ACTIONS_ALLOW_USE_UNSECURE_NODE_VERSION=true environment variable. For more information see: https://github.blog/changelog/2025-09-19-deprecation-of-node-20-on-github-actions-runners/
2026-09-23T08:35:50.2455930Z ##[group]Run actions/checkout@v4
2026-09-23T08:35:50.2456376Z with:
2026-09-23T08:35:50.2456662Z   repository: higress-group/higress
2026-09-23T08:35:50.2459531Z   token: ***
2026-09-23T08:35:50.2459794Z   ssh-strict: true
2026-09-23T08:35:50.2460058Z   ssh-user: git
2026-09-23T08:35:50.2460335Z   persist-credentials: true
2026-09-23T08:35:50.2460626Z   clean: true
2026-09-23T08:35:50.2460899Z   sparse-checkout-cone-mode: true
2026-09-23T08:35:50.2461210Z   fetch-depth: 1
2026-09-23T08:35:50.2461472Z   fetch-tags: false
2026-09-23T08:35:50.2461750Z   show-progress: true
2026-09-23T08:35:50.2462482Z   lfs: false
2026-09-23T08:35:50.2462776Z   submodules: false
2026-09-23T08:35:50.2463046Z   set-safe-directory: true
2026-09-23T08:35:50.2463347Z   allow-unsafe-pr-checkout: false
2026-09-23T08:35:50.2463808Z ##[endgroup]
2026-09-23T08:35:50.3408954Z Syncing repository: higress-group/higress
2026-09-23T08:35:50.3410566Z ##[group]Getting Git version info
2026-09-23T08:35:50.3411227Z Working directory is '/home/runner/work/higress/higress'
2026-09-23T08:35:50.3412410Z [command]/usr/bin/git version
2026-09-23T08:35:50.3457610Z git version 2.55.0
2026-09-23T08:35:50.3474914Z ##[endgroup]
2026-09-23T08:35:50.3487492Z Temporarily overriding HOME='/home/runner/work/_temp/bbeded19-3ab5-42a5-b177-097054308c37' before making global git config changes
2026-09-23T08:35:50.3488743Z Adding repository directory to the temporary git global config as a safe directory
2026-09-23T08:35:50.3492307Z [command]/usr/bin/git config --global --add safe.directory /home/runner/work/higress/higress
2026-09-23T08:35:50.3523336Z Deleting the contents of '/home/runner/work/higress/higress'
2026-09-23T08:35:50.3527392Z ##[group]Initializing the repository
2026-09-23T08:35:50.3531003Z [command]/usr/bin/git init /home/runner/work/higress/higress
2026-09-23T08:35:50.3606612Z hint: Using 'master' as the name for the initial branch. This default branch name
2026-09-23T08:35:50.3607432Z hint: will change to "main" in Git 3.0. To configure the initial branch name
2026-09-23T08:35:50.3608518Z hint: to use in all of your new repositories, which will suppress this warning,
2026-09-23T08:35:50.3609297Z hint: call:
2026-09-23T08:35:50.3609979Z hint:
2026-09-23T08:35:50.3610872Z hint: 	git config --global init.defaultBranch <name>
2026-09-23T08:35:50.3611509Z hint:
2026-09-23T08:35:50.3612292Z hint: Names commonly chosen instead of 'master' are 'main', 'trunk' and
2026-09-23T08:35:50.3613279Z hint: 'development'. The just-created branch can be renamed via this command:
2026-09-23T08:35:50.3614118Z hint:
2026-09-23T08:35:50.3614877Z hint: 	git branch -m <name>
2026-09-23T08:35:50.3615508Z hint:
2026-09-23T08:35:50.3616382Z hint: Disable this message with "git config set advice.defaultBranchName false"
2026-09-23T08:35:50.3617521Z Initialized empty Git repository in /home/runner/work/higress/higress/.git/
2026-09-23T08:35:50.3619842Z [command]/usr/bin/git remote add origin https://github.com/higress-group/higress
2026-09-23T08:35:50.3646855Z ##[endgroup]
2026-09-23T08:35:50.3647745Z ##[group]Disabling automatic garbage collection
2026-09-23T08:35:50.3651339Z [command]/usr/bin/git config --local gc.auto 0
2026-09-23T08:35:50.3676161Z ##[endgroup]
2026-09-23T08:35:50.3677004Z ##[group]Setting up auth
2026-09-23T08:35:50.3683212Z [command]/usr/bin/git config --local --name-only --get-regexp core\.sshCommand
2026-09-23T08:35:50.3709729Z [command]/usr/bin/git submodule foreach --recursive sh -c "git config --local --name-only --get-regexp 'core\.sshCommand' && git config --local --unset-all 'core.sshCommand' || :"
2026-09-23T08:35:50.3993743Z [command]/usr/bin/git config --local --name-only --get-regexp http\.https\:\/\/github\.com\/\.extraheader
2026-09-23T08:35:50.4018942Z [command]/usr/bin/git submodule foreach --recursive sh -c "git config --local --name-only --get-regexp 'http\.https\:\/\/github\.com\/\.extraheader' && git config --local --unset-all 'http.https://github.com/.extraheader' || :"
2026-09-23T08:35:50.4198297Z [command]/usr/bin/git config --local --name-only --get-regexp ^includeIf\.gitdir:
2026-09-23T08:35:50.4224197Z [command]/usr/bin/git submodule foreach --recursive git config --local --show-origin --name-only --get-regexp remote.origin.url
2026-09-23T08:35:50.4404987Z [command]/usr/bin/git config --local http.https://github.com/.extraheader AUTHORIZATION: basic ***
2026-09-23T08:35:50.4434362Z ##[endgroup]
2026-09-23T08:35:50.4435528Z ##[group]Fetching the repository
2026-09-23T08:35:50.4450898Z [command]/usr/bin/git -c protocol.version=2 fetch --no-tags --prune --no-recurse-submodules --depth=1 origin +a01636191d45d3bda350611b95f6d2363482dac2:refs/remotes/pull/4685/merge
2026-09-23T08:35:52.7080976Z From https://github.com/higress-group/higress
2026-09-23T08:35:52.7082348Z  * [new ref]         a01636191d45d3bda350611b95f6d2363482dac2 -> pull/4685/merge
2026-09-23T08:35:52.7085281Z ##[endgroup]
2026-09-23T08:35:52.7086166Z ##[group]Determining the checkout info
2026-09-23T08:35:52.7088681Z ##[endgroup]
2026-09-23T08:35:52.7094580Z [command]/usr/bin/git sparse-checkout disable
2026-09-23T08:35:52.7133527Z [command]/usr/bin/git config --local --unset-all extensions.worktreeConfig
2026-09-23T08:35:52.7165171Z ##[group]Checking out the ref
2026-09-23T08:35:52.7166039Z [command]/usr/bin/git checkout --progress --force refs/remotes/pull/4685/merge
2026-09-23T08:35:53.1906391Z Note: switching to 'refs/remotes/pull/4685/merge'.
2026-09-23T08:35:53.1907993Z 
2026-09-23T08:35:53.1908476Z You are in 'detached HEAD' state. You can look around, make experimental
2026-09-23T08:35:53.1909326Z changes and commit them, and you can discard any commits you make in this
2026-09-23T08:35:53.1910368Z state without impacting any branches by switching back to a branch.
2026-09-23T08:35:53.1910902Z 
2026-09-23T08:35:53.1911255Z If you want to create a new branch to retain commits you create, you may
2026-09-23T08:35:53.1912200Z do so (now or later) by using -c with the switch command. Example:
2026-09-23T08:35:53.1912764Z 
2026-09-23T08:35:53.1912968Z   git switch -c <new-branch-name>
2026-09-23T08:35:53.1913368Z 
2026-09-23T08:35:53.1913605Z Or undo this operation with:
2026-09-23T08:35:53.1913857Z 
2026-09-23T08:35:53.1914148Z   git switch -
2026-09-23T08:35:53.1914371Z 
2026-09-23T08:35:53.1914733Z Turn off this advice by setting config variable advice.detachedHead to false
2026-09-23T08:35:53.1915236Z 
2026-09-23T08:35:53.1915721Z HEAD is now at a016361 Merge 06f864dc1eba5fbb8bf42a54c938c74abcb4ee88 into a42482341eb199b2c1553a560c81137ebad14441
2026-09-23T08:35:53.1924081Z ##[endgroup]
2026-09-23T08:35:53.1965156Z [command]/usr/bin/git log -1 --format=%H
2026-09-23T08:35:53.1988455Z a01636191d45d3bda350611b95f6d2363482dac2
2026-09-23T08:35:53.2241229Z ##[group]Run sudo bash -c 'cat > /etc/docker/daemon.json << EOF
2026-09-23T08:35:53.2242168Z [36;1msudo bash -c 'cat > /etc/docker/daemon.json << EOF[0m
2026-09-23T08:35:53.2242641Z [36;1m{[0m
2026-09-23T08:35:53.2243030Z [36;1m  "features": {[0m
2026-09-23T08:35:53.2243402Z [36;1m    "containerd-snapshotter": false[0m
2026-09-23T08:35:53.2243769Z [36;1m  }[0m
2026-09-23T08:35:53.2244057Z [36;1m}[0m
2026-09-23T08:35:53.2244366Z [36;1mEOF'[0m
2026-09-23T08:35:53.2244676Z [36;1msudo systemctl restart docker[0m
2026-09-23T08:35:53.2245057Z [36;1mdocker info -f '{{ .DriverStatus }}'[0m
2026-09-23T08:35:53.2799817Z shell: /usr/bin/bash -e {0}
2026-09-23T08:35:53.2800217Z ##[endgroup]
2026-09-23T08:35:58.7063319Z [[Backing Filesystem extfs] [Supports d_type true] [Using metacopy false] [Native Overlay Diff false] [userxattr false]]
2026-09-23T08:35:58.7218890Z ##[group]Run jlumbroso/free-disk-space@main
2026-09-23T08:35:58.7219295Z with:
2026-09-23T08:35:58.7219595Z   tool-cache: false
2026-09-23T08:35:58.7219917Z   android: true
2026-09-23T08:35:58.7220203Z   dotnet: true
2026-09-23T08:35:58.7220529Z   haskell: true
2026-09-23T08:35:58.7220826Z   large-packages: true
2026-09-23T08:35:58.7221140Z   swap-storage: true
2026-09-23T08:35:58.7221458Z   docker-images: true
2026-09-23T08:35:58.7221919Z   preinstalled-runtimes: false
2026-09-23T08:35:58.7222264Z ##[endgroup]
2026-09-23T08:35:58.7287846Z ##[start-action display=Run # ======;id=__jlumbroso_free-disk-space.__run]
2026-09-23T08:35:58.7317947Z ##[group]Run # ======
2026-09-23T08:35:58.7318878Z [36;1m[0m
2026-09-23T08:35:58.7319162Z [36;1m# ======[0m
2026-09-23T08:35:58.7319460Z [36;1m# MACROS[0m
2026-09-23T08:35:58.7319749Z [36;1m# ======[0m
2026-09-23T08:35:58.7320034Z [36;1m[0m
2026-09-23T08:35:58.7320394Z [36;1m# macro to print a line of equals[0m
2026-09-23T08:35:58.7320920Z [36;1m# (silly but works)[0m
2026-09-23T08:35:58.7321390Z [36;1mprintSeparationLine() {[0m
2026-09-23T08:35:58.7322091Z [36;1m  str=${1:=}[0m
2026-09-23T08:35:58.7322511Z [36;1m  num=${2:-80}[0m
2026-09-23T08:35:58.7322817Z [36;1m  counter=1[0m
2026-09-23T08:35:58.7323128Z [36;1m  output=""[0m
2026-09-23T08:35:58.7323456Z [36;1m  while [ $counter -le $num ][0m
2026-09-23T08:35:58.7323831Z [36;1m  do[0m
2026-09-23T08:35:58.7324127Z [36;1m     output="${output}${str}"[0m
2026-09-23T08:35:58.7324474Z [36;1m     counter=$((counter+1))[0m
2026-09-23T08:35:58.7324824Z [36;1m  done[0m
2026-09-23T08:35:58.7325109Z [36;1m  echo "${output}"[0m
2026-09-23T08:35:58.7325444Z [36;1m}[0m
2026-09-23T08:35:58.7325704Z [36;1m[0m
2026-09-23T08:35:58.7325983Z [36;1m# macro to compute available space[0m
2026-09-23T08:35:58.7326508Z [36;1m# REF: https://unix.stackexchange.com/a/42049/60849[0m
2026-09-23T08:35:58.7326961Z [36;1m# REF: https://stackoverflow.com/a/450821/408734[0m
2026-09-23T08:35:58.7327532Z [36;1mgetAvailableSpace() { echo $(df -a $1 | awk 'NR > 1 {avail+=$4} END {print avail}'); }[0m
2026-09-23T08:35:58.7328011Z [36;1m[0m
2026-09-23T08:35:58.7328354Z [36;1m# macro to make Kb human readable (assume the input is Kb)[0m
2026-09-23T08:35:58.7328849Z [36;1m# REF: https://unix.stackexchange.com/a/44087/60849[0m
2026-09-23T08:35:58.7329373Z [36;1mformatByteCount() { echo $(numfmt --to=iec-i --suffix=B --padding=7 $1'000'); }[0m
2026-09-23T08:35:58.7329895Z [36;1m[0m
2026-09-23T08:35:58.7330186Z [36;1m# macro to output saved space[0m
2026-09-23T08:35:58.7330536Z [36;1mprintSavedSpace() {[0m
2026-09-23T08:35:58.7330886Z [36;1m  saved=${1}[0m
2026-09-23T08:35:58.7331193Z [36;1m  title=${2:-}[0m
2026-09-23T08:35:58.7331488Z [36;1m[0m
2026-09-23T08:35:58.7331849Z [36;1m  echo ""[0m
2026-09-23T08:35:58.7332179Z [36;1m  printSeparationLine '*' 80[0m
2026-09-23T08:35:58.7332547Z [36;1m  if [ ! -z "${title}" ]; then[0m
2026-09-23T08:35:58.7332997Z [36;1m    echo "=> ${title}: Saved $(formatByteCount $saved)"[0m
2026-09-23T08:35:58.7333394Z [36;1m  else[0m
2026-09-23T08:35:58.7333747Z [36;1m    echo "=> Saved $(formatByteCount $saved)"[0m
2026-09-23T08:35:58.7334116Z [36;1m  fi[0m
2026-09-23T08:35:58.7334435Z [36;1m  printSeparationLine '*' 80[0m
2026-09-23T08:35:58.7334782Z [36;1m  echo ""[0m
2026-09-23T08:35:58.7335054Z [36;1m}[0m
2026-09-23T08:35:58.7335358Z [36;1m[0m
2026-09-23T08:35:58.7335671Z [36;1m# macro to print output of dh with caption[0m
2026-09-23T08:35:58.7336096Z [36;1mprintDH() {[0m
2026-09-23T08:35:58.7336405Z [36;1m  caption=${1:-}[0m
2026-09-23T08:35:58.7336686Z [36;1m[0m
2026-09-23T08:35:58.7337031Z [36;1m  printSeparationLine '=' 80[0m
2026-09-23T08:35:58.7337376Z [36;1m  echo "${caption}"[0m
2026-09-23T08:35:58.7337710Z [36;1m  echo ""[0m
2026-09-23T08:35:58.7338077Z [36;1m  echo "$ dh -h /"[0m
2026-09-23T08:35:58.7338404Z [36;1m  echo ""[0m
2026-09-23T08:35:58.7338727Z [36;1m  df -h /[0m
2026-09-23T08:35:58.7339158Z [36;1m  echo "$ dh -a /"[0m
2026-09-23T08:35:58.7339496Z [36;1m  echo ""[0m
2026-09-23T08:35:58.7339797Z [36;1m  df -a /[0m
2026-09-23T08:35:58.7340100Z [36;1m  echo "$ dh -a"[0m
2026-09-23T08:35:58.7340422Z [36;1m  echo ""[0m
2026-09-23T08:35:58.7340707Z [36;1m  df -a[0m
2026-09-23T08:35:58.7341003Z [36;1m  printSeparationLine '=' 80[0m
2026-09-23T08:35:58.7341374Z [36;1m}[0m
2026-09-23T08:35:58.7341691Z [36;1m[0m
2026-09-23T08:35:58.7342062Z [36;1m[0m
2026-09-23T08:35:58.7342324Z [36;1m[0m
2026-09-23T08:35:58.7342600Z [36;1m# ======[0m
2026-09-23T08:35:58.7342920Z [36;1m# SCRIPT[0m
2026-09-23T08:35:58.7343224Z [36;1m# ======[0m
2026-09-23T08:35:58.7343510Z [36;1m[0m
2026-09-23T08:35:58.7343820Z [36;1m# Display initial disk space stats[0m
2026-09-23T08:35:58.7344179Z [36;1m[0m
2026-09-23T08:35:58.7344516Z [36;1mAVAILABLE_INITIAL=$(getAvailableSpace)[0m
2026-09-23T08:35:58.7344984Z [36;1mAVAILABLE_ROOT_INITIAL=$(getAvailableSpace '/')[0m
2026-09-23T08:35:58.7345369Z [36;1m[0m
2026-09-23T08:35:58.7345693Z [36;1mprintDH "BEFORE CLEAN-UP:"[0m
2026-09-23T08:35:58.7346123Z [36;1mecho ""[0m
2026-09-23T08:35:58.7346440Z [36;1m[0m
2026-09-23T08:35:58.7346697Z [36;1m[0m
2026-09-23T08:35:58.7346970Z [36;1m# Option: Remove Android library[0m
2026-09-23T08:35:58.7347352Z [36;1m[0m
2026-09-23T08:35:58.7347644Z [36;1mif [[ "$ANDROID" == 'true' ]]; then[0m
2026-09-23T08:35:58.7348078Z [36;1m  BEFORE=$(getAvailableSpace)[0m
2026-09-23T08:35:58.7348413Z [36;1m  [0m
2026-09-23T08:35:58.7348715Z [36;1m  sudo rm -rf /usr/local/lib/android || true[0m
2026-09-23T08:35:58.7349140Z [36;1m[0m
2026-09-23T08:35:58.7349423Z [36;1m  AFTER=$(getAvailableSpace)[0m
2026-09-23T08:35:58.7349803Z [36;1m  SAVED=$((AFTER-BEFORE))[0m
2026-09-23T08:35:58.7350185Z [36;1m  printSavedSpace $SAVED "Android library"[0m
2026-09-23T08:35:58.7350549Z [36;1mfi[0m
2026-09-23T08:35:58.7350844Z [36;1m[0m
2026-09-23T08:35:58.7351159Z [36;1m# Option: Remove .NET runtime[0m
2026-09-23T08:35:58.7351499Z [36;1m[0m
2026-09-23T08:35:58.7351941Z [36;1mif [[ "$DOTNET" == 'true' ]]; then[0m
2026-09-23T08:35:58.7352452Z [36;1m  BEFORE=$(getAvailableSpace)[0m
2026-09-23T08:35:58.7352812Z [36;1m[0m
2026-09-23T08:35:58.7353257Z [36;1m  # https://github.community/t/bigger-github-hosted-runners-disk-space/17267/11[0m
2026-09-23T08:35:58.7353792Z [36;1m  sudo rm -rf /usr/share/dotnet || true[0m
2026-09-23T08:35:58.7354174Z [36;1m  [0m
2026-09-23T08:35:58.7354514Z [36;1m  AFTER=$(getAvailableSpace)[0m
2026-09-23T08:35:58.7354870Z [36;1m  SAVED=$((AFTER-BEFORE))[0m
2026-09-23T08:35:58.7355238Z [36;1m  printSavedSpace $SAVED ".NET runtime"[0m
2026-09-23T08:35:58.7355577Z [36;1mfi[0m
2026-09-23T08:35:58.7355888Z [36;1m[0m
2026-09-23T08:35:58.7356225Z [36;1m# Option: Remove Haskell runtime[0m
2026-09-23T08:35:58.7356607Z [36;1m[0m
2026-09-23T08:35:58.7356924Z [36;1mif [[ "$HASKELL" == 'true' ]]; then[0m
2026-09-23T08:35:58.7357286Z [36;1m  BEFORE=$(getAvailableSpace)[0m
2026-09-23T08:35:58.7357670Z [36;1m[0m
2026-09-23T08:35:58.7357970Z [36;1m  sudo rm -rf /opt/ghc || true[0m
2026-09-23T08:35:58.7358342Z [36;1m  sudo rm -rf /usr/local/.ghcup || true[0m
2026-09-23T08:35:58.7358712Z [36;1m  [0m
2026-09-23T08:35:58.7359001Z [36;1m  AFTER=$(getAvailableSpace)[0m
2026-09-23T08:35:58.7359372Z [36;1m  SAVED=$((AFTER-BEFORE))[0m
2026-09-23T08:35:58.7359752Z [36;1m  printSavedSpace $SAVED "Haskell runtime"[0m
2026-09-23T08:35:58.7360096Z [36;1mfi[0m
2026-09-23T08:35:58.7360401Z [36;1m[0m
2026-09-23T08:35:58.7360726Z [36;1m# Option: Remove large packages[0m
2026-09-23T08:35:58.7361279Z [36;1m# REF: https://github.com/apache/flink/blob/master/tools/azure-pipelines/free_disk_space.sh[0m
2026-09-23T08:35:58.7361984Z [36;1m[0m
2026-09-23T08:35:58.7362289Z [36;1mif [[ "$LARGE_PACKAGES" == 'true' ]]; then[0m
2026-09-23T08:35:58.7362708Z [36;1m  BEFORE=$(getAvailableSpace)[0m
2026-09-23T08:35:58.7363039Z [36;1m[0m
2026-09-23T08:35:58.7363595Z [36;1m  # PRECEDENCE: a specific subject-toggle outranks this general category.[0m
2026-09-23T08:35:58.7364171Z [36;1m  # Setting `dotnet: false` keeps .NET everywhere, including the apt[0m
2026-09-23T08:35:58.7364696Z [36;1m  # packages this block would otherwise sweep up.[0m
2026-09-23T08:35:58.7365105Z [36;1m  #[0m
2026-09-23T08:35:58.7365480Z [36;1m  # Reported by @gmij in #6 (2023), again by @ashleney in #33 (2024), and[0m
2026-09-23T08:35:58.7365991Z [36;1m  # diagnosed with a workaround by @ax3l in #33 (2025).[0m
2026-09-23T08:35:58.7366387Z [36;1m  #[0m
2026-09-23T08:35:58.7366778Z [36;1m  # The policy is explicit; this applies it to .NET. A future subject[0m
2026-09-23T08:35:58.7367329Z [36;1m  # option must add and test its own exemption here — there is no general[0m
2026-09-23T08:35:58.7367845Z [36;1m  # mechanism that does it automatically.[0m
2026-09-23T08:35:58.7368229Z [36;1m  if [[ "$DOTNET" == 'true' ]]; then[0m
2026-09-23T08:35:58.7368970Z [36;1m    sudo apt-get remove -y '^aspnetcore-.*' || echo "::warning::The command [sudo apt-get remove -y '^aspnetcore-.*'] failed to complete successfully. Proceeding..."[0m
2026-09-23T08:35:58.7370151Z [36;1m    sudo apt-get remove -y '^dotnet-.*' --fix-missing || echo "::warning::The command [sudo apt-get remove -y '^dotnet-.*' --fix-missing] failed to complete successfully. Proceeding..."[0m
2026-09-23T08:35:58.7370902Z [36;1m  else[0m
2026-09-23T08:35:58.7371401Z [36;1m    echo "::notice::dotnet: false — .NET packages exempted from large-packages (dotnet-*, aspnetcore-*)."[0m
2026-09-23T08:35:58.7372049Z [36;1m  fi[0m
2026-09-23T08:35:58.7372354Z [36;1m[0m
2026-09-23T08:35:58.7372998Z [36;1m  sudo apt-get remove -y '^llvm-.*' --fix-missing || echo "::warning::The command [sudo apt-get remove -y '^llvm-.*' --fix-missing] failed to complete successfully. Proceeding..."[0m
2026-09-23T08:35:58.7374111Z [36;1m  sudo apt-get remove -y 'php.*' --fix-missing || echo "::warning::The command [sudo apt-get remove -y 'php.*' --fix-missing] failed to complete successfully. Proceeding..."[0m
2026-09-23T08:35:58.7375181Z [36;1m  sudo apt-get remove -y '^mongodb-.*' --fix-missing || echo "::warning::The command [sudo apt-get remove -y '^mongodb-.*' --fix-missing] failed to complete successfully. Proceeding..."[0m
2026-09-23T08:35:58.7376282Z [36;1m  sudo apt-get remove -y '^mysql-.*' --fix-missing || echo "::warning::The command [sudo apt-get remove -y '^mysql-.*' --fix-missing] failed to complete successfully. Proceeding..."[0m
2026-09-23T08:35:58.7377922Z [36;1m  sudo apt-get remove -y azure-cli google-chrome-stable firefox powershell mono-devel libgl1-mesa-dri --fix-missing || echo "::warning::The command [sudo apt-get remove -y azure-cli google-chrome-stable firefox powershell mono-devel libgl1-mesa-dri --fix-missing] failed to complete successfully. Proceeding..."[0m
2026-09-23T08:35:58.7379517Z [36;1m  sudo apt-get remove -y google-cloud-sdk --fix-missing || echo "::debug::The command [sudo apt-get remove -y google-cloud-sdk --fix-missing] failed to complete successfully. Proceeding..."[0m
2026-09-23T08:35:58.7380771Z [36;1m  sudo apt-get remove -y google-cloud-cli --fix-missing || echo "::debug::The command [sudo apt-get remove -y google-cloud-cli --fix-missing] failed to complete successfully. Proceeding..."[0m
2026-09-23T08:35:58.7381874Z [36;1m  sudo apt-get autoremove -y || echo "::warning::The command [sudo apt-get autoremove -y] failed to complete successfully. Proceeding..."[0m
2026-09-23T08:35:58.7382732Z [36;1m  sudo apt-get clean || echo "::warning::The command [sudo apt-get clean] failed to complete successfully. Proceeding..."[0m
2026-09-23T08:35:58.7383302Z [36;1m[0m
2026-09-23T08:35:58.7383594Z [36;1m  AFTER=$(getAvailableSpace)[0m
2026-09-23T08:35:58.7383981Z [36;1m  SAVED=$((AFTER-BEFORE))[0m
2026-09-23T08:35:58.7384408Z [36;1m  printSavedSpace $SAVED "Large misc. packages"[0m
2026-09-23T08:35:58.7384803Z [36;1mfi[0m
2026-09-23T08:35:58.7385086Z [36;1m[0m
2026-09-23T08:35:58.7385447Z [36;1m# Option: Remove Docker images[0m
2026-09-23T08:35:58.7385793Z [36;1m[0m
2026-09-23T08:35:58.7386095Z [36;1mif [[ "$DOCKER_IMAGES" == 'true' ]]; then[0m
2026-09-23T08:35:58.7386465Z [36;1m  BEFORE=$(getAvailableSpace)[0m
2026-09-23T08:35:58.7386826Z [36;1m[0m
2026-09-23T08:35:58.7387159Z [36;1m  sudo docker image prune --all --force || true[0m
2026-09-23T08:35:58.7387581Z [36;1m[0m
2026-09-23T08:35:58.7387875Z [36;1m  AFTER=$(getAvailableSpace)[0m
2026-09-23T08:35:58.7388201Z [36;1m  SAVED=$((AFTER-BEFORE))[0m
2026-09-23T08:35:58.7388598Z [36;1m  printSavedSpace $SAVED "Docker images"[0m
2026-09-23T08:35:58.7388968Z [36;1mfi[0m
2026-09-23T08:35:58.7389239Z [36;1m[0m
2026-09-23T08:35:58.7389546Z [36;1m# Option: Remove tool cache[0m
2026-09-23T08:35:58.7390070Z [36;1m# REF: https://github.com/actions/virtual-environments/issues/2875#issuecomment-1163392159[0m
2026-09-23T08:35:58.7390668Z [36;1m[0m
2026-09-23T08:35:58.7391056Z [36;1m# `tool-cache` was renamed `preinstalled-runtimes` in v2.0.0. The old[0m
2026-09-23T08:35:58.7391599Z [36;1m# input is still honoured so no existing workflow breaks; either one[0m
2026-09-23T08:35:58.7392520Z [36;1m# being true removes the directory. The warning fires only when someone[0m
2026-09-23T08:35:58.7393073Z [36;1m# actually relies on the old name — an expected-absence stays quiet,[0m
2026-09-23T08:35:58.7393589Z [36;1m# per the severity convention in docs/adr/0004.[0m
2026-09-23T08:35:58.7394005Z [36;1mif [[ "$TOOL_CACHE" == 'true' ]]; then[0m
2026-09-23T08:35:58.7394836Z [36;1m  echo "::warning::The 'tool-cache' input is deprecated; it was renamed to 'preinstalled-runtimes'. It still works and will keep working until v3.0.0 — please rename it when convenient."[0m
2026-09-23T08:35:58.7395627Z [36;1mfi[0m
2026-09-23T08:35:58.7395902Z [36;1m[0m
2026-09-23T08:35:58.7396367Z [36;1mif [[ "$PREINSTALLED_RUNTIMES" == 'true' || "$TOOL_CACHE" == 'true' ]]; then[0m
2026-09-23T08:35:58.7396833Z [36;1m  BEFORE=$(getAvailableSpace)[0m
2026-09-23T08:35:58.7397181Z [36;1m[0m
2026-09-23T08:35:58.7397514Z [36;1m  sudo rm -rf "$AGENT_TOOLSDIRECTORY" || true[0m
2026-09-23T08:35:58.7397886Z [36;1m[0m
2026-09-23T08:35:58.7398207Z [36;1m  AFTER=$(getAvailableSpace)[0m
2026-09-23T08:35:58.7398550Z [36;1m  SAVED=$((AFTER-BEFORE))[0m
2026-09-23T08:35:58.7398939Z [36;1m  printSavedSpace $SAVED "Pre-installed runtimes"[0m
2026-09-23T08:35:58.7399390Z [36;1mfi[0m
2026-09-23T08:35:58.7399668Z [36;1m[0m
2026-09-23T08:35:58.7399966Z [36;1m# Option: Remove Swap storage[0m
2026-09-23T08:35:58.7400293Z [36;1m[0m
2026-09-23T08:35:58.7400588Z [36;1mif [[ "$SWAP_STORAGE" == 'true' ]]; then[0m
2026-09-23T08:35:58.7400980Z [36;1m  BEFORE=$(getAvailableSpace)[0m
2026-09-23T08:35:58.7401320Z [36;1m[0m
2026-09-23T08:35:58.7401600Z [36;1m  sudo swapoff -a || true[0m
2026-09-23T08:35:58.7402290Z [36;1m  sudo rm -f /mnt/swapfile || true[0m
2026-09-23T08:35:58.7402676Z [36;1m  free -h[0m
2026-09-23T08:35:58.7402998Z [36;1m  [0m
2026-09-23T08:35:58.7403309Z [36;1m  AFTER=$(getAvailableSpace)[0m
2026-09-23T08:35:58.7403661Z [36;1m  SAVED=$((AFTER-BEFORE))[0m
2026-09-23T08:35:58.7404050Z [36;1m  printSavedSpace $SAVED "Swap storage"[0m
2026-09-23T08:35:58.7404405Z [36;1mfi[0m
2026-09-23T08:35:58.7404694Z [36;1m[0m
2026-09-23T08:35:58.7404970Z [36;1m[0m
2026-09-23T08:35:58.7405217Z [36;1m[0m
2026-09-23T08:35:58.7405543Z [36;1m# Output saved space statistic[0m
2026-09-23T08:35:58.7405913Z [36;1m[0m
2026-09-23T08:35:58.7406228Z [36;1mAVAILABLE_END=$(getAvailableSpace)[0m
2026-09-23T08:35:58.7406638Z [36;1mAVAILABLE_ROOT_END=$(getAvailableSpace '/')[0m
2026-09-23T08:35:58.7406989Z [36;1m[0m
2026-09-23T08:35:58.7407307Z [36;1mecho ""[0m
2026-09-23T08:35:58.7407610Z [36;1mprintDH "AFTER CLEAN-UP:"[0m
2026-09-23T08:35:58.7407939Z [36;1m[0m
2026-09-23T08:35:58.7408232Z [36;1mecho ""[0m
2026-09-23T08:35:58.7408516Z [36;1mecho ""[0m
2026-09-23T08:35:58.7408850Z [36;1m[0m
2026-09-23T08:35:58.7409125Z [36;1mecho "/dev/root:"[0m
2026-09-23T08:35:58.7409631Z [36;1mprintSavedSpace $((AVAILABLE_ROOT_END - AVAILABLE_ROOT_INITIAL))[0m
2026-09-23T08:35:58.7410085Z [36;1mecho "overall:"[0m
2026-09-23T08:35:58.7410480Z [36;1mprintSavedSpace $((AVAILABLE_END - AVAILABLE_INITIAL))[0m
2026-09-23T08:35:58.7451423Z shell: /usr/bin/bash --noprofile --norc -e -o pipefail {0}
2026-09-23T08:35:58.7452019Z env:
2026-09-23T08:35:58.7452320Z   ANDROID: true
2026-09-23T08:35:58.7452828Z   DOTNET: true
2026-09-23T08:35:58.7453139Z   HASKELL: true
2026-09-23T08:35:58.7453430Z   LARGE_PACKAGES: true
2026-09-23T08:35:58.7453806Z   DOCKER_IMAGES: true
2026-09-23T08:35:58.7454132Z   PREINSTALLED_RUNTIMES: false
2026-09-23T08:35:58.7454473Z   TOOL_CACHE: false
2026-09-23T08:35:58.7454789Z   SWAP_STORAGE: true
2026-09-23T08:35:58.7455100Z ##[endgroup]
2026-09-23T08:35:58.7737904Z ================================================================================
2026-09-23T08:35:58.7738576Z BEFORE CLEAN-UP:
2026-09-23T08:35:58.7738871Z 
2026-09-23T08:35:58.7739047Z $ dh -h /
2026-09-23T08:35:58.7739242Z 
2026-09-23T08:35:58.7747965Z Filesystem      Size  Used Avail Use% Mounted on
2026-09-23T08:35:58.7748665Z /dev/root       146G   60G   87G  41% /
2026-09-23T08:35:58.7749369Z $ dh -a /
2026-09-23T08:35:58.7749555Z 
2026-09-23T08:35:58.7757992Z Filesystem     1K-blocks     Used Available Use% Mounted on
2026-09-23T08:35:58.7758655Z /dev/root      152243760 61890080  90337296  41% /
2026-09-23T08:35:58.7759158Z $ dh -a
2026-09-23T08:35:58.7759378Z 
2026-09-23T08:35:58.7770884Z Filesystem     1K-blocks     Used Available Use% Mounted on
2026-09-23T08:35:58.7771580Z /dev/root      152243760 61890080  90337296  41% /
2026-09-23T08:35:58.7772296Z devtmpfs         8174392        0   8174392   0% /dev
2026-09-23T08:35:58.7772816Z proc                   0        0         0    - /proc
2026-09-23T08:35:58.7773213Z sysfs                  0        0         0    - /sys
2026-09-23T08:35:58.7773686Z securityfs             0        0         0    - /sys/kernel/security
2026-09-23T08:35:58.7774179Z tmpfs            8185728      172   8185556   1% /dev/shm
2026-09-23T08:35:58.7774635Z devpts                 0        0         0    - /dev/pts
2026-09-23T08:35:58.7775132Z tmpfs            3274292     1016   3273276   1% /run
2026-09-23T08:35:58.7775563Z tmpfs               5120        0      5120   0% /run/lock
2026-09-23T08:35:58.7776009Z cgroup2                0        0         0    - /sys/fs/cgroup
2026-09-23T08:35:58.7776472Z pstore                 0        0         0    - /sys/fs/pstore
2026-09-23T08:35:58.7777235Z efivarfs               0        0         0    - /sys/firmware/efi/efivars
2026-09-23T08:35:58.7777804Z bpf                    0        0         0    - /sys/fs/bpf
2026-09-23T08:35:58.7778382Z systemd-1              -        -         -    - /proc/sys/fs/binfmt_misc
2026-09-23T08:35:58.7779092Z hugetlbfs              0        0         0    - /dev/hugepages
2026-09-23T08:35:58.7779695Z mqueue                 0        0         0    - /dev/mqueue
2026-09-23T08:35:58.7780322Z debugfs                0        0         0    - /sys/kernel/debug
2026-09-23T08:35:58.7780978Z tracefs                0        0         0    - /sys/kernel/tracing
2026-09-23T08:35:58.7781617Z fusectl                0        0         0    - /sys/fs/fuse/connections
2026-09-23T08:35:58.7782542Z configfs               0        0         0    - /sys/kernel/config
2026-09-23T08:35:58.7783051Z ramfs                  0        0         0    - /run/credentials/systemd-sysusers.service
2026-09-23T08:35:58.7783549Z /dev/loop0         75776    75776         0 100% /snap/core22/2411
2026-09-23T08:35:58.7784053Z /dev/loop1        118144   118144         0 100% /snap/lxd/40338
2026-09-23T08:35:58.7784503Z /dev/loop2         51328    51328         0 100% /snap/snapd/27591
2026-09-23T08:35:58.7784905Z /dev/sda15        106832     6194    100638   6% /boot/efi
2026-09-23T08:35:58.7785532Z binfmt_misc            0        0         0    - /proc/sys/fs/binfmt_misc
2026-09-23T08:35:58.7786411Z tmpfs            1637144       12   1637132   1% /run/user/1001
2026-09-23T08:35:58.7787025Z tmpfs            3274292     1016   3273276   1% /run/snapd/ns
2026-09-23T08:35:58.7787675Z nsfs                   0        0         0    - /run/snapd/ns/lxd.mnt
2026-09-23T08:35:58.7788313Z ================================================================================
2026-09-23T08:35:58.7788735Z 
2026-09-23T08:37:02.8612088Z 
2026-09-23T08:37:02.8617236Z ********************************************************************************
2026-09-23T08:37:02.8728355Z => Android library: Saved 11GiB
2026-09-23T08:37:02.8735807Z ********************************************************************************
2026-09-23T08:37:02.8736287Z 
2026-09-23T08:37:12.7471252Z 
2026-09-23T08:37:12.7476498Z ********************************************************************************
2026-09-23T08:37:12.7492528Z => .NET runtime: Saved 5.4GiB
2026-09-23T08:37:12.7496394Z ********************************************************************************
2026-09-23T08:37:12.7496768Z 
2026-09-23T08:37:14.2455989Z 
2026-09-23T08:37:14.2461148Z ********************************************************************************
2026-09-23T08:37:14.2476319Z => Haskell runtime: Saved 3.6GiB
2026-09-23T08:37:14.2480822Z ********************************************************************************
2026-09-23T08:37:14.2481090Z 
2026-09-23T08:37:15.6473691Z Reading package lists...
2026-09-23T08:37:15.8475163Z Building dependency tree...
2026-09-23T08:37:15.8487994Z Reading state information...
2026-09-23T08:37:16.1271670Z Package 'aspnetcore-targeting-pack-3.1' is not installed, so not removed
2026-09-23T08:37:16.1272739Z Package 'aspnetcore-runtime-6.0' is not installed, so not removed
2026-09-23T08:37:16.1277934Z Package 'aspnetcore-targeting-pack-6.0' is not installed, so not removed
2026-09-23T08:37:16.1278788Z Package 'aspnetcore-runtime-7.0' is not installed, so not removed
2026-09-23T08:37:16.1279578Z Package 'aspnetcore-runtime-dbg-8.0' is not installed, so not removed
2026-09-23T08:37:16.1280567Z Package 'aspnetcore-targeting-pack-7.0' is not installed, so not removed
2026-09-23T08:37:16.1281448Z Package 'aspnetcore-runtime-3.1' is not installed, so not removed
2026-09-23T08:37:16.1282351Z Package 'aspnetcore-targeting-pack-9.0' is not installed, so not removed
2026-09-23T08:37:16.1283020Z Package 'aspnetcore-targeting-pack-8.0' is not installed, so not removed
2026-09-23T08:37:16.1283671Z Package 'aspnetcore-runtime-9.0' is not installed, so not removed
2026-09-23T08:37:16.1284195Z Package 'aspnetcore-runtime-8.0' is not installed, so not removed
2026-09-23T08:37:16.1284865Z 0 upgraded, 0 newly installed, 0 to remove and 8 not upgraded.
2026-09-23T08:37:16.1763939Z Reading package lists...
2026-09-23T08:37:16.3716595Z Building dependency tree...
2026-09-23T08:37:16.3727084Z Reading state information...
2026-09-23T08:37:16.6485876Z Package 'dotnet-nightly' is not installed, so not removed
2026-09-23T08:37:16.6486955Z Package 'dotnet-targeting-pack-3.1' is not installed, so not removed
2026-09-23T08:37:16.6487771Z Package 'dotnet-apphost-pack-6.0' is not installed, so not removed
2026-09-23T08:37:16.6488412Z Package 'dotnet-host-8.0' is not installed, so not removed
2026-09-23T08:37:16.6489127Z Package 'dotnet-hostfxr-6.0' is not installed, so not removed
2026-09-23T08:37:16.6489788Z Package 'dotnet-runtime-6.0' is not installed, so not removed
2026-09-23T08:37:16.6490340Z Package 'dotnet-sdk-6.0-source-built-artifacts' is not installed, so not removed
2026-09-23T08:37:16.6491129Z Package 'dotnet-sdk-8.0-source-built-artifacts' is not installed, so not removed
2026-09-23T08:37:16.6492042Z Package 'dotnet-targeting-pack-6.0' is not installed, so not removed
2026-09-23T08:37:16.6492765Z Package 'dotnet-templates-6.0' is not installed, so not removed
2026-09-23T08:37:16.6493475Z Package 'dotnet-templates-8.0' is not installed, so not removed
2026-09-23T08:37:16.6494158Z Package 'dotnet-apphost-pack-7.0' is not installed, so not removed
2026-09-23T08:37:16.6495244Z Package 'dotnet-host-7.0' is not installed, so not removed
2026-09-23T08:37:16.6495884Z Package 'dotnet-hostfxr-7.0' is not installed, so not removed
2026-09-23T08:37:16.6496562Z Package 'dotnet-runtime-7.0' is not installed, so not removed
2026-09-23T08:37:16.6497234Z Package 'dotnet-runtime-dbg-8.0' is not installed, so not removed
2026-09-23T08:37:16.6497987Z Package 'dotnet-sdk-7.0-source-built-artifacts' is not installed, so not removed
2026-09-23T08:37:16.6498704Z Package 'dotnet-sdk-dbg-8.0' is not installed, so not removed
2026-09-23T08:37:16.6499352Z Package 'dotnet-targeting-pack-7.0' is not installed, so not removed
2026-09-23T08:37:16.6500098Z Package 'dotnet-templates-7.0' is not installed, so not removed
2026-09-23T08:37:16.6500715Z Package 'dotnet-sdk-8.0' is not installed, so not removed
2026-09-23T08:37:16.6501372Z Package 'dotnet-runtime-3.1' is not installed, so not removed
2026-09-23T08:37:16.6502169Z Package 'dotnet-sdk-6.0' is not installed, so not removed
2026-09-23T08:37:16.6502660Z Package 'dotnet-runtime-deps-6.0' is not installed, so not removed
2026-09-23T08:37:16.6503362Z Package 'dotnet-apphost-pack-8.0' is not installed, so not removed
2026-09-23T08:37:16.6503843Z Package 'dotnet-sdk-7.0' is not installed, so not removed
2026-09-23T08:37:16.6504360Z Package 'dotnet-runtime-deps-7.0' is not installed, so not removed
2026-09-23T08:37:16.6504858Z Package 'dotnet-apphost-pack-9.0' is not installed, so not removed
2026-09-23T08:37:16.6505359Z Package 'dotnet-targeting-pack-9.0' is not installed, so not removed
2026-09-23T08:37:16.6505863Z Package 'dotnet-host' is not installed, so not removed
2026-09-23T08:37:16.6506310Z Package 'dotnet-runtime-deps-8.0' is not installed, so not removed
2026-09-23T08:37:16.6506771Z Package 'dotnet-sdk-3.1' is not installed, so not removed
2026-09-23T08:37:16.6507260Z Package 'dotnet-targeting-pack-8.0' is not installed, so not removed
2026-09-23T08:37:16.6507747Z Package 'dotnet-runtime-deps-3.1' is not installed, so not removed
2026-09-23T08:37:16.6508279Z Package 'dotnet-sdk-9.0' is not installed, so not removed
2026-09-23T08:37:16.6508735Z Package 'dotnet-apphost-pack-3.1' is not installed, so not removed
2026-09-23T08:37:16.6509218Z Package 'dotnet-runtime-deps-9.0' is not installed, so not removed
2026-09-23T08:37:16.6509731Z Package 'dotnet-runtime-8.0' is not installed, so not removed
2026-09-23T08:37:16.6510195Z Package 'dotnet-hostfxr-8.0' is not installed, so not removed
2026-09-23T08:37:16.6510646Z Package 'dotnet-hostfxr-3.1' is not installed, so not removed
2026-09-23T08:37:16.6511098Z Package 'dotnet-runtime-9.0' is not installed, so not removed
2026-09-23T08:37:16.6511554Z Package 'dotnet-hostfxr-9.0' is not installed, so not removed
2026-09-23T08:37:16.6512313Z 0 upgraded, 0 newly installed, 0 to remove and 8 not upgraded.
2026-09-23T08:37:16.6970568Z Reading package lists...
2026-09-23T08:37:16.8905276Z Building dependency tree...
2026-09-23T08:37:16.8915461Z Reading state information...
2026-09-23T08:37:17.1535684Z Package 'llvm-17' is not installed, so not removed
2026-09-23T08:37:17.1536481Z Package 'llvm-18' is not installed, so not removed
2026-09-23T08:37:17.1537326Z Package 'llvm-19' is not installed, so not removed
2026-09-23T08:37:17.1537950Z Package 'llvm-21' is not installed, so not removed
2026-09-23T08:37:17.1538541Z Package 'llvm-11' is not installed, so not removed
2026-09-23T08:37:17.1539260Z Package 'llvm-11-dev' is not installed, so not removed
2026-09-23T08:37:17.1539677Z Package 'llvm-11-doc' is not installed, so not removed
2026-09-23T08:37:17.1540159Z Package 'llvm-11-examples' is not installed, so not removed
2026-09-23T08:37:17.1540716Z Package 'llvm-11-linker-tools' is not installed, so not removed
2026-09-23T08:37:17.1541475Z Package 'llvm-11-runtime' is not installed, so not removed
2026-09-23T08:37:17.1542171Z Package 'llvm-11-tools' is not installed, so not removed
2026-09-23T08:37:17.1542592Z Package 'llvm-12' is not installed, so not removed
2026-09-23T08:37:17.1543237Z Package 'llvm-12-dev' is not installed, so not removed
2026-09-23T08:37:17.1544297Z Package 'llvm-12-doc' is not installed, so not removed
2026-09-23T08:37:17.1544993Z Package 'llvm-12-examples' is not installed, so not removed
2026-09-23T08:37:17.1545490Z Package 'llvm-12-linker-tools' is not installed, so not removed
2026-09-23T08:37:17.1545958Z Package 'llvm-12-runtime' is not installed, so not removed
2026-09-23T08:37:17.1546438Z Package 'llvm-12-tools' is not installed, so not removed
2026-09-23T08:37:17.1546858Z Package 'llvm-dev' is not installed, so not removed
2026-09-23T08:37:17.1547278Z Package 'llvm-runtime' is not installed, so not removed
2026-09-23T08:37:17.1547751Z Package 'llvm-spirv' is not installed, so not removed
2026-09-23T08:37:17.1548219Z Package 'llvm-spirv-12' is not installed, so not removed
2026-09-23T08:37:17.1548662Z Package 'llvm-15-doc' is not installed, so not removed
2026-09-23T08:37:17.1549085Z Package 'llvm-15-examples' is not installed, so not removed
2026-09-23T08:37:17.1549518Z Package 'llvm-13-doc' is not installed, so not removed
2026-09-23T08:37:17.1549976Z Package 'llvm-13-examples' is not installed, so not removed
2026-09-23T08:37:17.1550727Z Package 'llvm-14-doc' is not installed, so not removed
2026-09-23T08:37:17.1551159Z Package 'llvm-14-examples' is not installed, so not removed
2026-09-23T08:37:17.1551607Z Package 'llvm-spirv-14' is not installed, so not removed
2026-09-23T08:37:17.1552318Z Package 'llvm-spirv-15' is not installed, so not removed
2026-09-23T08:37:17.1552758Z The following packages will be REMOVED:
2026-09-23T08:37:17.1553219Z   clang-13 clang-14 clang-15 clang-tidy-13 clang-tidy-14 clang-tidy-15
2026-09-23T08:37:17.1553766Z   clang-tools-13 clang-tools-14 clang-tools-15 lldb-14 llvm-13 llvm-13-dev
2026-09-23T08:37:17.1554330Z   llvm-13-linker-tools llvm-13-runtime llvm-13-tools llvm-14 llvm-14-dev
2026-09-23T08:37:17.1554866Z   llvm-14-linker-tools llvm-14-runtime llvm-14-tools llvm-15 llvm-15-dev
2026-09-23T08:37:17.1555377Z   llvm-15-linker-tools llvm-15-runtime llvm-15-tools
2026-09-23T08:37:17.4491757Z 0 upgraded, 0 newly installed, 25 to remove and 8 not upgraded.
2026-09-23T08:37:17.4492930Z After this operation, 1150 MB disk space will be freed.
2026-09-23T08:37:17.4961482Z (Reading database ... 
2026-09-23T08:37:17.4962146Z (Reading database ... 5%
2026-09-23T08:37:17.4962680Z (Reading database ... 10%
2026-09-23T08:37:17.4963114Z (Reading database ... 15%
2026-09-23T08:37:17.4963538Z (Reading database ... 20%
2026-09-23T08:37:17.4964133Z (Reading database ... 25%
2026-09-23T08:37:17.4964504Z (Reading database ... 30%
2026-09-23T08:37:17.4964999Z (Reading database ... 35%
2026-09-23T08:37:17.4965484Z (Reading database ... 40%
2026-09-23T08:37:17.4965806Z (Reading database ... 45%
2026-09-23T08:37:17.4966206Z (Reading database ... 50%
2026-09-23T08:37:17.5413448Z (Reading database ... 55%
2026-09-23T08:37:17.7411023Z (Reading database ... 60%
2026-09-23T08:37:17.9907412Z (Reading database ... 65%
2026-09-23T08:37:18.2305978Z (Reading database ... 70%
2026-09-23T08:37:18.4812026Z (Reading database ... 75%
2026-09-23T08:37:18.6892312Z (Reading database ... 80%
2026-09-23T08:37:18.9429002Z (Reading database ... 85%
2026-09-23T08:37:19.1758718Z (Reading database ... 90%
2026-09-23T08:37:19.3443832Z (Reading database ... 95%
2026-09-23T08:37:19.3444325Z (Reading database ... 100%
2026-09-23T08:37:19.3445036Z (Reading database ... 262147 files and directories currently installed.)
2026-09-23T08:37:19.3515637Z Removing clang-tidy-13 (1:13.0.1-2ubuntu2.2) ...
2026-09-23T08:37:19.4318764Z Removing clang-tools-13 (1:13.0.1-2ubuntu2.2) ...
2026-09-23T08:37:19.4640608Z Removing clang-13 (1:13.0.1-2ubuntu2.2) ...
2026-09-23T08:37:19.4895405Z Removing clang-tidy-14 (1:14.0.0-1ubuntu1.1) ...
2026-09-23T08:37:19.5050761Z Removing clang-tools-14 (1:14.0.0-1ubuntu1.1) ...
2026-09-23T08:37:19.6132408Z Removing clang-14 (1:14.0.0-1ubuntu1.1) ...
2026-09-23T08:37:19.6553847Z Removing clang-tidy-15 (1:15.0.7-0ubuntu0.22.04.3) ...
2026-09-23T08:37:19.7073856Z Removing clang-tools-15 (1:15.0.7-0ubuntu0.22.04.3) ...
2026-09-23T08:37:19.7283276Z Removing clang-15 (1:15.0.7-0ubuntu0.22.04.3) ...
2026-09-23T08:37:19.7477661Z Removing lldb-14 (1:14.0.0-1ubuntu1.1) ...
2026-09-23T08:37:19.7683568Z Removing llvm-13-dev (1:13.0.1-2ubuntu2.2) ...
2026-09-23T08:37:20.1791754Z Removing llvm-13 (1:13.0.1-2ubuntu2.2) ...
2026-09-23T08:37:20.1986396Z Removing llvm-13-linker-tools (1:13.0.1-2ubuntu2.2) ...
2026-09-23T08:37:20.2153936Z Removing llvm-13-runtime (1:13.0.1-2ubuntu2.2) ...
2026-09-23T08:37:20.2607840Z Removing llvm-13-tools (1:13.0.1-2ubuntu2.2) ...
2026-09-23T08:37:20.3770482Z Removing llvm-14-dev (1:14.0.0-1ubuntu1.1) ...
2026-09-23T08:37:20.5802136Z Removing llvm-14 (1:14.0.0-1ubuntu1.1) ...
2026-09-23T08:37:20.7279218Z Removing llvm-14-linker-tools (1:14.0.0-1ubuntu1.1) ...
2026-09-23T08:37:20.7441081Z Removing llvm-14-runtime (1:14.0.0-1ubuntu1.1) ...
2026-09-23T08:37:20.8420409Z Removing llvm-14-tools (1:14.0.0-1ubuntu1.1) ...
2026-09-23T08:37:20.9313067Z Removing llvm-15-dev (1:15.0.7-0ubuntu0.22.04.3) ...
2026-09-23T08:37:21.3706184Z Removing llvm-15 (1:15.0.7-0ubuntu0.22.04.3) ...
2026-09-23T08:37:21.3940859Z Removing llvm-15-linker-tools (1:15.0.7-0ubuntu0.22.04.3) ...
2026-09-23T08:37:21.4168174Z Removing llvm-15-runtime (1:15.0.7-0ubuntu0.22.04.3) ...
2026-09-23T08:37:21.5567377Z Removing llvm-15-tools (1:15.0.7-0ubuntu0.22.04.3) ...
2026-09-23T08:37:21.7951636Z Processing triggers for man-db (2.10.2-1) ...
2026-09-23T08:37:21.8007549Z Not building database; man-db/auto-update is not 'true'.
2026-09-23T08:37:21.8021274Z Processing triggers for libc-bin (2.35-0ubuntu3.14) ...
2026-09-23T08:37:23.1929651Z Reading package lists...
2026-09-23T08:37:23.3880413Z Building dependency tree...
2026-09-23T08:37:23.3890529Z Reading state information...
2026-09-23T08:37:23.4997388Z Package 'php-lua' is not installed, so not removed
2026-09-23T08:37:23.4998010Z Package 'php-mysqlnd-ms' is not installed, so not removed
2026-09-23T08:37:23.4998550Z Package 'php-radius' is not installed, so not removed
2026-09-23T08:37:23.4999205Z Package 'php-stomp' is not installed, so not removed
2026-09-23T08:37:23.4999892Z Package 'php5.6-common' is not installed, so not removed
2026-09-23T08:37:23.5000531Z Package 'php5.6-json' is not installed, so not removed
2026-09-23T08:37:23.5001074Z Package 'php7.0-common' is not installed, so not removed
2026-09-23T08:37:23.5002075Z Package 'php7.1-common' is not installed, so not removed
2026-09-23T08:37:23.5002631Z Package 'php7.2-common' is not installed, so not removed
2026-09-23T08:37:23.5003248Z Package 'php7.3-common' is not installed, so not removed
2026-09-23T08:37:23.5003829Z Package 'php7.4-common' is not installed, so not removed
2026-09-23T08:37:23.5004407Z Package 'php8.0-common' is not installed, so not removed
2026-09-23T08:37:23.5005078Z Package 'php-pear-frontend-gtk' is not installed, so not removed
2026-09-23T08:37:23.5005654Z Package 'php-pear-frontend-web' is not installed, so not removed
2026-09-23T08:37:23.5006300Z Package 'php7.0-curl' is not installed, so not removed
2026-09-23T08:37:23.5006877Z Package 'php7.2-sodium' is not installed, so not removed
2026-09-23T08:37:23.5007318Z Package 'php5-cli' is not installed, so not removed
2026-09-23T08:37:23.5007755Z Package 'php5-curl' is not installed, so not removed
2026-09-23T08:37:23.5008309Z Package 'php-mcrypt' is not installed, so not removed
2026-09-23T08:37:23.5008754Z Package 'php5-mysql' is not installed, so not removed
2026-09-23T08:37:23.5009228Z Package 'php5-pgsql' is not installed, so not removed
2026-09-23T08:37:23.5009645Z Package 'php5-sqlite' is not installed, so not removed
2026-09-23T08:37:23.5010075Z Package 'php5' is not installed, so not removed
2026-09-23T08:37:23.5010480Z Package 'php5-ldap' is not installed, so not removed
2026-09-23T08:37:23.5010927Z Package 'php-mapscript' is not installed, so not removed
2026-09-23T08:37:23.5011337Z Package 'php-apc' is not installed, so not removed
2026-09-23T08:37:23.5011730Z Package 'php-suhosin' is not installed, so not removed
2026-09-23T08:37:23.5013075Z Package 'libapache2-mod-php5' is not installed, so not removed
2026-09-23T08:37:23.5013904Z Package 'php5-fpm' is not installed, so not removed
2026-09-23T08:37:23.5014540Z Package 'libapache2-mod-suphp' is not installed, so not removed
2026-09-23T08:37:23.5015213Z Package 'libgv-php5' is not installed, so not removed
2026-09-23T08:37:23.5015635Z Package 'libow-php5' is not installed, so not removed
2026-09-23T08:37:23.5016087Z Package 'php-hayageek-oauth2-yahoo' is not installed, so not removed
2026-09-23T08:37:23.5016647Z Package 'php-league-oauth2-google' is not installed, so not removed
2026-09-23T08:37:23.5017190Z Package 'php-stevenmaguire-oauth2-microsoft' is not installed, so not removed
2026-09-23T08:37:23.5017704Z Package 'phpphylotree' is not installed, so not removed
2026-09-23T08:37:23.5018185Z Package 'php-xcache' is not installed, so not removed
2026-09-23T08:37:23.5018730Z Package 'php-async-aws-s3' is not installed, so not removed
2026-09-23T08:37:23.5019259Z Package 'php-console-color2' is not installed, so not removed
2026-09-23T08:37:23.5019764Z Package 'php-alcaeus-mongo-php-adapter' is not installed, so not removed
2026-09-23T08:37:23.5020425Z Package 'php-doctrine-phpcr-odm' is not installed, so not removed
2026-09-23T08:37:23.5020940Z Package 'php-doctrine-mongodb-odm' is not installed, so not removed
2026-09-23T08:37:23.5021416Z Package 'php-ml-json-ld' is not installed, so not removed
2026-09-23T08:37:23.5022113Z Package 'php-semsol-arc2' is not installed, so not removed
2026-09-23T08:37:23.5022606Z Package 'php-com-dotnet' is not installed, so not removed
2026-09-23T08:37:23.5023047Z Package 'php-rar' is not installed, so not removed
2026-09-23T08:37:23.5023526Z Package 'php-laminas-httphandlerrunner' is not installed, so not removed
2026-09-23T08:37:23.5024079Z Package 'php-cordoval-hamcrest-php' is not installed, so not removed
2026-09-23T08:37:23.5024646Z Package 'php-davedevelopment-hamcrest-php' is not installed, so not removed
2026-09-23T08:37:23.5025785Z Package 'php-kodova-hamcrest-php' is not installed, so not removed
2026-09-23T08:37:23.5026319Z Package 'php-scrutinizer-ocular' is not installed, so not removed
2026-09-23T08:37:23.5026870Z Package 'php-league-flysystem-sftp' is not installed, so not removed
2026-09-23T08:37:23.5027439Z Package 'php-league-flysystem-eventable-filesystem' is not installed, so not removed
2026-09-23T08:37:23.5028042Z Package 'php-league-flysystem-rackspace' is not installed, so not removed
2026-09-23T08:37:23.5028588Z Package 'php-league-flysystem-azure' is not installed, so not removed
2026-09-23T08:37:23.5029147Z Package 'php-league-flysystem-webdav' is not installed, so not removed
2026-09-23T08:37:23.5029937Z Package 'php-league-flysystem-aws-s3-v2' is not installed, so not removed
2026-09-23T08:37:23.5030453Z Package 'php-league-flysystem-aws-s3-v3' is not installed, so not removed
2026-09-23T08:37:23.5031020Z Package 'php-spatie-flysystem-dropbox' is not installed, so not removed
2026-09-23T08:37:23.5031618Z Package 'php-srmklive-flysystem-dropbox-v2' is not installed, so not removed
2026-09-23T08:37:23.5032441Z Package 'php-league-flysystem-cached-adapter' is not installed, so not removed
2026-09-23T08:37:23.5033034Z Package 'php-league-flysystem-ziparchive' is not installed, so not removed
2026-09-23T08:37:23.5033510Z Package 'php-sqlite' is not installed, so not removed
2026-09-23T08:37:23.5033966Z Package 'php-lzf' is not installed, so not removed
2026-09-23T08:37:23.5034380Z Package 'php-pnctl' is not installed, so not removed
2026-09-23T08:37:23.5034823Z Package 'php-mdb2-driver-fbsql' is not installed, so not removed
2026-09-23T08:37:23.5035325Z Package 'php-mdb2-driver-ibase' is not installed, so not removed
2026-09-23T08:37:23.5035813Z Package 'php-mdb2-driver-mssql' is not installed, so not removed
2026-09-23T08:37:23.5036338Z Package 'php-mdb2-driver-mysqli' is not installed, so not removed
2026-09-23T08:37:23.5036819Z Package 'php-mdb2-driver-oci8' is not installed, so not removed
2026-09-23T08:37:23.5037292Z Package 'php-mdb2-driver-odbc' is not installed, so not removed
2026-09-23T08:37:23.5037909Z Package 'php-mdb2-driver-querysim' is not installed, so not removed
2026-09-23T08:37:23.5038407Z Package 'php-mdb2-driver-sqlite' is not installed, so not removed
2026-09-23T08:37:23.5038912Z Package 'php-mdb2-driver-sqlsrv' is not installed, so not removed
2026-09-23T08:37:23.5039458Z Package 'php-barnabywalters-mf-cleaner' is not installed, so not removed
2026-09-23T08:37:23.5039976Z Package 'php-php-mock-phpunit' is not installed, so not removed
2026-09-23T08:37:23.5040464Z Package 'php-graylog2-gelf-php' is not installed, so not removed
2026-09-23T08:37:23.5040947Z Package 'php-doctrine-couchdb' is not installed, so not removed
2026-09-23T08:37:23.5041433Z Package 'php-ruflin-elastica' is not installed, so not removed
2026-09-23T08:37:23.5042068Z Package 'php-elasticsearch' is not installed, so not removed
2026-09-23T08:37:23.5042520Z Package 'php-aws-sdk' is not installed, so not removed
2026-09-23T08:37:23.5042978Z Package 'php-rollbar' is not installed, so not removed
2026-09-23T08:37:23.5043448Z Package 'php-console' is not installed, so not removed
2026-09-23T08:37:23.5043966Z Package 'php-wfio' is not installed, so not removed
2026-09-23T08:37:23.5044383Z Package 'php-dbase' is not installed, so not removed
2026-09-23T08:37:23.5044787Z Package 'php-libsodium' is not installed, so not removed
2026-09-23T08:37:23.5045250Z Package 'libphp-predis' is not installed, so not removed
2026-09-23T08:37:23.5045690Z Package 'php-phpiredis' is not installed, so not removed
2026-09-23T08:37:23.5046170Z Package 'php-ocramius-proxy-manager' is not installed, so not removed
2026-09-23T08:37:23.5046718Z Package 'php-zendframework-zend-stdlib' is not installed, so not removed
2026-09-23T08:37:23.5047239Z Package 'php-rhumsaa-uuid' is not installed, so not removed
2026-09-23T08:37:23.5047750Z Package 'php-moontoast-math' is not installed, so not removed
2026-09-23T08:37:23.5048232Z Package 'php-ramsey-uuid-console' is not installed, so not removed
2026-09-23T08:37:23.5048737Z Package 'php-ramsey-uuid-doctrine' is not installed, so not removed
2026-09-23T08:37:23.5049259Z Package 'php-paragonie-random-lib' is not installed, so not removed
2026-09-23T08:37:23.5049740Z Package 'php-crypt-blowfish' is not installed, so not removed
2026-09-23T08:37:23.5050765Z Package 'php-compat' is not installed, so not removed
2026-09-23T08:37:23.5051179Z Package 'php-cache' is not installed, so not removed
2026-09-23T08:37:23.5051652Z Package 'php-xml-serializer' is not installed, so not removed
2026-09-23T08:37:23.5052291Z Package 'libssh2-php' is not installed, so not removed
2026-09-23T08:37:23.5052771Z Package 'php-enqueue-messenger-adapter' is not installed, so not removed
2026-09-23T08:37:23.5053305Z Package 'php-numbers-words' is not installed, so not removed
2026-09-23T08:37:23.5053785Z Package 'php7.0-thrift' is not installed, so not removed
2026-09-23T08:37:23.5054197Z Package 'php7.2-thrift' is not installed, so not removed
2026-09-23T08:37:23.5054667Z Package 'php-net-idna' is not installed, so not removed
2026-09-23T08:37:23.5055088Z Package 'php-phpstan' is not installed, so not removed
2026-09-23T08:37:23.5055589Z Package 'php-vimeo-psalm' is not installed, so not removed
2026-09-23T08:37:23.5056102Z Package 'php-zendframework-zend-eventmanager' is not installed, so not removed
2026-09-23T08:37:23.5056635Z Package 'php-container-interop' is not installed, so not removed
2026-09-23T08:37:23.5057128Z Package 'php-recode' is not installed, so not removed
2026-09-23T08:37:23.5057531Z Package 'php-gd2' is not installed, so not removed
2026-09-23T08:37:23.5058010Z Package 'php-pragmarx-google2fa-qrcode' is not installed, so not removed
2026-09-23T08:37:23.5058544Z Package 'php-samyoul-u2f-php-server' is not installed, so not removed
2026-09-23T08:37:23.5059017Z Package 'php5-xsl' is not installed, so not removed
2026-09-23T08:37:23.5059490Z Package 'php5-imagick' is not installed, so not removed
2026-09-23T08:37:23.5059941Z Package 'php-endroid-qr-code' is not installed, so not removed
2026-09-23T08:37:23.5060509Z Package 'php-guzzlehttp-guzzle' is not installed, so not removed
2026-09-23T08:37:23.5061009Z Package 'php-bjeavons-zxcvbn-php' is not installed, so not removed
2026-09-23T08:37:23.5061478Z Package 'php7.4-fpm' is not installed, so not removed
2026-09-23T08:37:23.5062083Z Package 'libapache2-mod-php' is not installed, so not removed
2026-09-23T08:37:23.5062537Z Package 'php' is not installed, so not removed
2026-09-23T08:37:23.5062925Z Package 'php-all-dev' is not installed, so not removed
2026-09-23T08:37:23.5063414Z Package 'php-cgi' is not installed, so not removed
2026-09-23T08:37:23.5063812Z Package 'php-cli' is not installed, so not removed
2026-09-23T08:37:23.5064232Z Package 'php-curl' is not installed, so not removed
2026-09-23T08:37:23.5064641Z Package 'php-dev' is not installed, so not removed
2026-09-23T08:37:23.5065019Z Package 'php-gd' is not installed, so not removed
2026-09-23T08:37:23.5065456Z Package 'php-gmp' is not installed, so not removed
2026-09-23T08:37:23.5065853Z Package 'php-json' is not installed, so not removed
2026-09-23T08:37:23.5066327Z Package 'php-ldap' is not installed, so not removed
2026-09-23T08:37:23.5066753Z Package 'php-mysql' is not installed, so not removed
2026-09-23T08:37:23.5067199Z Package 'php-odbc' is not installed, so not removed
2026-09-23T08:37:23.5067639Z Package 'php-pgsql' is not installed, so not removed
2026-09-23T08:37:23.5068044Z Package 'php-pspell' is not installed, so not removed
2026-09-23T08:37:23.5068469Z Package 'php-snmp' is not installed, so not removed
2026-09-23T08:37:23.5068882Z Package 'php-sqlite3' is not installed, so not removed
2026-09-23T08:37:23.5069290Z Package 'php-tidy' is not installed, so not removed
2026-09-23T08:37:23.5069765Z Package 'php-xml' is not installed, so not removed
2026-09-23T08:37:23.5070183Z Package 'pkg-php-tools' is not installed, so not removed
2026-09-23T08:37:23.5070645Z Package 'cakephp' is not installed, so not removed
2026-09-23T08:37:23.5071081Z Package 'cakephp-scripts' is not installed, so not removed
2026-09-23T08:37:23.5071520Z Package 'dh-php' is not installed, so not removed
2026-09-23T08:37:23.5072114Z Package 'elpa-php-mode' is not installed, so not removed
2026-09-23T08:37:23.5072620Z Package 'golang-github-phpdave11-gofpdi-dev' is not installed, so not removed
2026-09-23T08:37:23.5073135Z Package 'gosa-plugin-phpgw' is not installed, so not removed
2026-09-23T08:37:23.5073648Z Package 'gosa-plugin-phpgw-schema' is not installed, so not removed
2026-09-23T08:37:23.5074181Z Package 'gosa-plugin-phpscheduleit' is not installed, so not removed
2026-09-23T08:37:23.5074775Z Package 'gosa-plugin-phpscheduleit-schema' is not installed, so not removed
2026-09-23T08:37:23.5075306Z Package 'icinga-php-library' is not installed, so not removed
2026-09-23T08:37:23.5075765Z Package 'icinga-php-thirdparty' is not installed, so not removed
2026-09-23T08:37:23.5076257Z Package 'kdevelop-php' is not installed, so not removed
2026-09-23T08:37:23.5076713Z Package 'kdevelop-php-l10n' is not installed, so not removed
2026-09-23T08:37:23.5077154Z Package 'libawl-php' is not installed, so not removed
2026-09-23T08:37:23.5077680Z Package 'libhtml-wikiconverter-phpwiki-perl' is not installed, so not removed
2026-09-23T08:37:23.5078231Z Package 'libjs-php-date-formatter' is not installed, so not removed
2026-09-23T08:37:23.5078763Z Package 'libmarkdown-php' is not installed, so not removed
2026-09-23T08:37:23.5079202Z Package 'libnusoap-php' is not installed, so not removed
2026-09-23T08:37:23.5079621Z Package 'libow-php7' is not installed, so not removed
2026-09-23T08:37:23.5080060Z Package 'libownet-php' is not installed, so not removed
2026-09-23T08:37:23.5080487Z Package 'libphp-embed' is not installed, so not removed
2026-09-23T08:37:23.5080934Z Package 'libphp-jabber' is not installed, so not removed
2026-09-23T08:37:23.5081367Z Package 'libphp-jpgraph' is not installed, so not removed
2026-09-23T08:37:23.5081894Z Package 'libphp-jpgraph-examples' is not installed, so not removed
2026-09-23T08:37:23.5082543Z Package 'libphp-phpmailer' is not installed, so not removed
2026-09-23T08:37:23.5083026Z Package 'libphp-serialization-perl' is not installed, so not removed
2026-09-23T08:37:23.5083545Z Package 'libphp-simplepie' is not installed, so not removed
2026-09-23T08:37:23.5083989Z Package 'libphp-snoopy' is not installed, so not removed
2026-09-23T08:37:23.5084416Z Package 'libphpy-dev' is not installed, so not removed
2026-09-23T08:37:23.5084864Z Package 'libphpy1' is not installed, so not removed
2026-09-23T08:37:23.5085283Z Package 'libsparkline-php' is not installed, so not removed
2026-09-23T08:37:23.5085741Z Package 'libxrdcephposix0' is not installed, so not removed
2026-09-23T08:37:23.5086226Z Package 'mlmmj-php-web' is not installed, so not removed
2026-09-23T08:37:23.5086671Z Package 'mlmmj-php-web-admin' is not installed, so not removed
2026-09-23T08:37:23.5087136Z Package 'php-amqp' is not installed, so not removed
2026-09-23T08:37:23.5087573Z Package 'php-amqp-all-dev' is not installed, so not removed
2026-09-23T08:37:23.5088015Z Package 'php-amqplib' is not installed, so not removed
2026-09-23T08:37:23.5089602Z Package 'php-apcu' is not installed, so not removed
2026-09-23T08:37:23.5090040Z Package 'php-apcu-all-dev' is not installed, so not removed
2026-09-23T08:37:23.5090559Z Package 'php-arthurhoaro-web-thumbnailer' is not installed, so not removed
2026-09-23T08:37:23.5091088Z Package 'php-ast' is not installed, so not removed
2026-09-23T08:37:23.5091531Z Package 'php-ast-all-dev' is not installed, so not removed
2026-09-23T08:37:23.5092195Z Package 'php-async-aws-core' is not installed, so not removed
2026-09-23T08:37:23.5092660Z Package 'php-async-aws-ses' is not installed, so not removed
2026-09-23T08:37:23.5093137Z Package 'php-async-aws-sns' is not installed, so not removed
2026-09-23T08:37:23.5093594Z Package 'php-async-aws-sqs' is not installed, so not removed
2026-09-23T08:37:23.5094022Z Package 'php-auth-sasl' is not installed, so not removed
2026-09-23T08:37:23.5094527Z Package 'php-bacon-qr-code' is not installed, so not removed
2026-09-23T08:37:23.5094988Z Package 'php-bcmath' is not installed, so not removed
2026-09-23T08:37:23.5095421Z Package 'php-bz2' is not installed, so not removed
2026-09-23T08:37:23.5095874Z Package 'php-cache-integration-tests' is not installed, so not removed
2026-09-23T08:37:23.5096341Z Package 'php-cache-lite' is not installed, so not removed
2026-09-23T08:37:23.5096850Z Package 'php-cache-tag-interop' is not installed, so not removed
2026-09-23T08:37:23.5097307Z Package 'php-codecoverage' is not installed, so not removed
2026-09-23T08:37:23.5097752Z Package 'php-codesniffer' is not installed, so not removed
2026-09-23T08:37:23.5098248Z Package 'php-composer-ca-bundle' is not installed, so not removed
2026-09-23T08:37:23.5098779Z Package 'php-composer-metadata-minifier' is not installed, so not removed
2026-09-23T08:37:23.5099344Z Package 'php-composer-pcre' is not installed, so not removed
2026-09-23T08:37:23.5099805Z Package 'php-composer-semver' is not installed, so not removed
2026-09-23T08:37:23.5100314Z Package 'php-composer-spdx-licenses' is not installed, so not removed
2026-09-23T08:37:23.5100852Z Package 'php-composer-xdebug-handler' is not installed, so not removed
2026-09-23T08:37:23.5101359Z Package 'php-console-commandline' is not installed, so not removed
2026-09-23T08:37:23.5101991Z Package 'php-console-table' is not installed, so not removed
2026-09-23T08:37:23.5102460Z Package 'php-constant-time' is not installed, so not removed
2026-09-23T08:37:23.5102954Z Package 'php-crypt-gpg' is not installed, so not removed
2026-09-23T08:37:23.5103411Z Package 'php-dapphp-radius' is not installed, so not removed
2026-09-23T08:37:23.5103867Z Package 'php-dasprid-enum' is not installed, so not removed
2026-09-23T08:37:23.5104331Z Package 'php-date' is not installed, so not removed
2026-09-23T08:37:23.5104736Z Package 'php-db' is not installed, so not removed
2026-09-23T08:37:23.5105146Z Package 'php-deepcopy' is not installed, so not removed
2026-09-23T08:37:23.5105733Z Package 'php-directory-scanner' is not installed, so not removed
2026-09-23T08:37:23.5106240Z Package 'php-doctrine-annotations' is not installed, so not removed
2026-09-23T08:37:23.5106773Z Package 'php-doctrine-cache' is not installed, so not removed
2026-09-23T08:37:23.5107259Z Package 'php-doctrine-collections' is not installed, so not removed
2026-09-23T08:37:23.5107732Z Package 'php-doctrine-common' is not installed, so not removed
2026-09-23T08:37:23.5108258Z Package 'php-doctrine-data-fixtures' is not installed, so not removed
2026-09-23T08:37:23.5108752Z Package 'php-doctrine-dbal' is not installed, so not removed
2026-09-23T08:37:23.5109230Z Package 'php-doctrine-deprecations' is not installed, so not removed
2026-09-23T08:37:23.5109761Z Package 'php-doctrine-event-manager' is not installed, so not removed
2026-09-23T08:37:23.5110256Z Package 'php-doctrine-inflector' is not installed, so not removed
2026-09-23T08:37:23.5110824Z Package 'php-doctrine-instantiator' is not installed, so not removed
2026-09-23T08:37:23.5111305Z Package 'php-doctrine-lexer' is not installed, so not removed
2026-09-23T08:37:23.5112154Z Package 'php-doctrine-orm' is not installed, so not removed
2026-09-23T08:37:23.5112661Z Package 'php-doctrine-persistence' is not installed, so not removed
2026-09-23T08:37:23.5113160Z Package 'php-doctrine-reflection' is not installed, so not removed
2026-09-23T08:37:23.5113718Z Package 'php-dragonmantank-cron-expression' is not installed, so not removed
2026-09-23T08:37:23.5114217Z Package 'php-ds' is not installed, so not removed
2026-09-23T08:37:23.5114683Z Package 'php-ds-all-dev' is not installed, so not removed
2026-09-23T08:37:23.5115127Z Package 'php-easyrdf' is not installed, so not removed
2026-09-23T08:37:23.5115560Z Package 'php-email-validator' is not installed, so not removed
2026-09-23T08:37:23.5116025Z Package 'php-enchant' is not installed, so not removed
2026-09-23T08:37:23.5116435Z Package 'php-excimer' is not installed, so not removed
2026-09-23T08:37:23.5116871Z Package 'php-facedetect' is not installed, so not removed
2026-09-23T08:37:23.5117342Z Package 'php-fdomdocument' is not installed, so not removed
2026-09-23T08:37:23.5117795Z Package 'php-fig-link-util' is not installed, so not removed
2026-09-23T08:37:23.5118267Z Package 'php-file-iterator' is not installed, so not removed
2026-09-23T08:37:23.5118761Z Package 'php-finder-facade' is not installed, so not removed
2026-09-23T08:37:23.5119222Z Package 'php-finder-facade-doc' is not installed, so not removed
2026-09-23T08:37:23.5119704Z Package 'php-font-lib' is not installed, so not removed
2026-09-23T08:37:23.5120137Z Package 'php-fpdf' is not installed, so not removed
2026-09-23T08:37:23.5120543Z Package 'php-fpm' is not installed, so not removed
2026-09-23T08:37:23.5120952Z Package 'php-fxsl' is not installed, so not removed
2026-09-23T08:37:23.5121370Z Package 'php-gearman' is not installed, so not removed
2026-09-23T08:37:23.5121901Z Package 'php-gearman-all-dev' is not installed, so not removed
2026-09-23T08:37:23.5122396Z Package 'php-geos' is not installed, so not removed
2026-09-23T08:37:23.5122813Z Package 'php-geshi' is not installed, so not removed
2026-09-23T08:37:23.5123266Z Package 'php-getallheaders' is not installed, so not removed
2026-09-23T08:37:23.5123704Z Package 'php-getid3' is not installed, so not removed
2026-09-23T08:37:23.5124159Z Package 'php-gettext-languages' is not installed, so not removed
2026-09-23T08:37:23.5124614Z Package 'php-gmagick' is not installed, so not removed
2026-09-23T08:37:23.5125032Z Package 'php-gmagick-all-dev' is not installed, so not removed
2026-09-23T08:37:23.5125518Z Package 'php-gnupg' is not installed, so not removed
2026-09-23T08:37:23.5125981Z Package 'php-gnupg-all-dev' is not installed, so not removed
2026-09-23T08:37:23.5126463Z Package 'php-google-recaptcha' is not installed, so not removed
2026-09-23T08:37:23.5126916Z Package 'php-guestfs' is not installed, so not removed
2026-09-23T08:37:23.5127356Z Package 'php-guzzlehttp-promises' is not installed, so not removed
2026-09-23T08:37:23.5128174Z Package 'php-guzzlehttp-psr7' is not installed, so not removed
2026-09-23T08:37:23.5128630Z Package 'php-hamcrest' is not installed, so not removed
2026-09-23T08:37:23.5129084Z Package 'php-htmlawed' is not installed, so not removed
2026-09-23T08:37:23.5129518Z Package 'php-htmlpurifier' is not installed, so not removed
2026-09-23T08:37:23.5129998Z Package 'php-http' is not installed, so not removed
2026-09-23T08:37:23.5130430Z Package 'php-http-all-dev' is not installed, so not removed
2026-09-23T08:37:23.5130871Z Package 'php-http-httplug' is not installed, so not removed
2026-09-23T08:37:23.5131417Z Package 'php-http-interop-http-factory-tests' is not installed, so not removed
2026-09-23T08:37:23.5132230Z Package 'php-http-message-factory' is not installed, so not removed
2026-09-23T08:37:23.5132703Z Package 'php-http-promise' is not installed, so not removed
2026-09-23T08:37:23.5133248Z Package 'php-http-psr7-integration-tests' is not installed, so not removed
2026-09-23T08:37:23.5133768Z Package 'php-http-request' is not installed, so not removed
2026-09-23T08:37:23.5134612Z Package 'php-http-request2' is not installed, so not removed
2026-09-23T08:37:23.5135222Z Package 'php-http-webdav-server' is not installed, so not removed
2026-09-23T08:37:23.5135832Z Package 'php-httpful' is not installed, so not removed
2026-09-23T08:37:23.5136452Z Package 'php-icinga' is not installed, so not removed
2026-09-23T08:37:23.5137037Z Package 'php-igbinary' is not installed, so not removed
2026-09-23T08:37:23.5137712Z Package 'php-igbinary-all-dev' is not installed, so not removed
2026-09-23T08:37:23.5138386Z Package 'php-image-text' is not installed, so not removed
2026-09-23T08:37:23.5138934Z Package 'php-imagick' is not installed, so not removed
2026-09-23T08:37:23.5139523Z Package 'php-imagick-all-dev' is not installed, so not removed
2026-09-23T08:37:23.5139988Z Package 'php-imap' is not installed, so not removed
2026-09-23T08:37:23.5140419Z Package 'php-interbase' is not installed, so not removed
2026-09-23T08:37:23.5140880Z Package 'php-intl' is not installed, so not removed
2026-09-23T08:37:23.5141302Z Package 'php-invoker' is not installed, so not removed
2026-09-23T08:37:23.5141752Z Package 'php-json-schema' is not installed, so not removed
2026-09-23T08:37:23.5142490Z Package 'php-klogger' is not installed, so not removed
2026-09-23T08:37:23.5142922Z Package 'php-league-commonmark' is not installed, so not removed
2026-09-23T08:37:23.5143491Z Package 'php-league-flysystem' is not installed, so not removed
2026-09-23T08:37:23.5143997Z Package 'php-league-html-to-markdown' is not installed, so not removed
2026-09-23T08:37:23.5144602Z Package 'php-league-mime-type-detection' is not installed, so not removed
2026-09-23T08:37:23.5145110Z Package 'php-letodms-core' is not installed, so not removed
2026-09-23T08:37:23.5145543Z Package 'php-libvirt-php' is not installed, so not removed
2026-09-23T08:37:23.5146012Z Package 'php-log' is not installed, so not removed
2026-09-23T08:37:23.5146456Z Package 'php-lorenzo-pinky' is not installed, so not removed
2026-09-23T08:37:23.5146923Z Package 'php-luasandbox' is not installed, so not removed
2026-09-23T08:37:23.5147390Z Package 'php-mail' is not installed, so not removed
2026-09-23T08:37:23.5147787Z Package 'php-mail-mime' is not installed, so not removed
2026-09-23T08:37:23.5148259Z Package 'php-mailparse' is not installed, so not removed
2026-09-23T08:37:23.5148712Z Package 'php-mailparse-all-dev' is not installed, so not removed
2026-09-23T08:37:23.5149206Z Package 'php-malkusch-lock' is not installed, so not removed
2026-09-23T08:37:23.5149676Z Package 'php-mariadb-mysql-kbs' is not installed, so not removed
2026-09-23T08:37:23.5150165Z Package 'php-masterminds-html5' is not installed, so not removed
2026-09-23T08:37:23.5150644Z Package 'php-mbstring' is not installed, so not removed
2026-09-23T08:37:23.5151089Z Package 'php-mdb2' is not installed, so not removed
2026-09-23T08:37:23.5151600Z Package 'php-mdb2-driver-mysql' is not installed, so not removed
2026-09-23T08:37:23.5152371Z Package 'php-mdb2-driver-pgsql' is not installed, so not removed
2026-09-23T08:37:23.5152848Z Package 'php-memcache' is not installed, so not removed
2026-09-23T08:37:23.5153322Z Package 'php-memcache-all-dev' is not installed, so not removed
2026-09-23T08:37:23.5153834Z Package 'php-memcached' is not installed, so not removed
2026-09-23T08:37:23.5154269Z Package 'php-memcached-all-dev' is not installed, so not removed
2026-09-23T08:37:23.5154743Z Package 'php-mf2' is not installed, so not removed
2026-09-23T08:37:23.5155229Z Package 'php-mikey179-vfsstream' is not installed, so not removed
2026-09-23T08:37:23.5155705Z Package 'php-mime-type' is not installed, so not removed
2026-09-23T08:37:23.5156126Z Package 'php-mock' is not installed, so not removed
2026-09-23T08:37:23.5156548Z Package 'php-mock-integration' is not installed, so not removed
2026-09-23T08:37:23.5157057Z Package 'php-mock-phpunit' is not installed, so not removed
2026-09-23T08:37:23.5157503Z Package 'php-mockery' is not installed, so not removed
2026-09-23T08:37:23.5158029Z Package 'php-mockery-doc' is not installed, so not removed
2026-09-23T08:37:23.5158493Z Package 'php-mongodb' is not installed, so not removed
2026-09-23T08:37:23.5158951Z Package 'php-mongodb-all-dev' is not installed, so not removed
2026-09-23T08:37:23.5159445Z Package 'php-monolog' is not installed, so not removed
2026-09-23T08:37:23.5159854Z Package 'php-msgpack' is not installed, so not removed
2026-09-23T08:37:23.5160321Z Package 'php-msgpack-all-dev' is not installed, so not removed
2026-09-23T08:37:23.5160782Z Package 'php-net-dime' is not installed, so not removed
2026-09-23T08:37:23.5161202Z Package 'php-net-dns2' is not installed, so not removed
2026-09-23T08:37:23.5161657Z Package 'php-net-ftp' is not installed, so not removed
2026-09-23T08:37:23.5162151Z Package 'php-net-imap' is not installed, so not removed
2026-09-23T08:37:23.5162637Z Package 'php-net-ipv6' is not installed, so not removed
2026-09-23T08:37:23.5163073Z Package 'php-net-ldap2' is not installed, so not removed
2026-09-23T08:37:23.5163516Z Package 'php-net-ldap3' is not installed, so not removed
2026-09-23T08:37:23.5163968Z Package 'php-net-nntp' is not installed, so not removed
2026-09-23T08:37:23.5164417Z Package 'php-net-publicsuffix' is not installed, so not removed
2026-09-23T08:37:23.5164870Z Package 'php-net-sieve' is not installed, so not removed
2026-09-23T08:37:23.5165326Z Package 'php-net-smtp' is not installed, so not removed
2026-09-23T08:37:23.5165767Z Package 'php-net-socket' is not installed, so not removed
2026-09-23T08:37:23.5166258Z Package 'php-net-url' is not installed, so not removed
2026-09-23T08:37:23.5166668Z Package 'php-net-url2' is not installed, so not removed
2026-09-23T08:37:23.5167084Z Package 'php-net-whois' is not installed, so not removed
2026-09-23T08:37:23.5169867Z Package 'php-netscape-bookmark-parser' is not installed, so not removed
2026-09-23T08:37:23.5170396Z Package 'php-nikic-fast-route' is not installed, so not removed
2026-09-23T08:37:23.5170881Z Package 'php-nrk-predis' is not installed, so not removed
2026-09-23T08:37:23.5171347Z Package 'php-nyholm-psr7' is not installed, so not removed
2026-09-23T08:37:23.5171941Z Package 'php-oauth' is not installed, so not removed
2026-09-23T08:37:23.5172560Z Package 'php-oauth-all-dev' is not installed, so not removed
2026-09-23T08:37:23.5173024Z Package 'php-opis-closure' is not installed, so not removed
2026-09-23T08:37:23.5173469Z Package 'php-parsedown' is not installed, so not removed
2026-09-23T08:37:23.5173939Z Package 'php-parsedown-extra' is not installed, so not removed
2026-09-23T08:37:23.5174383Z Package 'php-parser' is not installed, so not removed
2026-09-23T08:37:23.5174844Z Package 'php-patchwork-utf8' is not installed, so not removed
2026-09-23T08:37:23.5175298Z Package 'php-pclzip' is not installed, so not removed
2026-09-23T08:37:23.5175694Z Package 'php-pcov' is not installed, so not removed
2026-09-23T08:37:23.5176300Z Package 'php-pcov-all-dev' is not installed, so not removed
2026-09-23T08:37:23.5176773Z Package 'php-pda-pheanstalk' is not installed, so not removed
2026-09-23T08:37:23.5177272Z Package 'php-phar-io-manifest' is not installed, so not removed
2026-09-23T08:37:23.5177736Z Package 'php-phar-io-version' is not installed, so not removed
2026-09-23T08:37:23.5178178Z Package 'php-php-gettext' is not installed, so not removed
2026-09-23T08:37:23.5178650Z Package 'php-phpdbg' is not installed, so not removed
2026-09-23T08:37:23.5179159Z Package 'php-phpdocumentor-reflection-common' is not installed, so not removed
2026-09-23T08:37:23.5179802Z Package 'php-phpdocumentor-reflection-docblock' is not installed, so not removed
2026-09-23T08:37:23.5180425Z Package 'php-phpdocumentor-type-resolver' is not installed, so not removed
2026-09-23T08:37:23.5180974Z Package 'php-phpmyadmin-motranslator' is not installed, so not removed
2026-09-23T08:37:23.5181534Z Package 'php-phpmyadmin-shapefile' is not installed, so not removed
2026-09-23T08:37:23.5182325Z Package 'php-phpmyadmin-sql-parser' is not installed, so not removed
2026-09-23T08:37:23.5182898Z Package 'php-phpoption' is not installed, so not removed
2026-09-23T08:37:23.5183343Z Package 'php-phpseclib' is not installed, so not removed
2026-09-23T08:37:23.5183784Z Package 'php-phpseclib3' is not installed, so not removed
2026-09-23T08:37:23.5184259Z Package 'php-phpspec-prophecy' is not installed, so not removed
2026-09-23T08:37:23.5184806Z Package 'php-phpspec-prophecy-phpunit' is not installed, so not removed
2026-09-23T08:37:23.5185339Z Package 'php-phpstan-phpdoc-parser' is not installed, so not removed
2026-09-23T08:37:23.5185808Z Package 'php-predis' is not installed, so not removed
2026-09-23T08:37:23.5186257Z Package 'php-proxy-manager' is not installed, so not removed
2026-09-23T08:37:23.5186711Z Package 'php-ps' is not installed, so not removed
2026-09-23T08:37:23.5187143Z Package 'php-ps-all-dev' is not installed, so not removed
2026-09-23T08:37:23.5187543Z Package 'php-psr' is not installed, so not removed
2026-09-23T08:37:23.5188006Z Package 'php-psr-all-dev' is not installed, so not removed
2026-09-23T08:37:23.5188498Z Package 'php-psr-cache' is not installed, so not removed
2026-09-23T08:37:23.5188962Z Package 'php-psr-container' is not installed, so not removed
2026-09-23T08:37:23.5189443Z Package 'php-psr-event-dispatcher' is not installed, so not removed
2026-09-23T08:37:23.5189906Z Package 'php-psr-http-client' is not installed, so not removed
2026-09-23T08:37:23.5190414Z Package 'php-psr-http-factory' is not installed, so not removed
2026-09-23T08:37:23.5190874Z Package 'php-psr-http-message' is not installed, so not removed
2026-09-23T08:37:23.5191325Z Package 'php-psr-link' is not installed, so not removed
2026-09-23T08:37:23.5192198Z Package 'php-psr-log' is not installed, so not removed
2026-09-23T08:37:23.5192679Z Package 'php-psr-simple-cache' is not installed, so not removed
2026-09-23T08:37:23.5193227Z Package 'php-pubsubhubbub-publisher' is not installed, so not removed
2026-09-23T08:37:23.5193721Z Package 'php-ramsey-uuid' is not installed, so not removed
2026-09-23T08:37:23.5194196Z Package 'php-random-compat' is not installed, so not removed
2026-09-23T08:37:23.5194669Z Package 'php-raphf' is not installed, so not removed
2026-09-23T08:37:23.5195105Z Package 'php-raphf-all-dev' is not installed, so not removed
2026-09-23T08:37:23.5195592Z Package 'php-react-promise' is not installed, so not removed
2026-09-23T08:37:23.5196030Z Package 'php-readline' is not installed, so not removed
2026-09-23T08:37:23.5196495Z Package 'php-redis' is not installed, so not removed
2026-09-23T08:37:23.5196935Z Package 'php-redis-all-dev' is not installed, so not removed
2026-09-23T08:37:23.5197362Z Package 'php-remctl' is not installed, so not removed
2026-09-23T08:37:23.5197868Z Package 'php-roundcube-rtf-html-php' is not installed, so not removed
2026-09-23T08:37:23.5198330Z Package 'php-rrd' is not installed, so not removed
2026-09-23T08:37:23.5198748Z Package 'php-rrd-all-dev' is not installed, so not removed
2026-09-23T08:37:23.5199297Z Package 'php-sabre-dav' is not installed, so not removed
2026-09-23T08:37:23.5199760Z Package 'php-sabre-vobject' is not installed, so not removed
2026-09-23T08:37:23.5200236Z Package 'php-sass' is not installed, so not removed
2026-09-23T08:37:23.5200653Z Package 'php-seclib' is not installed, so not removed
2026-09-23T08:37:23.5201077Z Package 'php-services-json' is not installed, so not removed
2026-09-23T08:37:23.5201568Z Package 'php-services-weather' is not installed, so not removed
2026-09-23T08:37:23.5202125Z Package 'php-shellcommand' is not installed, so not removed
2026-09-23T08:37:23.5202571Z Package 'php-smbclient' is not installed, so not removed
2026-09-23T08:37:23.5203046Z Package 'php-smbclient-all-dev' is not installed, so not removed
2026-09-23T08:37:23.5203494Z Package 'php-soap' is not installed, so not removed
2026-09-23T08:37:23.5203948Z Package 'php-solr' is not installed, so not removed
2026-09-23T08:37:23.5204389Z Package 'php-solr-all-dev' is not installed, so not removed
2026-09-23T08:37:23.5204838Z Package 'php-sql-formatter' is not installed, so not removed
2026-09-23T08:37:23.5205360Z Package 'php-ssh2' is not installed, so not removed
2026-09-23T08:37:23.5205782Z Package 'php-ssh2-all-dev' is not installed, so not removed
2026-09-23T08:37:23.5206252Z Package 'php-swiftmailer' is not installed, so not removed
2026-09-23T08:37:23.5206679Z Package 'php-sybase' is not installed, so not removed
2026-09-23T08:37:23.5207084Z Package 'php-symfony' is not installed, so not removed
2026-09-23T08:37:23.5207605Z Package 'php-symfony-all-my-sms-notifier' is not installed, so not removed
2026-09-23T08:37:23.5208171Z Package 'php-symfony-amazon-mailer' is not installed, so not removed
2026-09-23T08:37:23.5208723Z Package 'php-symfony-amazon-sns-notifier' is not installed, so not removed
2026-09-23T08:37:23.5209270Z Package 'php-symfony-amazon-sqs-messenger' is not installed, so not removed
2026-09-23T08:37:23.5209803Z Package 'php-symfony-amqp-messenger' is not installed, so not removed
2026-09-23T08:37:23.5210328Z Package 'php-symfony-asset' is not installed, so not removed
2026-09-23T08:37:23.5210834Z Package 'php-symfony-beanstalkd-messenger' is not installed, so not removed
2026-09-23T08:37:23.5211378Z Package 'php-symfony-browser-kit' is not installed, so not removed
2026-09-23T08:37:23.5212062Z Package 'php-symfony-cache' is not installed, so not removed
2026-09-23T08:37:23.5212551Z Package 'php-symfony-cache-contracts' is not installed, so not removed
2026-09-23T08:37:23.5213123Z Package 'php-symfony-clickatell-notifier' is not installed, so not removed
2026-09-23T08:37:23.5213629Z Package 'php-symfony-config' is not installed, so not removed
2026-09-23T08:37:23.5214121Z Package 'php-symfony-console' is not installed, so not removed
2026-09-23T08:37:23.5214602Z Package 'php-symfony-contracts' is not installed, so not removed
2026-09-23T08:37:23.5215165Z Package 'php-symfony-crowdin-translation-provider' is not installed, so not removed
2026-09-23T08:37:23.5215765Z Package 'php-symfony-css-selector' is not installed, so not removed
2026-09-23T08:37:23.5216319Z Package 'php-symfony-debug-bundle' is not installed, so not removed
2026-09-23T08:37:23.5216849Z Package 'php-symfony-dependency-injection' is not installed, so not removed
2026-09-23T08:37:23.5217424Z Package 'php-symfony-deprecation-contracts' is not installed, so not removed
2026-09-23T08:37:23.5217983Z Package 'php-symfony-discord-notifier' is not installed, so not removed
2026-09-23T08:37:23.5218537Z Package 'php-symfony-doctrine-bridge' is not installed, so not removed
2026-09-23T08:37:23.5219078Z Package 'php-symfony-doctrine-messenger' is not installed, so not removed
2026-09-23T08:37:23.5219581Z Package 'php-symfony-dom-crawler' is not installed, so not removed
2026-09-23T08:37:23.5220135Z Package 'php-symfony-dotenv' is not installed, so not removed
2026-09-23T08:37:23.5220618Z Package 'php-symfony-error-handler' is not installed, so not removed
2026-09-23T08:37:23.5221216Z Package 'php-symfony-esendex-notifier' is not installed, so not removed
2026-09-23T08:37:23.5221751Z Package 'php-symfony-event-dispatcher' is not installed, so not removed
2026-09-23T08:37:23.5222560Z Package 'php-symfony-event-dispatcher-contracts' is not installed, so not removed
2026-09-23T08:37:23.5223163Z Package 'php-symfony-expo-notifier' is not installed, so not removed
2026-09-23T08:37:23.5223693Z Package 'php-symfony-expression-language' is not installed, so not removed
2026-09-23T08:37:23.5224244Z Package 'php-symfony-fake-chat-notifier' is not installed, so not removed
2026-09-23T08:37:23.5224839Z Package 'php-symfony-fake-sms-notifier' is not installed, so not removed
2026-09-23T08:37:23.5225326Z Package 'php-symfony-filesystem' is not installed, so not removed
2026-09-23T08:37:23.5225848Z Package 'php-symfony-finder' is not installed, so not removed
2026-09-23T08:37:23.5226350Z Package 'php-symfony-firebase-notifier' is not installed, so not removed
2026-09-23T08:37:23.5226862Z Package 'php-symfony-form' is not installed, so not removed
2026-09-23T08:37:23.5227357Z Package 'php-symfony-framework-bundle' is not installed, so not removed
2026-09-23T08:37:23.5227987Z Package 'php-symfony-free-mobile-notifier' is not installed, so not removed
2026-09-23T08:37:23.5228592Z Package 'php-symfony-gateway-api-notifier' is not installed, so not removed
2026-09-23T08:37:23.5229120Z Package 'php-symfony-gitter-notifier' is not installed, so not removed
2026-09-23T08:37:23.5229671Z Package 'php-symfony-google-chat-notifier' is not installed, so not removed
2026-09-23T08:37:23.5230203Z Package 'php-symfony-google-mailer' is not installed, so not removed
2026-09-23T08:37:23.5230710Z Package 'php-symfony-http-client' is not installed, so not removed
2026-09-23T08:37:23.5231259Z Package 'php-symfony-http-client-contracts' is not installed, so not removed
2026-09-23T08:37:23.5232376Z Package 'php-symfony-http-foundation' is not installed, so not removed
2026-09-23T08:37:23.5232898Z Package 'php-symfony-http-kernel' is not installed, so not removed
2026-09-23T08:37:23.5233455Z Package 'php-symfony-inflector' is not installed, so not removed
2026-09-23T08:37:23.5233959Z Package 'php-symfony-infobip-notifier' is not installed, so not removed
2026-09-23T08:37:23.5234492Z Package 'php-symfony-intl' is not installed, so not removed
2026-09-23T08:37:23.5234984Z Package 'php-symfony-iqsms-notifier' is not installed, so not removed
2026-09-23T08:37:23.5235454Z Package 'php-symfony-ldap' is not installed, so not removed
2026-09-23T08:37:23.5235989Z Package 'php-symfony-light-sms-notifier' is not installed, so not removed
2026-09-23T08:37:23.5236530Z Package 'php-symfony-linked-in-notifier' is not installed, so not removed
2026-09-23T08:37:23.5237129Z Package 'php-symfony-lock' is not installed, so not removed
2026-09-23T08:37:23.5237668Z Package 'php-symfony-loco-translation-provider' is not installed, so not removed
2026-09-23T08:37:23.5238262Z Package 'php-symfony-lokalise-translation-provider' is not installed, so not removed
2026-09-23T08:37:23.5238893Z Package 'php-symfony-mailchimp-mailer' is not installed, so not removed
2026-09-23T08:37:23.5239401Z Package 'php-symfony-mailer' is not installed, so not removed
2026-09-23T08:37:23.5239885Z Package 'php-symfony-mailgun-mailer' is not installed, so not removed
2026-09-23T08:37:23.5240413Z Package 'php-symfony-mailjet-mailer' is not installed, so not removed
2026-09-23T08:37:23.5240925Z Package 'php-symfony-mailjet-notifier' is not installed, so not removed
2026-09-23T08:37:23.5241519Z Package 'php-symfony-mattermost-notifier' is not installed, so not removed
2026-09-23T08:37:23.5242114Z Package 'php-symfony-mercure' is not installed, so not removed
2026-09-23T08:37:23.5242621Z Package 'php-symfony-mercure-notifier' is not installed, so not removed
2026-09-23T08:37:23.5243183Z Package 'php-symfony-message-bird-notifier' is not installed, so not removed
2026-09-23T08:37:23.5243758Z Package 'php-symfony-message-media-notifier' is not installed, so not removed
2026-09-23T08:37:23.5244408Z Package 'php-symfony-messenger' is not installed, so not removed
2026-09-23T08:37:23.5244951Z Package 'php-symfony-microsoft-teams-notifier' is not installed, so not removed
2026-09-23T08:37:23.5245530Z Package 'php-symfony-mime' is not installed, so not removed
2026-09-23T08:37:23.5246017Z Package 'php-symfony-mobyt-notifier' is not installed, so not removed
2026-09-23T08:37:23.5246536Z Package 'php-symfony-monolog-bridge' is not installed, so not removed
2026-09-23T08:37:23.5247050Z Package 'php-symfony-nexmo-notifier' is not installed, so not removed
2026-09-23T08:37:23.5247531Z Package 'php-symfony-notifier' is not installed, so not removed
2026-09-23T08:37:23.5248032Z Package 'php-symfony-octopush-notifier' is not installed, so not removed
2026-09-23T08:37:23.5248588Z Package 'php-symfony-oh-my-smtp-mailer' is not installed, so not removed
2026-09-23T08:37:23.5249130Z Package 'php-symfony-one-signal-notifier' is not installed, so not removed
2026-09-23T08:37:23.5249709Z Package 'php-symfony-options-resolver' is not installed, so not removed
2026-09-23T08:37:23.5250253Z Package 'php-symfony-ovh-cloud-notifier' is not installed, so not removed
2026-09-23T08:37:23.5250832Z Package 'php-symfony-password-hasher' is not installed, so not removed
2026-09-23T08:37:23.5251381Z Package 'php-symfony-phpunit-bridge' is not installed, so not removed
2026-09-23T08:37:23.5252137Z Package 'php-symfony-polyfill' is not installed, so not removed
2026-09-23T08:37:23.5252643Z Package 'php-symfony-polyfill-apcu' is not installed, so not removed
2026-09-23T08:37:23.5253174Z Package 'php-symfony-polyfill-ctype' is not installed, so not removed
2026-09-23T08:37:23.5253720Z Package 'php-symfony-polyfill-iconv' is not installed, so not removed
2026-09-23T08:37:23.5254342Z Package 'php-symfony-polyfill-intl-grapheme' is not installed, so not removed
2026-09-23T08:37:23.5254897Z Package 'php-symfony-polyfill-intl-icu' is not installed, so not removed
2026-09-23T08:37:23.5255426Z Package 'php-symfony-polyfill-intl-idn' is not installed, so not removed
2026-09-23T08:37:23.5256037Z Package 'php-symfony-polyfill-intl-messageformatter' is not installed, so not removed
2026-09-23T08:37:23.5256661Z Package 'php-symfony-polyfill-intl-normalizer' is not installed, so not removed
2026-09-23T08:37:23.5257247Z Package 'php-symfony-polyfill-mbstring' is not installed, so not removed
2026-09-23T08:37:23.5257761Z Package 'php-symfony-polyfill-php72' is not installed, so not removed
2026-09-23T08:37:23.5258308Z Package 'php-symfony-polyfill-php73' is not installed, so not removed
2026-09-23T08:37:23.5258837Z Package 'php-symfony-polyfill-php74' is not installed, so not removed
2026-09-23T08:37:23.5259333Z Package 'php-symfony-polyfill-php80' is not installed, so not removed
2026-09-23T08:37:23.5259870Z Package 'php-symfony-polyfill-php81' is not installed, so not removed
2026-09-23T08:37:23.5260378Z Package 'php-symfony-polyfill-util' is not installed, so not removed
2026-09-23T08:37:23.5260863Z Package 'php-symfony-polyfill-uuid' is not installed, so not removed
2026-09-23T08:37:23.5261417Z Package 'php-symfony-polyfill-xml' is not installed, so not removed
2026-09-23T08:37:23.5262086Z Package 'php-symfony-postmark-mailer' is not installed, so not removed
2026-09-23T08:37:23.5262672Z Package 'php-symfony-process' is not installed, so not removed
2026-09-23T08:37:23.5263166Z Package 'php-symfony-property-access' is not installed, so not removed
2026-09-23T08:37:23.5263676Z Package 'php-symfony-property-info' is not installed, so not removed
2026-09-23T08:37:23.5264260Z Package 'php-symfony-proxy-manager-bridge' is not installed, so not removed
2026-09-23T08:37:23.5264780Z Package 'php-symfony-rate-limiter' is not installed, so not removed
2026-09-23T08:37:23.5265303Z Package 'php-symfony-redis-messenger' is not installed, so not removed
2026-09-23T08:37:23.5265846Z Package 'php-symfony-rocket-chat-notifier' is not installed, so not removed
2026-09-23T08:37:23.5266376Z Package 'php-symfony-routing' is not installed, so not removed
2026-09-23T08:37:23.5266947Z Package 'php-symfony-runtime' is not installed, so not removed
2026-09-23T08:37:23.5267436Z Package 'php-symfony-security-acl' is not installed, so not removed
2026-09-23T08:37:23.5267942Z Package 'php-symfony-security-bundle' is not installed, so not removed
2026-09-23T08:37:23.5268472Z Package 'php-symfony-security-core' is not installed, so not removed
2026-09-23T08:37:23.5268970Z Package 'php-symfony-security-csrf' is not installed, so not removed
2026-09-23T08:37:23.5269496Z Package 'php-symfony-security-guard' is not installed, so not removed
2026-09-23T08:37:23.5270014Z Package 'php-symfony-security-http' is not installed, so not removed
2026-09-23T08:37:23.5270538Z Package 'php-symfony-semaphore' is not installed, so not removed
2026-09-23T08:37:23.5271049Z Package 'php-symfony-sendgrid-mailer' is not installed, so not removed
2026-09-23T08:37:23.5271565Z Package 'php-symfony-sendinblue-mailer' is not installed, so not removed
2026-09-23T08:37:23.5272855Z Package 'php-symfony-sendinblue-notifier' is not installed, so not removed
2026-09-23T08:37:23.5273393Z Package 'php-symfony-serializer' is not installed, so not removed
2026-09-23T08:37:23.5273955Z Package 'php-symfony-service-contracts' is not installed, so not removed
2026-09-23T08:37:23.5274520Z Package 'php-symfony-sinch-notifier' is not installed, so not removed
2026-09-23T08:37:23.5275054Z Package 'php-symfony-slack-notifier' is not installed, so not removed
2026-09-23T08:37:23.5275600Z Package 'php-symfony-sms-biuras-notifier' is not installed, so not removed
2026-09-23T08:37:23.5276119Z Package 'php-symfony-sms77-notifier' is not installed, so not removed
2026-09-23T08:37:23.5276612Z Package 'php-symfony-smsapi-notifier' is not installed, so not removed
2026-09-23T08:37:23.5277159Z Package 'php-symfony-smsc-notifier' is not installed, so not removed
2026-09-23T08:37:23.5277673Z Package 'php-symfony-spot-hit-notifier' is not installed, so not removed
2026-09-23T08:37:23.5278190Z Package 'php-symfony-stopwatch' is not installed, so not removed
2026-09-23T08:37:23.5278675Z Package 'php-symfony-string' is not installed, so not removed
2026-09-23T08:37:23.5279203Z Package 'php-symfony-telegram-notifier' is not installed, so not removed
2026-09-23T08:37:23.5279761Z Package 'php-symfony-telnyx-notifier' is not installed, so not removed
2026-09-23T08:37:23.5280260Z Package 'php-symfony-templating' is not installed, so not removed
2026-09-23T08:37:23.5280757Z Package 'php-symfony-translation' is not installed, so not removed
2026-09-23T08:37:23.5281306Z Package 'php-symfony-translation-contracts' is not installed, so not removed
2026-09-23T08:37:23.5281944Z Package 'php-symfony-turbo-sms-notifier' is not installed, so not removed
2026-09-23T08:37:23.5282504Z Package 'php-symfony-twig-bridge' is not installed, so not removed
2026-09-23T08:37:23.5282990Z Package 'php-symfony-twig-bundle' is not installed, so not removed
2026-09-23T08:37:23.5283534Z Package 'php-symfony-twilio-notifier' is not installed, so not removed
2026-09-23T08:37:23.5284041Z Package 'php-symfony-uid' is not installed, so not removed
2026-09-23T08:37:23.5284515Z Package 'php-symfony-validator' is not installed, so not removed
2026-09-23T08:37:23.5285006Z Package 'php-symfony-var-dumper' is not installed, so not removed
2026-09-23T08:37:23.5285501Z Package 'php-symfony-var-exporter' is not installed, so not removed
2026-09-23T08:37:23.5285986Z Package 'php-symfony-vonage-notifier' is not installed, so not removed
2026-09-23T08:37:23.5286514Z Package 'php-symfony-web-link' is not installed, so not removed
2026-09-23T08:37:23.5287068Z Package 'php-symfony-web-profiler-bundle' is not installed, so not removed
2026-09-23T08:37:23.5287595Z Package 'php-symfony-workflow' is not installed, so not removed
2026-09-23T08:37:23.5288062Z Package 'php-symfony-yaml' is not installed, so not removed
2026-09-23T08:37:23.5288533Z Package 'php-symfony-yunpian-notifier' is not installed, so not removed
2026-09-23T08:37:23.5289091Z Package 'php-symfony-zulip-notifier' is not installed, so not removed
2026-09-23T08:37:23.5289619Z Package 'php-tcpdf' is not installed, so not removed
2026-09-23T08:37:23.5290066Z Package 'php-text-captcha' is not installed, so not removed
2026-09-23T08:37:23.5290535Z Package 'php-text-figlet' is not installed, so not removed
2026-09-23T08:37:23.5291017Z Package 'php-text-languagedetect' is not installed, so not removed
2026-09-23T08:37:23.5291551Z Package 'php-text-password' is not installed, so not removed
2026-09-23T08:37:23.5292157Z Package 'php-text-template' is not installed, so not removed
2026-09-23T08:37:23.5292624Z Package 'php-text-wiki' is not installed, so not removed
2026-09-23T08:37:23.5293060Z Package 'php-thrift' is not installed, so not removed
2026-09-23T08:37:23.5293480Z Package 'php-tideways' is not installed, so not removed
2026-09-23T08:37:23.5294026Z Package 'php-tijsverkoyen-css-to-inline-styles' is not installed, so not removed
2026-09-23T08:37:23.5294549Z Package 'php-timer' is not installed, so not removed
2026-09-23T08:37:23.5295025Z Package 'php-token-stream' is not installed, so not removed
2026-09-23T08:37:23.5295477Z Package 'php-tokenizer' is not installed, so not removed
2026-09-23T08:37:23.5295969Z Package 'php-twig' is not installed, so not removed
2026-09-23T08:37:23.5296422Z Package 'php-twig-cache-extra' is not installed, so not removed
2026-09-23T08:37:23.5296904Z Package 'php-twig-cssinliner-extra' is not installed, so not removed
2026-09-23T08:37:23.5297368Z Package 'php-twig-doc' is not installed, so not removed
2026-09-23T08:37:23.5297844Z Package 'php-twig-extra-bundle' is not installed, so not removed
2026-09-23T08:37:23.5298329Z Package 'php-twig-html-extra' is not installed, so not removed
2026-09-23T08:37:23.5298849Z Package 'php-twig-i18n-extension' is not installed, so not removed
2026-09-23T08:37:23.5299326Z Package 'php-twig-inky-extra' is not installed, so not removed
2026-09-23T08:37:23.5299764Z Package 'php-twig-intl-extra' is not installed, so not removed
2026-09-23T08:37:23.5300268Z Package 'php-twig-markdown-extra' is not installed, so not removed
2026-09-23T08:37:23.5300759Z Package 'php-twig-string-extra' is not installed, so not removed
2026-09-23T08:37:23.5301210Z Package 'php-uopz' is not installed, so not removed
2026-09-23T08:37:23.5301659Z Package 'php-uopz-all-dev' is not installed, so not removed
2026-09-23T08:37:23.5302290Z Package 'php-uploadprogress' is not installed, so not removed
2026-09-23T08:37:23.5302854Z Package 'php-uploadprogress-all-dev' is not installed, so not removed
2026-09-23T08:37:23.5303319Z Package 'php-uuid' is not installed, so not removed
2026-09-23T08:37:23.5303749Z Package 'php-uuid-all-dev' is not installed, so not removed
2026-09-23T08:37:23.5304215Z Package 'php-validate' is not installed, so not removed
2026-09-23T08:37:23.5304659Z Package 'php-vlucas-phpdotenv' is not installed, so not removed
2026-09-23T08:37:23.5305159Z Package 'php-webmozart-assert' is not installed, so not removed
2026-09-23T08:37:23.5305606Z Package 'php-wikidiff2' is not installed, so not removed
2026-09-23T08:37:23.5306014Z Package 'php-xajax' is not installed, so not removed
2026-09-23T08:37:23.5306511Z Package 'php-xdebug' is not installed, so not removed
2026-09-23T08:37:23.5306951Z Package 'php-xdebug-all-dev' is not installed, so not removed
2026-09-23T08:37:23.5307427Z Package 'php-xml-htmlsax3' is not installed, so not removed
2026-09-23T08:37:23.5307859Z Package 'php-xml-rpc2' is not installed, so not removed
2026-09-23T08:37:23.5308259Z Package 'php-xml-svg' is not installed, so not removed
2026-09-23T08:37:23.5308713Z Package 'php-xmlrpc' is not installed, so not removed
2026-09-23T08:37:23.5309145Z Package 'php-xmlrpc-all-dev' is not installed, so not removed
2026-09-23T08:37:23.5309609Z Package 'php-yac' is not installed, so not removed
2026-09-23T08:37:23.5310083Z Package 'php-yac-all-dev' is not installed, so not removed
2026-09-23T08:37:23.5310501Z Package 'php-yaml' is not installed, so not removed
2026-09-23T08:37:23.5310953Z Package 'php-yaml-all-dev' is not installed, so not removed
2026-09-23T08:37:23.5311472Z Package 'php-zend-code' is not installed, so not removed
2026-09-23T08:37:23.5312143Z Package 'php-zend-eventmanager' is not installed, so not removed
2026-09-23T08:37:23.5312627Z Package 'php-zend-stdlib' is not installed, so not removed
2026-09-23T08:37:23.5313084Z Package 'php-zeroc-ice' is not installed, so not removed
2026-09-23T08:37:23.5313525Z Package 'php-zeta-base' is not installed, so not removed
2026-09-23T08:37:23.5314024Z Package 'php-zeta-console-tools' is not installed, so not removed
2026-09-23T08:37:23.5314500Z Package 'php-zeta-unit-test' is not installed, so not removed
2026-09-23T08:37:23.5314939Z Package 'php-zip' is not installed, so not removed
2026-09-23T08:37:23.5315349Z Package 'php-zmq' is not installed, so not removed
2026-09-23T08:37:23.5315783Z Package 'php-zmq-all-dev' is not installed, so not removed
2026-09-23T08:37:23.5316221Z Package 'php8.1-ast' is not installed, so not removed
2026-09-23T08:37:23.5316616Z Package 'php8.1-ds' is not installed, so not removed
2026-09-23T08:37:23.5317071Z Package 'php8.1-gearman' is not installed, so not removed
2026-09-23T08:37:23.5317585Z Package 'php8.1-gmagick' is not installed, so not removed
2026-09-23T08:37:23.5318073Z Package 'php8.1-gnupg' is not installed, so not removed
2026-09-23T08:37:23.5318496Z Package 'php8.1-http' is not installed, so not removed
2026-09-23T08:37:23.5318909Z Package 'php8.1-mailparse' is not installed, so not removed
2026-09-23T08:37:23.5319384Z Package 'php8.1-oauth' is not installed, so not removed
2026-09-23T08:37:23.5319798Z Package 'php8.1-ps' is not installed, so not removed
2026-09-23T08:37:23.5320206Z Package 'php8.1-psr' is not installed, so not removed
2026-09-23T08:37:23.5320649Z Package 'php8.1-raphf' is not installed, so not removed
2026-09-23T08:37:23.5321062Z Package 'php8.1-rrd' is not installed, so not removed
2026-09-23T08:37:23.5321589Z Package 'php8.1-smbclient' is not installed, so not removed
2026-09-23T08:37:23.5322105Z Package 'php8.1-solr' is not installed, so not removed
2026-09-23T08:37:23.5322537Z Package 'php8.1-ssh2' is not installed, so not removed
2026-09-23T08:37:23.5322963Z Package 'php8.1-uopz' is not installed, so not removed
2026-09-23T08:37:23.5323407Z Package 'php8.1-uploadprogress' is not installed, so not removed
2026-09-23T08:37:23.5323873Z Package 'php8.1-uuid' is not installed, so not removed
2026-09-23T08:37:23.5324290Z Package 'php8.1-xmlrpc' is not installed, so not removed
2026-09-23T08:37:23.5324702Z Package 'php8.1-yac' is not installed, so not removed
2026-09-23T08:37:23.5325165Z Package 'phpab' is not installed, so not removed
2026-09-23T08:37:23.5325575Z Package 'phpcpd' is not installed, so not removed
2026-09-23T08:37:23.5325999Z Package 'phpdox' is not installed, so not removed
2026-09-23T08:37:23.5326408Z Package 'phpldapadmin' is not installed, so not removed
2026-09-23T08:37:23.5326827Z Package 'phpliteadmin' is not installed, so not removed
2026-09-23T08:37:23.5327313Z Package 'phpliteadmin-themes' is not installed, so not removed
2026-09-23T08:37:23.5327754Z Package 'phploc' is not installed, so not removed
2026-09-23T08:37:23.5328148Z Package 'phpmd' is not installed, so not removed
2026-09-23T08:37:23.5328609Z Package 'phpmyadmin' is not installed, so not removed
2026-09-23T08:37:23.5329000Z Package 'phppgadmin' is not installed, so not removed
2026-09-23T08:37:23.5329437Z Package 'phpqrcode' is not installed, so not removed
2026-09-23T08:37:23.5329853Z Package 'phpsysinfo' is not installed, so not removed
2026-09-23T08:37:23.5330255Z Package 'phpunit' is not installed, so not removed
2026-09-23T08:37:23.5330708Z Package 'phpunit-cli-parser' is not installed, so not removed
2026-09-23T08:37:23.5331166Z Package 'phpunit-code-unit' is not installed, so not removed
2026-09-23T08:37:23.5331694Z Package 'phpunit-code-unit-reverse-lookup' is not installed, so not removed
2026-09-23T08:37:23.5332722Z Package 'phpunit-comparator' is not installed, so not removed
2026-09-23T08:37:23.5333197Z Package 'phpunit-complexity' is not installed, so not removed
2026-09-23T08:37:23.5333745Z Package 'phpunit-diff' is not installed, so not removed
2026-09-23T08:37:23.5334191Z Package 'phpunit-environment' is not installed, so not removed
2026-09-23T08:37:23.5334695Z Package 'phpunit-exporter' is not installed, so not removed
2026-09-23T08:37:23.5335125Z Package 'phpunit-git' is not installed, so not removed
2026-09-23T08:37:23.6761632Z Package 'phpunit-global-state' is not installed, so not removed
2026-09-23T08:37:23.6762768Z Package 'phpunit-lines-of-code' is not installed, so not removed
2026-09-23T08:37:23.6763608Z Package 'phpunit-object-enumerator' is not installed, so not removed
2026-09-23T08:37:23.6764397Z Package 'phpunit-object-reflector' is not installed, so not removed
2026-09-23T08:37:23.6765057Z Package 'phpunit-recursion-context' is not installed, so not removed
2026-09-23T08:37:23.6765881Z Package 'phpunit-resource-operations' is not installed, so not removed
2026-09-23T08:37:23.6766611Z Package 'phpunit-type' is not installed, so not removed
2026-09-23T08:37:23.6767318Z Package 'phpunit-version' is not installed, so not removed
2026-09-23T08:37:23.6768204Z Package 'phpwebcounter' is not installed, so not removed
2026-09-23T08:37:23.6768703Z Package 'phpwebcounter-extra' is not installed, so not removed
2026-09-23T08:37:23.6769401Z Package 'python3-phply' is not installed, so not removed
2026-09-23T08:37:23.6769966Z Package 'python3-phpserialize' is not installed, so not removed
2026-09-23T08:37:23.6770560Z Package 'simplesamlphp' is not installed, so not removed
2026-09-23T08:37:23.6771179Z Package 'slbackup-php' is not installed, so not removed
2026-09-23T08:37:23.6771904Z Package 'uphpmvault' is not installed, so not removed
2026-09-23T08:37:23.6772503Z Package 'weechat-php' is not installed, so not removed
2026-09-23T08:37:23.6773138Z Package 'zabbix-frontend-php' is not installed, so not removed
2026-09-23T08:37:23.6773778Z Package 'php-mythtv' is not installed, so not removed
2026-09-23T08:37:23.6774450Z Package 'libapache2-mod-php8.1' is not installed, so not removed
2026-09-23T08:37:23.6775140Z Package 'libapache2-mod-php7.4' is not installed, so not removed
2026-09-23T08:37:23.6775846Z Package 'libapache2-mod-php8.0' is not installed, so not removed
2026-09-23T08:37:23.6776561Z Package 'libphp-adodb' is not installed, so not removed
2026-09-23T08:37:23.6777101Z Package 'libphp8.1-embed' is not installed, so not removed
2026-09-23T08:37:23.6777695Z Package 'php-cas' is not installed, so not removed
2026-09-23T08:37:23.6778286Z Package 'php-dompdf' is not installed, so not removed
2026-09-23T08:37:23.6778912Z Package 'php-mapi' is not installed, so not removed
2026-09-23T08:37:23.6779470Z The following packages will be REMOVED:
2026-09-23T08:37:23.6780102Z   php-common php-pear php8.1 php8.1-amqp php8.1-apcu php8.1-bcmath php8.1-bz2
2026-09-23T08:37:23.6781047Z   php8.1-cgi php8.1-cli php8.1-common php8.1-curl php8.1-dba php8.1-dev
2026-09-23T08:37:23.6781981Z   php8.1-enchant php8.1-fpm php8.1-gd php8.1-gmp php8.1-igbinary
2026-09-23T08:37:23.6782805Z   php8.1-imagick php8.1-imap php8.1-interbase php8.1-intl php8.1-ldap
2026-09-23T08:37:23.6783606Z   php8.1-mbstring php8.1-memcache php8.1-memcached php8.1-mongodb
2026-09-23T08:37:23.6784349Z   php8.1-msgpack php8.1-mysql php8.1-odbc php8.1-opcache php8.1-pcov
2026-09-23T08:37:23.6784952Z   php8.1-pgsql php8.1-phpdbg php8.1-pspell php8.1-readline php8.1-redis
2026-09-23T08:37:23.6785459Z   php8.1-snmp php8.1-soap php8.1-sqlite3 php8.1-sybase php8.1-tidy
2026-09-23T08:37:23.6785979Z   php8.1-xdebug php8.1-xml php8.1-xsl php8.1-yaml php8.1-zip php8.1-zmq
2026-09-23T08:37:23.9382614Z 0 upgraded, 0 newly installed, 48 to remove and 8 not upgraded.
2026-09-23T08:37:23.9383254Z After this operation, 56.7 MB disk space will be freed.
2026-09-23T08:37:23.9568952Z (Reading database ... 
2026-09-23T08:37:23.9569624Z (Reading database ... 5%
2026-09-23T08:37:23.9570610Z (Reading database ... 10%
2026-09-23T08:37:23.9571335Z (Reading database ... 15%
2026-09-23T08:37:23.9571990Z (Reading database ... 20%
2026-09-23T08:37:23.9572517Z (Reading database ... 25%
2026-09-23T08:37:23.9573427Z (Reading database ... 30%
2026-09-23T08:37:23.9573900Z (Reading database ... 35%
2026-09-23T08:37:23.9574447Z (Reading database ... 40%
2026-09-23T08:37:23.9574928Z (Reading database ... 45%
2026-09-23T08:37:23.9575413Z (Reading database ... 50%
2026-09-23T08:37:23.9590753Z (Reading database ... 55%
2026-09-23T08:37:23.9617184Z (Reading database ... 60%
2026-09-23T08:37:23.9639335Z (Reading database ... 65%
2026-09-23T08:37:23.9657805Z (Reading database ... 70%
2026-09-23T08:37:23.9764878Z (Reading database ... 75%
2026-09-23T08:37:23.9936754Z (Reading database ... 80%
2026-09-23T08:37:24.0098114Z (Reading database ... 85%
2026-09-23T08:37:24.0312427Z (Reading database ... 90%
2026-09-23T08:37:24.0409547Z (Reading database ... 95%
2026-09-23T08:37:24.0410260Z (Reading database ... 100%
2026-09-23T08:37:24.0411097Z (Reading database ... 253085 files and directories currently installed.)
2026-09-23T08:37:24.0458584Z Removing php8.1-zip (8.1.2-1ubuntu2.25) ...
2026-09-23T08:37:24.2693675Z Removing php8.1-sybase (8.1.2-1ubuntu2.25) ...
2026-09-23T08:37:24.3874865Z Removing php-pear (1:1.10.12+submodules+notgz+20210212-1ubuntu3) ...
2026-09-23T08:37:24.9327358Z Removing php8.1 (8.1.2-1ubuntu2.25) ...
2026-09-23T08:37:24.9575902Z Removing php8.1-amqp (1.11.0-4) ...
2026-09-23T08:37:25.1115732Z Removing php8.1-apcu (5.1.21+4.0.11-7ubuntu1) ...
2026-09-23T08:37:25.4332280Z Removing php8.1-bcmath (8.1.2-1ubuntu2.25) ...
2026-09-23T08:37:25.5609365Z Removing php8.1-bz2 (8.1.2-1ubuntu2.25) ...
2026-09-23T08:37:25.6669587Z Removing php8.1-zmq (1.1.3-23) ...
2026-09-23T08:37:25.8052345Z Removing php8.1-yaml (2.2.2+2.1.0+2.0.4+1.3.2-5) ...
2026-09-23T08:37:25.9334479Z Removing php8.1-cgi (8.1.2-1ubuntu2.25) ...
2026-09-23T08:37:27.6681959Z apache2_invoke php8.1-cgi prerm: No action required
2026-09-23T08:37:27.6963521Z Removing php8.1-dev (8.1.2-1ubuntu2.25) ...
2026-09-23T08:37:27.7811748Z Removing php8.1-xdebug (3.1.2+2.9.8+2.8.1+2.5.5-4) ...
2026-09-23T08:37:27.8810017Z Removing php8.1-phpdbg (8.1.2-1ubuntu2.25) ...
2026-09-23T08:37:29.1490421Z Removing php8.1-redis (5.3.5+4.3.0-5.1) ...
2026-09-23T08:37:29.5728961Z Removing php8.1-xsl (8.1.2-1ubuntu2.25) ...
2026-09-23T08:37:29.5899833Z Removing php8.1-soap (8.1.2-1ubuntu2.25) ...
2026-09-23T08:37:29.6865129Z Removing php8.1-curl (8.1.2-1ubuntu2.25) ...
2026-09-23T08:37:29.7840248Z Removing php8.1-dba (8.1.2-1ubuntu2.25) ...
2026-09-23T08:37:29.8606213Z Removing php8.1-enchant (8.1.2-1ubuntu2.25) ...
2026-09-23T08:37:29.9348918Z Removing php8.1-pcov (1.0.11-4) ...
2026-09-23T08:37:30.0109531Z Removing php8.1-fpm (8.1.2-1ubuntu2.25) ...
2026-09-23T08:37:31.2112911Z apache2_invoke php8.1-fpm prerm: No action required
2026-09-23T08:37:31.5165440Z Removing php8.1-gd (8.1.2-1ubuntu2.25) ...
2026-09-23T08:37:31.5777514Z Removing php8.1-gmp (8.1.2-1ubuntu2.25) ...
2026-09-23T08:37:31.6320452Z Removing php8.1-memcached (3.1.5+2.2.0-14.1) ...
2026-09-23T08:37:31.7433724Z Removing php8.1-igbinary (3.2.6+2.0.8-7ubuntu1) ...
2026-09-23T08:37:31.8460643Z Removing php8.1-imagick (3.6.0-4ubuntu1) ...
2026-09-23T08:37:31.9257935Z Removing php8.1-imap (8.1.2-1ubuntu2.25) ...
2026-09-23T08:37:31.9799104Z Removing php8.1-interbase (8.1.2-1ubuntu2.25) ...
2026-09-23T08:37:32.0404715Z Removing php8.1-intl (8.1.2-1ubuntu2.25) ...
2026-09-23T08:37:32.0934114Z Removing php8.1-ldap (8.1.2-1ubuntu2.25) ...
2026-09-23T08:37:32.1667643Z Removing php8.1-mbstring (8.1.2-1ubuntu2.25) ...
2026-09-23T08:37:32.2232488Z Removing php8.1-memcache (8.0+4.0.5.2+3.0.9~20170802.e702b5f9+-7) ...
2026-09-23T08:37:32.2782028Z Removing php8.1-mongodb (1.12.0+1.9.2+1.7.5-4) ...
2026-09-23T08:37:32.3337304Z Removing php8.1-msgpack (2.2.0~rc1+2.1.2+0.5.7-6) ...
2026-09-23T08:37:32.5593017Z Removing php8.1-mysql (8.1.2-1ubuntu2.25) ...
2026-09-23T08:37:32.6673367Z Removing php8.1-odbc (8.1.2-1ubuntu2.25) ...
2026-09-23T08:37:32.7492087Z Removing php8.1-pgsql (8.1.2-1ubuntu2.25) ...
2026-09-23T08:37:32.8260214Z Removing php8.1-pspell (8.1.2-1ubuntu2.25) ...
2026-09-23T08:37:32.9037629Z Removing php8.1-snmp (8.1.2-1ubuntu2.25) ...
2026-09-23T08:37:32.9549985Z Removing php8.1-sqlite3 (8.1.2-1ubuntu2.25) ...
2026-09-23T08:37:33.0330717Z Removing php8.1-tidy (8.1.2-1ubuntu2.25) ...
2026-09-23T08:37:33.1095338Z Removing php8.1-xml (8.1.2-1ubuntu2.25) ...
2026-09-23T08:37:33.3065863Z Removing php8.1-cli (8.1.2-1ubuntu2.25) ...
2026-09-23T08:37:33.7580541Z Removing php8.1-opcache (8.1.2-1ubuntu2.25) ...
2026-09-23T08:37:33.7974301Z Removing php8.1-readline (8.1.2-1ubuntu2.25) ...
2026-09-23T08:37:33.8650819Z Removing php8.1-common (8.1.2-1ubuntu2.25) ...
2026-09-23T08:37:34.0333225Z Removing php-common (2:92ubuntu1) ...
2026-09-23T08:37:34.1016953Z Warning: Stopping phpsessionclean.service, but it can still be activated by:
2026-09-23T08:37:34.1017620Z   phpsessionclean.timer
2026-09-23T08:37:34.6434280Z Processing triggers for man-db (2.10.2-1) ...
2026-09-23T08:37:34.6452593Z Not building database; man-db/auto-update is not 'true'.
2026-09-23T08:37:35.9293029Z Reading package lists...
2026-09-23T08:37:36.1266261Z Building dependency tree...
2026-09-23T08:37:36.1275594Z Reading state information...
2026-09-23T08:37:36.3926334Z Package 'mongodb-dev' is not installed, so not removed
2026-09-23T08:37:36.3927090Z Package 'mongodb-server' is not installed, so not removed
2026-09-23T08:37:36.3928002Z 0 upgraded, 0 newly installed, 0 to remove and 8 not upgraded.
2026-09-23T08:37:36.4406348Z Reading package lists...
2026-09-23T08:37:36.6374020Z Building dependency tree...
2026-09-23T08:37:36.6382121Z Reading state information...
2026-09-23T08:37:36.8948659Z Package 'mysql-client-5.7' is not installed, so not removed
2026-09-23T08:37:36.8949866Z Package 'mysql-client-core-5.7' is not installed, so not removed
2026-09-23T08:37:36.8951095Z Package 'mysql-server-5.5' is not installed, so not removed
2026-09-23T08:37:36.8952226Z Package 'mysql-server-5.7' is not installed, so not removed
2026-09-23T08:37:36.8953220Z Package 'mysql-server-core-5.7' is not installed, so not removed
2026-09-23T08:37:36.8954186Z Package 'mysql-client-core-5.5' is not installed, so not removed
2026-09-23T08:37:36.8955124Z Package 'mysql-client-core-5.6' is not installed, so not removed
2026-09-23T08:37:36.8956056Z Package 'mysql-client-5.5' is not installed, so not removed
2026-09-23T08:37:36.8956843Z Package 'mysql-client-5.6' is not installed, so not removed
2026-09-23T08:37:36.8957680Z Package 'mysql-server-core-5.5' is not installed, so not removed
2026-09-23T08:37:36.8958648Z Package 'mysql-server-core-5.6' is not installed, so not removed
2026-09-23T08:37:36.8959597Z Package 'mysql-server-5.6' is not installed, so not removed
2026-09-23T08:37:36.8960531Z Package 'mysql-testsuite-5.5' is not installed, so not removed
2026-09-23T08:37:36.8961413Z Package 'mysql-testsuite-5.6' is not installed, so not removed
2026-09-23T08:37:36.8962462Z Package 'mysql-testsuite-5.7' is not installed, so not removed
2026-09-23T08:37:36.8963362Z Package 'mysql-sandbox' is not installed, so not removed
2026-09-23T08:37:36.8964161Z Package 'mysql-router' is not installed, so not removed
2026-09-23T08:37:36.8964858Z Package 'mysql-source-8.0' is not installed, so not removed
2026-09-23T08:37:36.8965563Z Package 'mysql-testsuite' is not installed, so not removed
2026-09-23T08:37:36.8966343Z Package 'mysql-testsuite-8.0' is not installed, so not removed
2026-09-23T08:37:36.8967089Z The following packages will be REMOVED:
2026-09-23T08:37:36.8967786Z   libmysqlclient-dev libmysqlclient21 mysql-client mysql-client-8.0
2026-09-23T08:37:36.8968668Z   mysql-client-core-8.0 mysql-common mysql-server mysql-server-8.0
2026-09-23T08:37:36.8969401Z   mysql-server-core-8.0 sphinxsearch
2026-09-23T08:37:37.1544080Z 0 upgraded, 0 newly installed, 10 to remove and 8 not upgraded.
2026-09-23T08:37:37.1544728Z After this operation, 210 MB disk space will be freed.
2026-09-23T08:37:37.1728949Z (Reading database ... 
2026-09-23T08:37:37.1729390Z (Reading database ... 5%
2026-09-23T08:37:37.1730135Z (Reading database ... 10%
2026-09-23T08:37:37.1730554Z (Reading database ... 15%
2026-09-23T08:37:37.1731183Z (Reading database ... 20%
2026-09-23T08:37:37.1731554Z (Reading database ... 25%
2026-09-23T08:37:37.1732237Z (Reading database ... 30%
2026-09-23T08:37:37.1732579Z (Reading database ... 35%
2026-09-23T08:37:37.1732900Z (Reading database ... 40%
2026-09-23T08:37:37.1733224Z (Reading database ... 45%
2026-09-23T08:37:37.1733515Z (Reading database ... 50%
2026-09-23T08:37:37.1747007Z (Reading database ... 55%
2026-09-23T08:37:37.1772530Z (Reading database ... 60%
2026-09-23T08:37:37.1796004Z (Reading database ... 65%
2026-09-23T08:37:37.1813323Z (Reading database ... 70%
2026-09-23T08:37:37.1912564Z (Reading database ... 75%
2026-09-23T08:37:37.2090631Z (Reading database ... 80%
2026-09-23T08:37:37.2253666Z (Reading database ... 85%
2026-09-23T08:37:37.2457705Z (Reading database ... 90%
2026-09-23T08:37:37.2562856Z (Reading database ... 95%
2026-09-23T08:37:37.2563663Z (Reading database ... 100%
2026-09-23T08:37:37.2564406Z (Reading database ... 252098 files and directories currently installed.)
2026-09-23T08:37:37.2618844Z Removing libmysqlclient-dev (8.0.46-0ubuntu0.22.04.4) ...
2026-09-23T08:37:37.2977739Z Removing sphinxsearch (2.2.11-8) ...
2026-09-23T08:37:37.3563654Z Removing libmysqlclient21:amd64 (8.0.46-0ubuntu0.22.04.4) ...
2026-09-23T08:37:37.3805449Z Removing mysql-client (8.0.46-0ubuntu0.22.04.4) ...
2026-09-23T08:37:37.3948973Z Removing mysql-server (8.0.46-0ubuntu0.22.04.4) ...
2026-09-23T08:37:37.4086949Z Removing mysql-server-8.0 (8.0.46-0ubuntu0.22.04.4) ...
2026-09-23T08:37:38.2795975Z update-alternatives: using /etc/mysql/my.cnf.fallback to provide /etc/mysql/my.cnf (my.cnf) in auto mode
2026-09-23T08:37:38.5172185Z Removing mysql-client-8.0 (8.0.46-0ubuntu0.22.04.4) ...
2026-09-23T08:37:38.5392019Z Removing mysql-client-core-8.0 (8.0.46-0ubuntu0.22.04.4) ...
2026-09-23T08:37:38.5597056Z Removing mysql-common (5.8+1.0.8) ...
2026-09-23T08:37:38.6215407Z Removing mysql-server-core-8.0 (8.0.46-0ubuntu0.22.04.4) ...
2026-09-23T08:37:38.7827654Z Processing triggers for man-db (2.10.2-1) ...
2026-09-23T08:37:38.7849266Z Not building database; man-db/auto-update is not 'true'.
2026-09-23T08:37:38.7865621Z Processing triggers for libc-bin (2.35-0ubuntu3.14) ...
2026-09-23T08:37:40.0627648Z Reading package lists...
2026-09-23T08:37:40.2529589Z Building dependency tree...
2026-09-23T08:37:40.2541215Z Reading state information...
2026-09-23T08:37:40.4550202Z The following packages will be REMOVED:
2026-09-23T08:37:40.4551297Z   azure-cli firefox google-chrome-stable libgl1 libgl1-mesa-dri libglx-mesa0
2026-09-23T08:37:40.4556184Z   libglx0 mono-complete mono-devel mono-roslyn mono-xsp4 mono-xsp4-base
2026-09-23T08:37:40.4557924Z   monodoc-http monodoc-manual powershell xvfb
2026-09-23T08:37:40.7085318Z 0 upgraded, 0 newly installed, 16 to remove and 7 not upgraded.
2026-09-23T08:37:40.7086198Z After this operation, 1755 MB disk space will be freed.
2026-09-23T08:37:40.7253500Z (Reading database ... 
2026-09-23T08:37:40.7254155Z (Reading database ... 5%
2026-09-23T08:37:40.7254733Z (Reading database ... 10%
2026-09-23T08:37:40.7255346Z (Reading database ... 15%
2026-09-23T08:37:40.7255936Z (Reading database ... 20%
2026-09-23T08:37:40.7256462Z (Reading database ... 25%
2026-09-23T08:37:40.7256955Z (Reading database ... 30%
2026-09-23T08:37:40.7257412Z (Reading database ... 35%
2026-09-23T08:37:40.7257885Z (Reading database ... 40%
2026-09-23T08:37:40.7258214Z (Reading database ... 45%
2026-09-23T08:37:40.7258524Z (Reading database ... 50%
2026-09-23T08:37:40.7271106Z (Reading database ... 55%
2026-09-23T08:37:40.7293745Z (Reading database ... 60%
2026-09-23T08:37:40.7315226Z (Reading database ... 65%
2026-09-23T08:37:40.7330509Z (Reading database ... 70%
2026-09-23T08:37:40.7423628Z (Reading database ... 75%
2026-09-23T08:37:40.7597091Z (Reading database ... 80%
2026-09-23T08:37:40.7628508Z (Reading database ... 85%
2026-09-23T08:37:40.7964457Z (Reading database ... 90%
2026-09-23T08:37:40.8068614Z (Reading database ... 95%
2026-09-23T08:37:40.8069203Z (Reading database ... 100%
2026-09-23T08:37:40.8070227Z (Reading database ... 251831 files and directories currently installed.)
2026-09-23T08:37:40.8120341Z Removing azure-cli (2.90.0-1~jammy) ...
2026-09-23T08:37:45.4878852Z Removing firefox (155.0+build1-0ubuntu0.22.04.1~mt1) ...
2026-09-23T08:37:45.6867532Z Removing google-chrome-stable (152.0.7977.82-1) ...
2026-09-23T08:37:45.9986705Z Removing xvfb (2:21.1.4-2ubuntu1.7~22.04.16) ...
2026-09-23T08:37:46.0189149Z Removing libgl1:amd64 (1.4.0-1) ...
2026-09-23T08:37:46.0390786Z Removing libglx0:amd64 (1.4.0-1) ...
2026-09-23T08:37:46.0852874Z Removing libglx-mesa0:amd64 (23.2.1-1ubuntu3.1~22.04.4) ...
2026-09-23T08:37:46.1159209Z Removing libgl1-mesa-dri:amd64 (23.2.1-1ubuntu3.1~22.04.4) ...
2026-09-23T08:37:46.1545438Z Removing mono-complete (6.12.0.200-0xamarin2+ubuntu2004b1) ...
2026-09-23T08:37:46.1968263Z Removing powershell (7.6.5-1.deb) ...
2026-09-23T08:37:46.4157665Z Removing monodoc-http (4.2-3.1) ...
2026-09-23T08:37:46.6414833Z Restarting mono-xsp4 (via systemctl): mono-xsp4.service.
2026-09-23T08:37:46.6638257Z Removing monodoc-manual (6.12.0.200-0xamarin2+ubuntu2004b1) ...
2026-09-23T08:37:46.6852694Z Removing mono-xsp4 (4.7.1-0xamarin3+ubuntu2004b1) ...
2026-09-23T08:37:46.7500853Z Removing mono-xsp4-base (4.7.1-0xamarin3+ubuntu2004b1) ...
2026-09-23T08:37:46.8006222Z Removing mono-roslyn (6.12.0.200-0xamarin2+ubuntu2004b1) ...
2026-09-23T08:37:46.8925782Z Removing mono-devel (6.12.0.200-0xamarin2+ubuntu2004b1) ...
2026-09-23T08:37:47.1592182Z Processing triggers for libc-bin (2.35-0ubuntu3.14) ...
2026-09-23T08:37:47.1760343Z Processing triggers for man-db (2.10.2-1) ...
2026-09-23T08:37:47.1779999Z Not building database; man-db/auto-update is not 'true'.
2026-09-23T08:37:47.1794340Z Processing triggers for mailcap (3.70+nmu1ubuntu1.22.04.1) ...
2026-09-23T08:37:47.3788366Z Processing triggers for hicolor-icon-theme (0.17-2) ...
2026-09-23T08:37:48.8332296Z Reading package lists...
2026-09-23T08:37:49.0179855Z Building dependency tree...
2026-09-23T08:37:49.0187934Z Reading state information...
2026-09-23T08:37:49.2139475Z Package 'google-cloud-sdk' is not installed, so not removed
2026-09-23T08:37:49.2140441Z 0 upgraded, 0 newly installed, 0 to remove and 7 not upgraded.
2026-09-23T08:37:49.2627726Z Reading package lists...
2026-09-23T08:37:49.4528285Z Building dependency tree...
2026-09-23T08:37:49.4536473Z Reading state information...
2026-09-23T08:37:49.6374498Z The following packages will be REMOVED:
2026-09-23T08:37:49.6380100Z   google-cloud-cli
2026-09-23T08:37:49.8985053Z 0 upgraded, 0 newly installed, 1 to remove and 7 not upgraded.
2026-09-23T08:37:49.8986004Z After this operation, 423 MB disk space will be freed.
2026-09-23T08:37:49.9161012Z (Reading database ... 
2026-09-23T08:37:49.9161687Z (Reading database ... 5%
2026-09-23T08:37:49.9162679Z (Reading database ... 10%
2026-09-23T08:37:49.9163186Z (Reading database ... 15%
2026-09-23T08:37:49.9163609Z (Reading database ... 20%
2026-09-23T08:37:49.9163967Z (Reading database ... 25%
2026-09-23T08:37:49.9164358Z (Reading database ... 30%
2026-09-23T08:37:49.9164730Z (Reading database ... 35%
2026-09-23T08:37:49.9165044Z (Reading database ... 40%
2026-09-23T08:37:49.9165364Z (Reading database ... 45%
2026-09-23T08:37:49.9165650Z (Reading database ... 50%
2026-09-23T08:37:49.9178871Z (Reading database ... 55%
2026-09-23T08:37:49.9203542Z (Reading database ... 60%
2026-09-23T08:37:49.9227311Z (Reading database ... 65%
2026-09-23T08:37:49.9243482Z (Reading database ... 70%
2026-09-23T08:37:49.9346880Z (Reading database ... 75%
2026-09-23T08:37:49.9413414Z (Reading database ... 80%
2026-09-23T08:37:49.9440925Z (Reading database ... 85%
2026-09-23T08:37:49.9766048Z (Reading database ... 90%
2026-09-23T08:37:49.9854962Z (Reading database ... 95%
2026-09-23T08:37:49.9855473Z (Reading database ... 100%
2026-09-23T08:37:49.9856090Z (Reading database ... 218174 files and directories currently installed.)
2026-09-23T08:37:49.9898469Z Removing google-cloud-cli (583.0.0-0) ...
2026-09-23T08:38:02.5177052Z Processing triggers for libc-bin (2.35-0ubuntu3.14) ...
2026-09-23T08:38:03.7796198Z Reading package lists...
2026-09-23T08:38:03.9682954Z Building dependency tree...
2026-09-23T08:38:03.9692481Z Reading state information...
2026-09-23T08:38:04.1633966Z The following packages will be REMOVED:
2026-09-23T08:38:04.1634853Z   apport-symptoms bc dictionaries-common emacsen-common firebird3.0-common
2026-09-23T08:38:04.1635830Z   firebird3.0-common-doc freetds-common hunspell-en-us landscape-common
2026-09-23T08:38:04.1636586Z   lib32gcc-s1 lib32stdc++6 libaspell15 libc-client2007e libcanberra0
2026-09-23T08:38:04.1637183Z   libcgi-fast-perl libcgi-pm-perl libclang-common-13-dev
2026-09-23T08:38:04.1637744Z   libclang-common-14-dev libclang-common-15-dev libclang1-13 libclang1-14
2026-09-23T08:38:04.1638298Z   libclang1-15 libclone-perl libdbusmenu-glib4 libdbusmenu-gtk3-4
2026-09-23T08:38:04.1638884Z   libdrm-amdgpu1 libdrm-intel1 libdrm-nouveau2 libdrm-radeon1 libenchant-2-2
2026-09-23T08:38:04.1639500Z   libencode-locale-perl libevent-pthreads-2.1-7 libfbclient2 libfcgi-bin
2026-09-23T08:38:04.1640032Z   libfcgi-perl libfcgi0ldbl libfontenc1 libgc1 libglapi-mesa libglvnd0
2026-09-23T08:38:04.1640859Z   libhtml-parser-perl libhtml-tagset-perl libhtml-template-perl
2026-09-23T08:38:04.1641401Z   libhttp-date-perl libhttp-message-perl libhunspell-1.7-0 libintl-perl
2026-09-23T08:38:04.1642274Z   libintl-xs-perl libio-html-perl libisns0 libjs-xmlextras liblldb-13
2026-09-23T08:38:04.1642947Z   liblldb-14 liblldb-15 liblwp-mediatypes-perl libmecab2 libmemcached11
2026-09-23T08:38:04.1643771Z   libmodule-find-perl libmodule-scandeps-perl libmono-2.0-1 libmono-2.0-dev
2026-09-23T08:38:04.1644480Z   libmono-cairo4.0-cil libmono-cecil-private-cil libmono-cil-dev
2026-09-23T08:38:04.1645019Z   libmono-codecontracts4.0-cil libmono-compilerservices-symbolwriter4.0-cil
2026-09-23T08:38:04.1645580Z   libmono-cscompmgd0.0-cil libmono-csharp4.0c-cil
2026-09-23T08:38:04.1646081Z   libmono-custommarshalers4.0-cil libmono-data-tds4.0-cil libmono-db2-1.0-cil
2026-09-23T08:38:04.1646736Z   libmono-debugger-soft4.0a-cil libmono-http4.0-cil libmono-management4.0-cil
2026-09-23T08:38:04.1647311Z   libmono-messaging-rabbitmq4.0-cil libmono-microsoft-build-engine4.0-cil
2026-09-23T08:38:04.1647890Z   libmono-microsoft-build-tasks-v4.0-4.0-cil libmono-microsoft-build4.0-cil
2026-09-23T08:38:04.1648402Z   libmono-microsoft-visualc10.0-cil
2026-09-23T08:38:04.1648992Z   libmono-microsoft-web-infrastructure1.0-cil libmono-oracle4.0-cil
2026-09-23T08:38:04.1649517Z   libmono-parallel4.0-cil libmono-peapi4.0a-cil libmono-profiler
2026-09-23T08:38:04.1650061Z   libmono-rabbitmq4.0-cil libmono-relaxng4.0-cil libmono-sharpzip4.84-cil
2026-09-23T08:38:04.1650587Z   libmono-simd4.0-cil libmono-smdiagnostics0.0-cil
2026-09-23T08:38:04.1651042Z   libmono-system-data-datasetextensions4.0-cil
2026-09-23T08:38:04.1651523Z   libmono-system-data-entity4.0-cil libmono-system-data-linq4.0-cil
2026-09-23T08:38:04.1652289Z   libmono-system-data-services4.0-cil libmono-system-deployment4.0-cil
2026-09-23T08:38:04.1653106Z   libmono-system-drawing-design4.0-cil libmono-system-dynamic4.0-cil
2026-09-23T08:38:04.1653617Z   libmono-system-io-compression-filesystem4.0-cil
2026-09-23T08:38:04.1654117Z   libmono-system-json-microsoft4.0-cil libmono-system-json4.0-cil
2026-09-23T08:38:04.1654656Z   libmono-system-ldap-protocols4.0-cil libmono-system-management4.0-cil
2026-09-23T08:38:04.1655200Z   libmono-system-net-http-formatting4.0-cil
2026-09-23T08:38:04.1655692Z   libmono-system-net-http-webrequest4.0-cil libmono-system-net4.0-cil
2026-09-23T08:38:04.1656252Z   libmono-system-numerics-vectors4.0-cil libmono-system-reactive-core2.2-cil
2026-09-23T08:38:04.1656769Z   libmono-system-reactive-debugger2.2-cil
2026-09-23T08:38:04.1657173Z   libmono-system-reactive-experimental2.2-cil
2026-09-23T08:38:04.1657563Z   libmono-system-reactive-interfaces2.2-cil
2026-09-23T08:38:04.1657987Z   libmono-system-reactive-linq2.2-cil
2026-09-23T08:38:04.1658388Z   libmono-system-reactive-observable-aliases0.0-cil
2026-09-23T08:38:04.1659351Z   libmono-system-reactive-platformservices2.2-cil
2026-09-23T08:38:04.1659772Z   libmono-system-reactive-providers2.2-cil
2026-09-23T08:38:04.1660166Z   libmono-system-reactive-runtime-remoting2.2-cil
2026-09-23T08:38:04.1660650Z   libmono-system-reactive-windows-forms2.2-cil
2026-09-23T08:38:04.1661075Z   libmono-system-reactive-windows-threading2.2-cil
2026-09-23T08:38:04.1661540Z   libmono-system-reflection-context4.0-cil
2026-09-23T08:38:04.1662247Z   libmono-system-runtime-caching4.0-cil
2026-09-23T08:38:04.1662654Z   libmono-system-runtime-durableinstancing4.0-cil
2026-09-23T08:38:04.1663197Z   libmono-system-runtime4.0-cil libmono-system-servicemodel-discovery4.0-cil
2026-09-23T08:38:04.1663740Z   libmono-system-servicemodel-routing4.0-cil
2026-09-23T08:38:04.1664257Z   libmono-system-servicemodel-web4.0-cil libmono-system-serviceprocess4.0-cil
2026-09-23T08:38:04.1664792Z   libmono-system-threading-tasks-dataflow4.0-cil
2026-09-23T08:38:04.1665334Z   libmono-system-web-abstractions4.0-cil libmono-system-web-dynamicdata4.0-cil
2026-09-23T08:38:04.1665955Z   libmono-system-web-extensions-design4.0-cil
2026-09-23T08:38:04.1666450Z   libmono-system-web-extensions4.0-cil libmono-system-web-http-selfhost4.0-cil
2026-09-23T08:38:04.1667025Z   libmono-system-web-http-webhost4.0-cil libmono-system-web-http4.0-cil
2026-09-23T08:38:04.1667581Z   libmono-system-web-mobile4.0-cil libmono-system-web-mvc3.0-cil
2026-09-23T08:38:04.1668177Z   libmono-system-web-razor2.0-cil libmono-system-web-regularexpressions4.0-cil
2026-09-23T08:38:04.1668677Z   libmono-system-web-routing4.0-cil
2026-09-23T08:38:04.1669067Z   libmono-system-web-webpages-deployment2.0-cil
2026-09-23T08:38:04.1669559Z   libmono-system-web-webpages-razor2.0-cil libmono-system-web-webpages2.0-cil
2026-09-23T08:38:04.1670145Z   libmono-system-windows-forms-datavisualization4.0a-cil
2026-09-23T08:38:04.1670675Z   libmono-system-windows4.0-cil libmono-system-workflow-activities4.0-cil
2026-09-23T08:38:04.1671183Z   libmono-system-workflow-componentmodel4.0-cil
2026-09-23T08:38:04.1671603Z   libmono-system-workflow-runtime4.0-cil
2026-09-23T08:38:04.1672155Z   libmono-system-xml-serialization4.0-cil libmono-tasklets4.0-cil
2026-09-23T08:38:04.1672750Z   libmono-webmatrix-data4.0-cil libmono-xbuild-tasks4.0-cil libmonoboehm-2.0-1
2026-09-23T08:38:04.1673310Z   libmonosgen-2.0-1 libmonosgen-2.0-dev libmspack0 libnorm1 libobjc-11-dev
2026-09-23T08:38:04.1673849Z   libobjc4 libogg0 libopeniscsiusr libpciaccess0 libpfm4 libpgm-5.3-0
2026-09-23T08:38:04.1674417Z   libproc-processtable-perl libprotobuf-lite23 libqdbm14 librabbitmq4 libre2-9
2026-09-23T08:38:04.1674989Z   libsnappy1v5 libsort-naturally-perl libsybdb5 libtdb1 libterm-readkey-perl
2026-09-23T08:38:04.1675562Z   libtidy5deb1 libtimedate-perl libtinfo-dev libtommath1 liburi-perl
2026-09-23T08:38:04.1676137Z   libvorbis0a libvorbisfile3 libx11-xcb1 libxaw7 libxcb-dri2-0 libxcb-dri3-0
2026-09-23T08:38:04.1676703Z   libxcb-glx0 libxcb-present0 libxcb-sync1 libxcb-xfixes0 libxfont2 libxmlsec1
2026-09-23T08:38:04.1677280Z   libxmlsec1-openssl libxmu6 libxshmfence1 libxxf86vm1 libz3-4 libz3-dev
2026-09-23T08:38:04.1677840Z   libzip4 libzmq5 lxd-agent-loader mecab-ipadic mecab-ipadic-utf8 mecab-utils
2026-09-23T08:38:04.1678405Z   mlock mono-4.0-service mono-csharp-shell mono-mcs mono-utils mono-xbuild
2026-09-23T08:38:04.1678939Z   monodoc-base msbuild msbuild-libhostfxr msbuild-sdkresolver needrestart
2026-09-23T08:38:04.1679461Z   open-iscsi open-vm-tools python3-apport python3-automat python3-bcrypt
2026-09-23T08:38:04.1680057Z   python3-click python3-colorama python3-constantly python3-hamcrest
2026-09-23T08:38:04.1681167Z   python3-hyperlink python3-incremental python3-lldb-14 python3-problem-report
2026-09-23T08:38:04.1681729Z   python3-pyasn1 python3-pyasn1-modules python3-service-identity
2026-09-23T08:38:04.1682278Z   python3-systemd python3-twisted python3-zope.interface
2026-09-23T08:38:04.1682767Z   referenceassemblies-pcl shtool sound-theme-freedesktop x11-xkb-utils
2026-09-23T08:38:04.1683338Z   xserver-common xul-ext-ubufox zerofree
2026-09-23T08:38:04.4360146Z 0 upgraded, 0 newly installed, 237 to remove and 7 not upgraded.
2026-09-23T08:38:04.4360882Z After this operation, 649 MB disk space will be freed.
2026-09-23T08:38:04.4531553Z (Reading database ... 
2026-09-23T08:38:04.4532496Z (Reading database ... 5%
2026-09-23T08:38:04.4533003Z (Reading database ... 10%
2026-09-23T08:38:04.4533385Z (Reading database ... 15%
2026-09-23T08:38:04.4533754Z (Reading database ... 20%
2026-09-23T08:38:04.4534232Z (Reading database ... 25%
2026-09-23T08:38:04.4534599Z (Reading database ... 30%
2026-09-23T08:38:04.4534969Z (Reading database ... 35%
2026-09-23T08:38:04.4535307Z (Reading database ... 40%
2026-09-23T08:38:04.4535623Z (Reading database ... 45%
2026-09-23T08:38:04.4535978Z (Reading database ... 50%
2026-09-23T08:38:04.4547886Z (Reading database ... 55%
2026-09-23T08:38:04.4571675Z (Reading database ... 60%
2026-09-23T08:38:04.4594136Z (Reading database ... 65%
2026-09-23T08:38:04.4610539Z (Reading database ... 70%
2026-09-23T08:38:04.4712172Z (Reading database ... 75%
2026-09-23T08:38:04.4778148Z (Reading database ... 80%
2026-09-23T08:38:04.4805115Z (Reading database ... 85%
2026-09-23T08:38:04.4986319Z (Reading database ... 90%
2026-09-23T08:38:04.5068802Z (Reading database ... 95%
2026-09-23T08:38:04.5069466Z (Reading database ... 100%
2026-09-23T08:38:04.5070106Z (Reading database ... 180971 files and directories currently installed.)
2026-09-23T08:38:04.5104076Z Removing apport-symptoms (0.24) ...
2026-09-23T08:38:04.5254343Z Removing landscape-common (23.02-0ubuntu1~22.04.7) ...
2026-09-23T08:38:04.6569445Z Removing bc (1.07.1-3build1) ...
2026-09-23T08:38:04.7005899Z Removing libenchant-2-2:amd64 (2.3.2-1ubuntu2) ...
2026-09-23T08:38:04.7193135Z Removing hunspell-en-us (1:2020.12.07-2) ...
2026-09-23T08:38:04.8442908Z Removing dictionaries-common (1.28.14) ...
2026-09-23T08:38:04.9782686Z Removing 'diversion of /usr/share/dict/words to /usr/share/dict/words.pre-dictionaries-common by dictionaries-common'
2026-09-23T08:38:04.9968161Z Removing emacsen-common (3.0.4) ...
2026-09-23T08:38:05.0354243Z Removing libfbclient2:amd64 (3.0.8.33535.ds4-1ubuntu2) ...
2026-09-23T08:38:05.0493288Z Removing firebird3.0-common (3.0.8.33535.ds4-1ubuntu2) ...
2026-09-23T08:38:05.0694521Z Removing firebird3.0-common-doc (3.0.8.33535.ds4-1ubuntu2) ...
2026-09-23T08:38:05.0980314Z Removing libsybdb5:amd64 (1.3.6-1) ...
2026-09-23T08:38:05.1111573Z Removing freetds-common (1.3.6-1) ...
2026-09-23T08:38:05.1358941Z Removing libclang-common-14-dev (1:14.0.0-1ubuntu1.1) ...
2026-09-23T08:38:05.1656781Z Removing libclang-common-13-dev (1:13.0.1-2ubuntu2.2) ...
2026-09-23T08:38:05.1922348Z Removing libclang-common-15-dev (1:15.0.7-0ubuntu0.22.04.3) ...
2026-09-23T08:38:05.2324001Z Removing lib32stdc++6 (12.3.0-1ubuntu1~22.04.3) ...
2026-09-23T08:38:05.2455343Z Removing libaspell15:amd64 (0.60.8-4build1) ...
2026-09-23T08:38:05.2766048Z Removing libc-client2007e (8:2007f~dfsg-7build1) ...
2026-09-23T08:38:05.2896332Z Removing libcanberra0:amd64 (0.30-10ubuntu1.22.04.1) ...
2026-09-23T08:38:05.3168717Z Removing libcgi-fast-perl (1:2.15-1) ...
2026-09-23T08:38:05.3307790Z Removing libhtml-template-perl (2.97-1.1) ...
2026-09-23T08:38:05.3536375Z Removing libcgi-pm-perl (4.54-1) ...
2026-09-23T08:38:05.3758909Z Removing libclang1-13 (1:13.0.1-2ubuntu2.2) ...
2026-09-23T08:38:05.4700782Z Removing libclang1-14 (1:14.0.0-1ubuntu1.1) ...
2026-09-23T08:38:05.5634170Z Removing libclang1-15 (1:15.0.7-0ubuntu0.22.04.3) ...
2026-09-23T08:38:05.6113816Z Removing libclone-perl (0.45-1build3) ...
2026-09-23T08:38:05.6571689Z Removing libdbusmenu-gtk3-4:amd64 (16.04.1+18.10.20180917-0ubuntu8) ...
2026-09-23T08:38:05.6699070Z Removing libdbusmenu-glib4:amd64 (16.04.1+18.10.20180917-0ubuntu8) ...
2026-09-23T08:38:05.6889298Z Removing libdrm-amdgpu1:amd64 (2.4.113-2~ubuntu0.22.04.1) ...
2026-09-23T08:38:05.7155006Z Removing libdrm-intel1:amd64 (2.4.113-2~ubuntu0.22.04.1) ...
2026-09-23T08:38:05.7324225Z Removing libdrm-nouveau2:amd64 (2.4.113-2~ubuntu0.22.04.1) ...
2026-09-23T08:38:05.7452480Z Removing libdrm-radeon1:amd64 (2.4.113-2~ubuntu0.22.04.1) ...
2026-09-23T08:38:05.7577409Z Removing libhttp-message-perl (6.36-1) ...
2026-09-23T08:38:05.7720416Z Removing libencode-locale-perl (1.05-1.1) ...
2026-09-23T08:38:05.7917182Z Removing libevent-pthreads-2.1-7:amd64 (2.1.12-stable-1ubuntu0.1) ...
2026-09-23T08:38:05.8458523Z Removing libfcgi-bin (2.4.2-2ubuntu0.1) ...
2026-09-23T08:38:05.8582673Z Removing libfcgi-perl:amd64 (0.82+ds-1build1) ...
2026-09-23T08:38:05.8858552Z Removing libfcgi0ldbl:amd64 (2.4.2-2ubuntu0.1) ...
2026-09-23T08:38:05.8983254Z Removing libxfont2:amd64 (1:2.0.5-1ubuntu0.2) ...
2026-09-23T08:38:05.9149557Z Removing libfontenc1:amd64 (1:1.1.4-1build3) ...
2026-09-23T08:38:05.9279007Z Removing libobjc-11-dev:amd64 (11.4.0-1ubuntu1~22.04.3) ...
2026-09-23T08:38:05.9417072Z Removing libobjc4:amd64 (12.3.0-1ubuntu1~22.04.3) ...
2026-09-23T08:38:05.9960179Z Removing libgc1:amd64 (1:8.0.6-1.1build1) ...
2026-09-23T08:38:06.0137688Z Removing libglapi-mesa:amd64 (23.2.1-1ubuntu3.1~22.04.4) ...
2026-09-23T08:38:06.0322344Z Removing libglvnd0:amd64 (1.4.0-1) ...
2026-09-23T08:38:06.0454786Z Removing libhtml-parser-perl:amd64 (3.76-1ubuntu0.1) ...
2026-09-23T08:38:06.0609685Z Removing libhtml-tagset-perl (3.20-4) ...
2026-09-23T08:38:06.0737387Z Removing libhttp-date-perl (6.05-1ubuntu0.1) ...
2026-09-23T08:38:06.0918747Z Removing libhunspell-1.7-0:amd64 (1.7.0-4build1) ...
2026-09-23T08:38:06.1116362Z Removing libintl-xs-perl (1.26-3build2) ...
2026-09-23T08:38:06.1302282Z Removing needrestart (3.5-5ubuntu2.5) ...
2026-09-23T08:38:06.1662879Z Removing libintl-perl (1.26-3build2) ...
2026-09-23T08:38:06.1970398Z Removing libio-html-perl (1.004-2) ...
2026-09-23T08:38:06.2096900Z Removing open-iscsi (2.1.5-1ubuntu1.1) ...
2026-09-23T08:38:06.7732969Z Warning: Stopping iscsid.service, but it can still be activated by:
2026-09-23T08:38:06.7733736Z   iscsid.socket
2026-09-23T08:38:07.8833356Z Removing libisns0:amd64 (0.101-0ubuntu2) ...
2026-09-23T08:38:07.9046630Z Removing libjs-xmlextras (20060529-2) ...
2026-09-23T08:38:07.9231697Z Removing liblldb-13 (1:13.0.1-2ubuntu2.2) ...
2026-09-23T08:38:07.9484108Z Removing python3-lldb-14 (1:14.0.0-1ubuntu1.1) ...
2026-09-23T08:38:07.9682318Z Removing liblldb-14 (1:14.0.0-1ubuntu1.1) ...
2026-09-23T08:38:07.9848510Z Removing liblldb-15 (1:15.0.7-0ubuntu0.22.04.3) ...
2026-09-23T08:38:07.9988464Z Removing liblwp-mediatypes-perl (6.04-1) ...
2026-09-23T08:38:08.0162230Z Removing mecab-ipadic-utf8 (2.7.0-20070801+main-3) ...
2026-09-23T08:38:08.0210281Z update-alternatives: using /var/lib/mecab/dic/ipadic to provide /var/lib/mecab/dic/debian (mecab-dictionary) in auto mode
2026-09-23T08:38:08.0404509Z Removing mecab-ipadic (2.7.0-20070801+main-3) ...
2026-09-23T08:38:08.0653378Z Removing mecab-utils (0.996-14build9) ...
2026-09-23T08:38:08.0930728Z Removing libmecab2:amd64 (0.996-14build9) ...
2026-09-23T08:38:08.1061009Z Removing libmemcached11:amd64 (1.0.18-4.2ubuntu4) ...
2026-09-23T08:38:08.1201755Z Removing libmodule-find-perl (0.15-1) ...
2026-09-23T08:38:08.1336850Z Removing libmodule-scandeps-perl (1.31-1ubuntu0.1) ...
2026-09-23T08:38:08.1466279Z Removing libmono-2.0-1 (6.12.0.200-0xamarin2+ubuntu2004b1) ...
2026-09-23T08:38:08.2205608Z Removing libmono-2.0-dev (6.12.0.200-0xamarin2+ubuntu2004b1) ...
2026-09-23T08:38:08.2427115Z Removing libmono-cil-dev (6.12.0.200-0xamarin2+ubuntu2004b1) ...
2026-09-23T08:38:08.2609124Z Removing libmono-cairo4.0-cil (6.12.0.200-0xamarin2+ubuntu2004b1) ...
2026-09-23T08:38:08.2739349Z Removing libmono-codecontracts4.0-cil (6.12.0.200-0xamarin2+ubuntu2004b1) ...
2026-09-23T08:38:08.2947389Z Removing monodoc-base (6.12.0.200-0xamarin2+ubuntu2004b1) ...
2026-09-23T08:38:08.3269844Z Removing libmono-compilerservices-symbolwriter4.0-cil (6.12.0.200-0xamarin2+ubuntu2004b1) ...
2026-09-23T08:38:08.3402551Z Removing libmono-cscompmgd0.0-cil (6.12.0.200-0xamarin2+ubuntu2004b1) ...
2026-09-23T08:38:08.3544481Z Removing mono-csharp-shell (6.12.0.200-0xamarin2+ubuntu2004b1) ...
2026-09-23T08:38:08.3674573Z Removing libmono-csharp4.0c-cil (6.12.0.200-0xamarin2+ubuntu2004b1) ...
2026-09-23T08:38:08.3873794Z Removing libmono-custommarshalers4.0-cil (6.12.0.200-0xamarin2+ubuntu2004b1) ...
2026-09-23T08:38:08.4005895Z Removing libmono-data-tds4.0-cil (6.12.0.200-0xamarin2+ubuntu2004b1) ...
2026-09-23T08:38:08.4136652Z Removing libmono-db2-1.0-cil (6.12.0.200-0xamarin2+ubuntu2004b1) ...
2026-09-23T08:38:08.4357005Z Removing libmono-debugger-soft4.0a-cil (6.12.0.200-0xamarin2+ubuntu2004b1) ...
2026-09-23T08:38:08.4766610Z Removing libmono-http4.0-cil (6.12.0.200-0xamarin2+ubuntu2004b1) ...
2026-09-23T08:38:08.4930715Z Removing libmono-management4.0-cil (6.12.0.200-0xamarin2+ubuntu2004b1) ...
2026-09-23T08:38:08.5145449Z Removing libmono-messaging-rabbitmq4.0-cil (6.12.0.200-0xamarin2+ubuntu2004b1) ...
2026-09-23T08:38:08.5404185Z Removing referenceassemblies-pcl (2014.04.14-1xamarin7+ubuntu2004b1) ...
2026-09-23T08:38:08.7019340Z Removing mono-xbuild (6.12.0.200-0xamarin2+ubuntu2004b1) ...
2026-09-23T08:38:08.7947545Z Removing libmono-microsoft-build-tasks-v4.0-4.0-cil (6.12.0.200-0xamarin2+ubuntu2004b1) ...
2026-09-23T08:38:08.8145137Z Removing libmono-microsoft-build-engine4.0-cil (6.12.0.200-0xamarin2+ubuntu2004b1) ...
2026-09-23T08:38:08.8335248Z Removing libmono-microsoft-build4.0-cil (6.12.0.200-0xamarin2+ubuntu2004b1) ...
2026-09-23T08:38:08.8472867Z Removing libmono-microsoft-visualc10.0-cil (6.12.0.200-0xamarin2+ubuntu2004b1) ...
2026-09-23T08:38:08.8693510Z Removing libmono-system-web-http-webhost4.0-cil (6.12.0.200-0xamarin2+ubuntu2004b1) ...
2026-09-23T08:38:08.9128018Z Removing libmono-system-web-mvc3.0-cil (6.12.0.200-0xamarin2+ubuntu2004b1) ...
2026-09-23T08:38:08.9342870Z Removing msbuild (1:16.10.1+xamarinxplat.2021.05.26.14.00-0xamarin2+ubuntu2004b1) ...
2026-09-23T08:38:09.0590154Z Removing libmono-oracle4.0-cil (6.12.0.200-0xamarin2+ubuntu2004b1) ...
2026-09-23T08:38:09.1034413Z Removing libmono-parallel4.0-cil (6.12.0.200-0xamarin2+ubuntu2004b1) ...
2026-09-23T08:38:09.1236384Z Removing libmono-peapi4.0a-cil (6.12.0.200-0xamarin2+ubuntu2004b1) ...
2026-09-23T08:38:09.1410314Z Removing libmono-profiler (6.12.0.200-0xamarin2+ubuntu2004b1) ...
2026-09-23T08:38:09.1684424Z Removing libmono-rabbitmq4.0-cil (6.12.0.200-0xamarin2+ubuntu2004b1) ...
2026-09-23T08:38:09.1851966Z Removing libmono-relaxng4.0-cil (6.12.0.200-0xamarin2+ubuntu2004b1) ...
2026-09-23T08:38:09.2064081Z Removing libmono-sharpzip4.84-cil (6.12.0.200-0xamarin2+ubuntu2004b1) ...
2026-09-23T08:38:09.2290461Z Removing libmono-simd4.0-cil (6.12.0.200-0xamarin2+ubuntu2004b1) ...
2026-09-23T08:38:09.2418772Z Removing libmono-smdiagnostics0.0-cil (6.12.0.200-0xamarin2+ubuntu2004b1) ...
2026-09-23T08:38:09.2549052Z Removing libmono-system-data-datasetextensions4.0-cil (6.12.0.200-0xamarin2+ubuntu2004b1) ...
2026-09-23T08:38:09.2750949Z Removing libmono-system-data-entity4.0-cil (6.12.0.200-0xamarin2+ubuntu2004b1) ...
2026-09-23T08:38:09.2961454Z Removing libmono-system-web-dynamicdata4.0-cil (6.12.0.200-0xamarin2+ubuntu2004b1) ...
2026-09-23T08:38:09.3174836Z Removing libmono-system-web-http-selfhost4.0-cil (6.12.0.200-0xamarin2+ubuntu2004b1) ...
2026-09-23T08:38:09.3304579Z Removing libmono-system-web-http4.0-cil (6.12.0.200-0xamarin2+ubuntu2004b1) ...
2026-09-23T08:38:09.3507566Z Removing libmono-system-data-services4.0-cil (6.12.0.200-0xamarin2+ubuntu2004b1) ...
2026-09-23T08:38:09.3896505Z Removing libmono-system-deployment4.0-cil (6.12.0.200-0xamarin2+ubuntu2004b1) ...
2026-09-23T08:38:09.4060729Z Removing libmono-system-drawing-design4.0-cil (6.12.0.200-0xamarin2+ubuntu2004b1) ...
2026-09-23T08:38:09.4285067Z Removing libmono-system-dynamic4.0-cil (6.12.0.200-0xamarin2+ubuntu2004b1) ...
2026-09-23T08:38:09.4529037Z Removing libmono-system-io-compression-filesystem4.0-cil (6.12.0.200-0xamarin2+ubuntu2004b1) ...
2026-09-23T08:38:09.4661059Z Removing libmono-system-json-microsoft4.0-cil (6.12.0.200-0xamarin2+ubuntu2004b1) ...
2026-09-23T08:38:09.4870435Z Removing libmono-system-json4.0-cil (6.12.0.200-0xamarin2+ubuntu2004b1) ...
2026-09-23T08:38:09.5268636Z Removing libmono-system-ldap-protocols4.0-cil (6.12.0.200-0xamarin2+ubuntu2004b1) ...
2026-09-23T08:38:09.5462015Z Removing libmono-system-management4.0-cil (6.12.0.200-0xamarin2+ubuntu2004b1) ...
2026-09-23T08:38:09.5667625Z Removing libmono-system-net-http-formatting4.0-cil (6.12.0.200-0xamarin2+ubuntu2004b1) ...
2026-09-23T08:38:09.5830545Z Removing libmono-system-net-http-webrequest4.0-cil (6.12.0.200-0xamarin2+ubuntu2004b1) ...
2026-09-23T08:38:09.5995535Z Removing libmono-system-net4.0-cil (6.12.0.200-0xamarin2+ubuntu2004b1) ...
2026-09-23T08:38:09.6207577Z Removing libmono-system-numerics-vectors4.0-cil (6.12.0.200-0xamarin2+ubuntu2004b1) ...
2026-09-23T08:38:09.6339560Z Removing libmono-system-reactive-experimental2.2-cil (6.12.0.200-0xamarin2+ubuntu2004b1) ...
2026-09-23T08:38:09.6553880Z Removing libmono-system-reactive-windows-threading2.2-cil (6.12.0.200-0xamarin2+ubuntu2004b1) ...
2026-09-23T08:38:09.6777342Z Removing libmono-system-reactive-debugger2.2-cil (6.12.0.200-0xamarin2+ubuntu2004b1) ...
2026-09-23T08:38:09.7148686Z Removing libmono-system-reactive-windows-forms2.2-cil (6.12.0.200-0xamarin2+ubuntu2004b1) ...
2026-09-23T08:38:09.7297764Z Removing libmono-system-reactive-observable-aliases0.0-cil (6.12.0.200-0xamarin2+ubuntu2004b1) ...
2026-09-23T08:38:09.7432683Z Removing libmono-system-reactive-providers2.2-cil (6.12.0.200-0xamarin2+ubuntu2004b1) ...
2026-09-23T08:38:09.7656853Z Removing libmono-system-reactive-platformservices2.2-cil (6.12.0.200-0xamarin2+ubuntu2004b1) ...
2026-09-23T08:38:09.7825899Z Removing libmono-system-reactive-linq2.2-cil (6.12.0.200-0xamarin2+ubuntu2004b1) ...
2026-09-23T08:38:09.8006486Z Removing libmono-system-reactive-runtime-remoting2.2-cil (6.12.0.200-0xamarin2+ubuntu2004b1) ...
2026-09-23T08:38:09.8420266Z Removing libmono-system-reflection-context4.0-cil (6.12.0.200-0xamarin2+ubuntu2004b1) ...
2026-09-23T08:38:09.8559542Z Removing libmono-system-runtime-caching4.0-cil (6.12.0.200-0xamarin2+ubuntu2004b1) ...
2026-09-23T08:38:09.8694311Z Removing libmono-system-runtime-durableinstancing4.0-cil (6.12.0.200-0xamarin2+ubuntu2004b1) ...
2026-09-23T08:38:09.8907539Z Removing libmono-system-runtime4.0-cil (6.12.0.200-0xamarin2+ubuntu2004b1) ...
2026-09-23T08:38:09.9046591Z Removing libmono-system-servicemodel-discovery4.0-cil (6.12.0.200-0xamarin2+ubuntu2004b1) ...
2026-09-23T08:38:09.9181887Z Removing libmono-system-servicemodel-routing4.0-cil (6.12.0.200-0xamarin2+ubuntu2004b1) ...
2026-09-23T08:38:09.9448184Z Removing libmono-system-servicemodel-web4.0-cil (6.12.0.200-0xamarin2+ubuntu2004b1) ...
2026-09-23T08:38:09.9658405Z Removing mono-4.0-service (6.12.0.200-0xamarin2+ubuntu2004b1) ...
2026-09-23T08:38:09.9789628Z Removing libmono-system-serviceprocess4.0-cil (6.12.0.200-0xamarin2+ubuntu2004b1) ...
2026-09-23T08:38:09.9918339Z Removing libmono-system-threading-tasks-dataflow4.0-cil (6.12.0.200-0xamarin2+ubuntu2004b1) ...
2026-09-23T08:38:10.0060388Z Removing libmono-system-web-abstractions4.0-cil (6.12.0.200-0xamarin2+ubuntu2004b1) ...
2026-09-23T08:38:10.0197678Z Removing libmono-system-web-extensions-design4.0-cil (6.12.0.200-0xamarin2+ubuntu2004b1) ...
2026-09-23T08:38:10.0333320Z Removing libmono-system-web-extensions4.0-cil (6.12.0.200-0xamarin2+ubuntu2004b1) ...
2026-09-23T08:38:10.0529435Z Removing libmono-system-web-mobile4.0-cil (6.12.0.200-0xamarin2+ubuntu2004b1) ...
2026-09-23T08:38:10.0860316Z Removing libmono-system-web-webpages-razor2.0-cil (6.12.0.200-0xamarin2+ubuntu2004b1) ...
2026-09-23T08:38:10.1167641Z Removing libmono-system-web-regularexpressions4.0-cil (6.12.0.200-0xamarin2+ubuntu2004b1) ...
2026-09-23T08:38:10.1303741Z Removing libmono-system-web-routing4.0-cil (6.12.0.200-0xamarin2+ubuntu2004b1) ...
2026-09-23T08:38:10.1448741Z Removing libmono-system-windows-forms-datavisualization4.0a-cil (6.12.0.200-0xamarin2+ubuntu2004b1) ...
2026-09-23T08:38:10.1617092Z Removing libmono-system-windows4.0-cil (6.12.0.200-0xamarin2+ubuntu2004b1) ...
2026-09-23T08:38:10.1753141Z Removing libmono-system-workflow-activities4.0-cil (6.12.0.200-0xamarin2+ubuntu2004b1) ...
2026-09-23T08:38:10.1887973Z Removing libmono-system-workflow-componentmodel4.0-cil (6.12.0.200-0xamarin2+ubuntu2004b1) ...
2026-09-23T08:38:10.2020706Z Removing libmono-system-workflow-runtime4.0-cil (6.12.0.200-0xamarin2+ubuntu2004b1) ...
2026-09-23T08:38:10.2255711Z Removing libmono-system-xml-serialization4.0-cil (6.12.0.200-0xamarin2+ubuntu2004b1) ...
2026-09-23T08:38:10.2396449Z Removing libmono-tasklets4.0-cil (6.12.0.200-0xamarin2+ubuntu2004b1) ...
2026-09-23T08:38:10.2534549Z Removing libmono-webmatrix-data4.0-cil (6.12.0.200-0xamarin2+ubuntu2004b1) ...
2026-09-23T08:38:10.2663606Z Removing libmono-xbuild-tasks4.0-cil (6.12.0.200-0xamarin2+ubuntu2004b1) ...
2026-09-23T08:38:10.2832532Z Removing mono-utils (6.12.0.200-0xamarin2+ubuntu2004b1) ...
2026-09-23T08:38:10.3056071Z Removing libmonoboehm-2.0-1 (6.12.0.200-0xamarin2+ubuntu2004b1) ...
2026-09-23T08:38:10.3192401Z Removing libmonosgen-2.0-dev (6.12.0.200-0xamarin2+ubuntu2004b1) ...
2026-09-23T08:38:10.3319626Z Removing libmonosgen-2.0-1 (6.12.0.200-0xamarin2+ubuntu2004b1) ...
2026-09-23T08:38:10.3487071Z Removing open-vm-tools (2:12.3.5-3~ubuntu0.22.04.3) ...
2026-09-23T08:38:11.0998839Z Removing libmspack0:amd64 (0.10.1-2build2) ...
2026-09-23T08:38:11.1141413Z Removing libzmq5:amd64 (4.3.4-2) ...
2026-09-23T08:38:11.1551909Z Removing libnorm1:amd64 (1.5.9+dfsg-2) ...
2026-09-23T08:38:11.1724211Z Removing libvorbisfile3:amd64 (1.3.7-1build2) ...
2026-09-23T08:38:11.1886272Z Removing libvorbis0a:amd64 (1.3.7-1build2) ...
2026-09-23T08:38:11.2014384Z Removing libogg0:amd64 (1.3.5-0ubuntu3) ...
2026-09-23T08:38:11.2275570Z Removing libopeniscsiusr (2.1.5-1ubuntu1.1) ...
2026-09-23T08:38:11.2538234Z Removing libpciaccess0:amd64 (0.16-3) ...
2026-09-23T08:38:11.2674480Z Removing libpfm4:amd64 (4.11.1+git32-gd0b85fb-1ubuntu0.1) ...
2026-09-23T08:38:11.2809546Z Removing libpgm-5.3-0:amd64 (5.3.128~dfsg-2) ...
2026-09-23T08:38:11.3202568Z Removing libproc-processtable-perl:amd64 (0.634-1build1) ...
2026-09-23T08:38:11.3348100Z Removing libprotobuf-lite23:amd64 (3.12.4-1ubuntu7.22.04.6) ...
2026-09-23T08:38:11.3517406Z Removing libqdbm14 (1.8.78-11build3) ...
2026-09-23T08:38:11.3648815Z Removing librabbitmq4:amd64 (0.10.0-1ubuntu2.2) ...
2026-09-23T08:38:11.3781704Z Removing libre2-9:amd64 (20220201+dfsg-1) ...
2026-09-23T08:38:11.5409820Z Removing libsnappy1v5:amd64 (1.1.8-1build3) ...
2026-09-23T08:38:11.6204540Z Removing libsort-naturally-perl (1.03-2) ...
2026-09-23T08:38:11.6341533Z Removing libtdb1:amd64 (1.4.5-2build1) ...
2026-09-23T08:38:11.6569018Z Removing libterm-readkey-perl (2.38-1build4) ...
2026-09-23T08:38:11.6716778Z Removing libtidy5deb1:amd64 (2:5.6.0-11ubuntu0.22.04.1) ...
2026-09-23T08:38:11.7038217Z Removing libtimedate-perl (2.3300-2) ...
2026-09-23T08:38:11.7257744Z Removing libtinfo-dev:amd64 (6.3-2ubuntu0.3) ...
2026-09-23T08:38:11.7393505Z Removing libtommath1:amd64 (1.2.0-6ubuntu0.22.04.1) ...
2026-09-23T08:38:11.7567936Z Removing liburi-perl (5.10-1) ...
2026-09-23T08:38:11.7744606Z Removing libx11-xcb1:amd64 (2:1.7.5-1ubuntu0.3) ...
2026-09-23T08:38:11.7913656Z Removing xserver-common (2:21.1.4-2ubuntu1.7~22.04.16) ...
2026-09-23T08:38:11.8053172Z Removing x11-xkb-utils (7.7+5build4) ...
2026-09-23T08:38:11.8185269Z Removing libxaw7:amd64 (2:1.0.14-1) ...
2026-09-23T08:38:11.8328010Z Removing libxcb-dri2-0:amd64 (1.14-3ubuntu3) ...
2026-09-23T08:38:11.8498592Z Removing libxcb-dri3-0:amd64 (1.14-3ubuntu3) ...
2026-09-23T08:38:11.8704305Z Removing libxcb-glx0:amd64 (1.14-3ubuntu3) ...
2026-09-23T08:38:11.8871481Z Removing libxcb-present0:amd64 (1.14-3ubuntu3) ...
2026-09-23T08:38:11.8999866Z Removing libxcb-sync1:amd64 (1.14-3ubuntu3) ...
2026-09-23T08:38:11.9125654Z Removing libxcb-xfixes0:amd64 (1.14-3ubuntu3) ...
2026-09-23T08:38:11.9259476Z Removing libxmlsec1-openssl:amd64 (1.2.33-1build2) ...
2026-09-23T08:38:11.9392324Z Removing libxmlsec1:amd64 (1.2.33-1build2) ...
2026-09-23T08:38:11.9564755Z Removing libxmu6:amd64 (2:1.1.3-3) ...
2026-09-23T08:38:11.9708544Z Removing libxshmfence1:amd64 (1.3-1build4) ...
2026-09-23T08:38:11.9841426Z Removing libxxf86vm1:amd64 (1:1.1.4-1build3) ...
2026-09-23T08:38:11.9971744Z Removing libz3-dev:amd64 (4.8.12-1) ...
2026-09-23T08:38:12.0115480Z Removing libz3-4:amd64 (4.8.12-1) ...
2026-09-23T08:38:12.0241539Z Removing libzip4:amd64 (1.7.3-1ubuntu2) ...
2026-09-23T08:38:12.0369744Z Removing lxd-agent-loader (0.5) ...
2026-09-23T08:38:12.4045663Z Removing mlock (8:2007f~dfsg-7build1) ...
2026-09-23T08:38:12.4182632Z Removing mono-mcs (6.12.0.200-0xamarin2+ubuntu2004b1) ...
2026-09-23T08:38:12.4471477Z Removing python3-apport (2.20.11-0ubuntu82.10) ...
2026-09-23T08:38:12.5300288Z Removing python3-twisted (22.1.0-2ubuntu2.7) ...
2026-09-23T08:38:12.9001381Z Removing python3-automat (20.2.0-1) ...
2026-09-23T08:38:12.9746901Z Removing python3-bcrypt (3.2.0-1build1) ...
2026-09-23T08:38:13.0435237Z Removing python3-click (8.0.3-1) ...
2026-09-23T08:38:13.1230195Z Removing python3-colorama (0.4.4-1) ...
2026-09-23T08:38:13.1974183Z Removing python3-constantly (15.1.0-2) ...
2026-09-23T08:38:13.2671934Z Removing python3-hamcrest (2.0.2-2) ...
2026-09-23T08:38:13.3513979Z Removing python3-hyperlink (21.0.0-3) ...
2026-09-23T08:38:13.4225628Z Removing python3-incremental (21.3.0-1) ...
2026-09-23T08:38:13.4957250Z Removing python3-problem-report (2.20.11-0ubuntu82.10) ...
2026-09-23T08:38:13.5747584Z Removing python3-service-identity (18.1.0-6) ...
2026-09-23T08:38:13.6466355Z Removing python3-pyasn1-modules (0.2.1-1) ...
2026-09-23T08:38:13.7168369Z Removing python3-pyasn1 (0.4.8-1ubuntu0.3) ...
2026-09-23T08:38:13.7933156Z Removing python3-systemd (234-3ubuntu2) ...
2026-09-23T08:38:13.8713053Z Removing python3-zope.interface (5.4.0-1build1) ...
2026-09-23T08:38:13.9460997Z Removing shtool (2.0.8-10) ...
2026-09-23T08:38:13.9603378Z Removing sound-theme-freedesktop (0.8-2ubuntu1) ...
2026-09-23T08:38:13.9743386Z Removing xul-ext-ubufox (3.4-0ubuntu1.17.10.1) ...
2026-09-23T08:38:14.0062499Z Removing zerofree (1.1.1-1build3) ...
2026-09-23T08:38:14.0189820Z Removing lib32gcc-s1 (12.3.0-1ubuntu1~22.04.3) ...
2026-09-23T08:38:14.0593914Z Removing libmono-cecil-private-cil (6.12.0.200-0xamarin2+ubuntu2004b1) ...
2026-09-23T08:38:14.0739120Z Removing libmono-system-web-webpages2.0-cil (6.12.0.200-0xamarin2+ubuntu2004b1) ...
2026-09-23T08:38:14.0881021Z Removing libmono-system-data-linq4.0-cil (6.12.0.200-0xamarin2+ubuntu2004b1) ...
2026-09-23T08:38:14.1020964Z Removing libmono-system-reactive-core2.2-cil (6.12.0.200-0xamarin2+ubuntu2004b1) ...
2026-09-23T08:38:14.1147832Z Removing libmono-system-reactive-interfaces2.2-cil (6.12.0.200-0xamarin2+ubuntu2004b1) ...
2026-09-23T08:38:14.1275105Z Removing libmono-system-web-razor2.0-cil (6.12.0.200-0xamarin2+ubuntu2004b1) ...
2026-09-23T08:38:14.1402628Z Removing libmono-system-web-webpages-deployment2.0-cil (6.12.0.200-0xamarin2+ubuntu2004b1) ...
2026-09-23T08:38:14.1547103Z Removing libmono-microsoft-web-infrastructure1.0-cil (6.12.0.200-0xamarin2+ubuntu2004b1) ...
2026-09-23T08:38:14.1982063Z Removing msbuild-libhostfxr (3.0.0.2019.04.16.02.13-0xamarin4+ubuntu2004b1) ...
2026-09-23T08:38:14.2110260Z Removing msbuild-sdkresolver (1:16.10.1+xamarinxplat.2021.05.26.14.00-0xamarin2+ubuntu2004b1) ...
2026-09-23T08:38:14.2635133Z Processing triggers for libc-bin (2.35-0ubuntu3.14) ...
2026-09-23T08:38:14.2754639Z Processing triggers for man-db (2.10.2-1) ...
2026-09-23T08:38:14.2770582Z Not building database; man-db/auto-update is not 'true'.
2026-09-23T08:38:14.2791022Z Processing triggers for postgresql-common (293.pgdg22.04+1) ...
2026-09-23T08:38:14.4264971Z Building PostgreSQL dictionaries from installed myspell/hunspell packages...
2026-09-23T08:38:14.4265760Z Removing obsolete dictionary files:
2026-09-23T08:38:14.4268293Z   /var/cache/postgresql/dicts/en_us.affix
2026-09-23T08:38:14.4269173Z   /var/cache/postgresql/dicts/en_us.dict
2026-09-23T08:38:14.4317146Z   /usr/share/postgresql/14/tsearch_data/en_us.affix
2026-09-23T08:38:14.4317895Z   /usr/share/postgresql/14/tsearch_data/en_us.dict
2026-09-23T08:38:14.4607456Z Processing triggers for install-info (6.8-4build1) ...
2026-09-23T08:38:15.3254062Z Processing triggers for initramfs-tools (0.140ubuntu13.5) ...
2026-09-23T08:38:15.3765105Z update-initramfs: Generating /boot/initrd.img-6.8.0-1064-azure
2026-09-23T08:38:25.4510687Z 
2026-09-23T08:38:25.4516498Z ********************************************************************************
2026-09-23T08:38:25.4532685Z => Large misc. packages: Saved 4.6GiB
2026-09-23T08:38:25.4537803Z ********************************************************************************
2026-09-23T08:38:25.4538347Z 
2026-09-23T08:38:25.4734975Z Total reclaimed space: 0B
2026-09-23T08:38:25.4776038Z 
2026-09-23T08:38:25.4781363Z ********************************************************************************
2026-09-23T08:38:25.4797056Z => Docker images: Saved 0B
2026-09-23T08:38:25.4802355Z ********************************************************************************
2026-09-23T08:38:25.4802768Z 
2026-09-23T08:38:25.5059025Z                total        used        free      shared  buff/cache   available
2026-09-23T08:38:25.5060090Z Mem:            15Gi       698Mi        11Gi        44Mi       3.7Gi        14Gi
2026-09-23T08:38:25.5060697Z Swap:             0B          0B          0B
2026-09-23T08:38:25.5086816Z 
2026-09-23T08:38:25.5091485Z ********************************************************************************
2026-09-23T08:38:25.5104296Z numfmt: invalid option -- '8'
2026-09-23T08:38:25.5104834Z Try 'numfmt --help' for more information.
2026-09-23T08:38:25.5106778Z => Swap storage: Saved 
2026-09-23T08:38:25.5113004Z ********************************************************************************
2026-09-23T08:38:25.5113340Z 
2026-09-23T08:38:25.5163846Z 
2026-09-23T08:38:25.5169518Z ================================================================================
2026-09-23T08:38:25.5170233Z AFTER CLEAN-UP:
2026-09-23T08:38:25.5170542Z 
2026-09-23T08:38:25.5170703Z $ dh -h /
2026-09-23T08:38:25.5170996Z 
2026-09-23T08:38:25.5178555Z Filesystem      Size  Used Avail Use% Mounted on
2026-09-23T08:38:25.5179059Z /dev/root       146G   35G  111G  24% /
2026-09-23T08:38:25.5179706Z $ dh -a /
2026-09-23T08:38:25.5179926Z 
2026-09-23T08:38:25.5188618Z Filesystem     1K-blocks     Used Available Use% Mounted on
2026-09-23T08:38:25.5189161Z /dev/root      152243760 35886596 116340780  24% /
2026-09-23T08:38:25.5190605Z $ dh -a
2026-09-23T08:38:25.5190826Z 
2026-09-23T08:38:25.5200085Z Filesystem     1K-blocks     Used Available Use% Mounted on
2026-09-23T08:38:25.5200640Z /dev/root      152243760 35886596 116340780  24% /
2026-09-23T08:38:25.5201057Z devtmpfs         8174392        0   8174392   0% /dev
2026-09-23T08:38:25.5201512Z proc                   0        0         0    - /proc
2026-09-23T08:38:25.5202260Z sysfs                  0        0         0    - /sys
2026-09-23T08:38:25.5202753Z securityfs             0        0         0    - /sys/kernel/security
2026-09-23T08:38:25.5203219Z tmpfs            8185728      172   8185556   1% /dev/shm
2026-09-23T08:38:25.5203627Z devpts                 0        0         0    - /dev/pts
2026-09-23T08:38:25.5204016Z tmpfs            3274292     1016   3273276   1% /run
2026-09-23T08:38:25.5204405Z tmpfs               5120        0      5120   0% /run/lock
2026-09-23T08:38:25.5204823Z cgroup2                0        0         0    - /sys/fs/cgroup
2026-09-23T08:38:25.5205276Z pstore                 0        0         0    - /sys/fs/pstore
2026-09-23T08:38:25.5205705Z efivarfs               0        0         0    - /sys/firmware/efi/efivars
2026-09-23T08:38:25.5206249Z bpf                    0        0         0    - /sys/fs/bpf
2026-09-23T08:38:25.5206835Z systemd-1              -        -         -    - /proc/sys/fs/binfmt_misc
2026-09-23T08:38:25.5207336Z hugetlbfs              0        0         0    - /dev/hugepages
2026-09-23T08:38:25.5207768Z mqueue                 0        0         0    - /dev/mqueue
2026-09-23T08:38:25.5208172Z debugfs                0        0         0    - /sys/kernel/debug
2026-09-23T08:38:25.5208855Z tracefs                0        0         0    - /sys/kernel/tracing
2026-09-23T08:38:25.5209295Z fusectl                0        0         0    - /sys/fs/fuse/connections
2026-09-23T08:38:25.5209738Z configfs               0        0         0    - /sys/kernel/config
2026-09-23T08:38:25.5210219Z ramfs                  0        0         0    - /run/credentials/systemd-sysusers.service
2026-09-23T08:38:25.5210692Z /dev/loop0         75776    75776         0 100% /snap/core22/2411
2026-09-23T08:38:25.5211124Z /dev/loop1        118144   118144         0 100% /snap/lxd/40338
2026-09-23T08:38:25.5211742Z /dev/loop2         51328    51328         0 100% /snap/snapd/27591
2026-09-23T08:38:25.5212391Z /dev/sda15        106832     6194    100638   6% /boot/efi
2026-09-23T08:38:25.5212869Z binfmt_misc            0        0         0    - /proc/sys/fs/binfmt_misc
2026-09-23T08:38:25.5213316Z tmpfs            1637144       12   1637132   1% /run/user/1001
2026-09-23T08:38:25.5213725Z tmpfs            3274292     1016   3273276   1% /run/snapd/ns
2026-09-23T08:38:25.5214273Z nsfs                   0        0         0    - /run/snapd/ns/lxd.mnt
2026-09-23T08:38:25.5214776Z ================================================================================
2026-09-23T08:38:25.5215032Z 
2026-09-23T08:38:25.5215037Z 
2026-09-23T08:38:25.5215169Z /dev/root:
2026-09-23T08:38:25.5215369Z 
2026-09-23T08:38:25.5215543Z ********************************************************************************
2026-09-23T08:38:25.5226210Z => Saved 25GiB
2026-09-23T08:38:25.5231032Z ********************************************************************************
2026-09-23T08:38:25.5231402Z 
2026-09-23T08:38:25.5231536Z overall:
2026-09-23T08:38:25.5231756Z 
2026-09-23T08:38:25.5236552Z ********************************************************************************
2026-09-23T08:38:25.5251131Z => Saved 25GiB
2026-09-23T08:38:25.5256057Z ********************************************************************************
2026-09-23T08:38:25.5256400Z 
2026-09-23T08:38:25.5272381Z ##[end-action id=__jlumbroso_free-disk-space.__run;outcome=success;conclusion=success;duration_ms=146798]
2026-09-23T08:38:25.5361705Z Node 20 is being deprecated. This workflow is running with Node 24 by default. If you need to temporarily use Node 20, you can set the ACTIONS_ALLOW_USE_UNSECURE_NODE_VERSION=true environment variable. For more information see: https://github.blog/changelog/2025-09-19-deprecation-of-node-20-on-github-actions-runners/
2026-09-23T08:38:25.5363479Z ##[group]Run actions/setup-go@v5
2026-09-23T08:38:25.5363883Z with:
2026-09-23T08:38:25.5364163Z   go-version: 1.24
2026-09-23T08:38:25.5364440Z   cache: true
2026-09-23T08:38:25.5364769Z   check-latest: false
2026-09-23T08:38:25.5367316Z   token: ***
2026-09-23T08:38:25.5367617Z ##[endgroup]
2026-09-23T08:38:25.6614320Z Setup go version spec 1.24
2026-09-23T08:38:25.6887353Z (node:20194) [DEP0040] DeprecationWarning: The `punycode` module is deprecated. Please use a userland alternative instead.
2026-09-23T08:38:25.6888302Z Found in cache @ /opt/hostedtoolcache/go/1.24.13/x64
2026-09-23T08:38:25.6889230Z (Use `node --trace-deprecation ...` to show where the warning was created)
2026-09-23T08:38:25.6889955Z Added go to the path
2026-09-23T08:38:25.6893511Z Successfully set up Go version 1.24
2026-09-23T08:38:29.8387082Z go: downloading go1.26.0 (linux/amd64)
2026-09-23T08:38:29.8525745Z [command]/opt/hostedtoolcache/go/1.24.13/x64/bin/go env GOMODCACHE
2026-09-23T08:38:29.8552727Z [command]/opt/hostedtoolcache/go/1.24.13/x64/bin/go env GOCACHE
2026-09-23T08:38:29.8635514Z /home/runner/go/pkg/mod
2026-09-23T08:38:29.8648020Z /home/runner/.cache/go-build
2026-09-23T08:38:30.0673770Z Cache hit for: setup-go-Linux-x64-ubuntu22-go-1.26.0-89cbb020b21d4e54aa2bab13a7d258948c9c41c6585d230f0f0f7dfcc2ebfe21
2026-09-23T08:38:30.0797932Z (node:20194) [DEP0169] DeprecationWarning: `url.parse()` behavior is not standardized and prone to errors that have security implications. Use the WHATWG URL API instead. CVEs are not issued for `url.parse()` vulnerabilities.
2026-09-23T08:38:31.3115972Z Received 58720256 of 1821569347 (3.2%), 56.0 MBs/sec
2026-09-23T08:38:32.3123575Z Received 243269632 of 1821569347 (13.4%), 115.9 MBs/sec
2026-09-23T08:38:33.3138333Z Received 402653184 of 1821569347 (22.1%), 127.9 MBs/sec
2026-09-23T08:38:34.3152161Z Received 612368384 of 1821569347 (33.6%), 145.9 MBs/sec
2026-09-23T08:38:35.3179167Z Received 801112064 of 1821569347 (44.0%), 152.7 MBs/sec
2026-09-23T08:38:36.3167729Z Received 968884224 of 1821569347 (53.2%), 153.9 MBs/sec
2026-09-23T08:38:37.3182515Z Received 1149239296 of 1821569347 (63.1%), 156.4 MBs/sec
2026-09-23T08:38:38.3177788Z Received 1329594368 of 1821569347 (73.0%), 158.4 MBs/sec
2026-09-23T08:38:39.3216749Z Received 1480589312 of 1821569347 (81.3%), 156.7 MBs/sec
2026-09-23T08:38:40.3217922Z Received 1681915904 of 1821569347 (92.3%), 160.2 MBs/sec
2026-09-23T08:38:41.1568022Z Received 1821569347 of 1821569347 (100.0%), 160.2 MBs/sec
2026-09-23T08:38:41.1569814Z Cache Size: ~1737 MB (1821569347 B)
2026-09-23T08:38:41.1603082Z [command]/usr/bin/tar -xf /home/runner/work/_temp/3e646405-2edc-44e6-a9b7-dbfdd3ba2bef/cache.tzst -P -C /home/runner/work/higress/higress --use-compress-program unzstd
2026-09-23T08:39:26.6733172Z Cache restored successfully
2026-09-23T08:39:26.8639967Z Cache restored from key: setup-go-Linux-x64-ubuntu22-go-1.26.0-89cbb020b21d4e54aa2bab13a7d258948c9c41c6585d230f0f0f7dfcc2ebfe21
2026-09-23T08:39:26.8670222Z go version go1.26.0 linux/amd64
2026-09-23T08:39:26.8670552Z 
2026-09-23T08:39:26.8671175Z ##[group]go env
2026-09-23T08:39:26.9175833Z AR='ar'
2026-09-23T08:39:26.9176458Z CC='gcc'
2026-09-23T08:39:26.9177236Z CGO_CFLAGS='-O2 -g'
2026-09-23T08:39:26.9177613Z CGO_CPPFLAGS=''
2026-09-23T08:39:26.9178002Z CGO_CXXFLAGS='-O2 -g'
2026-09-23T08:39:26.9178403Z CGO_ENABLED='1'
2026-09-23T08:39:26.9178762Z CGO_FFLAGS='-O2 -g'
2026-09-23T08:39:26.9179124Z CGO_LDFLAGS='-O2 -g'
2026-09-23T08:39:26.9179465Z CXX='g++'
2026-09-23T08:39:26.9179870Z GCCGO='gccgo'
2026-09-23T08:39:26.9180202Z GO111MODULE=''
2026-09-23T08:39:26.9180611Z GOAMD64='v1'
2026-09-23T08:39:26.9180906Z GOARCH='amd64'
2026-09-23T08:39:26.9181525Z GOAUTH='netrc'
2026-09-23T08:39:26.9182114Z GOBIN=''
2026-09-23T08:39:26.9182453Z GOCACHE='/home/runner/.cache/go-build'
2026-09-23T08:39:26.9182893Z GOCACHEPROG=''
2026-09-23T08:39:26.9183183Z GODEBUG=''
2026-09-23T08:39:26.9183539Z GOENV='/home/runner/.config/go/env'
2026-09-23T08:39:26.9183892Z GOEXE=''
2026-09-23T08:39:26.9184186Z GOEXPERIMENT=''
2026-09-23T08:39:26.9184504Z GOFIPS140='off'
2026-09-23T08:39:26.9184827Z GOFLAGS=''
2026-09-23T08:39:26.9185557Z GOGCCFLAGS='-fPIC -m64 -pthread -Wl,--no-gc-sections -fmessage-length=0 -ffile-prefix-map=/tmp/go-build2331233027=/tmp/go-build -gno-record-gcc-switches'
2026-09-23T08:39:26.9186290Z GOHOSTARCH='amd64'
2026-09-23T08:39:26.9186605Z GOHOSTOS='linux'
2026-09-23T08:39:26.9186985Z GOINSECURE=''
2026-09-23T08:39:26.9187333Z GOMOD='/home/runner/work/higress/higress/go.mod'
2026-09-23T08:39:26.9187736Z GOMODCACHE='/home/runner/go/pkg/mod'
2026-09-23T08:39:26.9188096Z GONOPROXY=''
2026-09-23T08:39:26.9188417Z GONOSUMDB=''
2026-09-23T08:39:26.9188737Z GOOS='linux'
2026-09-23T08:39:26.9189038Z GOPATH='/home/runner/go'
2026-09-23T08:39:26.9189356Z GOPRIVATE=''
2026-09-23T08:39:26.9189760Z GOPROXY='https://proxy.golang.org,direct'
2026-09-23T08:39:26.9190265Z GOROOT='/home/runner/go/pkg/mod/golang.org/toolchain@v0.0.1-go1.26.0.linux-amd64'
2026-09-23T08:39:26.9190784Z GOSUMDB='sum.golang.org'
2026-09-23T08:39:26.9191111Z GOTELEMETRY='local'
2026-09-23T08:39:26.9191513Z GOTELEMETRYDIR='/home/runner/.config/go/telemetry'
2026-09-23T08:39:26.9192192Z GOTMPDIR=''
2026-09-23T08:39:26.9192477Z GOTOOLCHAIN='auto'
2026-09-23T08:39:26.9193047Z GOTOOLDIR='/home/runner/go/pkg/mod/golang.org/toolchain@v0.0.1-go1.26.0.linux-amd64/pkg/tool/linux_amd64'
2026-09-23T08:39:26.9193626Z GOVCS=''
2026-09-23T08:39:26.9193940Z GOVERSION='go1.26.0'
2026-09-23T08:39:26.9194245Z GOWORK=''
2026-09-23T08:39:26.9194526Z PKG_CONFIG='pkg-config'
2026-09-23T08:39:26.9194847Z 
2026-09-23T08:39:26.9195365Z ##[endgroup]
2026-09-23T08:39:26.9585382Z Node 20 is being deprecated. This workflow is running with Node 24 by default. If you need to temporarily use Node 20, you can set the ACTIONS_ALLOW_USE_UNSECURE_NODE_VERSION=true environment variable. For more information see: https://github.blog/changelog/2025-09-19-deprecation-of-node-20-on-github-actions-runners/
2026-09-23T08:39:26.9586551Z ##[group]Run actions-rs/toolchain@v1
2026-09-23T08:39:26.9586804Z with:
2026-09-23T08:39:26.9586996Z   toolchain: stable
2026-09-23T08:39:26.9587204Z   default: false
2026-09-23T08:39:26.9587409Z   override: false
2026-09-23T08:39:26.9587607Z ##[endgroup]
2026-09-23T08:39:27.0552000Z (node:20282) [DEP0040] DeprecationWarning: The `punycode` module is deprecated. Please use a userland alternative instead.
2026-09-23T08:39:27.0553009Z (Use `node --trace-deprecation ...` to show where the warning was created)
2026-09-23T08:39:27.0568142Z [command]/home/runner/.cargo/bin/rustup show
2026-09-23T08:39:27.1269916Z Default host: x86_64-unknown-linux-gnu
2026-09-23T08:39:27.1270793Z rustup home:  /home/runner/.rustup
2026-09-23T08:39:27.1271133Z 
2026-09-23T08:39:27.1316866Z installed toolchains
2026-09-23T08:39:27.1317375Z --------------------
2026-09-23T08:39:27.1317942Z stable-x86_64-unknown-linux-gnu (active, default)
2026-09-23T08:39:27.1318255Z 
2026-09-23T08:39:27.1318377Z active toolchain
2026-09-23T08:39:27.1318747Z ----------------
2026-09-23T08:39:27.1319140Z name: stable-x86_64-unknown-linux-gnu
2026-09-23T08:39:27.1319597Z active because: it's the default toolchain
2026-09-23T08:39:27.1319984Z installed targets:
2026-09-23T08:39:27.2182622Z   x86_64-unknown-linux-gnu
2026-09-23T08:39:27.2215089Z [command]/home/runner/.cargo/bin/rustup toolchain install stable
2026-09-23T08:39:27.4678169Z info: syncing channel updates for stable-x86_64-unknown-linux-gnu
2026-09-23T08:39:27.7772894Z 
2026-09-23T08:39:27.7874132Z   stable-x86_64-unknown-linux-gnu unchanged - rustc 1.98.1 (48a229cea 2026-09-01)
2026-09-23T08:39:27.7874971Z 
2026-09-23T08:39:27.7894412Z ##[group]Gathering installed versions
2026-09-23T08:39:27.7904953Z [command]/home/runner/.cargo/bin/rustc -V
2026-09-23T08:39:27.8025809Z rustc 1.98.1 (48a229cea 2026-09-01)
2026-09-23T08:39:27.8058118Z ##[warning]The `set-output` command is deprecated and will be disabled soon. Please upgrade to using Environment Files. For more information see: https://github.blog/changelog/2022-10-11-github-actions-deprecating-save-state-and-set-output-commands/
2026-09-23T08:39:27.8070553Z ##[warning]The `set-output` command is deprecated and will be disabled soon. Please upgrade to using Environment Files. For more information see: https://github.blog/changelog/2022-10-11-github-actions-deprecating-save-state-and-set-output-commands/
2026-09-23T08:39:27.8072716Z [command]/home/runner/.cargo/bin/cargo -V
2026-09-23T08:39:28.4362147Z cargo 1.98.1 (797e8a9bc 2026-08-05)
2026-09-23T08:39:28.4372264Z ##[warning]The `set-output` command is deprecated and will be disabled soon. Please upgrade to using Environment Files. For more information see: https://github.blog/changelog/2022-10-11-github-actions-deprecating-save-state-and-set-output-commands/
2026-09-23T08:39:28.4379748Z [command]/home/runner/.cargo/bin/rustup -V
2026-09-23T08:39:28.4418289Z rustup 1.29.1 (d95a37b6a 2026-08-13)
2026-09-23T08:39:28.4419480Z info: This is the version for the rustup toolchain manager, not the rustc compiler.
2026-09-23T08:39:28.4506452Z info: the currently active `rustc` version is `rustc 1.98.1 (48a229cea 2026-09-01)`
2026-09-23T08:39:28.4518642Z ##[warning]The `set-output` command is deprecated and will be disabled soon. Please upgrade to using Environment Files. For more information see: https://github.blog/changelog/2022-10-11-github-actions-deprecating-save-state-and-set-output-commands/
2026-09-23T08:39:28.4520917Z ##[endgroup]
2026-09-23T08:39:28.4608458Z ##[group]Run git stash
2026-09-23T08:39:28.4608723Z [36;1mgit stash[0m
2026-09-23T08:39:28.4635714Z shell: /usr/bin/bash -e {0}
2026-09-23T08:39:28.4635989Z ##[endgroup]
2026-09-23T08:39:28.6270254Z No local changes to save
2026-09-23T08:39:28.6338796Z Node 20 is being deprecated. This workflow is running with Node 24 by default. If you need to temporarily use Node 20, you can set the ACTIONS_ALLOW_USE_UNSECURE_NODE_VERSION=true environment variable. For more information see: https://github.blog/changelog/2025-09-19-deprecation-of-node-20-on-github-actions-runners/
2026-09-23T08:39:28.6339962Z ##[group]Run nick-fields/retry@v3
2026-09-23T08:39:28.6340223Z with:
2026-09-23T08:39:28.6340420Z   timeout_minutes: 60
2026-09-23T08:39:28.6340649Z   max_attempts: 2
2026-09-23T08:39:28.6340860Z   retry_on: error
2026-09-23T08:39:28.6341573Z   command: sudo rm -rf -- "${GITHUB_WORKSPACE:?}/out" && mkdir -p -- "${GITHUB_WORKSPACE:?}/out" && GOPROXY="https://proxy.golang.org,direct" PLUGIN_TYPE=RUST PLUGIN_GO_BATCH_SCOPE=e2e make higress-wasmplugin-test
2026-09-23T08:39:28.6342500Z   retry_wait_seconds: 10
2026-09-23T08:39:28.6342746Z   polling_interval_seconds: 1
2026-09-23T08:39:28.6343138Z   warning_on_retry: true
2026-09-23T08:39:28.6343407Z   continue_on_error: false
2026-09-23T08:39:28.6343647Z ##[endgroup]
2026-09-23T08:39:28.6925731Z ##[group]Attempt 1
2026-09-23T08:39:28.8846163Z Makefile.core.mk:446: warning: overriding recipe for target 'build-test-pilot'
2026-09-23T08:39:28.8847036Z Makefile.core.mk:355: warning: ignoring old recipe for target 'build-test-pilot'
2026-09-23T08:39:28.8856074Z cd tools/src/kind && GOOS= GOARCH= go build -o /home/runner/work/higress/higress/tools/bin/kind $(sed -En 's,^import "(.*)".*,\1,p' pin.go)
2026-09-23T08:39:28.9161414Z go: downloading sigs.k8s.io/kind v0.17.0
2026-09-23T08:39:29.2857986Z go: downloading github.com/spf13/cobra v1.4.0
2026-09-23T08:39:29.4478778Z go: downloading github.com/alessio/shellescape v1.4.1
2026-09-23T08:39:30.0444662Z go: downloading github.com/mattn/go-isatty v0.0.14
2026-09-23T08:39:31.6055170Z go: downloading golang.org/x/sys v0.0.0-20210630005230-0f9fa26af87c
2026-09-23T08:39:31.9820535Z go: downloading github.com/pelletier/go-toml v1.9.4
2026-09-23T08:39:32.4379802Z go: downloading github.com/BurntSushi/toml v1.0.0
2026-09-23T08:39:32.4398084Z go: downloading sigs.k8s.io/yaml v1.3.0
2026-09-23T08:39:33.4037633Z go: downloading github.com/google/safetext v0.0.0-20220905092116-b49f7bc46da2
2026-09-23T08:39:46.8398271Z tools/bin/kind delete cluster --name higress
2026-09-23T08:39:46.8778437Z Deleting cluster "higress" ...
2026-09-23T08:39:46.8914544Z tools/hack/create-cluster.sh
2026-09-23T08:39:46.9140591Z v1.25.3
2026-09-23T08:39:46.9140929Z higress
2026-09-23T08:39:47.0812669Z Creating cluster "higress" ...
2026-09-23T08:39:47.0813758Z  • Ensuring node image (kindest/node:v1.25.3) 🖼  ...
2026-09-23T08:39:59.9959746Z  ✓ Ensuring node image (kindest/node:v1.25.3) 🖼
2026-09-23T08:39:59.9960509Z  • Preparing nodes 📦   ...
2026-09-23T08:40:03.2700521Z  ✓ Preparing nodes 📦 
2026-09-23T08:40:03.2987122Z  • Writing configuration 📜  ...
2026-09-23T08:40:03.4719902Z  ✓ Writing configuration 📜
2026-09-23T08:40:03.4720879Z  • Starting control-plane 🕹️  ...
2026-09-23T08:40:15.5869261Z  ✓ Starting control-plane 🕹️
2026-09-23T08:40:15.5869889Z  • Installing CNI 🔌  ...
2026-09-23T08:40:16.2222771Z  ✓ Installing CNI 🔌
2026-09-23T08:40:16.2223407Z  • Installing StorageClass 💾  ...
2026-09-23T08:40:16.4651327Z  ✓ Installing StorageClass 💾
2026-09-23T08:40:16.6210158Z Set kubectl context to "kind-higress"
2026-09-23T08:40:16.6210704Z You can now use your cluster with:
2026-09-23T08:40:16.6210985Z 
2026-09-23T08:40:16.6211198Z kubectl cluster-info --context kind-higress
2026-09-23T08:40:16.6211487Z 
2026-09-23T08:40:16.6212461Z Have a question, bug, or feature request? Let us know! https://kind.sigs.k8s.io/#community 🙂
2026-09-23T08:40:16.6225331Z rm -rf /home/runner/work/higress/higress/out/linux_amd64 /home/runner/work/higress/higress/out/linux_amd64
2026-09-23T08:40:16.6468900Z git submodule update --init
2026-09-23T08:40:16.6878979Z Submodule 'envoy/envoy' (https://github.com/higress-group/envoy) registered for path 'envoy/envoy'
2026-09-23T08:40:16.6883037Z Submodule 'envoy/go-control-plane' (https://github.com/higress-group/go-control-plane) registered for path 'envoy/go-control-plane'
2026-09-23T08:40:16.6886987Z Submodule 'istio/api' (https://github.com/higress-group/api) registered for path 'istio/api'
2026-09-23T08:40:16.6890339Z Submodule 'istio/client-go' (https://github.com/higress-group/client-go) registered for path 'istio/client-go'
2026-09-23T08:40:16.6894629Z Submodule 'istio/istio' (https://github.com/higress-group/istio) registered for path 'istio/istio'
2026-09-23T08:40:16.6898468Z Submodule 'istio/pkg' (https://github.com/higress-group/pkg) registered for path 'istio/pkg'
2026-09-23T08:40:16.6903025Z Submodule 'istio/proxy' (https://github.com/higress-group/proxy) registered for path 'istio/proxy'
2026-09-23T08:40:16.6935692Z Cloning into '/home/runner/work/higress/higress/envoy/envoy'...
2026-09-23T08:40:21.2922795Z Cloning into '/home/runner/work/higress/higress/envoy/go-control-plane'...
2026-09-23T08:40:22.8446443Z Cloning into '/home/runner/work/higress/higress/istio/api'...
2026-09-23T08:40:23.7556587Z Cloning into '/home/runner/work/higress/higress/istio/client-go'...
2026-09-23T08:40:24.3748774Z Cloning into '/home/runner/work/higress/higress/istio/istio'...
2026-09-23T08:40:26.6715904Z Cloning into '/home/runner/work/higress/higress/istio/pkg'...
2026-09-23T08:40:27.3742481Z Cloning into '/home/runner/work/higress/higress/istio/proxy'...
2026-09-23T08:40:28.7987849Z Submodule path 'envoy/envoy': checked out '9bd2ded786073d115beb71d0f2ca0afc075e4f4d'
2026-09-23T08:40:30.5069569Z From https://github.com/higress-group/go-control-plane
2026-09-23T08:40:30.5070592Z  * branch            4f11f65d9bc54bb8b18f1cc7c25460d3f8afef75 -> FETCH_HEAD
2026-09-23T08:40:30.6568757Z Submodule path 'envoy/go-control-plane': checked out '4f11f65d9bc54bb8b18f1cc7c25460d3f8afef75'
2026-09-23T08:40:34.3734746Z From https://github.com/higress-group/api
2026-09-23T08:40:34.3735569Z  * branch              efc0fe428cccecc0285dbf51e2023f8e0422597c -> FETCH_HEAD
2026-09-23T08:40:34.4281554Z Submodule path 'istio/api': checked out 'efc0fe428cccecc0285dbf51e2023f8e0422597c'
2026-09-23T08:40:35.9129011Z From https://github.com/higress-group/client-go
2026-09-23T08:40:35.9129807Z  * branch            09ed8dc4e7484d303c931fa42df7f7c728296923 -> FETCH_HEAD
2026-09-23T08:40:35.9328681Z Submodule path 'istio/client-go': checked out '09ed8dc4e7484d303c931fa42df7f7c728296923'
2026-09-23T08:40:36.1928769Z Submodule path 'istio/istio': checked out '65133dd61c6c597fb301c53beaa777ca5c9e4ba2'
2026-09-23T08:40:36.2118505Z Submodule path 'istio/pkg': checked out '15c662994e6515201dc106a2ec3de85ed50e8078'
2026-09-23T08:40:37.8343249Z From https://github.com/higress-group/proxy
2026-09-23T08:40:37.8343872Z  * branch            919836551144ad42c41bbe25597d74c1b9cb8421 -> FETCH_HEAD
2026-09-23T08:40:37.8547299Z Submodule path 'istio/proxy': checked out '919836551144ad42c41bbe25597d74c1b9cb8421'
2026-09-23T08:40:37.8554584Z ./tools/hack/prebuild.sh
2026-09-23T08:40:39.9401239Z GOPROXY="https://proxy.golang.org,direct" GOOS=linux GOARCH=amd64 LDFLAGS='-X github.com/alibaba/higress/v2/pkg/cmd/lversion.higressVersion=v2.2.4 -X github.com/alibaba/higress/v2/pkg/cmd/lversion.gitCommitID=a01636191d45d3bda350611b95f6d2363482dac2 -extldflags -static -s -w' tools/hack/gobuild.sh /home/runner/work/higress/higress/out/linux_amd64/ ./cmd/higress
2026-09-23T08:40:41.2018876Z 
2026-09-23T08:40:41.2019827Z istio.io/pkg/version.buildVersion=a01636191d45d3bda350611b95f6d2363482dac2
2026-09-23T08:40:41.2020321Z 
2026-09-23T08:40:41.2020694Z istio.io/pkg/version.buildGitRevision=a01636191d45d3bda350611b95f6d2363482dac2
2026-09-23T08:40:41.2021059Z 
2026-09-23T08:40:41.2021203Z istio.io/pkg/version.buildStatus=Clean
2026-09-23T08:40:41.2021425Z 
2026-09-23T08:40:41.2021571Z istio.io/pkg/version.buildTag=v2.2.4
2026-09-23T08:40:41.2022174Z 
2026-09-23T08:40:41.2022599Z istio.io/pkg/version.buildHub=higress-registry.cn-hangzhou.cr.aliyuncs.com/higress
2026-09-23T08:40:41.2023109Z ~/work/higress/higress ~/work/higress/higress
2026-09-23T08:40:44.6749040Z 
2026-09-23T08:40:44.6751435Z real	0m3.473s
2026-09-23T08:40:44.6751900Z user	0m4.191s
2026-09-23T08:40:44.6752354Z sys	0m0.944s
2026-09-23T08:40:44.6752680Z ~/work/higress/higress
2026-09-23T08:40:44.6774191Z GOPROXY="https://proxy.golang.org,direct" GOOS=linux GOARCH=amd64 LDFLAGS='-X github.com/alibaba/higress/v2/pkg/cmd/lversion.higressVersion=v2.2.4 -X github.com/alibaba/higress/v2/pkg/cmd/lversion.gitCommitID=a01636191d45d3bda350611b95f6d2363482dac2 -extldflags -static -s -w' tools/hack/gobuild.sh ./out/linux_amd64/ ./cmd/higress
2026-09-23T08:40:44.8446561Z 
2026-09-23T08:40:44.8447355Z istio.io/pkg/version.buildVersion=a01636191d45d3bda350611b95f6d2363482dac2
2026-09-23T08:40:44.8447909Z 
2026-09-23T08:40:44.8448311Z istio.io/pkg/version.buildGitRevision=a01636191d45d3bda350611b95f6d2363482dac2
2026-09-23T08:40:44.8448797Z 
2026-09-23T08:40:44.8449006Z istio.io/pkg/version.buildStatus=Clean
2026-09-23T08:40:44.8449581Z 
2026-09-23T08:40:44.8450062Z istio.io/pkg/version.buildTag=v2.2.4
2026-09-23T08:40:44.8450303Z 
2026-09-23T08:40:44.8450600Z istio.io/pkg/version.buildHub=higress-registry.cn-hangzhou.cr.aliyuncs.com/higress
2026-09-23T08:40:44.8451133Z ~/work/higress/higress ~/work/higress/higress
2026-09-23T08:40:45.3654879Z 
2026-09-23T08:40:45.3655625Z real	0m0.521s
2026-09-23T08:40:45.3656036Z user	0m1.114s
2026-09-23T08:40:45.3656373Z sys	0m0.370s
2026-09-23T08:40:45.3656713Z ~/work/higress/higress
2026-09-23T08:40:45.3685501Z time (mkdir -p /home/runner/work/higress/higress/out/linux_amd64/docker_build/docker.higress && TARGET_ARCH=amd64 ./docker/docker-copy.sh docker/Dockerfile.higress /home/runner/work/higress/higress/out/linux_amd64/higress /home/runner/work/higress/higress/out/linux_amd64/docker_build/docker.higress && cd /home/runner/work/higress/higress/out/linux_amd64/docker_build/docker.higress  && docker build --build-arg BASE_VERSION=2023-07-20T20-50-43 --build-arg HUB=higress-registry.cn-hangzhou.cr.aliyuncs.com/higress --build-arg BASE_DISTRIBUTION= -t higress-registry.cn-hangzhou.cr.aliyuncs.com/higress/higress:a01636191d45d3bda350611b95f6d2363482dac2 -f Dockerfile.higress . ); 
2026-09-23T08:40:45.6317836Z Dockerfile.higress
2026-09-23T08:40:45.6318163Z amd64
2026-09-23T08:40:46.2170282Z #0 building with "default" instance using docker driver
2026-09-23T08:40:46.2170776Z 
2026-09-23T08:40:46.2170986Z #1 [internal] load build definition from Dockerfile.higress
2026-09-23T08:40:46.2171384Z #1 transferring dockerfile: 688B done
2026-09-23T08:40:46.2171694Z #1 DONE 0.0s
2026-09-23T08:40:46.2172115Z 
2026-09-23T08:40:46.2172482Z #2 [internal] load metadata for higress-registry.cn-hangzhou.cr.aliyuncs.com/higress/base:2023-07-20T20-50-43-amd64
2026-09-23T08:40:51.8649345Z #2 DONE 5.8s
2026-09-23T08:40:51.9866837Z 
2026-09-23T08:40:51.9867629Z #3 [internal] load .dockerignore
2026-09-23T08:40:51.9868351Z #3 transferring context: 2B done
2026-09-23T08:40:51.9868851Z #3 DONE 0.0s
2026-09-23T08:40:51.9869104Z 
2026-09-23T08:40:51.9870101Z #4 [1/2] FROM higress-registry.cn-hangzhou.cr.aliyuncs.com/higress/base:2023-07-20T20-50-43-amd64@sha256:acab9dfbea20850ff641df718ae3c561d66c0b99f6144066ed314cd2ddfb6366
2026-09-23T08:40:51.9872262Z #4 resolve higress-registry.cn-hangzhou.cr.aliyuncs.com/higress/base:2023-07-20T20-50-43-amd64@sha256:acab9dfbea20850ff641df718ae3c561d66c0b99f6144066ed314cd2ddfb6366 done
2026-09-23T08:40:52.0875740Z #4 sha256:54caf5b3a5e2c7216eaee588e14f0315ef93c33856fc70b82e0b62f3fb2d2929 0B / 7.32MB 0.1s
2026-09-23T08:40:52.0892693Z #4 sha256:7b5da41100362b3241a917c0a4d9e62b54a1170b1fec76f93e336308e937ce9f 0B / 4.28kB 0.1s
2026-09-23T08:40:52.0898688Z #4 sha256:acab9dfbea20850ff641df718ae3c561d66c0b99f6144066ed314cd2ddfb6366 948B / 948B done
2026-09-23T08:40:52.0900151Z #4 sha256:4d11bff12ac70ce1c4a962fdeec912ee6a75fa2f179f0e80cd1463c3e7976429 2.78kB / 2.78kB done
2026-09-23T08:40:52.0901112Z #4 sha256:3153aa388d026c26a2235e1ed0163e350e451f41a8a313e1804d7e1afb857ab4 0B / 29.53MB 0.1s
2026-09-23T08:40:52.2888533Z #4 ...
2026-09-23T08:40:52.2888788Z 
2026-09-23T08:40:52.2889196Z #5 [internal] load build context
2026-09-23T08:40:52.2889568Z #5 transferring context: 119.22MB 0.4s done
2026-09-23T08:40:52.2889899Z #5 DONE 0.4s
2026-09-23T08:40:52.2890036Z 
2026-09-23T08:40:52.2890697Z #4 [1/2] FROM higress-registry.cn-hangzhou.cr.aliyuncs.com/higress/base:2023-07-20T20-50-43-amd64@sha256:acab9dfbea20850ff641df718ae3c561d66c0b99f6144066ed314cd2ddfb6366
2026-09-23T08:40:53.5898396Z #4 sha256:3153aa388d026c26a2235e1ed0163e350e451f41a8a313e1804d7e1afb857ab4 2.10MB / 29.53MB 1.7s
2026-09-23T08:40:53.7897099Z #4 sha256:7b5da41100362b3241a917c0a4d9e62b54a1170b1fec76f93e336308e937ce9f 4.28kB / 4.28kB 1.7s done
2026-09-23T08:40:53.9892730Z #4 sha256:3153aa388d026c26a2235e1ed0163e350e451f41a8a313e1804d7e1afb857ab4 6.29MB / 29.53MB 2.1s
2026-09-23T08:40:54.1898227Z #4 sha256:3153aa388d026c26a2235e1ed0163e350e451f41a8a313e1804d7e1afb857ab4 10.49MB / 29.53MB 2.3s
2026-09-23T08:40:54.3895895Z #4 sha256:54caf5b3a5e2c7216eaee588e14f0315ef93c33856fc70b82e0b62f3fb2d2929 1.05MB / 7.32MB 2.5s
2026-09-23T08:40:54.3897160Z #4 sha256:3153aa388d026c26a2235e1ed0163e350e451f41a8a313e1804d7e1afb857ab4 14.68MB / 29.53MB 2.5s
2026-09-23T08:40:54.5892073Z #4 sha256:54caf5b3a5e2c7216eaee588e14f0315ef93c33856fc70b82e0b62f3fb2d2929 2.10MB / 7.32MB 2.7s
2026-09-23T08:40:54.5892914Z #4 sha256:3153aa388d026c26a2235e1ed0163e350e451f41a8a313e1804d7e1afb857ab4 18.87MB / 29.53MB 2.7s
2026-09-23T08:40:54.6896255Z #4 sha256:54caf5b3a5e2c7216eaee588e14f0315ef93c33856fc70b82e0b62f3fb2d2929 3.15MB / 7.32MB 2.8s
2026-09-23T08:40:54.6897177Z #4 sha256:3153aa388d026c26a2235e1ed0163e350e451f41a8a313e1804d7e1afb857ab4 20.97MB / 29.53MB 2.8s
2026-09-23T08:40:54.8890220Z #4 sha256:54caf5b3a5e2c7216eaee588e14f0315ef93c33856fc70b82e0b62f3fb2d2929 7.32MB / 7.32MB 3.0s
2026-09-23T08:40:54.8891006Z #4 sha256:3153aa388d026c26a2235e1ed0163e350e451f41a8a313e1804d7e1afb857ab4 24.12MB / 29.53MB 3.0s
2026-09-23T08:40:54.9891347Z #4 sha256:54caf5b3a5e2c7216eaee588e14f0315ef93c33856fc70b82e0b62f3fb2d2929 7.32MB / 7.32MB 3.0s done
2026-09-23T08:40:54.9892566Z #4 sha256:3153aa388d026c26a2235e1ed0163e350e451f41a8a313e1804d7e1afb857ab4 26.21MB / 29.53MB 3.1s
2026-09-23T08:40:55.0897815Z #4 sha256:3153aa388d026c26a2235e1ed0163e350e451f41a8a313e1804d7e1afb857ab4 28.31MB / 29.53MB 3.2s
2026-09-23T08:40:55.4526134Z #4 sha256:3153aa388d026c26a2235e1ed0163e350e451f41a8a313e1804d7e1afb857ab4 29.53MB / 29.53MB 3.4s done
2026-09-23T08:40:55.4527326Z #4 extracting sha256:3153aa388d026c26a2235e1ed0163e350e451f41a8a313e1804d7e1afb857ab4 0.1s
2026-09-23T08:40:56.3407529Z #4 extracting sha256:3153aa388d026c26a2235e1ed0163e350e451f41a8a313e1804d7e1afb857ab4 0.8s done
2026-09-23T08:40:56.3408493Z #4 extracting sha256:54caf5b3a5e2c7216eaee588e14f0315ef93c33856fc70b82e0b62f3fb2d2929 0.1s
2026-09-23T08:40:56.6361929Z #4 extracting sha256:54caf5b3a5e2c7216eaee588e14f0315ef93c33856fc70b82e0b62f3fb2d2929 0.2s done
2026-09-23T08:41:00.4209861Z #4 extracting sha256:7b5da41100362b3241a917c0a4d9e62b54a1170b1fec76f93e336308e937ce9f
2026-09-23T08:41:00.5994599Z #4 extracting sha256:7b5da41100362b3241a917c0a4d9e62b54a1170b1fec76f93e336308e937ce9f done
2026-09-23T08:41:00.5995191Z #4 DONE 8.6s
2026-09-23T08:41:00.5995343Z 
2026-09-23T08:41:00.5995488Z #6 [2/2] COPY amd64/higress /usr/local/bin/higress
2026-09-23T08:41:01.1713542Z #6 DONE 0.7s
2026-09-23T08:41:01.3240206Z 
2026-09-23T08:41:01.3241034Z #7 exporting to image
2026-09-23T08:41:01.3242041Z #7 exporting layers
2026-09-23T08:41:02.0053559Z #7 exporting layers 0.8s done
2026-09-23T08:41:02.0273114Z #7 writing image sha256:d752ed356149fb36f10ed91d21faf00e4431b69a6c9f9b002d5a9bf34433dddb done
2026-09-23T08:41:02.0274685Z #7 naming to higress-registry.cn-hangzhou.cr.aliyuncs.com/higress/higress:a01636191d45d3bda350611b95f6d2363482dac2 done
2026-09-23T08:41:02.0275834Z #7 DONE 0.8s
2026-09-23T08:41:02.0378030Z 
2026-09-23T08:41:02.0378527Z real	0m16.647s
2026-09-23T08:41:02.0378924Z user	0m0.484s
2026-09-23T08:41:02.0379254Z sys	0m0.303s
2026-09-23T08:41:02.0410508Z TARGET_ARCH=amd64 DOCKER_TARGETS='docker.pilot' IMG_URL='higress-registry.cn-hangzhou.cr.aliyuncs.com/higress/pilot:a01636191d45d3bda350611b95f6d2363482dac2' ./tools/hack/build-istio-image.sh docker
2026-09-23T08:41:02.0700374Z IMG_URL=higress-registry.cn-hangzhou.cr.aliyuncs.com/higress/pilot:a01636191d45d3bda350611b95f6d2363482dac2
2026-09-23T08:41:02.0701160Z HUB=higress-registry.cn-hangzhou.cr.aliyuncs.com/higress
2026-09-23T08:41:02.0701591Z TAG=a01636191d45d3bda350611b95f6d2363482dac2
2026-09-23T08:41:02.0714303Z make[1]: Entering directory '/home/runner/work/higress/higress/external/istio'
2026-09-23T08:41:02.1212385Z Unable to find image 'higress-registry.cn-hangzhou.cr.aliyuncs.com/higress/build-tools:release-1.19-ef344298e65eeb2d9e2d07b87eb4e715c2def613' locally
2026-09-23T08:41:06.2141517Z release-1.19-ef344298e65eeb2d9e2d07b87eb4e715c2def613: Pulling from higress/build-tools
2026-09-23T08:41:07.1664094Z 9bd0e4bcc849: Pulling fs layer
2026-09-23T08:41:07.1664632Z dbbe22aac0fb: Pulling fs layer
2026-09-23T08:41:07.1665339Z 6eff59fed1b4: Pulling fs layer
2026-09-23T08:41:07.1665682Z ee8339ca80c4: Pulling fs layer
2026-09-23T08:41:07.1665963Z 45789ea04dec: Pulling fs layer
2026-09-23T08:41:07.1666431Z 6f832f3040af: Pulling fs layer
2026-09-23T08:41:07.1666735Z b85ab6d7258b: Pulling fs layer
2026-09-23T08:41:07.1667092Z 44121ad9d775: Pulling fs layer
2026-09-23T08:41:07.1667395Z 8f8de24e8289: Pulling fs layer
2026-09-23T08:41:07.1667781Z f3301e9fde16: Pulling fs layer
2026-09-23T08:41:07.1668132Z 7f4264031dda: Pulling fs layer
2026-09-23T08:41:07.1668469Z 65b5fe86026c: Pulling fs layer
2026-09-23T08:41:07.1668867Z 79fa08f43e6b: Pulling fs layer
2026-09-23T08:41:07.1669227Z aa75b754dc18: Pulling fs layer
2026-09-23T08:41:07.1669578Z ef60b6f59ee0: Pulling fs layer
2026-09-23T08:41:07.1669859Z 0bbba021f207: Pulling fs layer
2026-09-23T08:41:07.1670314Z c74424bf836e: Pulling fs layer
2026-09-23T08:41:07.1670565Z ee8339ca80c4: Waiting
2026-09-23T08:41:07.1670822Z 45789ea04dec: Waiting
2026-09-23T08:41:07.1671189Z 6f832f3040af: Waiting
2026-09-23T08:41:07.1671411Z b85ab6d7258b: Waiting
2026-09-23T08:41:07.1671696Z 44121ad9d775: Waiting
2026-09-23T08:41:07.1672290Z 8f8de24e8289: Waiting
2026-09-23T08:41:07.1672700Z f3301e9fde16: Waiting
2026-09-23T08:41:07.1672914Z 7f4264031dda: Waiting
2026-09-23T08:41:07.1673120Z 65b5fe86026c: Waiting
2026-09-23T08:41:07.1673522Z 79fa08f43e6b: Waiting
2026-09-23T08:41:07.1673734Z aa75b754dc18: Waiting
2026-09-23T08:41:07.1673973Z ef60b6f59ee0: Waiting
2026-09-23T08:41:07.1674271Z 0bbba021f207: Waiting
2026-09-23T08:41:07.1674486Z c74424bf836e: Waiting
2026-09-23T08:41:13.7620990Z 6eff59fed1b4: Verifying Checksum
2026-09-23T08:41:13.7621473Z 6eff59fed1b4: Download complete
2026-09-23T08:41:18.6253470Z ee8339ca80c4: Verifying Checksum
2026-09-23T08:41:18.6254112Z ee8339ca80c4: Download complete
2026-09-23T08:41:23.1541345Z 45789ea04dec: Verifying Checksum
2026-09-23T08:41:23.1542099Z 45789ea04dec: Download complete
2026-09-23T08:41:26.1320950Z 6f832f3040af: Download complete
2026-09-23T08:41:31.4702040Z b85ab6d7258b: Verifying Checksum
2026-09-23T08:41:31.4702915Z b85ab6d7258b: Download complete
2026-09-23T08:41:36.5693262Z dbbe22aac0fb: Verifying Checksum
2026-09-23T08:41:36.5693961Z dbbe22aac0fb: Download complete
2026-09-23T08:41:38.4676389Z 8f8de24e8289: Verifying Checksum
2026-09-23T08:41:38.4684097Z 8f8de24e8289: Download complete
2026-09-23T08:41:41.7049157Z 44121ad9d775: Verifying Checksum
2026-09-23T08:41:41.7053731Z 44121ad9d775: Download complete
2026-09-23T08:41:43.5424254Z 7f4264031dda: Download complete
2026-09-23T08:41:45.6258280Z 65b5fe86026c: Verifying Checksum
2026-09-23T08:41:45.6258994Z 65b5fe86026c: Download complete
2026-09-23T08:41:46.5694630Z f3301e9fde16: Verifying Checksum
2026-09-23T08:41:46.5695364Z f3301e9fde16: Download complete
2026-09-23T08:41:47.0878006Z 9bd0e4bcc849: Verifying Checksum
2026-09-23T08:41:47.0882787Z 9bd0e4bcc849: Download complete
2026-09-23T08:41:49.1804564Z aa75b754dc18: Verifying Checksum
2026-09-23T08:41:49.1805197Z aa75b754dc18: Download complete
2026-09-23T08:41:49.4841378Z 79fa08f43e6b: Verifying Checksum
2026-09-23T08:41:49.4842146Z 79fa08f43e6b: Download complete
2026-09-23T08:41:50.1789836Z ef60b6f59ee0: Verifying Checksum
2026-09-23T08:41:50.1790621Z ef60b6f59ee0: Download complete
2026-09-23T08:41:51.3305229Z c74424bf836e: Download complete
2026-09-23T08:41:51.5900190Z 0bbba021f207: Verifying Checksum
2026-09-23T08:41:51.5900667Z 0bbba021f207: Download complete
2026-09-23T08:42:00.2728453Z 9bd0e4bcc849: Pull complete
2026-09-23T08:42:20.4735950Z dbbe22aac0fb: Pull complete
2026-09-23T08:42:24.1289112Z 6eff59fed1b4: Pull complete
2026-09-23T08:42:24.9839444Z ee8339ca80c4: Pull complete
2026-09-23T08:42:30.6515348Z 45789ea04dec: Pull complete
2026-09-23T08:42:31.2784707Z 6f832f3040af: Pull complete
2026-09-23T08:42:32.4551488Z b85ab6d7258b: Pull complete
2026-09-23T08:42:37.6720150Z 44121ad9d775: Pull complete
2026-09-23T08:42:37.6864056Z 8f8de24e8289: Pull complete
2026-09-23T08:42:40.2218286Z f3301e9fde16: Pull complete
2026-09-23T08:42:40.2351460Z 7f4264031dda: Pull complete
2026-09-23T08:42:40.2508387Z 65b5fe86026c: Pull complete
2026-09-23T08:42:41.0939177Z 79fa08f43e6b: Pull complete
2026-09-23T08:42:41.1048752Z aa75b754dc18: Pull complete
2026-09-23T08:42:41.1148071Z ef60b6f59ee0: Pull complete
2026-09-23T08:42:41.1244976Z 0bbba021f207: Pull complete
2026-09-23T08:42:41.1345565Z c74424bf836e: Pull complete
2026-09-23T08:42:41.1396140Z Digest: sha256:cea58a7535da6a0fdccb1953fba5018b7a0a835d6901a65f5c2efed010d843e2
2026-09-23T08:42:41.1409482Z Status: Downloaded newer image for higress-registry.cn-hangzhou.cr.aliyuncs.com/higress/build-tools:release-1.19-ef344298e65eeb2d9e2d07b87eb4e715c2def613
2026-09-23T08:42:41.3099433Z fatal: detected dubious ownership in repository at '/work'
2026-09-23T08:42:41.3099928Z To add an exception for this directory, call:
2026-09-23T08:42:41.3100266Z 
2026-09-23T08:42:41.3100910Z 	git config --global --add safe.directory /work
2026-09-23T08:42:41.3905483Z ./tools/docker
2026-09-23T08:42:41.4178800Z fatal: detected dubious ownership in repository at '/work'
2026-09-23T08:42:41.4179600Z To add an exception for this directory, call:
2026-09-23T08:42:41.4179985Z 
2026-09-23T08:42:41.4180329Z 	git config --global --add safe.directory /work
2026-09-23T08:42:41.4191595Z fatal: detected dubious ownership in repository at '/work'
2026-09-23T08:42:41.4192310Z To add an exception for this directory, call:
2026-09-23T08:42:41.4192658Z 
2026-09-23T08:42:41.4192817Z 	git config --global --add safe.directory /work
2026-09-23T08:42:41.4233874Z go: downloading go1.26.0 (linux/amd64)
2026-09-23T08:42:45.1006672Z go: downloading github.com/spf13/cobra v1.10.2
2026-09-23T08:42:45.1007526Z go: downloading golang.org/x/sync v0.20.0
2026-09-23T08:42:45.1025602Z go: downloading sigs.k8s.io/yaml v1.6.0
2026-09-23T08:42:45.1158308Z go: downloading go.opentelemetry.io/otel v1.41.0
2026-09-23T08:42:45.2373688Z go: downloading go.opentelemetry.io/otel/exporters/otlp/otlptrace v1.40.0
2026-09-23T08:42:45.2443642Z go: downloading go.opentelemetry.io/otel/exporters/otlp/otlptrace/otlptracegrpc v1.40.0
2026-09-23T08:42:45.2852529Z go: downloading go.opentelemetry.io/otel/exporters/otlp/otlptrace/otlptracehttp v1.38.0
2026-09-23T08:42:45.4549051Z go: downloading go.opentelemetry.io/otel/sdk v1.40.0
2026-09-23T08:42:45.4563278Z go: downloading go.opentelemetry.io/otel/trace v1.41.0
2026-09-23T08:42:45.4911369Z go: downloading github.com/google/go-containerregistry v0.20.3
2026-09-23T08:42:45.6191976Z go: downloading github.com/go-logr/logr v1.4.3
2026-09-23T08:42:45.6192450Z go: downloading github.com/spf13/pflag v1.0.10
2026-09-23T08:42:45.6746478Z go: downloading go.uber.org/zap v1.28.0
2026-09-23T08:42:45.6747075Z go: downloading google.golang.org/grpc v1.64.0
2026-09-23T08:42:45.6747869Z go: downloading gopkg.in/natefinch/lumberjack.v2 v2.2.1
2026-09-23T08:42:45.6748691Z go: downloading k8s.io/klog/v2 v2.140.0
2026-09-23T08:42:45.6804409Z go: downloading github.com/moby/buildkit v0.21.1
2026-09-23T08:42:45.7353990Z go: downloading go.yaml.in/yaml/v2 v2.4.4
2026-09-23T08:42:45.7732773Z go: downloading go.opentelemetry.io/otel/metric v1.41.0
2026-09-23T08:42:45.8092647Z go: downloading go.opentelemetry.io/proto/otlp v1.9.0
2026-09-23T08:42:45.8473582Z go: downloading google.golang.org/genproto/googleapis/rpc v0.0.0-20260427160629-7cedc36a6bc4
2026-09-23T08:42:45.8639279Z go: downloading google.golang.org/genproto v0.0.0-20250603155806-513f23925822
2026-09-23T08:42:46.0152988Z go: downloading google.golang.org/protobuf v1.36.12-0.20260120151049-f2248ac996af
2026-09-23T08:42:46.1298979Z go: downloading github.com/google/uuid v1.6.0
2026-09-23T08:42:46.1300814Z go: downloading golang.org/x/sys v0.45.0
2026-09-23T08:42:46.1679105Z go: downloading github.com/docker/cli v28.1.1+incompatible
2026-09-23T08:42:46.4227176Z go: downloading github.com/mitchellh/go-homedir v1.1.0
2026-09-23T08:42:46.4228182Z go: downloading github.com/opencontainers/go-digest v1.0.0
2026-09-23T08:42:46.4228869Z go: downloading github.com/docker/distribution v2.8.3+incompatible
2026-09-23T08:42:46.4489365Z go: downloading go.uber.org/multierr v1.11.0
2026-09-23T08:42:46.4559385Z go: downloading github.com/containerd/stargz-snapshotter/estargz v0.16.3
2026-09-23T08:42:46.4784200Z go: downloading github.com/prometheus/client_golang v1.23.2
2026-09-23T08:42:46.5430658Z go: downloading go.opentelemetry.io/otel/exporters/prometheus v0.57.0
2026-09-23T08:42:46.5431287Z go: downloading go.opentelemetry.io/otel/sdk/metric v1.40.0
2026-09-23T08:42:46.5767827Z go: downloading github.com/go-logr/stdr v1.2.2
2026-09-23T08:42:46.5768634Z go: downloading go.opentelemetry.io/auto/sdk v1.2.1
2026-09-23T08:42:46.6087823Z go: downloading github.com/cenkalti/backoff/v5 v5.0.3
2026-09-23T08:42:46.6088877Z go: downloading github.com/grpc-ecosystem/grpc-gateway/v2 v2.27.7
2026-09-23T08:42:46.6408998Z go: downloading golang.org/x/net v0.55.0
2026-09-23T08:42:46.6838239Z go: downloading github.com/pkg/errors v0.9.1
2026-09-23T08:42:46.8676135Z go: downloading github.com/sirupsen/logrus v1.9.3
2026-09-23T08:42:46.8695203Z go: downloading github.com/opencontainers/image-spec v1.1.1
2026-09-23T08:42:46.8722563Z go: downloading github.com/klauspost/compress v1.18.0
2026-09-23T08:42:46.9197239Z go: downloading github.com/vbatts/tar-split v0.12.1
2026-09-23T08:42:46.9208428Z go: downloading github.com/beorn7/perks v1.0.1
2026-09-23T08:42:46.9474041Z go: downloading github.com/cespare/xxhash/v2 v2.3.0
2026-09-23T08:42:46.9652847Z go: downloading github.com/prometheus/client_model v0.6.2
2026-09-23T08:42:46.9742498Z go: downloading github.com/prometheus/common v0.67.5
2026-09-23T08:42:47.0108745Z go: downloading github.com/prometheus/procfs v0.20.1
2026-09-23T08:42:47.0248854Z go: downloading github.com/containerd/typeurl/v2 v2.2.3
2026-09-23T08:42:47.0278186Z go: downloading github.com/planetscale/vtprotobuf v0.6.1-0.20240409071808-615f978279ca
2026-09-23T08:42:47.0515872Z go: downloading google.golang.org/genproto/googleapis/api v0.0.0-20260128011058-8636f8732409
2026-09-23T08:42:47.0844859Z go: downloading github.com/docker/docker-credential-helpers v0.9.3
2026-09-23T08:42:47.1037282Z go: downloading github.com/munnerz/goautoneg v0.0.0-20191010083416-a7dc8b61c822
2026-09-23T08:42:47.1192858Z go: downloading github.com/gogo/protobuf v1.3.2
2026-09-23T08:42:47.1205481Z go: downloading golang.org/x/text v0.37.0
2026-09-23T08:43:12.2020169Z 
2026-09-23T08:43:12.2022509Z real	0m30.782s
2026-09-23T08:43:12.2022909Z user	1m24.652s
2026-09-23T08:43:12.2023244Z sys	0m11.125s
2026-09-23T08:43:12.2083254Z 2026-09-23T08:43:12.207881Z	info	Args: Push:              false
2026-09-23T08:43:12.2083905Z Save:              false
2026-09-23T08:43:12.2084342Z NoClobber:         false
2026-09-23T08:43:12.2084755Z NoCache:           false
2026-09-23T08:43:12.2085177Z Targets:           [pilot]
2026-09-23T08:43:12.2085598Z Variants:          [default]
2026-09-23T08:43:12.2086178Z Architectures:     [linux/amd64]
2026-09-23T08:43:12.2086661Z BaseVersion:       2023-07-20T20-50-43
2026-09-23T08:43:12.2087372Z BaseImageRegistry: higress-registry.cn-hangzhou.cr.aliyuncs.com/higress
2026-09-23T08:43:12.2088416Z ProxyVersion:      1a53bf14a57976dd0f509752b748caf3b1125d54
2026-09-23T08:43:12.2088984Z ZtunnelVersion:    75376478762decb918ea884603b2852b1568b015
2026-09-23T08:43:12.2089743Z IstioVersion:      1.27-dev
2026-09-23T08:43:12.2090178Z Tags:              [a01636191d45d3bda350611b95f6d2363482dac2]
2026-09-23T08:43:12.2090738Z Hubs:              [higress-registry.cn-hangzhou.cr.aliyuncs.com/higress]
2026-09-23T08:43:12.2091283Z Builder:           docker
2026-09-23T08:43:12.2091749Z 
2026-09-23T08:43:12.2092174Z 2026-09-23T08:43:12.208734Z	info	building for architectures: [linux/amd64]
2026-09-23T08:43:12.2092836Z 2026-09-23T08:43:12.208967Z	info	Running make for linux/amd64: pilot-discovery init
2026-09-23T08:43:12.2094349Z 2026-09-23T08:43:12.209044Z	info	env: [TARGET_OS=linux TARGET_ARCH=amd64 TARGET_OUT=/work/out/linux_amd64 TARGET_OUT_LINUX=/work/out/linux_amd64]
2026-09-23T08:43:12.2409039Z fatal: detected dubious ownership in repository at '/work'
2026-09-23T08:43:12.2410187Z To add an exception for this directory, call:
2026-09-23T08:43:12.2410516Z 
2026-09-23T08:43:12.2410773Z 	git config --global --add safe.directory /work
2026-09-23T08:43:12.3230120Z GOOS=linux GOARCH=amd64 LDFLAGS='-X github.com/alibaba/higress/v2/pkg/cmd/lversion.higressVersion=v2.2.4 -X github.com/alibaba/higress/v2/pkg/cmd/lversion.gitCommitID=a01636191d45d3bda350611b95f6d2363482dac2 -extldflags -static -s -w' common/scripts/gobuild.sh /work/out/linux_amd64/ -tags=vtprotobuf,disable_pgv ./pilot/cmd/pilot-discovery
2026-09-23T08:43:12.3376752Z fatal: detected dubious ownership in repository at '/work'
2026-09-23T08:43:12.3377249Z To add an exception for this directory, call:
2026-09-23T08:43:12.3377487Z 
2026-09-23T08:43:12.3377693Z 	git config --global --add safe.directory /work
2026-09-23T08:43:12.3390672Z fatal: detected dubious ownership in repository at '/work'
2026-09-23T08:43:12.3391283Z To add an exception for this directory, call:
2026-09-23T08:43:12.3391538Z 
2026-09-23T08:43:12.3392243Z 	git config --global --add safe.directory /work
2026-09-23T08:43:12.3995996Z go: downloading go.uber.org/atomic v1.11.0
2026-09-23T08:43:12.3999053Z go: downloading k8s.io/apimachinery v0.34.1
2026-09-23T08:43:12.4005677Z go: downloading github.com/fsnotify/fsnotify v1.9.0
2026-09-23T08:43:12.4017853Z go: downloading github.com/grpc-ecosystem/go-grpc-prometheus v1.2.0
2026-09-23T08:43:12.5297637Z go: downloading github.com/higress-group/api v0.0.0-20260211054508-efc0fe428ccc
2026-09-23T08:43:12.6680277Z go: downloading k8s.io/api v0.34.1
2026-09-23T08:43:12.7828598Z go: downloading k8s.io/client-go v0.34.1
2026-09-23T08:43:12.7829559Z go: downloading github.com/gorilla/mux v1.8.1
2026-09-23T08:43:12.7850317Z go: downloading github.com/google/cel-go v0.26.0
2026-09-23T08:43:12.8185245Z go: downloading github.com/hashicorp/go-multierror v1.1.1
2026-09-23T08:43:12.8465719Z go: downloading github.com/lestrrat-go/jwx v1.2.31
2026-09-23T08:43:12.9176585Z go: downloading golang.org/x/time v0.15.0
2026-09-23T08:43:12.9213132Z go: downloading github.com/evanphx/json-patch/v5 v5.9.11
2026-09-23T08:43:12.9459066Z go: downloading gomodules.xyz/jsonpatch/v2 v2.5.0
2026-09-23T08:43:12.9605420Z go: downloading github.com/higress-group/client-go v0.0.0-20251013085901-09ed8dc4e748
2026-09-23T08:43:13.2184654Z go: downloading k8s.io/apiextensions-apiserver v0.34.1
2026-09-23T08:43:13.2286352Z go: downloading sigs.k8s.io/gateway-api-inference-extension v1.1.0
2026-09-23T08:43:13.2287160Z go: downloading sigs.k8s.io/gateway-api v1.6.0
2026-09-23T08:43:13.4280683Z go: downloading k8s.io/apiserver v0.34.1
2026-09-23T08:43:13.4281461Z go: downloading github.com/grpc-ecosystem/go-grpc-middleware v1.4.0
2026-09-23T08:43:13.4293111Z go: downloading github.com/cncf/xds/go v0.0.0-20251110193048-8bfbf64dc13e
2026-09-23T08:43:13.4803862Z go: downloading github.com/higress-group/go-control-plane/envoy v0.0.0-20260808035359-140755b06167
2026-09-23T08:43:14.2368451Z go: downloading github.com/higress-group/go-control-plane v0.0.0-20260808035359-140755b06167
2026-09-23T08:43:14.3483307Z go: downloading github.com/google/go-cmp v0.7.0
2026-09-23T08:43:14.3484028Z go: downloading github.com/hashicorp/golang-lru/v2 v2.0.7
2026-09-23T08:43:14.3484711Z go: downloading github.com/miekg/dns v1.1.72
2026-09-23T08:43:14.3787122Z go: downloading github.com/Masterminds/sprig/v3 v3.3.0
2026-09-23T08:43:14.3818206Z go: downloading github.com/higress-group/go-control-plane/contrib v0.0.0-20260808035359-140755b06167
2026-09-23T08:43:14.3821175Z go: downloading github.com/golang/protobuf v1.5.4
2026-09-23T08:43:14.4200134Z go: downloading github.com/yl2chen/cidranger v1.0.2
2026-09-23T08:43:14.4273658Z go: downloading sigs.k8s.io/mcs-api v0.1.1-0.20240624222831-d7001fe1d21c
2026-09-23T08:43:14.5440998Z go: downloading github.com/hashicorp/go-version v1.7.0
2026-09-23T08:43:14.5699915Z go: downloading github.com/openshift/api v0.0.0-20250507150912-7318813e48da
2026-09-23T08:43:14.5709139Z go: downloading github.com/prometheus/prometheus v0.307.1
2026-09-23T08:43:14.5731237Z go: downloading k8s.io/utils v0.0.0-20260319190234-28399d86e0b5
2026-09-23T08:43:14.6195589Z go: downloading github.com/Masterminds/semver/v3 v3.4.0
2026-09-23T08:43:14.6580087Z go: downloading github.com/grpc-ecosystem/go-grpc-middleware/v2 v2.3.3
2026-09-23T08:43:14.7029183Z go: downloading github.com/go-jose/go-jose/v4 v4.1.0
2026-09-23T08:43:14.7473936Z go: downloading github.com/alecholmes/xfccparser v0.4.0
2026-09-23T08:43:14.7953785Z go: downloading github.com/coreos/go-oidc/v3 v3.14.1
2026-09-23T08:43:14.8272775Z go: downloading sigs.k8s.io/randfill v1.0.0
2026-09-23T08:43:14.8553436Z go: downloading github.com/cpuguy83/go-md2man/v2 v2.0.7
2026-09-23T08:43:14.8822247Z go: downloading go.yaml.in/yaml/v3 v3.0.4
2026-09-23T08:43:14.9185245Z go: downloading github.com/hashicorp/errwrap v1.1.0
2026-09-23T08:43:14.9422980Z go: downloading cel.dev/expr v0.25.1
2026-09-23T08:43:14.9885206Z go: downloading github.com/lestrrat-go/backoff/v2 v2.0.8
2026-09-23T08:43:15.0140190Z go: downloading github.com/lestrrat-go/blackmagic v1.0.3
2026-09-23T08:43:15.0397211Z go: downloading github.com/lestrrat-go/httpcc v1.0.1
2026-09-23T08:43:15.0649078Z go: downloading github.com/lestrrat-go/iter v1.0.2
2026-09-23T08:43:15.0869920Z go: downloading github.com/lestrrat-go/option v1.0.1
2026-09-23T08:43:15.0928984Z go: downloading sigs.k8s.io/structured-merge-diff/v6 v6.4.0
2026-09-23T08:43:15.0929887Z go: downloading sigs.k8s.io/json v0.0.0-20250730193827-2d320260d730
2026-09-23T08:43:15.0932304Z go: downloading golang.org/x/oauth2 v0.36.0
2026-09-23T08:43:15.1165317Z go: downloading k8s.io/kube-openapi v0.0.0-20260501160325-927ab1f70cd6
2026-09-23T08:43:15.1433086Z go: downloading github.com/envoyproxy/protoc-gen-validate v1.3.0
2026-09-23T08:43:15.1583374Z go: downloading dario.cat/mergo v1.0.2
2026-09-23T08:43:15.1897807Z go: downloading github.com/Masterminds/goutils v1.1.1
2026-09-23T08:43:15.1940239Z go: downloading github.com/huandu/xstrings v1.5.0
2026-09-23T08:43:15.2151939Z go: downloading github.com/mitchellh/copystructure v1.2.0
2026-09-23T08:43:15.2211011Z go: downloading github.com/shopspring/decimal v1.4.0
2026-09-23T08:43:15.2402127Z go: downloading github.com/spf13/cast v1.8.0
2026-09-23T08:43:15.2530579Z go: downloading golang.org/x/crypto v0.51.0
2026-09-23T08:43:15.2952464Z go: downloading github.com/cenkalti/backoff/v4 v4.3.0
2026-09-23T08:43:15.3246656Z go: downloading github.com/ryanuber/go-glob v1.0.0
2026-09-23T08:43:15.3313026Z go: downloading github.com/moby/spdystream v0.5.1
2026-09-23T08:43:15.3502829Z go: downloading github.com/google/gnostic-models v0.7.1
2026-09-23T08:43:15.3581965Z go: downloading github.com/gregjones/httpcache v0.0.0-20190611155906-901d90724c79
2026-09-23T08:43:15.3806712Z go: downloading github.com/peterbourgon/diskv v2.0.1+incompatible
2026-09-23T08:43:15.3817493Z go: downloading gopkg.in/evanphx/json-patch.v4 v4.13.0
2026-09-23T08:43:15.3892770Z go: downloading golang.org/x/term v0.43.0
2026-09-23T08:43:15.4080555Z go: downloading github.com/gorilla/websocket v1.5.4-0.20250319132907-e064f32e3674
2026-09-23T08:43:15.4109845Z go: downloading github.com/alecthomas/participle/v2 v2.1.4
2026-09-23T08:43:15.4386214Z go: downloading gopkg.in/inf.v0 v0.9.1
2026-09-23T08:43:15.4437616Z go: downloading github.com/russross/blackfriday/v2 v2.1.0
2026-09-23T08:43:15.4438660Z go: downloading github.com/stoewer/go-strcase v1.3.0
2026-09-23T08:43:15.4641588Z go: downloading github.com/antlr4-go/antlr/v4 v4.13.1
2026-09-23T08:43:15.4642664Z go: downloading github.com/grafana/regexp v0.0.0-20250905093917-f7b3be9d1853
2026-09-23T08:43:15.4753041Z go: downloading github.com/fxamacker/cbor/v2 v2.9.1
2026-09-23T08:43:15.4817991Z go: downloading github.com/davecgh/go-spew v1.1.2-0.20180830191138-d8f796af33cc
2026-09-23T08:43:15.4995285Z go: downloading github.com/json-iterator/go v1.1.12
2026-09-23T08:43:15.5067053Z go: downloading github.com/mitchellh/reflectwalk v1.0.2
2026-09-23T08:43:15.5107613Z go: downloading github.com/go-openapi/jsonreference v0.21.5
2026-09-23T08:43:15.5150731Z go: downloading github.com/go-openapi/swag v0.26.0
2026-09-23T08:43:15.5324318Z go: downloading github.com/tetratelabs/wazero v1.9.0
2026-09-23T08:43:15.5405636Z go: downloading gopkg.in/yaml.v3 v3.0.1
2026-09-23T08:43:15.5406235Z go: downloading github.com/mxk/go-flowrate v0.0.0-20140419014527-cca7078d478f
2026-09-23T08:43:15.5451354Z go: downloading github.com/pmezard/go-difflib v1.0.1-0.20181226105442-5d4384ee4fb2
2026-09-23T08:43:15.5717115Z go: downloading github.com/google/btree v1.1.3
2026-09-23T08:43:15.5812151Z go: downloading golang.org/x/exp v0.0.0-20230713183714-613f0c0eb8a1
2026-09-23T08:43:15.5989917Z go: downloading github.com/x448/float16 v0.8.4
2026-09-23T08:43:15.6135321Z go: downloading github.com/go-openapi/jsonpointer v0.23.1
2026-09-23T08:43:15.6304897Z go: downloading github.com/modern-go/concurrent v0.0.0-20180306012644-bacd9c7ef1dd
2026-09-23T08:43:15.6464750Z go: downloading github.com/modern-go/reflect2 v1.0.3-0.20250322232337-35a7c28c31ee
2026-09-23T08:43:15.6580956Z go: downloading github.com/go-openapi/swag/cmdutils v0.26.0
2026-09-23T08:43:15.6612633Z go: downloading github.com/go-openapi/swag/conv v0.26.0
2026-09-23T08:43:15.6755701Z go: downloading github.com/go-openapi/swag/fileutils v0.26.0
2026-09-23T08:43:15.6834210Z go: downloading github.com/go-openapi/swag/jsonname v0.26.0
2026-09-23T08:43:15.6900426Z go: downloading github.com/go-openapi/swag/jsonutils v0.26.0
2026-09-23T08:43:15.7030742Z go: downloading github.com/go-openapi/swag/loading v0.26.0
2026-09-23T08:43:15.7106979Z go: downloading github.com/go-openapi/swag/mangling v0.26.0
2026-09-23T08:43:15.7186312Z go: downloading github.com/go-openapi/swag/netutils v0.26.0
2026-09-23T08:43:15.7288910Z go: downloading github.com/go-openapi/swag/stringutils v0.26.0
2026-09-23T08:43:15.7393257Z go: downloading github.com/go-openapi/swag/typeutils v0.26.0
2026-09-23T08:43:15.7451280Z go: downloading github.com/go-openapi/swag/yamlutils v0.26.0
2026-09-23T08:43:15.7552768Z go: downloading cloud.google.com/go/compute/metadata v0.8.4
2026-09-23T08:43:15.7643238Z go: downloading github.com/emicklei/go-restful/v3 v3.13.0
2026-09-23T08:43:15.7710122Z go: downloading cloud.google.com/go v0.120.0
2026-09-23T08:45:27.2556307Z 
2026-09-23T08:45:27.2559818Z real	2m14.915s
2026-09-23T08:45:27.2560275Z user	6m58.020s
2026-09-23T08:45:27.2560627Z sys	0m48.087s
2026-09-23T08:45:27.2650279Z TARGET_OUT=/work/out/linux_amd64 ISTIO_BIN=/bin GOOS_LOCAL=linux bin/retry.sh SSL_ERROR_SYSCALL bin/init.sh
2026-09-23T08:45:27.2897273Z Skipping envoy debug. Set DEBUG_IMAGE to download.
2026-09-23T08:45:27.2933843Z /work/out/linux_amd64/release /work
2026-09-23T08:45:27.2935441Z Downloading envoy: https://github.com/higress-group/proxy/releases/download/v2.2.4-test-envoy-1.36.10/envoy-symbol-amd64.tar.gz to /work/out/linux_amd64/release/envoy-1a53bf14a57976dd0f509752b748caf3b1125d54
2026-09-23T08:45:32.2864886Z 
2026-09-23T08:45:32.2865396Z real	0m4.993s
2026-09-23T08:45:32.2865792Z user	0m4.154s
2026-09-23T08:45:32.2866124Z sys	0m1.175s
2026-09-23T08:45:32.2893153Z Copying /work/out/linux_amd64/release/envoy-1a53bf14a57976dd0f509752b748caf3b1125d54 to /work/out/linux_amd64/release/envoy
2026-09-23T08:45:32.7492940Z /work
2026-09-23T08:45:32.7494574Z Copying /work/out/linux_amd64/release/envoy-1a53bf14a57976dd0f509752b748caf3b1125d54 to /work/out/linux_amd64/envoy
2026-09-23T08:45:35.9729816Z touch /work/out/linux_amd64/istio_is_init
2026-09-23T08:45:35.9755562Z TARGET_OUT=/work/out/linux_amd64 bin/build_ztunnel.sh
2026-09-23T08:45:35.9955242Z /work/out/linux_amd64/release /work
2026-09-23T08:45:35.9956355Z Downloading ztunnel: https://storage.googleapis.com/istio-build/ztunnel/ztunnel-75376478762decb918ea884603b2852b1568b015-amd64 to /work/out/linux_amd64/release/ztunnel-75376478762decb918ea884603b2852b1568b015
2026-09-23T08:45:36.4050208Z 
2026-09-23T08:45:36.4050965Z real	0m0.409s
2026-09-23T08:45:36.4051413Z user	0m0.072s
2026-09-23T08:45:36.4051741Z sys	0m0.031s
2026-09-23T08:45:36.4082277Z Copying /work/out/linux_amd64/release/ztunnel-75376478762decb918ea884603b2852b1568b015 to /work/out/linux_amd64/release/ztunnel
2026-09-23T08:45:36.4666591Z /work
2026-09-23T08:45:36.4667639Z Copying '/work/out/linux_amd64/release/ztunnel-75376478762decb918ea884603b2852b1568b015' to /work/out/linux_amd64/ztunnel
2026-09-23T08:45:36.5404311Z 2026-09-23T08:45:36.539870Z	info	Running command: tools/docker-copy.sh pilot/docker/Dockerfile.pilot tools/packaging/common/envoy_bootstrap.json tools/packaging/common/higress-pilot-start.sh /work/out/linux_amd64/pilot-discovery /work/out/linux_amd64/dockerx_build/build.docker.pilot
2026-09-23T08:45:37.0982722Z 2026-09-23T08:45:37.097664Z	info	make complete	runtime=2m24.888676708s
2026-09-23T08:45:37.0983788Z 2026-09-23T08:45:37.097802Z	info	Running command: docker buildx bake -f /work/out/linux_amd64/dockerx_build/docker-bake.json all
2026-09-23T08:45:39.2994658Z #0 building with "default" instance using docker driver
2026-09-23T08:45:39.2995158Z 
2026-09-23T08:45:39.2995360Z #1 [internal] load build definition from Dockerfile.pilot
2026-09-23T08:45:39.5995620Z #1 transferring dockerfile: 998B done
2026-09-23T08:45:39.7498344Z #1 DONE 0.4s
2026-09-23T08:45:39.7498668Z 
2026-09-23T08:45:39.7499206Z #2 [internal] load metadata for higress-registry.cn-hangzhou.cr.aliyuncs.com/higress/base:2023-07-20T20-50-43
2026-09-23T08:45:43.0223993Z #2 DONE 3.4s
2026-09-23T08:45:43.0224844Z 
2026-09-23T08:45:43.0225317Z #3 [internal] load .dockerignore
2026-09-23T08:45:43.0225906Z #3 transferring context:
2026-09-23T08:45:43.1371755Z #3 transferring context: 2B done
2026-09-23T08:45:43.1372626Z #3 DONE 0.0s
2026-09-23T08:45:43.1372873Z 
2026-09-23T08:45:43.1375010Z #4 [debug 1/1] FROM higress-registry.cn-hangzhou.cr.aliyuncs.com/higress/base:2023-07-20T20-50-43@sha256:043f4fd9072974da11e51736521eb7118cf159bf6872a1a00a90f1efe85764b6
2026-09-23T08:45:43.1376896Z #4 resolve higress-registry.cn-hangzhou.cr.aliyuncs.com/higress/base:2023-07-20T20-50-43@sha256:043f4fd9072974da11e51736521eb7118cf159bf6872a1a00a90f1efe85764b6 done
2026-09-23T08:45:43.1377908Z #4 CACHED
2026-09-23T08:45:43.1378113Z 
2026-09-23T08:45:43.1378308Z #5 [internal] load build context
2026-09-23T08:45:43.4878848Z #5 transferring context: 113.56MB 0.4s done
2026-09-23T08:45:43.5927771Z #5 DONE 0.6s
2026-09-23T08:45:43.7434354Z 
2026-09-23T08:45:43.7435161Z #6 [stage-2 1/3] COPY amd64/pilot-discovery /usr/local/bin/pilot-discovery
2026-09-23T08:45:51.0679607Z #6 DONE 7.5s
2026-09-23T08:45:51.2179592Z 
2026-09-23T08:45:51.2180415Z #7 [stage-2 2/3] COPY higress-pilot-start.sh /usr/local/bin/higress-pilot-start.sh
2026-09-23T08:45:51.2180907Z #7 DONE 0.0s
2026-09-23T08:45:51.2181040Z 
2026-09-23T08:45:51.2181258Z #8 [stage-2 3/3] RUN chmod +x /usr/local/bin/higress-pilot-start.sh
2026-09-23T08:45:51.3690645Z #8 DONE 0.2s
2026-09-23T08:45:51.3691179Z 
2026-09-23T08:45:51.3692288Z #9 exporting to image
2026-09-23T08:45:51.3692802Z #9 exporting layers
2026-09-23T08:45:52.0278432Z #9 exporting layers 0.8s done
2026-09-23T08:45:52.0279229Z #9 writing image sha256:593e4421e441b1eb4f2bb9a73f2e2636219c99efe818296fa9214cc3ac374246 done
2026-09-23T08:45:52.0280400Z #9 naming to higress-registry.cn-hangzhou.cr.aliyuncs.com/higress/pilot:a01636191d45d3bda350611b95f6d2363482dac2 done
2026-09-23T08:45:52.0281039Z #9 DONE 0.8s
2026-09-23T08:45:52.0310194Z 2026-09-23T08:45:52.030476Z	info	images complete	runtime=14.932753189s
2026-09-23T08:45:52.0311027Z 2026-09-23T08:45:52.030600Z	info	build complete	runtime=2m39.822813157s
2026-09-23T08:45:52.2023815Z make[1]: Leaving directory '/home/runner/work/higress/higress/external/istio'
2026-09-23T08:45:52.2406210Z tools/hack/kind-load-image.sh higress-registry.cn-hangzhou.cr.aliyuncs.com/higress/higress a01636191d45d3bda350611b95f6d2363482dac2
2026-09-23T08:45:52.2706401Z Loading image higress-registry.cn-hangzhou.cr.aliyuncs.com/higress/higress:a01636191d45d3bda350611b95f6d2363482dac2 to kind cluster higress...
2026-09-23T08:45:53.4583900Z Image: "" with ID "sha256:d752ed356149fb36f10ed91d21faf00e4431b69a6c9f9b002d5a9bf34433dddb" not yet present on node "higress-control-plane", loading...
2026-09-23T08:46:05.0185570Z tools/hack/docker-pull-image.sh higress-registry.cn-hangzhou.cr.aliyuncs.com/higress/gateway 6fad1fa9aca8bc8a055a4c65d66a125c791cff10
2026-09-23T08:46:05.0205069Z Pulling image higress-registry.cn-hangzhou.cr.aliyuncs.com/higress/gateway:6fad1fa9aca8bc8a055a4c65d66a125c791cff10 to local ...
2026-09-23T08:46:10.1440721Z 6fad1fa9aca8bc8a055a4c65d66a125c791cff10: Pulling from higress/gateway
2026-09-23T08:46:10.1442350Z 3153aa388d02: Already exists
2026-09-23T08:46:10.1462238Z 54caf5b3a5e2: Already exists
2026-09-23T08:46:10.1477261Z 7b5da4110036: Already exists
2026-09-23T08:46:10.1492431Z 0cc32659cde8: Pulling fs layer
2026-09-23T08:46:10.1492951Z 5b7c092881de: Pulling fs layer
2026-09-23T08:46:10.1493353Z 606294ec275d: Pulling fs layer
2026-09-23T08:46:10.1493647Z fc09ba6f5202: Pulling fs layer
2026-09-23T08:46:10.1493946Z 44c0a4212730: Pulling fs layer
2026-09-23T08:46:10.1494245Z e9a2cd67e5e1: Pulling fs layer
2026-09-23T08:46:10.1494548Z 292a6d90a342: Pulling fs layer
2026-09-23T08:46:10.1494900Z 0576724877e6: Pulling fs layer
2026-09-23T08:46:10.1495194Z 93707a7fe8bd: Pulling fs layer
2026-09-23T08:46:10.1495490Z 42ae04c21a9c: Pulling fs layer
2026-09-23T08:46:10.1495785Z bb0ccb968da1: Pulling fs layer
2026-09-23T08:46:10.1496084Z 44c0a4212730: Waiting
2026-09-23T08:46:10.1496347Z e9a2cd67e5e1: Waiting
2026-09-23T08:46:10.1496600Z 292a6d90a342: Waiting
2026-09-23T08:46:10.1496836Z 0576724877e6: Waiting
2026-09-23T08:46:10.1497099Z 93707a7fe8bd: Waiting
2026-09-23T08:46:10.1497340Z 42ae04c21a9c: Waiting
2026-09-23T08:46:10.1497563Z bb0ccb968da1: Waiting
2026-09-23T08:46:10.1497775Z fc09ba6f5202: Waiting
2026-09-23T08:46:13.3998730Z 0cc32659cde8: Download complete
2026-09-23T08:46:13.4849591Z 5b7c092881de: Verifying Checksum
2026-09-23T08:46:14.7444289Z 0cc32659cde8: Pull complete
2026-09-23T08:46:14.7804795Z 5b7c092881de: Pull complete
2026-09-23T08:46:17.1719791Z 44c0a4212730: Verifying Checksum
2026-09-23T08:46:17.1720402Z 44c0a4212730: Download complete
2026-09-23T08:46:18.0783011Z fc09ba6f5202: Verifying Checksum
2026-09-23T08:46:18.0783645Z fc09ba6f5202: Download complete
2026-09-23T08:46:20.7599338Z 606294ec275d: Verifying Checksum
2026-09-23T08:46:20.7606268Z 606294ec275d: Download complete
2026-09-23T08:46:21.6156043Z 292a6d90a342: Verifying Checksum
2026-09-23T08:46:21.6157318Z 292a6d90a342: Download complete
2026-09-23T08:46:22.5822627Z 0576724877e6: Download complete
2026-09-23T08:46:23.5007769Z 93707a7fe8bd: Verifying Checksum
2026-09-23T08:46:23.5008455Z 93707a7fe8bd: Download complete
2026-09-23T08:46:24.6781651Z e9a2cd67e5e1: Verifying Checksum
2026-09-23T08:46:24.6782357Z e9a2cd67e5e1: Download complete
2026-09-23T08:46:25.4053332Z bb0ccb968da1: Verifying Checksum
2026-09-23T08:46:27.3941523Z bb0ccb968da1: Download complete
2026-09-23T08:46:27.3942305Z 42ae04c21a9c: Verifying Checksum
2026-09-23T08:46:27.3942636Z 42ae04c21a9c: Download complete
2026-09-23T08:46:29.1786957Z 606294ec275d: Pull complete
2026-09-23T08:46:29.9642410Z fc09ba6f5202: Pull complete
2026-09-23T08:46:30.2723241Z 44c0a4212730: Pull complete
2026-09-23T08:46:32.6855941Z e9a2cd67e5e1: Pull complete
2026-09-23T08:46:32.8590013Z 292a6d90a342: Pull complete
2026-09-23T08:46:32.8690053Z 0576724877e6: Pull complete
2026-09-23T08:46:32.8789669Z 93707a7fe8bd: Pull complete
2026-09-23T08:46:33.6480123Z 42ae04c21a9c: Pull complete
2026-09-23T08:46:33.6599210Z bb0ccb968da1: Pull complete
2026-09-23T08:46:33.6645159Z Digest: sha256:9d5b5ded5e51793037dbc360dc3cb59cd09ebc0ce712a0c0ecf693852902127e
2026-09-23T08:46:33.6658542Z Status: Downloaded newer image for higress-registry.cn-hangzhou.cr.aliyuncs.com/higress/gateway:6fad1fa9aca8bc8a055a4c65d66a125c791cff10
2026-09-23T08:46:33.6668191Z higress-registry.cn-hangzhou.cr.aliyuncs.com/higress/gateway:6fad1fa9aca8bc8a055a4c65d66a125c791cff10
2026-09-23T08:46:33.6681518Z tools/hack/docker-pull-image.sh higress-registry.cn-hangzhou.cr.aliyuncs.com/higress/dubbo-provider-demo 0.0.3-x86
2026-09-23T08:46:33.6699206Z Pulling image higress-registry.cn-hangzhou.cr.aliyuncs.com/higress/dubbo-provider-demo:0.0.3-x86 to local ...
2026-09-23T08:46:38.8001060Z 0.0.3-x86: Pulling from higress/dubbo-provider-demo
2026-09-23T08:46:38.8002176Z 001c52e26ad5: Pulling fs layer
2026-09-23T08:46:38.8002788Z d9d4b9b6e964: Pulling fs layer
2026-09-23T08:46:38.8003806Z 2068746827ec: Pulling fs layer
2026-09-23T08:46:38.8004290Z 9daef329d350: Pulling fs layer
2026-09-23T08:46:38.8004703Z d85151f15b66: Pulling fs layer
2026-09-23T08:46:38.8005851Z 66223a710990: Pulling fs layer
2026-09-23T08:46:38.8006158Z db38d58ec8ab: Pulling fs layer
2026-09-23T08:46:38.8006497Z 86d946ce7e1b: Pulling fs layer
2026-09-23T08:46:38.8006822Z 34ebe0a5c706: Pulling fs layer
2026-09-23T08:46:38.8007120Z 66223a710990: Waiting
2026-09-23T08:46:38.8007509Z db38d58ec8ab: Waiting
2026-09-23T08:46:38.8007786Z 34ebe0a5c706: Waiting
2026-09-23T08:46:38.8008076Z 86d946ce7e1b: Waiting
2026-09-23T08:46:38.8008479Z 9daef329d350: Waiting
2026-09-23T08:46:38.8008753Z d85151f15b66: Waiting
2026-09-23T08:46:42.3842846Z d9d4b9b6e964: Verifying Checksum
2026-09-23T08:46:42.3843539Z d9d4b9b6e964: Download complete
2026-09-23T08:46:42.4023891Z 2068746827ec: Verifying Checksum
2026-09-23T08:46:42.4024324Z 2068746827ec: Download complete
2026-09-23T08:46:44.7192415Z 001c52e26ad5: Verifying Checksum
2026-09-23T08:46:44.7193158Z 001c52e26ad5: Download complete
2026-09-23T08:46:46.1651433Z d85151f15b66: Verifying Checksum
2026-09-23T08:46:46.1652583Z d85151f15b66: Download complete
2026-09-23T08:46:46.2170557Z 001c52e26ad5: Pull complete
2026-09-23T08:46:46.5519789Z 66223a710990: Verifying Checksum
2026-09-23T08:46:46.5520646Z 66223a710990: Download complete
2026-09-23T08:46:47.6698084Z d9d4b9b6e964: Pull complete
2026-09-23T08:46:48.0357635Z 2068746827ec: Pull complete
2026-09-23T08:46:48.4589909Z 86d946ce7e1b: Verifying Checksum
2026-09-23T08:46:48.4593488Z 86d946ce7e1b: Download complete
2026-09-23T08:46:48.5501574Z 9daef329d350: Verifying Checksum
2026-09-23T08:46:48.5503133Z 9daef329d350: Download complete
2026-09-23T08:46:51.4342183Z 9daef329d350: Pull complete
2026-09-23T08:46:51.7602746Z d85151f15b66: Pull complete
2026-09-23T08:46:51.7839478Z 66223a710990: Pull complete
2026-09-23T08:46:52.9069544Z 34ebe0a5c706: Verifying Checksum
2026-09-23T08:46:52.9069999Z 34ebe0a5c706: Download complete
2026-09-23T08:46:59.1497283Z db38d58ec8ab: Verifying Checksum
2026-09-23T08:46:59.1497786Z db38d58ec8ab: Download complete
2026-09-23T08:47:03.0098488Z db38d58ec8ab: Pull complete
2026-09-23T08:47:03.0216910Z 86d946ce7e1b: Pull complete
2026-09-23T08:47:03.3717112Z 34ebe0a5c706: Pull complete
2026-09-23T08:47:03.3756747Z Digest: sha256:20cfe40bc8792bd95a88930570e1e48973cf5197b6a42f67f926a0b9fc806187
2026-09-23T08:47:03.3769278Z Status: Downloaded newer image for higress-registry.cn-hangzhou.cr.aliyuncs.com/higress/dubbo-provider-demo:0.0.3-x86
2026-09-23T08:47:03.3779254Z higress-registry.cn-hangzhou.cr.aliyuncs.com/higress/dubbo-provider-demo:0.0.3-x86
2026-09-23T08:47:03.3793446Z tools/hack/docker-pull-image.sh higress-registry.cn-hangzhou.cr.aliyuncs.com/higress/nacos-standlone-rc3 1.0.0-RC3
2026-09-23T08:47:03.3811550Z Pulling image higress-registry.cn-hangzhou.cr.aliyuncs.com/higress/nacos-standlone-rc3:1.0.0-RC3 to local ...
2026-09-23T08:47:07.1790100Z 1.0.0-RC3: Pulling from higress/nacos-standlone-rc3
2026-09-23T08:47:07.1791036Z 001c52e26ad5: Already exists
2026-09-23T08:47:07.1806785Z d9d4b9b6e964: Already exists
2026-09-23T08:47:07.1819638Z 2068746827ec: Already exists
2026-09-23T08:47:07.1833511Z 9daef329d350: Already exists
2026-09-23T08:47:07.1845493Z d85151f15b66: Already exists
2026-09-23T08:47:07.1857859Z 66223a710990: Already exists
2026-09-23T08:47:07.1879898Z db38d58ec8ab: Already exists
2026-09-23T08:47:07.1892775Z d7dd6d4fbef7: Pulling fs layer
2026-09-23T08:47:07.1893478Z f0f498620312: Pulling fs layer
2026-09-23T08:47:09.0906489Z d7dd6d4fbef7: Verifying Checksum
2026-09-23T08:47:09.0907162Z d7dd6d4fbef7: Download complete
2026-09-23T08:47:09.1051452Z d7dd6d4fbef7: Pull complete
2026-09-23T08:47:12.4732872Z f0f498620312: Verifying Checksum
2026-09-23T08:47:12.4733811Z f0f498620312: Download complete
2026-09-23T08:47:13.0524350Z f0f498620312: Pull complete
2026-09-23T08:47:13.0571168Z Digest: sha256:f789c83553d1cc47702d4a01d90b329c934b3abc673e4dbce191704a191e72c5
2026-09-23T08:47:13.0583962Z Status: Downloaded newer image for higress-registry.cn-hangzhou.cr.aliyuncs.com/higress/nacos-standlone-rc3:1.0.0-RC3
2026-09-23T08:47:13.0596954Z higress-registry.cn-hangzhou.cr.aliyuncs.com/higress/nacos-standlone-rc3:1.0.0-RC3
2026-09-23T08:47:13.0610357Z tools/hack/docker-pull-image.sh docker.io/hashicorp/consul 1.16.0
2026-09-23T08:47:13.0629039Z Pulling image docker.io/hashicorp/consul:1.16.0 to local ...
2026-09-23T08:47:13.7780826Z 1.16.0: Pulling from hashicorp/consul
2026-09-23T08:47:13.9879292Z 31e352740f53: Pulling fs layer
2026-09-23T08:47:13.9879931Z c330639c21aa: Pulling fs layer
2026-09-23T08:47:13.9880398Z 848085f4c17a: Pulling fs layer
2026-09-23T08:47:13.9880786Z b235ca933dc2: Pulling fs layer
2026-09-23T08:47:13.9881134Z ef1252b0af6d: Pulling fs layer
2026-09-23T08:47:13.9881611Z 4f4fb700ef54: Pulling fs layer
2026-09-23T08:47:13.9882167Z 36eee624f8b9: Pulling fs layer
2026-09-23T08:47:13.9882705Z b235ca933dc2: Waiting
2026-09-23T08:47:13.9883071Z ef1252b0af6d: Waiting
2026-09-23T08:47:13.9883435Z 4f4fb700ef54: Waiting
2026-09-23T08:47:13.9883785Z 36eee624f8b9: Waiting
2026-09-23T08:47:14.2038040Z 848085f4c17a: Verifying Checksum
2026-09-23T08:47:14.2038586Z 848085f4c17a: Download complete
2026-09-23T08:47:14.3151943Z 31e352740f53: Verifying Checksum
2026-09-23T08:47:14.3155023Z 31e352740f53: Download complete
2026-09-23T08:47:14.3385789Z c330639c21aa: Verifying Checksum
2026-09-23T08:47:14.3386290Z c330639c21aa: Download complete
2026-09-23T08:47:14.4116598Z 31e352740f53: Pull complete
2026-09-23T08:47:14.5490945Z 4f4fb700ef54: Verifying Checksum
2026-09-23T08:47:14.5492719Z 4f4fb700ef54: Download complete
2026-09-23T08:47:14.5525984Z ef1252b0af6d: Verifying Checksum
2026-09-23T08:47:14.5526811Z ef1252b0af6d: Download complete
2026-09-23T08:47:14.7482281Z 36eee624f8b9: Verifying Checksum
2026-09-23T08:47:14.7483010Z 36eee624f8b9: Download complete
2026-09-23T08:47:14.7565494Z b235ca933dc2: Verifying Checksum
2026-09-23T08:47:14.7566153Z b235ca933dc2: Download complete
2026-09-23T08:47:15.3631050Z c330639c21aa: Pull complete
2026-09-23T08:47:15.3920918Z 848085f4c17a: Pull complete
2026-09-23T08:47:16.9273403Z b235ca933dc2: Pull complete
2026-09-23T08:47:16.9372696Z ef1252b0af6d: Pull complete
2026-09-23T08:47:16.9466469Z 4f4fb700ef54: Pull complete
2026-09-23T08:47:16.9557538Z 36eee624f8b9: Pull complete
2026-09-23T08:47:16.9804708Z Digest: sha256:31818010adabea72f1263552270c436113415ecdf856b2020f81e809d0f987e6
2026-09-23T08:47:16.9818183Z Status: Downloaded newer image for hashicorp/consul:1.16.0
2026-09-23T08:47:16.9828549Z docker.io/hashicorp/consul:1.16.0
2026-09-23T08:47:16.9846419Z tools/hack/docker-pull-image.sh docker.io/charlie1380/eureka-registry-provider v0.3.0
2026-09-23T08:47:16.9864189Z Pulling image docker.io/charlie1380/eureka-registry-provider:v0.3.0 to local ...
2026-09-23T08:47:17.7115148Z v0.3.0: Pulling from charlie1380/eureka-registry-provider
2026-09-23T08:47:17.7115689Z 4be315f6562f: Pulling fs layer
2026-09-23T08:47:17.7116269Z 0b97724dec06: Pulling fs layer
2026-09-23T08:47:17.7116705Z 96a8e5c4d318: Pulling fs layer
2026-09-23T08:47:17.7117281Z 08699b343232: Pulling fs layer
2026-09-23T08:47:17.7117590Z dd2948529fd7: Pulling fs layer
2026-09-23T08:47:17.7118066Z 08699b343232: Waiting
2026-09-23T08:47:17.7118374Z dd2948529fd7: Waiting
2026-09-23T08:47:18.0268656Z 0b97724dec06: Verifying Checksum
2026-09-23T08:47:18.0270881Z 0b97724dec06: Download complete
2026-09-23T08:47:18.1393183Z 4be315f6562f: Download complete
2026-09-23T08:47:18.2630476Z 08699b343232: Download complete
2026-09-23T08:47:18.6204250Z dd2948529fd7: Download complete
2026-09-23T08:47:18.8801493Z 96a8e5c4d318: Verifying Checksum
2026-09-23T08:47:18.8802236Z 96a8e5c4d318: Download complete
2026-09-23T08:47:19.1509476Z 4be315f6562f: Pull complete
2026-09-23T08:47:20.8786861Z 0b97724dec06: Pull complete
2026-09-23T08:47:24.4000357Z 96a8e5c4d318: Pull complete
2026-09-23T08:47:24.4091171Z 08699b343232: Pull complete
2026-09-23T08:47:24.9342358Z dd2948529fd7: Pull complete
2026-09-23T08:47:24.9380748Z Digest: sha256:43bc2e8300162949ecafcc68392c5a0d3886b1421edbf10ac97cbe57943f02de
2026-09-23T08:47:24.9393010Z Status: Downloaded newer image for charlie1380/eureka-registry-provider:v0.3.0
2026-09-23T08:47:24.9425447Z docker.io/charlie1380/eureka-registry-provider:v0.3.0
2026-09-23T08:47:24.9441275Z tools/hack/docker-pull-image.sh docker.io/bitinit/eureka latest
2026-09-23T08:47:24.9459069Z Pulling image docker.io/bitinit/eureka:latest to local ...
2026-09-23T08:47:25.6578468Z latest: Pulling from bitinit/eureka
2026-09-23T08:47:25.6579064Z 6c40cc604d8e: Pulling fs layer
2026-09-23T08:47:25.6579658Z e78b80385239: Pulling fs layer
2026-09-23T08:47:25.6579988Z f41fe1b6eee3: Pulling fs layer
2026-09-23T08:47:25.6580378Z af202f7343a0: Pulling fs layer
2026-09-23T08:47:25.6580748Z a00c88a50b85: Pulling fs layer
2026-09-23T08:47:25.6581054Z af202f7343a0: Waiting
2026-09-23T08:47:25.6581462Z a00c88a50b85: Waiting
2026-09-23T08:47:25.8827359Z e78b80385239: Verifying Checksum
2026-09-23T08:47:25.8827951Z e78b80385239: Download complete
2026-09-23T08:47:25.9950912Z 6c40cc604d8e: Verifying Checksum
2026-09-23T08:47:25.9951461Z 6c40cc604d8e: Download complete
2026-09-23T08:47:26.0798067Z 6c40cc604d8e: Pull complete
2026-09-23T08:47:26.1465497Z e78b80385239: Pull complete
2026-09-23T08:47:26.1942149Z a00c88a50b85: Verifying Checksum
2026-09-23T08:47:26.1942715Z a00c88a50b85: Download complete
2026-09-23T08:47:26.3459934Z f41fe1b6eee3: Verifying Checksum
2026-09-23T08:47:26.3460498Z f41fe1b6eee3: Download complete
2026-09-23T08:47:26.5155033Z af202f7343a0: Verifying Checksum
2026-09-23T08:47:26.5155546Z af202f7343a0: Download complete
2026-09-23T08:47:27.5403342Z f41fe1b6eee3: Pull complete
2026-09-23T08:47:27.9696119Z af202f7343a0: Pull complete
2026-09-23T08:47:27.9788208Z a00c88a50b85: Pull complete
2026-09-23T08:47:27.9826834Z Digest: sha256:de501051899e1867d6c760bdf09fc5407674c22b03cab3ef28d815a1795ca718
2026-09-23T08:47:27.9839742Z Status: Downloaded newer image for bitinit/eureka:latest
2026-09-23T08:47:27.9851498Z docker.io/bitinit/eureka:latest
2026-09-23T08:47:27.9865383Z tools/hack/docker-pull-image.sh higress-registry.cn-hangzhou.cr.aliyuncs.com/higress/httpbin 1.0.2
2026-09-23T08:47:27.9884774Z Pulling image higress-registry.cn-hangzhou.cr.aliyuncs.com/higress/httpbin:1.0.2 to local ...
2026-09-23T08:47:32.0901548Z 1.0.2: Pulling from higress/httpbin
2026-09-23T08:47:32.0902285Z 4db1b89c0bd1: Pulling fs layer
2026-09-23T08:47:32.0902867Z 0700dc0e7018: Pulling fs layer
2026-09-23T08:47:32.0903198Z 704457b5e24b: Pulling fs layer
2026-09-23T08:47:34.0855825Z 0700dc0e7018: Verifying Checksum
2026-09-23T08:47:34.0856230Z 0700dc0e7018: Download complete
2026-09-23T08:47:35.4398933Z 4db1b89c0bd1: Verifying Checksum
2026-09-23T08:47:35.4399723Z 4db1b89c0bd1: Download complete
2026-09-23T08:47:35.5675768Z 4db1b89c0bd1: Pull complete
2026-09-23T08:47:35.6874544Z 0700dc0e7018: Pull complete
2026-09-23T08:47:35.9138223Z 704457b5e24b: Verifying Checksum
2026-09-23T08:47:35.9138829Z 704457b5e24b: Download complete
2026-09-23T08:47:36.1799906Z 704457b5e24b: Pull complete
2026-09-23T08:47:36.1894862Z Digest: sha256:8f7c8564935d876e84906951af455b1478207fe88c0c4304c3ed7828c8161e6b
2026-09-23T08:47:36.1909266Z Status: Downloaded newer image for higress-registry.cn-hangzhou.cr.aliyuncs.com/higress/httpbin:1.0.2
2026-09-23T08:47:36.1919091Z higress-registry.cn-hangzhou.cr.aliyuncs.com/higress/httpbin:1.0.2
2026-09-23T08:47:36.1934342Z tools/hack/docker-pull-image.sh higress-registry.cn-hangzhou.cr.aliyuncs.com/higress/echo-server 1.3.0
2026-09-23T08:47:36.1952694Z Pulling image higress-registry.cn-hangzhou.cr.aliyuncs.com/higress/echo-server:1.3.0 to local ...
2026-09-23T08:47:40.4780865Z 1.3.0: Pulling from higress/echo-server
2026-09-23T08:47:40.4781728Z 63b450eae87c: Pulling fs layer
2026-09-23T08:47:40.4782981Z 960043b8858c: Pulling fs layer
2026-09-23T08:47:40.4783485Z fe09e3ee53d2: Pulling fs layer
2026-09-23T08:47:40.4783962Z eebb06941f3e: Pulling fs layer
2026-09-23T08:47:40.4784449Z 02cd68c0cbf6: Pulling fs layer
2026-09-23T08:47:40.4784854Z d3c894b5b2b0: Pulling fs layer
2026-09-23T08:47:40.4785150Z b40161cd83fc: Pulling fs layer
2026-09-23T08:47:40.4785471Z 46ba3f23f1d3: Pulling fs layer
2026-09-23T08:47:40.4785773Z 4fa131a1b726: Pulling fs layer
2026-09-23T08:47:40.4786064Z eb07b1c7a2f2: Pulling fs layer
2026-09-23T08:47:40.4786351Z eebb06941f3e: Waiting
2026-09-23T08:47:40.4786613Z 02cd68c0cbf6: Waiting
2026-09-23T08:47:40.4786840Z d3c894b5b2b0: Waiting
2026-09-23T08:47:40.4787052Z b40161cd83fc: Waiting
2026-09-23T08:47:40.4787263Z 46ba3f23f1d3: Waiting
2026-09-23T08:47:40.4787482Z 4fa131a1b726: Waiting
2026-09-23T08:47:40.4787692Z eb07b1c7a2f2: Waiting
2026-09-23T08:47:42.3786269Z 960043b8858c: Verifying Checksum
2026-09-23T08:47:42.3786888Z 960043b8858c: Download complete
2026-09-23T08:47:42.5343501Z 63b450eae87c: Download complete
2026-09-23T08:47:42.5517819Z 63b450eae87c: Pull complete
2026-09-23T08:47:42.5751305Z 960043b8858c: Pull complete
2026-09-23T08:47:43.1660163Z fe09e3ee53d2: Verifying Checksum
2026-09-23T08:47:43.1660740Z fe09e3ee53d2: Download complete
2026-09-23T08:47:43.5035087Z fe09e3ee53d2: Pull complete
2026-09-23T08:47:44.2817189Z eebb06941f3e: Verifying Checksum
2026-09-23T08:47:44.2818930Z eebb06941f3e: Download complete
2026-09-23T08:47:44.2926874Z eebb06941f3e: Pull complete
2026-09-23T08:47:44.4797587Z 02cd68c0cbf6: Verifying Checksum
2026-09-23T08:47:44.4798344Z 02cd68c0cbf6: Download complete
2026-09-23T08:47:44.4916696Z 02cd68c0cbf6: Pull complete
2026-09-23T08:47:45.0663306Z d3c894b5b2b0: Verifying Checksum
2026-09-23T08:47:45.0663933Z d3c894b5b2b0: Download complete
2026-09-23T08:47:45.0870986Z d3c894b5b2b0: Pull complete
2026-09-23T08:47:46.1299002Z b40161cd83fc: Download complete
2026-09-23T08:47:46.1395834Z b40161cd83fc: Pull complete
2026-09-23T08:47:46.3125849Z 46ba3f23f1d3: Download complete
2026-09-23T08:47:46.3243064Z 46ba3f23f1d3: Pull complete
2026-09-23T08:47:47.2295481Z 4fa131a1b726: Verifying Checksum
2026-09-23T08:47:47.2296050Z 4fa131a1b726: Download complete
2026-09-23T08:47:47.2426470Z 4fa131a1b726: Pull complete
2026-09-23T08:47:49.2941417Z eb07b1c7a2f2: Verifying Checksum
2026-09-23T08:47:49.2942413Z eb07b1c7a2f2: Download complete
2026-09-23T08:47:49.3673673Z eb07b1c7a2f2: Pull complete
2026-09-23T08:47:49.3709056Z Digest: sha256:3b63248522e9fec0d7732578f0dd9ebcff2c2d091eb42b3bfe8e00a9513d5678
2026-09-23T08:47:49.3724349Z Status: Downloaded newer image for higress-registry.cn-hangzhou.cr.aliyuncs.com/higress/echo-server:1.3.0
2026-09-23T08:47:49.3735869Z higress-registry.cn-hangzhou.cr.aliyuncs.com/higress/echo-server:1.3.0
2026-09-23T08:47:49.3750487Z tools/hack/docker-pull-image.sh higress-registry.cn-hangzhou.cr.aliyuncs.com/higress/echo-server v1.0
2026-09-23T08:47:49.3768242Z Pulling image higress-registry.cn-hangzhou.cr.aliyuncs.com/higress/echo-server:v1.0 to local ...
2026-09-23T08:47:54.0796039Z v1.0: Pulling from higress/echo-server
2026-09-23T08:47:54.0797218Z 63b450eae87c: Already exists
2026-09-23T08:47:54.0813140Z 960043b8858c: Already exists
2026-09-23T08:47:54.0827073Z fe09e3ee53d2: Already exists
2026-09-23T08:47:54.0840432Z eebb06941f3e: Already exists
2026-09-23T08:47:54.0856762Z 02cd68c0cbf6: Already exists
2026-09-23T08:47:54.0869291Z d3c894b5b2b0: Already exists
2026-09-23T08:47:54.0892082Z b40161cd83fc: Already exists
2026-09-23T08:47:54.0913140Z 46ba3f23f1d3: Already exists
2026-09-23T08:47:54.0927819Z 4fa131a1b726: Already exists
2026-09-23T08:47:54.0948168Z e93818189734: Pulling fs layer
2026-09-23T08:47:57.1907249Z e93818189734: Download complete
2026-09-23T08:47:57.2873546Z e93818189734: Pull complete
2026-09-23T08:47:57.2910680Z Digest: sha256:6bdcad06010902e81f64e58858b27cc3e9a2cc9a3b634e0c8eda159d7323db76
2026-09-23T08:47:57.2923716Z Status: Downloaded newer image for higress-registry.cn-hangzhou.cr.aliyuncs.com/higress/echo-server:v1.0
2026-09-23T08:47:57.2934116Z higress-registry.cn-hangzhou.cr.aliyuncs.com/higress/echo-server:v1.0
2026-09-23T08:47:57.2949812Z tools/hack/docker-pull-image.sh higress-registry.cn-hangzhou.cr.aliyuncs.com/higress/echo-body 1.0.0
2026-09-23T08:47:57.2968029Z Pulling image higress-registry.cn-hangzhou.cr.aliyuncs.com/higress/echo-body:1.0.0 to local ...
2026-09-23T08:48:02.1845248Z 1.0.0: Pulling from higress/echo-body
2026-09-23T08:48:02.1847203Z 63b450eae87c: Already exists
2026-09-23T08:48:02.1858466Z 960043b8858c: Already exists
2026-09-23T08:48:02.1872784Z fe09e3ee53d2: Already exists
2026-09-23T08:48:02.1887510Z eebb06941f3e: Already exists
2026-09-23T08:48:02.1902122Z 02cd68c0cbf6: Already exists
2026-09-23T08:48:02.1915678Z d3c894b5b2b0: Already exists
2026-09-23T08:48:02.1928086Z b40161cd83fc: Already exists
2026-09-23T08:48:02.1941599Z 46ba3f23f1d3: Already exists
2026-09-23T08:48:02.1953060Z 4fa131a1b726: Already exists
2026-09-23T08:48:02.1965908Z c36a6fd4d92e: Pulling fs layer
2026-09-23T08:48:05.2681241Z c36a6fd4d92e: Verifying Checksum
2026-09-23T08:48:05.2681694Z c36a6fd4d92e: Download complete
2026-09-23T08:48:05.3422359Z c36a6fd4d92e: Pull complete
2026-09-23T08:48:05.3465448Z Digest: sha256:48f0660a6684e3ab62afcb9303d939a86215123a6f7397dd261f102b552449d3
2026-09-23T08:48:05.3484422Z Status: Downloaded newer image for higress-registry.cn-hangzhou.cr.aliyuncs.com/higress/echo-body:1.0.0
2026-09-23T08:48:05.3494109Z higress-registry.cn-hangzhou.cr.aliyuncs.com/higress/echo-body:1.0.0
2026-09-23T08:48:05.3507605Z tools/hack/docker-pull-image.sh openpolicyagent/opa 0.61.0
2026-09-23T08:48:05.3527129Z Pulling image openpolicyagent/opa:0.61.0 to local ...
2026-09-23T08:48:06.0662617Z 0.61.0: Pulling from openpolicyagent/opa
2026-09-23T08:48:06.0663247Z 457378243946: Pulling fs layer
2026-09-23T08:48:06.0663677Z 5774cacf2290: Pulling fs layer
2026-09-23T08:48:06.4023816Z 457378243946: Verifying Checksum
2026-09-23T08:48:06.4024998Z 457378243946: Download complete
2026-09-23T08:48:06.4880716Z 457378243946: Pull complete
2026-09-23T08:48:06.5152642Z 5774cacf2290: Verifying Checksum
2026-09-23T08:48:06.5153193Z 5774cacf2290: Download complete
2026-09-23T08:48:07.1256131Z 5774cacf2290: Pull complete
2026-09-23T08:48:07.1293546Z Digest: sha256:a95f428397caa271b861fab52016fbd1a318a3052253569ee5d2d8f9f16e6ca2
2026-09-23T08:48:07.1305619Z Status: Downloaded newer image for openpolicyagent/opa:0.61.0
2026-09-23T08:48:07.1314688Z docker.io/openpolicyagent/opa:0.61.0
2026-09-23T08:48:07.1330503Z tools/hack/docker-pull-image.sh curlimages/curl latest
2026-09-23T08:48:07.1348250Z Pulling image curlimages/curl:latest to local ...
2026-09-23T08:48:07.8606005Z latest: Pulling from curlimages/curl
2026-09-23T08:48:08.0742787Z b18ba029a163: Pulling fs layer
2026-09-23T08:48:08.4293975Z b18ba029a163: Verifying Checksum
2026-09-23T08:48:08.4294628Z b18ba029a163: Download complete
2026-09-23T08:48:08.6198723Z b18ba029a163: Pull complete
2026-09-23T08:48:08.6237875Z Digest: sha256:58adaa4e8dca9c988bae2aba4ab3434a0bb2da16bbe3f92dec39ec7785166777
2026-09-23T08:48:08.6254881Z Status: Downloaded newer image for curlimages/curl:latest
2026-09-23T08:48:08.6262937Z docker.io/curlimages/curl:latest
2026-09-23T08:48:08.6281340Z tools/hack/docker-pull-image.sh registry.cn-hangzhou.aliyuncs.com/2456868764/httpbin 1.0.2
2026-09-23T08:48:08.6298760Z Pulling image registry.cn-hangzhou.aliyuncs.com/2456868764/httpbin:1.0.2 to local ...
2026-09-23T08:48:13.1411268Z 1.0.2: Pulling from 2456868764/httpbin
2026-09-23T08:48:14.1142872Z Digest: sha256:70e3072843c6a954356bcf5de9a8d82903613c57440569648bccae7c8de026af
2026-09-23T08:48:14.1158764Z Status: Downloaded newer image for registry.cn-hangzhou.aliyuncs.com/2456868764/httpbin:1.0.2
2026-09-23T08:48:14.1167358Z registry.cn-hangzhou.aliyuncs.com/2456868764/httpbin:1.0.2
2026-09-23T08:48:14.1185248Z tools/hack/docker-pull-image.sh registry.cn-hangzhou.aliyuncs.com/hinsteny/nacos-standlone-rc3 1.0.0-RC3
2026-09-23T08:48:14.1205811Z Pulling image registry.cn-hangzhou.aliyuncs.com/hinsteny/nacos-standlone-rc3:1.0.0-RC3 to local ...
2026-09-23T08:48:17.1795259Z 1.0.0-RC3: Pulling from hinsteny/nacos-standlone-rc3
2026-09-23T08:48:17.1803855Z Digest: sha256:f789c83553d1cc47702d4a01d90b329c934b3abc673e4dbce191704a191e72c5
2026-09-23T08:48:17.1891485Z Status: Downloaded newer image for registry.cn-hangzhou.aliyuncs.com/hinsteny/nacos-standlone-rc3:1.0.0-RC3
2026-09-23T08:48:17.1900305Z registry.cn-hangzhou.aliyuncs.com/hinsteny/nacos-standlone-rc3:1.0.0-RC3
2026-09-23T08:48:17.1915783Z tools/hack/kind-load-image.sh higress-registry.cn-hangzhou.cr.aliyuncs.com/higress/pilot a01636191d45d3bda350611b95f6d2363482dac2
2026-09-23T08:48:17.2235472Z Loading image higress-registry.cn-hangzhou.cr.aliyuncs.com/higress/pilot:a01636191d45d3bda350611b95f6d2363482dac2 to kind cluster higress...
2026-09-23T08:48:17.3950953Z Image: "" with ID "sha256:593e4421e441b1eb4f2bb9a73f2e2636219c99efe818296fa9214cc3ac374246" not yet present on node "higress-control-plane", loading...
2026-09-23T08:48:23.4799099Z tools/hack/kind-load-image.sh higress-registry.cn-hangzhou.cr.aliyuncs.com/higress/dubbo-provider-demo 0.0.3-x86
2026-09-23T08:48:23.5108483Z Loading image higress-registry.cn-hangzhou.cr.aliyuncs.com/higress/dubbo-provider-demo:0.0.3-x86 to kind cluster higress...
2026-09-23T08:48:23.6751331Z Image: "" with ID "sha256:122a77195c42c65856a1f972db6df8022daca12c38e5d3b99c88dd532cba8892" not yet present on node "higress-control-plane", loading...
2026-09-23T08:48:47.1931358Z tools/hack/kind-load-image.sh higress-registry.cn-hangzhou.cr.aliyuncs.com/higress/nacos-standlone-rc3 1.0.0-RC3
2026-09-23T08:48:47.2254366Z Loading image higress-registry.cn-hangzhou.cr.aliyuncs.com/higress/nacos-standlone-rc3:1.0.0-RC3 to kind cluster higress...
2026-09-23T08:48:47.3947843Z Image: "" with ID "sha256:0722728036a53f90a222ee2fddc513253fd5ee07f0c7f4e9cf5c73a761aa2a1c" not yet present on node "higress-control-plane", loading...
2026-09-23T08:49:08.7530351Z tools/hack/kind-load-image.sh docker.io/hashicorp/consul 1.16.0
2026-09-23T08:49:08.7847207Z Loading image docker.io/hashicorp/consul:1.16.0 to kind cluster higress...
2026-09-23T08:49:08.9531013Z Image: "" with ID "sha256:403be061b294b1b98ab29f5843533d96792ccb9a0bb7b9c1bc9a729c4fed1ab6" not yet present on node "higress-control-plane", loading...
2026-09-23T08:49:13.3490178Z tools/hack/kind-load-image.sh higress-registry.cn-hangzhou.cr.aliyuncs.com/higress/httpbin 1.0.2
2026-09-23T08:49:13.3796737Z Loading image higress-registry.cn-hangzhou.cr.aliyuncs.com/higress/httpbin:1.0.2 to kind cluster higress...
2026-09-23T08:49:13.5409852Z Image: "" with ID "sha256:751a2cafab769f0048bf2307143b0e9976f6ac665df7d24521ac2d377932ed9e" not yet present on node "higress-control-plane", loading...
2026-09-23T08:49:15.9441113Z tools/hack/kind-load-image.sh docker.io/charlie1380/eureka-registry-provider v0.3.0
2026-09-23T08:49:15.9748234Z Loading image docker.io/charlie1380/eureka-registry-provider:v0.3.0 to kind cluster higress...
2026-09-23T08:49:16.1366083Z Image: "" with ID "sha256:9a79789bf142642a7ed4b6e7762cc964851da6f63c194784f534bd84809e1ab8" not yet present on node "higress-control-plane", loading...
2026-09-23T08:49:29.6492737Z tools/hack/kind-load-image.sh docker.io/bitinit/eureka latest
2026-09-23T08:49:29.6811236Z Loading image docker.io/bitinit/eureka:latest to kind cluster higress...
2026-09-23T08:49:29.8550478Z Image: "" with ID "sha256:2c45de181583a2addae4c8d5246524a1205d182ab91f732e29f44332d1abfb95" not yet present on node "higress-control-plane", loading...
2026-09-23T08:49:36.1528242Z tools/hack/kind-load-image.sh higress-registry.cn-hangzhou.cr.aliyuncs.com/higress/echo-server 1.3.0
2026-09-23T08:49:36.1856185Z Loading image higress-registry.cn-hangzhou.cr.aliyuncs.com/higress/echo-server:1.3.0 to kind cluster higress...
2026-09-23T08:49:36.3538425Z Image: "" with ID "sha256:9ade799723026170d7e7f82eeffc1518d8af5df6795bd81496b0ad7665ccb370" not yet present on node "higress-control-plane", loading...
2026-09-23T08:49:37.7901454Z tools/hack/kind-load-image.sh higress-registry.cn-hangzhou.cr.aliyuncs.com/higress/echo-server v1.0
2026-09-23T08:49:37.8209913Z Loading image higress-registry.cn-hangzhou.cr.aliyuncs.com/higress/echo-server:v1.0 to kind cluster higress...
2026-09-23T08:49:37.9862286Z Image: "" with ID "sha256:04c3a0c96deb4d9f18f81bad6e7dcb8acfc3aeb3c2f0661062e12411d5515e92" not yet present on node "higress-control-plane", loading...
2026-09-23T08:49:38.6315698Z tools/hack/kind-load-image.sh higress-registry.cn-hangzhou.cr.aliyuncs.com/higress/echo-body 1.0.0
2026-09-23T08:49:38.6644818Z Loading image higress-registry.cn-hangzhou.cr.aliyuncs.com/higress/echo-body:1.0.0 to kind cluster higress...
2026-09-23T08:49:38.8367546Z Image: "" with ID "sha256:05f4e0a60c13601e918b4e5b503556e8a155dae0cb0056e69092f867097631a8" not yet present on node "higress-control-plane", loading...
2026-09-23T08:49:39.4580887Z tools/hack/kind-load-image.sh openpolicyagent/opa 0.61.0
2026-09-23T08:49:39.4904243Z Loading image openpolicyagent/opa:0.61.0 to kind cluster higress...
2026-09-23T08:49:39.6571752Z Image: "" with ID "sha256:a5a1bec1743f89ccb9fd1cc9bd8ae61af82f306366aaf7ca733c17a2b18d42e0" not yet present on node "higress-control-plane", loading...
2026-09-23T08:49:41.8342463Z tools/hack/kind-load-image.sh curlimages/curl latest
2026-09-23T08:49:41.8656417Z Loading image curlimages/curl:latest to kind cluster higress...
2026-09-23T08:49:42.0253812Z Image: "" with ID "sha256:370bbf807caa020e727500e6b766909ea247ea1b93d2823d0ebb142af498af79" not yet present on node "higress-control-plane", loading...
2026-09-23T08:49:42.7750827Z tools/hack/kind-load-image.sh registry.cn-hangzhou.aliyuncs.com/2456868764/httpbin 1.0.2
2026-09-23T08:49:42.8072599Z Loading image registry.cn-hangzhou.aliyuncs.com/2456868764/httpbin:1.0.2 to kind cluster higress...
2026-09-23T08:49:42.9217113Z Image with ID: sha256:751a2cafab769f0048bf2307143b0e9976f6ac665df7d24521ac2d377932ed9e already present on the node higress-control-plane but is missing the tag registry.cn-hangzhou.aliyuncs.com/2456868764/httpbin:1.0.2. re-tagging...
2026-09-23T08:49:42.9791393Z tools/hack/kind-load-image.sh registry.cn-hangzhou.aliyuncs.com/hinsteny/nacos-standlone-rc3 1.0.0-RC3
2026-09-23T08:49:43.0091516Z Loading image registry.cn-hangzhou.aliyuncs.com/hinsteny/nacos-standlone-rc3:1.0.0-RC3 to kind cluster higress...
2026-09-23T08:49:43.1207529Z Image with ID: sha256:0722728036a53f90a222ee2fddc513253fd5ee07f0c7f4e9cf5c73a761aa2a1c already present on the node higress-control-plane but is missing the tag registry.cn-hangzhou.aliyuncs.com/hinsteny/nacos-standlone-rc3:1.0.0-RC3. re-tagging...
2026-09-23T08:49:43.1747919Z ./tools/hack/build-wasm-plugins.sh
2026-09-23T08:49:43.2025859Z make[1]: Entering directory '/home/runner/work/higress/higress/plugins/wasm-rust'
2026-09-23T08:49:43.2062315Z cargo fmt --all --check
2026-09-23T08:49:44.9978302Z cargo clippy --workspace --all-features --all-targets
2026-09-23T08:49:46.4273001Z     Updating crates.io index
2026-09-23T08:49:46.4288499Z     Updating git repository `https://github.com/higress-group/proxy-wasm-rust-sdk`
2026-09-23T08:49:47.4710712Z  Downloading crates ...
2026-09-23T08:49:47.5739213Z   Downloaded allocator-api2 v0.2.21
2026-09-23T08:49:47.5801233Z   Downloaded ahash v0.8.11
2026-09-23T08:49:47.5879416Z   Downloaded autocfg v1.4.0
2026-09-23T08:49:47.5930973Z   Downloaded lazy_static v1.5.0
2026-09-23T08:49:47.5943980Z   Downloaded fnv v1.0.7
2026-09-23T08:49:47.5967371Z   Downloaded utf8_iter v1.0.4
2026-09-23T08:49:47.6055523Z   Downloaded idna_adapter v1.2.0
2026-09-23T08:49:47.6081705Z   Downloaded zerofrom v0.1.5
2026-09-23T08:49:47.6089985Z   Downloaded zerofrom-derive v0.1.5
2026-09-23T08:49:47.6098803Z   Downloaded percent-encoding v2.3.1
2026-09-23T08:49:47.6116994Z   Downloaded form_urlencoded v1.2.1
2026-09-23T08:49:47.6124402Z   Downloaded version_check v0.9.5
2026-09-23T08:49:47.6135234Z   Downloaded icu_provider_macros v1.5.0
2026-09-23T08:49:47.6140007Z   Downloaded utf16_iter v1.0.5
2026-09-23T08:49:47.6148641Z   Downloaded stable_deref_trait v1.2.0
2026-09-23T08:49:47.6154694Z   Downloaded write16 v1.0.0
2026-09-23T08:49:47.6160401Z   Downloaded yoke-derive v0.7.5
2026-09-23T08:49:47.6254956Z   Downloaded cfg-if v1.0.0
2026-09-23T08:49:47.6265098Z   Downloaded itoa v1.0.14
2026-09-23T08:49:47.6273864Z   Downloaded downcast-rs v1.2.1
2026-09-23T08:49:47.6283796Z   Downloaded multimap v0.10.0
2026-09-23T08:49:47.6291323Z   Downloaded synstructure v0.13.1
2026-09-23T08:49:47.6314642Z   Downloaded quote v1.0.38
2026-09-23T08:49:47.6333552Z   Downloaded yoke v0.7.5
2026-09-23T08:49:47.6344870Z   Downloaded displaydoc v0.2.5
2026-09-23T08:49:47.6390762Z   Downloaded tinystr v0.7.6
2026-09-23T08:49:47.6408101Z   Downloaded icu_locid_transform v1.5.0
2026-09-23T08:49:47.6425714Z   Downloaded litemap v0.7.4
2026-09-23T08:49:47.6441904Z   Downloaded once_cell v1.20.2
2026-09-23T08:49:47.6461237Z   Downloaded writeable v0.5.5
2026-09-23T08:49:47.6475933Z   Downloaded log v0.4.25
2026-09-23T08:49:47.6493700Z   Downloaded num-integer v0.1.46
2026-09-23T08:49:47.6506853Z   Downloaded unicode-ident v1.0.16
2026-09-23T08:49:47.6525040Z   Downloaded smallvec v1.13.2
2026-09-23T08:49:47.6538054Z   Downloaded zerovec-derive v0.10.3
2026-09-23T08:49:47.6548169Z   Downloaded ryu v1.0.19
2026-09-23T08:49:47.6574551Z   Downloaded arc-swap v1.7.1
2026-09-23T08:49:47.6604468Z   Downloaded icu_normalizer v1.5.0
2026-09-23T08:49:47.6626322Z   Downloaded icu_provider v1.5.0
2026-09-23T08:49:47.6645924Z   Downloaded proc-macro2 v1.0.93
2026-09-23T08:49:47.6663120Z   Downloaded serde_derive v1.0.217
2026-09-23T08:49:47.6680120Z   Downloaded icu_locid v1.5.0
2026-09-23T08:49:47.6718345Z   Downloaded icu_normalizer_data v1.5.0
2026-09-23T08:49:47.6733855Z   Downloaded num-traits v0.2.19
2026-09-23T08:49:47.6757208Z   Downloaded icu_locid_transform_data v1.5.0
2026-09-23T08:49:47.6774620Z   Downloaded serde v1.0.217
2026-09-23T08:49:47.6796685Z   Downloaded bytes v1.10.0
2026-09-23T08:49:47.6822226Z   Downloaded icu_properties v1.5.1
2026-09-23T08:49:47.6838532Z   Downloaded memchr v2.7.4
2026-09-23T08:49:47.6870730Z   Downloaded url v2.5.4
2026-09-23T08:49:47.6889662Z   Downloaded icu_collections v1.5.0
2026-09-23T08:49:47.6928666Z   Downloaded http v1.2.0
2026-09-23T08:49:47.6952938Z   Downloaded num-bigint v0.4.6
2026-09-23T08:49:47.6982866Z   Downloaded zerovec v0.10.4
2026-09-23T08:49:47.7018864Z   Downloaded combine v4.6.7
2026-09-23T08:49:47.7055676Z   Downloaded hashbrown v0.14.5
2026-09-23T08:49:47.7088564Z   Downloaded idna v1.0.3
2026-09-23T08:49:47.7115882Z   Downloaded serde_json v1.0.138
2026-09-23T08:49:47.7161214Z   Downloaded zerocopy v0.7.35
2026-09-23T08:49:47.7256137Z   Downloaded icu_properties_data v1.5.0
2026-09-23T08:49:47.7321001Z   Downloaded syn v2.0.98
2026-09-23T08:49:47.7390876Z   Downloaded redis v0.28.2
2026-09-23T08:49:47.8049738Z    Compiling proc-macro2 v1.0.93
2026-09-23T08:49:47.8052050Z    Compiling unicode-ident v1.0.16
2026-09-23T08:49:47.8052862Z     Checking stable_deref_trait v1.2.0
2026-09-23T08:49:47.8053653Z     Checking litemap v0.7.4
2026-09-23T08:49:50.5406883Z     Checking writeable v0.5.5
2026-09-23T08:49:51.1663067Z     Checking icu_locid_transform_data v1.5.0
2026-09-23T08:49:51.1853160Z     Checking icu_properties_data v1.5.0
2026-09-23T08:49:51.2459940Z    Compiling autocfg v1.4.0
2026-09-23T08:49:51.3386902Z     Checking utf16_iter v1.0.5
2026-09-23T08:49:51.3914857Z    Compiling version_check v0.9.5
2026-09-23T08:49:51.6331371Z     Checking write16 v1.0.0
2026-09-23T08:49:51.6600229Z     Checking icu_normalizer_data v1.5.0
2026-09-23T08:49:51.6780080Z     Checking utf8_iter v1.0.4
2026-09-23T08:49:51.7363459Z     Checking smallvec v1.13.2
2026-09-23T08:49:51.8536893Z    Compiling serde v1.0.217
2026-09-23T08:49:52.0888413Z    Compiling ahash v0.8.11
2026-09-23T08:49:52.3318095Z    Compiling num-traits v0.2.19
2026-09-23T08:49:54.6193094Z     Checking zerocopy v0.7.35
2026-09-23T08:49:54.6220142Z     Checking itoa v1.0.14
2026-09-23T08:49:54.6811349Z     Checking once_cell v1.20.2
2026-09-23T08:49:54.7948930Z     Checking percent-encoding v2.3.1
2026-09-23T08:49:54.8664760Z     Checking cfg-if v1.0.0
2026-09-23T08:49:54.8867466Z     Checking memchr v2.7.4
2026-09-23T08:49:54.8891156Z     Checking bytes v1.10.0
2026-09-23T08:49:55.1688592Z     Checking num-integer v0.1.46
2026-09-23T08:49:55.2506208Z     Checking form_urlencoded v1.2.1
2026-09-23T08:49:55.3558985Z     Checking ryu v1.0.19
2026-09-23T08:49:55.3620879Z    Compiling proxy-wasm v0.2.2 (https://github.com/higress-group/proxy-wasm-rust-sdk?branch=main#8c902102)
2026-09-23T08:49:55.4404820Z    Compiling quote v1.0.38
2026-09-23T08:49:55.4615603Z    Compiling serde_json v1.0.138
2026-09-23T08:49:55.5330302Z     Checking allocator-api2 v0.2.21
2026-09-23T08:49:55.6215014Z    Compiling syn v2.0.98
2026-09-23T08:49:55.6456564Z     Checking combine v4.6.7
2026-09-23T08:49:55.6747501Z     Checking num-bigint v0.4.6
2026-09-23T08:49:55.7790696Z     Checking hashbrown v0.14.5
2026-09-23T08:49:56.2002771Z     Checking downcast-rs v1.2.1
2026-09-23T08:49:56.2243737Z     Checking fnv v1.0.7
2026-09-23T08:49:56.2558204Z     Checking arc-swap v1.7.1
2026-09-23T08:49:56.4293170Z     Checking log v0.4.25
2026-09-23T08:49:56.6653241Z     Checking http v1.2.0
2026-09-23T08:49:56.7663134Z     Checking lazy_static v1.5.0
2026-09-23T08:49:57.3560227Z    Compiling synstructure v0.13.1
2026-09-23T08:49:57.8754123Z    Compiling zerofrom-derive v0.1.5
2026-09-23T08:49:57.8756125Z    Compiling yoke-derive v0.7.5
2026-09-23T08:49:57.8756857Z    Compiling zerovec-derive v0.10.3
2026-09-23T08:49:58.5517594Z     Checking zerofrom v0.1.5
2026-09-23T08:49:58.5541275Z    Compiling displaydoc v0.2.5
2026-09-23T08:49:58.6119980Z     Checking yoke v0.7.5
2026-09-23T08:49:58.6888340Z    Compiling icu_provider_macros v1.5.0
2026-09-23T08:49:58.7338628Z     Checking zerovec v0.10.4
2026-09-23T08:49:58.9854092Z    Compiling serde_derive v1.0.217
2026-09-23T08:49:59.3897939Z     Checking tinystr v0.7.6
2026-09-23T08:49:59.3898579Z     Checking icu_collections v1.5.0
2026-09-23T08:49:59.4951695Z     Checking icu_locid v1.5.0
2026-09-23T08:49:59.8260455Z     Checking icu_provider v1.5.0
2026-09-23T08:49:59.9979638Z     Checking icu_locid_transform v1.5.0
2026-09-23T08:50:00.3974301Z     Checking icu_properties v1.5.1
2026-09-23T08:50:01.5130972Z     Checking icu_normalizer v1.5.0
2026-09-23T08:50:01.7480146Z     Checking idna_adapter v1.2.0
2026-09-23T08:50:01.7822713Z     Checking idna v1.0.3
2026-09-23T08:50:01.8738634Z     Checking multimap v0.10.0
2026-09-23T08:50:01.9163051Z     Checking url v2.5.4
2026-09-23T08:50:02.1531284Z     Checking redis v0.28.2
2026-09-23T08:50:05.2694047Z     Checking higress-wasm-rust v0.1.0 (/home/runner/work/higress/higress/plugins/wasm-rust)
2026-09-23T08:50:09.3206214Z warning: this `map_or` can be simplified
2026-09-23T08:50:09.3207156Z    --> src/rule_matcher.rs:282:16
2026-09-23T08:50:09.3207798Z     |
2026-09-23T08:50:09.3209090Z 282 |             if v6_end_index.map_or(true, |idx| idx < port_start) && port_start < req_host.len() {
2026-09-23T08:50:09.3209973Z     |                ^^^^^^^^^^^^^^^^^^^^^^^^^^^^^^^^^^^^^^^^^^^^^^^^^
2026-09-23T08:50:09.3210523Z     |
2026-09-23T08:50:09.3212155Z     = help: for further information visit https://rust-lang.github.io/rust-clippy/rust-1.98.0/index.html#unnecessary_map_or
2026-09-23T08:50:09.3213405Z     = note: `#[warn(clippy::unnecessary_map_or)]` on by default
2026-09-23T08:50:09.3213952Z help: use `is_none_or` instead
2026-09-23T08:50:09.3214354Z     |
2026-09-23T08:50:09.3215034Z 282 -             if v6_end_index.map_or(true, |idx| idx < port_start) && port_start < req_host.len() {
2026-09-23T08:50:09.3215851Z 282 +             if v6_end_index.is_none_or(|idx| idx < port_start) && port_start < req_host.len() {
2026-09-23T08:50:09.3216400Z     |
2026-09-23T08:50:09.3216551Z 
2026-09-23T08:50:09.3766883Z warning: `higress-wasm-rust` (lib) generated 1 warning (run `cargo clippy --fix --lib -p higress-wasm-rust -- ` to apply 1 suggestion)
2026-09-23T08:50:09.3888509Z warning: `higress-wasm-rust` (lib test) generated 1 warning (1 duplicate)
2026-09-23T08:50:09.3889483Z     Finished `dev` profile [unoptimized + debuginfo] target(s) in 24.05s
2026-09-23T08:50:09.4146977Z cargo clean
2026-09-23T08:50:09.4693911Z      Removed 492 files, 151.2MiB total
2026-09-23T08:50:09.4707479Z make[1]: Leaving directory '/home/runner/work/higress/higress/plugins/wasm-rust'
2026-09-23T08:50:09.4721007Z make[1]: Entering directory '/home/runner/work/higress/higress/plugins/wasm-rust'
2026-09-23T08:50:09.4762381Z cargo test --lib
2026-09-23T08:50:09.7007906Z    Compiling proc-macro2 v1.0.93
2026-09-23T08:50:09.7008899Z    Compiling unicode-ident v1.0.16
2026-09-23T08:50:09.7010062Z    Compiling stable_deref_trait v1.2.0
2026-09-23T08:50:09.7010597Z    Compiling litemap v0.7.4
2026-09-23T08:50:09.7317830Z    Compiling writeable v0.5.5
2026-09-23T08:50:09.7581095Z    Compiling icu_locid_transform_data v1.5.0
2026-09-23T08:50:09.7833923Z    Compiling autocfg v1.4.0
2026-09-23T08:50:09.8683723Z    Compiling icu_properties_data v1.5.0
2026-09-23T08:50:09.9553762Z    Compiling write16 v1.0.0
2026-09-23T08:50:09.9725983Z    Compiling icu_normalizer_data v1.5.0
2026-09-23T08:50:09.9872737Z    Compiling utf16_iter v1.0.5
2026-09-23T08:50:09.9995838Z    Compiling version_check v0.9.5
2026-09-23T08:50:10.0498893Z    Compiling utf8_iter v1.0.4
2026-09-23T08:50:10.0723006Z    Compiling num-traits v0.2.19
2026-09-23T08:50:10.1397691Z    Compiling smallvec v1.13.2
2026-09-23T08:50:10.2132436Z    Compiling ahash v0.8.11
2026-09-23T08:50:10.2223856Z    Compiling serde v1.0.217
2026-09-23T08:50:10.2883686Z    Compiling quote v1.0.38
2026-09-23T08:50:10.3823044Z    Compiling zerocopy v0.7.35
2026-09-23T08:50:10.4723037Z    Compiling syn v2.0.98
2026-09-23T08:50:10.4912852Z    Compiling cfg-if v1.0.0
2026-09-23T08:50:10.5126067Z    Compiling bytes v1.10.0
2026-09-23T08:50:10.6270456Z    Compiling memchr v2.7.4
2026-09-23T08:50:10.9583182Z    Compiling itoa v1.0.14
2026-09-23T08:50:11.0335061Z    Compiling percent-encoding v2.3.1
2026-09-23T08:50:11.1251583Z    Compiling once_cell v1.20.2
2026-09-23T08:50:11.1515594Z    Compiling form_urlencoded v1.2.1
2026-09-23T08:50:11.2703114Z    Compiling num-integer v0.1.46
2026-09-23T08:50:11.4836901Z    Compiling serde_json v1.0.138
2026-09-23T08:50:11.5118177Z    Compiling allocator-api2 v0.2.21
2026-09-23T08:50:11.5601559Z    Compiling ryu v1.0.19
2026-09-23T08:50:11.7038625Z    Compiling proxy-wasm v0.2.2 (https://github.com/higress-group/proxy-wasm-rust-sdk?branch=main#8c902102)
2026-09-23T08:50:11.7117705Z    Compiling num-bigint v0.4.6
2026-09-23T08:50:11.8132921Z    Compiling hashbrown v0.14.5
2026-09-23T08:50:11.8257329Z    Compiling combine v4.6.7
2026-09-23T08:50:12.3384221Z    Compiling arc-swap v1.7.1
2026-09-23T08:50:12.5613092Z    Compiling synstructure v0.13.1
2026-09-23T08:50:12.9483072Z    Compiling fnv v1.0.7
2026-09-23T08:50:12.9853126Z    Compiling log v0.4.25
2026-09-23T08:50:13.1133230Z    Compiling downcast-rs v1.2.1
2026-09-23T08:50:13.2825102Z    Compiling http v1.2.0
2026-09-23T08:50:13.3483639Z    Compiling zerofrom-derive v0.1.5
2026-09-23T08:50:13.9112483Z    Compiling yoke-derive v0.7.5
2026-09-23T08:50:14.0463919Z    Compiling zerofrom v0.1.5
2026-09-23T08:50:14.1173140Z    Compiling zerovec-derive v0.10.3
2026-09-23T08:50:14.3318739Z    Compiling displaydoc v0.2.5
2026-09-23T08:50:14.5043384Z    Compiling yoke v0.7.5
2026-09-23T08:50:14.6593238Z    Compiling icu_provider_macros v1.5.0
2026-09-23T08:50:14.8283199Z    Compiling serde_derive v1.0.217
2026-09-23T08:50:14.9424948Z    Compiling zerovec v0.10.4
2026-09-23T08:50:14.9565681Z    Compiling lazy_static v1.5.0
2026-09-23T08:50:15.6983219Z    Compiling tinystr v0.7.6
2026-09-23T08:50:15.7013565Z    Compiling icu_collections v1.5.0
2026-09-23T08:50:15.8301620Z    Compiling icu_locid v1.5.0
2026-09-23T08:50:16.3792004Z    Compiling icu_provider v1.5.0
2026-09-23T08:50:16.7023908Z    Compiling icu_locid_transform v1.5.0
2026-09-23T08:50:17.1322629Z    Compiling icu_properties v1.5.1
2026-09-23T08:50:18.4086155Z    Compiling multimap v0.10.0
2026-09-23T08:50:18.5329969Z    Compiling icu_normalizer v1.5.0
2026-09-23T08:50:18.9123002Z    Compiling idna_adapter v1.2.0
2026-09-23T08:50:18.9800749Z    Compiling idna v1.0.3
2026-09-23T08:50:19.2522198Z    Compiling url v2.5.4
2026-09-23T08:50:19.6300243Z    Compiling redis v0.28.2
2026-09-23T08:50:23.1483268Z    Compiling higress-wasm-rust v0.1.0 (/home/runner/work/higress/higress/plugins/wasm-rust)
2026-09-23T08:50:24.1246859Z     Finished `test` profile [unoptimized + debuginfo] target(s) in 14.64s
2026-09-23T08:50:24.1280170Z      Running unittests src/lib.rs (target/debug/deps/higress_wasm_rust-0bb523696065bda7)
2026-09-23T08:50:24.1293065Z 
2026-09-23T08:50:24.1293528Z running 12 tests
2026-09-23T08:50:24.1296672Z test event_stream::tests::test_crlf_events ... ok
2026-09-23T08:50:24.1301495Z test event_stream::tests::test_mixed2_eol_events ... ok
2026-09-23T08:50:24.1302292Z test event_stream::tests::test_no_event ... ok
2026-09-23T08:50:24.1302818Z test event_stream::tests::test_mixed_eol_events ... ok
2026-09-23T08:50:24.1303306Z test event_stream::tests::test_lf_events ... ok
2026-09-23T08:50:24.1303906Z test event_stream::tests::test_partial_event ... ok
2026-09-23T08:50:24.1304395Z test rule_matcher::tests::test_host_match ... ok
2026-09-23T08:50:24.1304943Z test rule_matcher::tests::test_match_route1_config ... ok
2026-09-23T08:50:24.1305460Z test rule_matcher::tests::test_match_route_config ... ok
2026-09-23T08:50:24.1306018Z test rule_matcher::tests::test_service_match ... ok
2026-09-23T08:50:24.1306558Z test rule_matcher::tests::test_parse_rule_config ... ok
2026-09-23T08:50:24.1307117Z test rule_matcher::tests::test_parse_override_config ... ok
2026-09-23T08:50:24.1307467Z 
2026-09-23T08:50:24.1307735Z test result: ok. 12 passed; 0 failed; 0 ignored; 0 measured; 0 filtered out; finished in 0.00s
2026-09-23T08:50:24.1308052Z 
2026-09-23T08:50:24.1329705Z cargo clean
2026-09-23T08:50:24.1974229Z      Removed 615 files, 281.4MiB total
2026-09-23T08:50:24.1983400Z make[1]: Leaving directory '/home/runner/work/higress/higress/plugins/wasm-rust'
2026-09-23T08:50:24.1990902Z 🚀 Build all Rust WasmPlugins under folder of /home/runner/work/higress/higress/plugins/wasm-rust/extensions/
2026-09-23T08:50:24.2005935Z 🚀 Build Rust WasmPlugin: ai-data-masking
2026-09-23T08:50:24.2018594Z make[1]: Entering directory '/home/runner/work/higress/higress/plugins/wasm-rust'
2026-09-23T08:50:24.2057443Z cargo fmt --all --check --manifest-path extensions/ai-data-masking/Cargo.toml
2026-09-23T08:50:24.3697025Z cargo clippy --workspace --all-features --all-targets --manifest-path extensions/ai-data-masking/Cargo.toml
2026-09-23T08:50:24.4234504Z     Updating crates.io index
2026-09-23T08:50:24.7008024Z  Downloading crates ...
2026-09-23T08:50:24.8044842Z   Downloaded adler32 v1.2.0
2026-09-23T08:50:24.8060465Z   Downloaded bit-set v0.8.0
2026-09-23T08:50:24.8092993Z   Downloaded crypto-common v0.1.6
2026-09-23T08:50:24.8108082Z   Downloaded generic-array v0.14.7
2026-09-23T08:50:24.8126730Z   Downloaded bitflags v1.3.2
2026-09-23T08:50:24.8196329Z   Downloaded phf_codegen v0.11.3
2026-09-23T08:50:24.8219572Z   Downloaded phf_shared v0.11.3
2026-09-23T08:50:24.8249405Z   Downloaded siphasher v1.0.1
2026-09-23T08:50:24.8280252Z   Downloaded fxhash v0.2.1
2026-09-23T08:50:24.8283675Z   Downloaded same-file v1.0.6
2026-09-23T08:50:24.8285442Z   Downloaded cpufeatures v0.2.17
2026-09-23T08:50:24.8296732Z   Downloaded block-buffer v0.10.4
2026-09-23T08:50:24.8304017Z   Downloaded rust-embed-utils v8.5.0
2026-09-23T08:50:24.8308618Z   Downloaded cedarwood v0.4.6
2026-09-23T08:50:24.8368196Z   Downloaded include-flate-codegen v0.2.0
2026-09-23T08:50:24.8372476Z   Downloaded libflate_lz77 v2.1.0
2026-09-23T08:50:24.8388871Z   Downloaded hmac-sha256 v1.1.12
2026-09-23T08:50:24.8397149Z   Downloaded rust-embed-impl v8.5.0
2026-09-23T08:50:24.8424916Z   Downloaded bit-vec v0.8.0
2026-09-23T08:50:24.8435692Z   Downloaded byteorder v1.5.0
2026-09-23T08:50:24.8446017Z   Downloaded phf_generator v0.11.3
2026-09-23T08:50:24.8453896Z   Downloaded rand_core v0.6.4
2026-09-23T08:50:24.8462368Z   Downloaded sha2 v0.10.8
2026-09-23T08:50:24.8478535Z   Downloaded pest_generator v2.7.15
2026-09-23T08:50:24.8486502Z   Downloaded phf v0.11.3
2026-09-23T08:50:24.8494966Z   Downloaded thiserror v2.0.11
2026-09-23T08:50:24.8530811Z   Downloaded onig v6.4.0
2026-09-23T08:50:24.8548203Z   Downloaded walkdir v2.5.0
2026-09-23T08:50:24.8559401Z   Downloaded shlex v1.3.0
2026-09-23T08:50:24.8569455Z   Downloaded glob v0.3.2
2026-09-23T08:50:24.8580005Z   Downloaded pkg-config v0.3.31
2026-09-23T08:50:24.8590292Z   Downloaded dary_heap v0.3.7
2026-09-23T08:50:24.8598938Z   Downloaded grok v2.0.0
2026-09-23T08:50:24.8615999Z   Downloaded digest v0.10.7
2026-09-23T08:50:24.8629775Z   Downloaded crc32fast v1.4.2
2026-09-23T08:50:24.8646173Z   Downloaded jsonpath-rust v0.7.5
2026-09-23T08:50:24.8662698Z   Downloaded pest_derive v2.7.15
2026-09-23T08:50:24.8676959Z   Downloaded libflate v2.1.0
2026-09-23T08:50:24.8699562Z   Downloaded pest_meta v2.7.15
2026-09-23T08:50:24.8716708Z   Downloaded thiserror-impl v2.0.11
2026-09-23T08:50:24.8728261Z   Downloaded core2 v0.4.0
2026-09-23T08:50:24.8745696Z   Downloaded rle-decode-fast v1.0.3
2026-09-23T08:50:24.8760192Z   Downloaded typenum v1.17.0
2026-09-23T08:50:24.8784466Z   Downloaded ucd-trie v0.1.7
2026-09-23T08:50:24.8802024Z   Downloaded aho-corasick v1.1.3
2026-09-23T08:50:24.8841239Z   Downloaded fancy-regex v0.14.0
2026-09-23T08:50:24.8864164Z   Downloaded cc v1.2.12
2026-09-23T08:50:24.8894435Z   Downloaded rand v0.8.5
2026-09-23T08:50:24.8920242Z   Downloaded pest v2.7.15
2026-09-23T08:50:24.8969760Z   Downloaded jieba-macros v0.7.1
2026-09-23T08:50:24.8998365Z   Downloaded regex v1.11.1
2026-09-23T08:50:24.9079739Z   Downloaded regex-syntax v0.8.5
2026-09-23T08:50:24.9136847Z   Downloaded onig_sys v69.8.1
2026-09-23T08:50:24.9267337Z   Downloaded regex-automata v0.4.9
2026-09-23T08:50:24.9376222Z   Downloaded rust-embed v8.5.0
2026-09-23T08:50:24.9451659Z   Downloaded include-flate v0.3.0
2026-09-23T08:50:24.9503622Z   Downloaded jieba-rs v0.7.2
2026-09-23T08:50:25.0424476Z    Compiling proc-macro2 v1.0.93
2026-09-23T08:50:25.0425472Z    Compiling unicode-ident v1.0.16
2026-09-23T08:50:25.0426199Z    Compiling version_check v0.9.5
2026-09-23T08:50:25.0426810Z    Compiling typenum v1.17.0
2026-09-23T08:50:25.1034974Z     Checking memchr v2.7.4
2026-09-23T08:50:25.2581606Z    Compiling generic-array v0.14.7
2026-09-23T08:50:25.3568034Z    Compiling ahash v0.8.11
2026-09-23T08:50:25.3785043Z     Checking stable_deref_trait v1.2.0
2026-09-23T08:50:25.4012927Z    Compiling cfg-if v1.0.0
2026-09-23T08:50:25.4417714Z    Compiling once_cell v1.20.2
2026-09-23T08:50:25.4752877Z     Checking writeable v0.5.5
2026-09-23T08:50:25.5920066Z     Checking litemap v0.7.4
2026-09-23T08:50:25.6945195Z    Compiling quote v1.0.38
2026-09-23T08:50:25.7092166Z    Compiling thiserror v2.0.11
2026-09-23T08:50:25.8778646Z    Compiling syn v2.0.98
2026-09-23T08:50:25.9274868Z     Checking zerocopy v0.7.35
2026-09-23T08:50:26.0710793Z     Checking smallvec v1.13.2
2026-09-23T08:50:26.1383619Z     Checking icu_locid_transform_data v1.5.0
2026-09-23T08:50:26.2927873Z     Checking icu_properties_data v1.5.0
2026-09-23T08:50:26.3802977Z     Checking allocator-api2 v0.2.21
2026-09-23T08:50:26.6214406Z    Compiling autocfg v1.4.0
2026-09-23T08:50:26.9263328Z    Compiling num-traits v0.2.19
2026-09-23T08:50:27.0188313Z     Checking hashbrown v0.14.5
2026-09-23T08:50:27.0385766Z     Checking utf8_iter v1.0.4
2026-09-23T08:50:27.0952912Z    Compiling serde v1.0.217
2026-09-23T08:50:27.2360638Z     Checking utf16_iter v1.0.5
2026-09-23T08:50:27.2427412Z     Checking icu_normalizer_data v1.5.0
2026-09-23T08:50:27.2719436Z     Checking write16 v1.0.0
2026-09-23T08:50:27.3022929Z    Compiling shlex v1.3.0
2026-09-23T08:50:27.4203086Z    Compiling cc v1.2.12
2026-09-23T08:50:27.5672215Z    Compiling block-buffer v0.10.4
2026-09-23T08:50:27.6351314Z    Compiling crypto-common v0.1.6
2026-09-23T08:50:27.6973112Z    Compiling core2 v0.4.0
2026-09-23T08:50:27.7303062Z     Checking aho-corasick v1.1.3
2026-09-23T08:50:28.0644779Z    Compiling siphasher v1.0.1
2026-09-23T08:50:28.1872839Z    Compiling pkg-config v0.3.31
2026-09-23T08:50:28.5503283Z     Checking itoa v1.0.14
2026-09-23T08:50:28.5927335Z    Compiling rand_core v0.6.4
2026-09-23T08:50:28.6131078Z     Checking regex-syntax v0.8.5
2026-09-23T08:50:28.6873098Z    Compiling rle-decode-fast v1.0.3
2026-09-23T08:50:28.7293027Z    Compiling ucd-trie v0.1.7
2026-09-23T08:50:28.8973091Z    Compiling libflate_lz77 v2.1.0
2026-09-23T08:50:28.9513124Z    Compiling rand v0.8.5
2026-09-23T08:50:29.0182966Z    Compiling onig_sys v69.8.1
2026-09-23T08:50:29.1795591Z    Compiling synstructure v0.13.1
2026-09-23T08:50:29.4036916Z    Compiling phf_shared v0.11.3
2026-09-23T08:50:29.5194581Z    Compiling digest v0.10.7
2026-09-23T08:50:29.8244266Z    Compiling crc32fast v1.4.2
2026-09-23T08:50:29.9265874Z     Checking regex-automata v0.4.9
2026-09-23T08:50:30.1141163Z    Compiling same-file v1.0.6
2026-09-23T08:50:30.1315586Z     Checking ryu v1.0.19
2026-09-23T08:50:30.2023190Z     Checking bytes v1.10.0
2026-09-23T08:50:30.2079897Z    Compiling serde_json v1.0.138
2026-09-23T08:50:30.3033718Z    Compiling cpufeatures v0.2.17
2026-09-23T08:50:30.3332974Z     Checking percent-encoding v2.3.1
2026-09-23T08:50:30.3993055Z    Compiling dary_heap v0.3.7
2026-09-23T08:50:30.5059488Z    Compiling adler32 v1.2.0
2026-09-23T08:50:30.5598766Z    Compiling libflate v2.1.0
2026-09-23T08:50:30.5965392Z     Checking form_urlencoded v1.2.1
2026-09-23T08:50:30.6613113Z    Compiling sha2 v0.10.8
2026-09-23T08:50:30.7231609Z    Compiling zerofrom-derive v0.1.5
2026-09-23T08:50:30.9982726Z    Compiling yoke-derive v0.7.5
2026-09-23T08:50:31.1816603Z    Compiling zerovec-derive v0.10.3
2026-09-23T08:50:31.8330897Z    Compiling displaydoc v0.2.5
2026-09-23T08:50:31.8613210Z     Checking zerofrom v0.1.5
2026-09-23T08:50:31.9241651Z     Checking yoke v0.7.5
2026-09-23T08:50:31.9511975Z    Compiling icu_provider_macros v1.5.0
2026-09-23T08:50:32.0474606Z    Compiling thiserror-impl v2.0.11
2026-09-23T08:50:32.0506891Z     Checking zerovec v0.10.4
2026-09-23T08:50:32.2484094Z    Compiling serde_derive v1.0.217
2026-09-23T08:50:32.3149481Z    Compiling walkdir v2.5.0
2026-09-23T08:50:32.5467629Z     Checking num-integer v0.1.46
2026-09-23T08:50:32.7630412Z     Checking tinystr v0.7.6
2026-09-23T08:50:32.7934324Z     Checking icu_collections v1.5.0
2026-09-23T08:50:32.8704809Z     Checking icu_locid v1.5.0
2026-09-23T08:50:33.1683289Z    Compiling pest v2.7.15
2026-09-23T08:50:33.1715667Z    Compiling phf_generator v0.11.3
2026-09-23T08:50:33.2883203Z     Checking icu_provider v1.5.0
2026-09-23T08:50:33.5213131Z     Checking icu_locid_transform v1.5.0
2026-09-23T08:50:33.9683107Z     Checking icu_properties v1.5.1
2026-09-23T08:50:34.3733076Z    Compiling pest_meta v2.7.15
2026-09-23T08:50:35.6407565Z     Checking icu_normalizer v1.5.0
2026-09-23T08:50:35.9648387Z     Checking idna_adapter v1.2.0
2026-09-23T08:50:36.0117207Z     Checking idna v1.0.3
2026-09-23T08:50:36.0342719Z     Checking lazy_static v1.5.0
2026-09-23T08:50:36.0663133Z    Compiling proxy-wasm v0.2.2 (https://github.com/higress-group/proxy-wasm-rust-sdk?branch=main#8c902102)
2026-09-23T08:50:36.1678241Z    Compiling glob v0.3.2
2026-09-23T08:50:36.4465484Z    Compiling grok v2.0.0
2026-09-23T08:50:36.6613028Z     Checking url v2.5.4
2026-09-23T08:50:36.7093148Z    Compiling pest_generator v2.7.15
2026-09-23T08:50:36.8854031Z    Compiling phf_codegen v0.11.3
2026-09-23T08:50:36.9827833Z     Checking num-bigint v0.4.6
2026-09-23T08:50:37.0188325Z    Compiling rust-embed-utils v8.5.0
2026-09-23T08:50:37.1344603Z     Checking regex v1.11.1
2026-09-23T08:50:37.3698889Z    Compiling include-flate-codegen v0.2.0
2026-09-23T08:50:37.3699737Z     Checking combine v4.6.7
2026-09-23T08:50:37.5772817Z     Checking byteorder v1.5.0
2026-09-23T08:50:37.6793261Z     Checking downcast-rs v1.2.1
2026-09-23T08:50:37.7083250Z     Checking arc-swap v1.7.1
2026-09-23T08:50:37.7352348Z     Checking bit-vec v0.8.0
2026-09-23T08:50:37.8307682Z     Checking bitflags v1.3.2
2026-09-23T08:50:37.8631120Z     Checking log v0.4.25
2026-09-23T08:50:37.8656667Z     Checking fnv v1.0.7
2026-09-23T08:50:37.8962689Z     Checking http v1.2.0
2026-09-23T08:50:38.1773024Z     Checking bit-set v0.8.0
2026-09-23T08:50:38.2613296Z     Checking onig v6.4.0
2026-09-23T08:50:38.4293606Z     Checking fxhash v0.2.1
2026-09-23T08:50:38.4854359Z     Checking include-flate v0.3.0
2026-09-23T08:50:38.5215849Z    Compiling pest_derive v2.7.15
2026-09-23T08:50:38.5413258Z    Compiling rust-embed-impl v8.5.0
2026-09-23T08:50:38.7023002Z    Compiling jieba-macros v0.7.1
2026-09-23T08:50:38.9748404Z     Checking multimap v0.10.0
2026-09-23T08:50:39.0058294Z     Checking phf v0.11.3
2026-09-23T08:50:39.0523016Z     Checking cedarwood v0.4.6
2026-09-23T08:50:39.0733318Z     Checking rust-embed v8.5.0
2026-09-23T08:50:39.1143452Z     Checking jsonpath-rust v0.7.5
2026-09-23T08:50:39.1382789Z     Checking jieba-rs v0.7.2
2026-09-23T08:50:39.1709221Z     Checking fancy-regex v0.14.0
2026-09-23T08:50:39.4893069Z     Checking hmac-sha256 v1.1.12
2026-09-23T08:50:40.3789286Z     Checking redis v0.28.2
2026-09-23T08:50:43.0407729Z     Checking higress-wasm-rust v0.1.0 (/home/runner/work/higress/higress/plugins/wasm-rust)
2026-09-23T08:50:43.2495844Z     Checking ai-data-masking v0.1.0 (/home/runner/work/higress/higress/plugins/wasm-rust/extensions/ai-data-masking)
2026-09-23T08:50:43.6283887Z warning: this `impl` can be derived
2026-09-23T08:50:43.6284816Z   --> src/msg_win_openai.rs:30:1
2026-09-23T08:50:43.6285845Z    |
2026-09-23T08:50:43.6286277Z 30 | / impl Default for MsgFlag {
2026-09-23T08:50:43.6286843Z 31 | |     fn default() -> Self {
2026-09-23T08:50:43.6287348Z 32 | |         Self::None
2026-09-23T08:50:43.6287752Z 33 | |     }
2026-09-23T08:50:43.6288106Z 34 | | }
2026-09-23T08:50:43.6289635Z    | |_^
2026-09-23T08:50:43.6289965Z    |
2026-09-23T08:50:43.6290998Z    = help: for further information visit https://rust-lang.github.io/rust-clippy/rust-1.98.0/index.html#derivable_impls
2026-09-23T08:50:43.6292349Z    = note: `#[warn(clippy::derivable_impls)]` on by default
2026-09-23T08:50:43.6293351Z help: replace the manual implementation with a derive attribute and mark the default variant
2026-09-23T08:50:43.6294100Z    |
2026-09-23T08:50:43.6294465Z 25 + #[derive(Default)]
2026-09-23T08:50:43.6294886Z 26 | enum MsgFlag {
2026-09-23T08:50:43.6295197Z 27 ~     #[default]
2026-09-23T08:50:43.6295493Z 28 ~     None,
2026-09-23T08:50:43.6295780Z    |
2026-09-23T08:50:43.6295928Z 
2026-09-23T08:50:43.6504620Z warning: `ai-data-masking` (lib) generated 1 warning (1 duplicate)
2026-09-23T08:50:43.6519495Z warning: `ai-data-masking` (lib test) generated 1 warning (run `cargo clippy --fix --lib -p ai-data-masking --tests -- ` to apply 1 suggestion)
2026-09-23T08:50:43.6521512Z     Finished `dev` profile [unoptimized + debuginfo] target(s) in 19.25s
2026-09-23T08:50:43.6703188Z cargo clean --manifest-path extensions/ai-data-masking/Cargo.toml
2026-09-23T08:50:43.7648572Z      Removed 1176 files, 344.2MiB total
2026-09-23T08:50:43.7662101Z make[1]: Leaving directory '/home/runner/work/higress/higress/plugins/wasm-rust'
2026-09-23T08:50:43.7678249Z make[1]: Entering directory '/home/runner/work/higress/higress/plugins/wasm-rust'
2026-09-23T08:50:43.7717597Z cargo test --manifest-path extensions/ai-data-masking/Cargo.toml
2026-09-23T08:50:43.8683258Z    Compiling proc-macro2 v1.0.93
2026-09-23T08:50:43.8683842Z    Compiling unicode-ident v1.0.16
2026-09-23T08:50:43.8684292Z    Compiling version_check v0.9.5
2026-09-23T08:50:43.8684693Z    Compiling memchr v2.7.4
2026-09-23T08:50:43.9430710Z    Compiling once_cell v1.20.2
2026-09-23T08:50:44.0889461Z    Compiling cfg-if v1.0.0
2026-09-23T08:50:44.0942996Z    Compiling stable_deref_trait v1.2.0
2026-09-23T08:50:44.1133898Z    Compiling ahash v0.8.11
2026-09-23T08:50:44.1257487Z    Compiling typenum v1.17.0
2026-09-23T08:50:44.2198604Z    Compiling litemap v0.7.4
2026-09-23T08:50:44.3677218Z    Compiling writeable v0.5.5
2026-09-23T08:50:44.4673838Z    Compiling quote v1.0.38
2026-09-23T08:50:44.5969238Z    Compiling generic-array v0.14.7
2026-09-23T08:50:44.6084489Z    Compiling syn v2.0.98
2026-09-23T08:50:44.6330989Z    Compiling zerocopy v0.7.35
2026-09-23T08:50:44.6967367Z    Compiling smallvec v1.13.2
2026-09-23T08:50:44.8438231Z    Compiling icu_locid_transform_data v1.5.0
2026-09-23T08:50:44.8940498Z    Compiling allocator-api2 v0.2.21
2026-09-23T08:50:45.0293394Z    Compiling autocfg v1.4.0
2026-09-23T08:50:45.1774201Z    Compiling hashbrown v0.14.5
2026-09-23T08:50:45.3323282Z    Compiling siphasher v1.0.1
2026-09-23T08:50:45.4623023Z    Compiling thiserror v2.0.11
2026-09-23T08:50:45.6303228Z    Compiling icu_properties_data v1.5.0
2026-09-23T08:50:45.7285140Z    Compiling num-traits v0.2.19
2026-09-23T08:50:45.7322879Z    Compiling utf16_iter v1.0.5
2026-09-23T08:50:45.7348200Z    Compiling write16 v1.0.0
2026-09-23T08:50:45.7647398Z    Compiling serde v1.0.217
2026-09-23T08:50:45.8006100Z    Compiling utf8_iter v1.0.4
2026-09-23T08:50:45.8218158Z    Compiling shlex v1.3.0
2026-09-23T08:50:45.8801268Z    Compiling icu_normalizer_data v1.5.0
2026-09-23T08:50:45.9287514Z    Compiling cc v1.2.12
2026-09-23T08:50:45.9443668Z    Compiling block-buffer v0.10.4
2026-09-23T08:50:45.9814210Z    Compiling crypto-common v0.1.6
2026-09-23T08:50:46.0162959Z    Compiling aho-corasick v1.1.3
2026-09-23T08:50:46.0312764Z    Compiling core2 v0.4.0
2026-09-23T08:50:46.0569165Z    Compiling itoa v1.0.14
2026-09-23T08:50:46.1289347Z    Compiling pkg-config v0.3.31
2026-09-23T08:50:46.5673147Z    Compiling ucd-trie v0.1.7
2026-09-23T08:50:46.8061731Z    Compiling regex-syntax v0.8.5
2026-09-23T08:50:47.2572158Z    Compiling rle-decode-fast v1.0.3
2026-09-23T08:50:47.2955424Z    Compiling rand_core v0.6.4
2026-09-23T08:50:47.4018371Z    Compiling rand v0.8.5
2026-09-23T08:50:47.8768603Z    Compiling synstructure v0.13.1
2026-09-23T08:50:48.3512909Z    Compiling libflate_lz77 v2.1.0
2026-09-23T08:50:48.4664217Z    Compiling regex-automata v0.4.9
2026-09-23T08:50:48.4876790Z    Compiling onig_sys v69.8.1
2026-09-23T08:50:48.6465823Z    Compiling digest v0.10.7
2026-09-23T08:50:49.3943191Z    Compiling phf_shared v0.11.3
2026-09-23T08:50:49.4725301Z    Compiling zerofrom-derive v0.1.5
2026-09-23T08:50:49.5002118Z    Compiling yoke-derive v0.7.5
2026-09-23T08:50:49.7987979Z    Compiling zerovec-derive v0.10.3
2026-09-23T08:50:50.3172827Z    Compiling displaydoc v0.2.5
2026-09-23T08:50:50.6048627Z    Compiling zerofrom v0.1.5
2026-09-23T08:50:50.6553139Z    Compiling icu_provider_macros v1.5.0
2026-09-23T08:50:50.6762763Z    Compiling yoke v0.7.5
2026-09-23T08:50:50.7694538Z    Compiling thiserror-impl v2.0.11
2026-09-23T08:50:50.8213213Z    Compiling zerovec v0.10.4
2026-09-23T08:50:50.9543213Z    Compiling serde_derive v1.0.217
2026-09-23T08:50:51.7942916Z    Compiling tinystr v0.7.6
2026-09-23T08:50:51.8357499Z    Compiling icu_collections v1.5.0
2026-09-23T08:50:51.9321053Z    Compiling icu_locid v1.5.0
2026-09-23T08:50:52.4723210Z    Compiling icu_provider v1.5.0
2026-09-23T08:50:52.8870507Z    Compiling icu_locid_transform v1.5.0
2026-09-23T08:50:52.9116815Z    Compiling pest v2.7.15
2026-09-23T08:50:53.7746691Z    Compiling icu_properties v1.5.1
2026-09-23T08:50:54.2327953Z    Compiling crc32fast v1.4.2
2026-09-23T08:50:54.3322282Z    Compiling ryu v1.0.19
2026-09-23T08:50:54.3325057Z    Compiling adler32 v1.2.0
2026-09-23T08:50:54.3982959Z    Compiling cpufeatures v0.2.17
2026-09-23T08:50:54.4271587Z    Compiling dary_heap v0.3.7
2026-09-23T08:50:54.4658695Z    Compiling serde_json v1.0.138
2026-09-23T08:50:54.5648892Z    Compiling bytes v1.10.0
2026-09-23T08:50:54.5853258Z    Compiling percent-encoding v2.3.1
2026-09-23T08:50:54.7063027Z    Compiling same-file v1.0.6
2026-09-23T08:50:54.7920987Z    Compiling walkdir v2.5.0
2026-09-23T08:50:55.0835859Z    Compiling form_urlencoded v1.2.1
2026-09-23T08:50:55.2020757Z    Compiling libflate v2.1.0
2026-09-23T08:50:55.2395325Z    Compiling sha2 v0.10.8
2026-09-23T08:50:55.5913026Z    Compiling pest_meta v2.7.15
2026-09-23T08:50:56.0083265Z    Compiling icu_normalizer v1.5.0
2026-09-23T08:50:56.1703079Z    Compiling phf_generator v0.11.3
2026-09-23T08:50:56.2963357Z    Compiling num-integer v0.1.46
2026-09-23T08:50:56.6174475Z    Compiling idna_adapter v1.2.0
2026-09-23T08:50:56.6863030Z    Compiling idna v1.0.3
2026-09-23T08:50:56.8453774Z    Compiling proxy-wasm v0.2.2 (https://github.com/higress-group/proxy-wasm-rust-sdk?branch=main#8c902102)
2026-09-23T08:50:56.9556018Z    Compiling glob v0.3.2
2026-09-23T08:50:57.2333227Z    Compiling lazy_static v1.5.0
2026-09-23T08:50:57.2454997Z    Compiling grok v2.0.0
2026-09-23T08:50:57.2713888Z    Compiling url v2.5.4
2026-09-23T08:50:57.4851694Z    Compiling num-bigint v0.4.6
2026-09-23T08:50:58.1237076Z    Compiling pest_generator v2.7.15
2026-09-23T08:50:58.6240922Z    Compiling phf_codegen v0.11.3
2026-09-23T08:50:58.6881134Z    Compiling include-flate-codegen v0.2.0
2026-09-23T08:50:58.7970863Z    Compiling rust-embed-utils v8.5.0
2026-09-23T08:50:58.9420828Z    Compiling combine v4.6.7
2026-09-23T08:50:58.9633421Z    Compiling regex v1.11.1
2026-09-23T08:50:59.1014785Z    Compiling bitflags v1.3.2
2026-09-23T08:50:59.1313046Z    Compiling bit-vec v0.8.0
2026-09-23T08:50:59.3012642Z    Compiling fnv v1.0.7
2026-09-23T08:50:59.3353102Z    Compiling downcast-rs v1.2.1
2026-09-23T08:50:59.3683748Z    Compiling byteorder v1.5.0
2026-09-23T08:50:59.3893246Z    Compiling arc-swap v1.7.1
2026-09-23T08:50:59.5382987Z    Compiling log v0.4.25
2026-09-23T08:50:59.6046230Z    Compiling fxhash v0.2.1
2026-09-23T08:50:59.6685467Z    Compiling http v1.2.0
2026-09-23T08:50:59.9453016Z    Compiling onig v6.4.0
2026-09-23T08:51:00.4073172Z    Compiling bit-set v0.8.0
2026-09-23T08:51:00.4415731Z    Compiling phf v0.11.3
2026-09-23T08:51:00.5064747Z    Compiling include-flate v0.3.0
2026-09-23T08:51:00.5423001Z    Compiling rust-embed-impl v8.5.0
2026-09-23T08:51:00.7013291Z    Compiling pest_derive v2.7.15
2026-09-23T08:51:00.7154191Z    Compiling jieba-macros v0.7.1
2026-09-23T08:51:00.8883338Z    Compiling multimap v0.10.0
2026-09-23T08:51:00.9987609Z    Compiling cedarwood v0.4.6
2026-09-23T08:51:01.0078819Z    Compiling rust-embed v8.5.0
2026-09-23T08:51:01.0483728Z    Compiling jsonpath-rust v0.7.5
2026-09-23T08:51:01.2463083Z    Compiling jieba-rs v0.7.2
2026-09-23T08:51:01.4178095Z    Compiling fancy-regex v0.14.0
2026-09-23T08:51:02.5113278Z    Compiling hmac-sha256 v1.1.12
2026-09-23T08:51:02.7003014Z    Compiling redis v0.28.2
2026-09-23T08:51:05.8949825Z    Compiling higress-wasm-rust v0.1.0 (/home/runner/work/higress/higress/plugins/wasm-rust)
2026-09-23T08:51:06.5137122Z    Compiling ai-data-masking v0.1.0 (/home/runner/work/higress/higress/plugins/wasm-rust/extensions/ai-data-masking)
2026-09-23T08:51:07.7045775Z     Finished `test` profile [unoptimized + debuginfo] target(s) in 23.92s
2026-09-23T08:51:07.7100359Z      Running unittests src/lib.rs (extensions/ai-data-masking/target/debug/deps/ai_data_masking-e9c05980b3b0810a)
2026-09-23T08:51:07.7114103Z 
2026-09-23T08:51:07.7114688Z running 2 tests
2026-09-23T08:51:07.7116053Z test msg_window::tests::test_msg_window ... ok
2026-09-23T08:51:07.7219840Z test msg_win_openai::tests::test_msg ... ok
2026-09-23T08:51:07.7220146Z 
2026-09-23T08:51:07.7220600Z test result: ok. 2 passed; 0 failed; 0 ignored; 0 measured; 0 filtered out; finished in 0.01s
2026-09-23T08:51:07.7221104Z 
2026-09-23T08:51:07.7251430Z cargo clean --manifest-path extensions/ai-data-masking/Cargo.toml
2026-09-23T08:51:07.8556275Z      Removed 1277 files, 604.4MiB total
2026-09-23T08:51:07.8567758Z make[1]: Leaving directory '/home/runner/work/higress/higress/plugins/wasm-rust'
2026-09-23T08:51:07.8587281Z make[1]: Entering directory '/home/runner/work/higress/higress/plugins/wasm-rust'
2026-09-23T08:51:07.8625013Z DOCKER_BUILDKIT=1 docker build \
2026-09-23T08:51:07.8625569Z 	--build-arg PLUGIN_NAME=ai-data-masking \
2026-09-23T08:51:07.8626044Z 	--build-arg PLUGIN_ROOT=extensions \
2026-09-23T08:51:07.8626335Z 	-t higress \
2026-09-23T08:51:07.8626632Z     --output extensions/ai-data-masking \
2026-09-23T08:51:07.8626912Z     .
2026-09-23T08:51:08.1448877Z #0 building with "default" instance using docker driver
2026-09-23T08:51:08.1449239Z 
2026-09-23T08:51:08.1449443Z #1 [internal] load build definition from Dockerfile
2026-09-23T08:51:08.1449844Z #1 transferring dockerfile: 534B done
2026-09-23T08:51:08.1450145Z #1 DONE 0.0s
2026-09-23T08:51:08.1450284Z 
2026-09-23T08:51:08.1450475Z #2 [internal] load metadata for docker.io/library/rust:1.80
2026-09-23T08:51:08.3081514Z #2 ...
2026-09-23T08:51:08.3082086Z 
2026-09-23T08:51:08.3082393Z #3 [auth] library/rust:pull token for registry-1.docker.io
2026-09-23T08:51:08.3082803Z #3 DONE 0.0s
2026-09-23T08:51:08.4585514Z 
2026-09-23T08:51:08.4586480Z #2 [internal] load metadata for docker.io/library/rust:1.80
2026-09-23T08:51:08.7803324Z #2 DONE 0.8s
2026-09-23T08:51:08.9009675Z 
2026-09-23T08:51:08.9010302Z #4 [internal] load .dockerignore
2026-09-23T08:51:08.9010877Z #4 transferring context: 47B done
2026-09-23T08:51:08.9011328Z #4 DONE 0.0s
2026-09-23T08:51:08.9011468Z 
2026-09-23T08:51:08.9011586Z #5 [internal] load build context
2026-09-23T08:51:08.9012509Z #5 transferring context: 1.61MB 0.0s done
2026-09-23T08:51:08.9012967Z #5 DONE 0.0s
2026-09-23T08:51:08.9013105Z 
2026-09-23T08:51:08.9013719Z #6 [builder 1/7] FROM docker.io/library/rust:1.80@sha256:d22d8938f0403ee31c118b5bf2162b883313dd7f387f859d9f2accd7c884c385
2026-09-23T08:51:08.9014555Z #6 resolve docker.io/library/rust:1.80@sha256:d22d8938f0403ee31c118b5bf2162b883313dd7f387f859d9f2accd7c884c385 done
2026-09-23T08:51:08.9015330Z #6 sha256:d22d8938f0403ee31c118b5bf2162b883313dd7f387f859d9f2accd7c884c385 7.75kB / 7.75kB done
2026-09-23T08:51:08.9016030Z #6 sha256:883df89a3ed53fb0e0f6a67d79cfebf72906d97f9d816379fdf941af969be1b5 1.94kB / 1.94kB done
2026-09-23T08:51:08.9016629Z #6 sha256:a9a14ebf5765b504232d2db40bfcd2a69b22156ada6f3880a2c34f3819fbd115 4.33kB / 4.33kB done
2026-09-23T08:51:08.9017223Z #6 sha256:8cd46d290033f265db57fd808ac81c444ec5a5b3f189c3d6d85043b647336913 0B / 49.56MB 0.1s
2026-09-23T08:51:08.9017816Z #6 sha256:2e6afa3f266c11e8960349e7866203a9df478a50362bb5488c45fe39d99b2707 0B / 24.05MB 0.1s
2026-09-23T08:51:08.9018400Z #6 sha256:2e66a70da0bec13fb3d492fcdef60fd8a5ef0a1a65c4e8a4909e26742852f0f2 0B / 64.15MB 0.1s
2026-09-23T08:51:09.1010948Z #6 sha256:8cd46d290033f265db57fd808ac81c444ec5a5b3f189c3d6d85043b647336913 5.24MB / 49.56MB 0.3s
2026-09-23T08:51:09.1012698Z #6 sha256:2e66a70da0bec13fb3d492fcdef60fd8a5ef0a1a65c4e8a4909e26742852f0f2 28.31MB / 64.15MB 0.3s
2026-09-23T08:51:09.2016287Z #6 sha256:8cd46d290033f265db57fd808ac81c444ec5a5b3f189c3d6d85043b647336913 30.41MB / 49.56MB 0.4s
2026-09-23T08:51:09.2017802Z #6 sha256:2e6afa3f266c11e8960349e7866203a9df478a50362bb5488c45fe39d99b2707 22.02MB / 24.05MB 0.4s
2026-09-23T08:51:09.2019095Z #6 sha256:2e66a70da0bec13fb3d492fcdef60fd8a5ef0a1a65c4e8a4909e26742852f0f2 52.43MB / 64.15MB 0.4s
2026-09-23T08:51:09.3016069Z #6 sha256:8cd46d290033f265db57fd808ac81c444ec5a5b3f189c3d6d85043b647336913 49.56MB / 49.56MB 0.5s
2026-09-23T08:51:09.3016872Z #6 sha256:2e6afa3f266c11e8960349e7866203a9df478a50362bb5488c45fe39d99b2707 24.05MB / 24.05MB 0.5s
2026-09-23T08:51:09.3019727Z #6 sha256:2e66a70da0bec13fb3d492fcdef60fd8a5ef0a1a65c4e8a4909e26742852f0f2 64.15MB / 64.15MB 0.5s
2026-09-23T08:51:10.0012047Z #6 sha256:2e6afa3f266c11e8960349e7866203a9df478a50362bb5488c45fe39d99b2707 24.05MB / 24.05MB 0.8s done
2026-09-23T08:51:10.1464174Z #6 sha256:8cd46d290033f265db57fd808ac81c444ec5a5b3f189c3d6d85043b647336913 49.56MB / 49.56MB 1.2s done
2026-09-23T08:51:10.1465228Z #6 sha256:2e66a70da0bec13fb3d492fcdef60fd8a5ef0a1a65c4e8a4909e26742852f0f2 64.15MB / 64.15MB 1.2s done
2026-09-23T08:51:10.1467063Z #6 extracting sha256:8cd46d290033f265db57fd808ac81c444ec5a5b3f189c3d6d85043b647336913 0.1s
2026-09-23T08:51:10.1468773Z #6 sha256:1c8ff076d818ad6b8557e03e10c83657cc716ab287c8380054ff91571c8cae81 3.15MB / 211.27MB 1.3s
2026-09-23T08:51:10.1469685Z #6 sha256:97f8a55b70e1cdd0ddc6b738b3a1baeadd53644ee6819ff60426e800045a98b0 3.15MB / 180.29MB 1.3s
2026-09-23T08:51:10.2805665Z #6 sha256:1c8ff076d818ad6b8557e03e10c83657cc716ab287c8380054ff91571c8cae81 29.36MB / 211.27MB 1.4s
2026-09-23T08:51:10.2808636Z #6 sha256:97f8a55b70e1cdd0ddc6b738b3a1baeadd53644ee6819ff60426e800045a98b0 27.26MB / 180.29MB 1.4s
2026-09-23T08:51:10.3848689Z #6 sha256:1c8ff076d818ad6b8557e03e10c83657cc716ab287c8380054ff91571c8cae81 54.53MB / 211.27MB 1.5s
2026-09-23T08:51:10.3850849Z #6 sha256:97f8a55b70e1cdd0ddc6b738b3a1baeadd53644ee6819ff60426e800045a98b0 51.38MB / 180.29MB 1.5s
2026-09-23T08:51:10.4915022Z #6 sha256:1c8ff076d818ad6b8557e03e10c83657cc716ab287c8380054ff91571c8cae81 79.69MB / 211.27MB 1.6s
2026-09-23T08:51:10.4916369Z #6 sha256:97f8a55b70e1cdd0ddc6b738b3a1baeadd53644ee6819ff60426e800045a98b0 75.50MB / 180.29MB 1.6s
2026-09-23T08:51:10.6006245Z #6 sha256:1c8ff076d818ad6b8557e03e10c83657cc716ab287c8380054ff91571c8cae81 105.91MB / 211.27MB 1.7s
2026-09-23T08:51:10.6007441Z #6 sha256:97f8a55b70e1cdd0ddc6b738b3a1baeadd53644ee6819ff60426e800045a98b0 99.61MB / 180.29MB 1.7s
2026-09-23T08:51:10.7008672Z #6 sha256:1c8ff076d818ad6b8557e03e10c83657cc716ab287c8380054ff91571c8cae81 156.24MB / 211.27MB 1.9s
2026-09-23T08:51:10.7011240Z #6 sha256:97f8a55b70e1cdd0ddc6b738b3a1baeadd53644ee6819ff60426e800045a98b0 146.80MB / 180.29MB 1.9s
2026-09-23T08:51:10.8014654Z #6 sha256:1c8ff076d818ad6b8557e03e10c83657cc716ab287c8380054ff91571c8cae81 182.34MB / 211.27MB 2.0s
2026-09-23T08:51:10.8017101Z #6 sha256:97f8a55b70e1cdd0ddc6b738b3a1baeadd53644ee6819ff60426e800045a98b0 170.92MB / 180.29MB 2.0s
2026-09-23T08:51:10.9404577Z #6 sha256:1c8ff076d818ad6b8557e03e10c83657cc716ab287c8380054ff91571c8cae81 207.62MB / 211.27MB 2.1s
2026-09-23T08:51:10.9406251Z #6 sha256:97f8a55b70e1cdd0ddc6b738b3a1baeadd53644ee6819ff60426e800045a98b0 180.29MB / 180.29MB 2.1s
2026-09-23T08:51:12.0018305Z #6 extracting sha256:8cd46d290033f265db57fd808ac81c444ec5a5b3f189c3d6d85043b647336913 1.8s done
2026-09-23T08:51:13.0014202Z #6 sha256:97f8a55b70e1cdd0ddc6b738b3a1baeadd53644ee6819ff60426e800045a98b0 180.29MB / 180.29MB 4.0s done
2026-09-23T08:51:13.1558371Z #6 sha256:1c8ff076d818ad6b8557e03e10c83657cc716ab287c8380054ff91571c8cae81 211.27MB / 211.27MB 4.2s done
2026-09-23T08:51:13.1559430Z #6 extracting sha256:2e6afa3f266c11e8960349e7866203a9df478a50362bb5488c45fe39d99b2707 0.1s
2026-09-23T08:51:13.4873062Z #6 extracting sha256:2e6afa3f266c11e8960349e7866203a9df478a50362bb5488c45fe39d99b2707 0.4s done
2026-09-23T08:51:14.5542828Z #6 extracting sha256:2e66a70da0bec13fb3d492fcdef60fd8a5ef0a1a65c4e8a4909e26742852f0f2
2026-09-23T08:51:16.3845412Z #6 extracting sha256:2e66a70da0bec13fb3d492fcdef60fd8a5ef0a1a65c4e8a4909e26742852f0f2 1.7s done
2026-09-23T08:51:17.3375577Z #6 extracting sha256:1c8ff076d818ad6b8557e03e10c83657cc716ab287c8380054ff91571c8cae81
2026-09-23T08:51:21.9250533Z #6 extracting sha256:1c8ff076d818ad6b8557e03e10c83657cc716ab287c8380054ff91571c8cae81 4.4s done
2026-09-23T08:51:25.3215900Z #6 extracting sha256:97f8a55b70e1cdd0ddc6b738b3a1baeadd53644ee6819ff60426e800045a98b0
2026-09-23T08:51:27.9164520Z #6 extracting sha256:97f8a55b70e1cdd0ddc6b738b3a1baeadd53644ee6819ff60426e800045a98b0 2.4s done
2026-09-23T08:51:30.5643272Z #6 DONE 21.8s
2026-09-23T08:51:30.7284999Z 
2026-09-23T08:51:30.7285653Z #7 [builder 2/7] WORKDIR /workspace
2026-09-23T08:51:30.7286062Z #7 DONE 0.0s
2026-09-23T08:51:30.7286210Z 
2026-09-23T08:51:30.7286405Z #8 [builder 3/7] RUN rustup target add wasm32-wasip1
2026-09-23T08:51:30.7948341Z #8 0.217 info: downloading component 'rust-std' for 'wasm32-wasip1'
2026-09-23T08:51:31.1769295Z #8 0.599 info: installing component 'rust-std' for 'wasm32-wasip1'
2026-09-23T08:51:33.0684120Z #8 DONE 2.5s
2026-09-23T08:51:33.3005450Z 
2026-09-23T08:51:33.3006002Z #9 [builder 4/7] COPY . .
2026-09-23T08:51:33.3006364Z #9 DONE 0.1s
2026-09-23T08:51:33.3006520Z 
2026-09-23T08:51:33.3006741Z #10 [builder 5/7] WORKDIR /workspace/extensions/ai-data-masking
2026-09-23T08:51:33.3007146Z #10 DONE 0.0s
2026-09-23T08:51:33.3007287Z 
2026-09-23T08:51:33.3007541Z #11 [builder 6/7] RUN if [ -f .prebuild ]; then sh .prebuild; fi
2026-09-23T08:51:33.3142191Z #11 0.165 Get:1 http://deb.debian.org/debian bookworm InRelease [151 kB]
2026-09-23T08:51:33.4195705Z #11 0.217 Get:2 http://deb.debian.org/debian bookworm-updates InRelease [55.4 kB]
2026-09-23T08:51:33.4196490Z #11 0.236 Get:3 http://deb.debian.org/debian-security bookworm-security InRelease [34.8 kB]
2026-09-23T08:51:33.4197114Z #11 0.270 Get:4 http://deb.debian.org/debian bookworm/main amd64 Packages [8790 kB]
2026-09-23T08:51:33.5396815Z #11 0.390 Get:5 http://deb.debian.org/debian bookworm-updates/main amd64 Packages [6924 B]
2026-09-23T08:51:33.6912671Z #11 0.391 Get:6 http://deb.debian.org/debian-security bookworm-security/main amd64 Packages [341 kB]
2026-09-23T08:51:34.3863412Z #11 1.237 Fetched 9379 kB in 1s (8424 kB/s)
2026-09-23T08:51:34.8084198Z #11 1.237 Reading package lists...
2026-09-23T08:51:35.2464803Z #11 1.676 Reading package lists...
2026-09-23T08:51:35.4912977Z #11 2.110 Building dependency tree...
2026-09-23T08:51:35.4914889Z #11 2.193 Reading state information...
2026-09-23T08:51:35.4915772Z #11 2.341 gcc is already the newest version (4:12.2.0-3).
2026-09-23T08:51:35.4916848Z #11 2.341 The following additional packages will be installed:
2026-09-23T08:51:35.6440717Z #11 2.341   binfmt-support clang-14 cpp-12 curl g++-12 gcc-12 gcc-12-base
2026-09-23T08:51:35.6441394Z #11 2.342   gcc-12-multilib lib32asan8 lib32atomic1 lib32gcc-12-dev lib32gcc-s1
2026-09-23T08:51:35.6442242Z #11 2.342   lib32gomp1 lib32itm1 lib32quadmath0 lib32stdc++6 lib32ubsan1 libasan8
2026-09-23T08:51:35.6442795Z #11 2.342   libatomic1 libc-bin libc-dev-bin libc6 libc6-dev libc6-dev-i386
2026-09-23T08:51:35.6443312Z #11 2.342   libc6-dev-x32 libc6-i386 libc6-x32 libcc1-0 libclang-common-14-dev
2026-09-23T08:51:35.6443881Z #11 2.342   libclang-cpp14 libclang-rt-14-dev libclang1-14 libcurl3-gnutls libcurl3-nss
2026-09-23T08:51:35.6444467Z #11 2.342   libcurl4 libcurl4-openssl-dev libgc1 libgcc-12-dev libgcc-s1 libgomp1
2026-09-23T08:51:35.6445114Z #11 2.342   libitm1 libllvm14 liblsan0 libnspr4 libnss3 libobjc-12-dev libobjc4 libpfm4
2026-09-23T08:51:35.6446032Z #11 2.343   libpipeline1 libquadmath0 libstdc++-12-dev libstdc++6 libtsan2 libubsan1
2026-09-23T08:51:35.6446532Z #11 2.343   libx32asan8 libx32atomic1 libx32gcc-12-dev libx32gcc-s1 libx32gomp1
2026-09-23T08:51:35.6447024Z #11 2.343   libx32itm1 libx32quadmath0 libx32stdc++6 libx32ubsan1 libz3-4 libz3-dev
2026-09-23T08:51:35.6447527Z #11 2.343   llvm-14 llvm-14-dev llvm-14-linker-tools llvm-14-runtime llvm-14-tools
2026-09-23T08:51:35.6448031Z #11 2.343   llvm-runtime nss-plugin-pem python3-pkg-resources python3-pygments
2026-09-23T08:51:35.6448405Z #11 2.343   python3-yaml
2026-09-23T08:51:35.6448655Z #11 2.344 Suggested packages:
2026-09-23T08:51:35.6449038Z #11 2.344   clang-14-doc wasi-libc gcc-12-locales cpp-12-doc g++-12-multilib gcc-12-doc
2026-09-23T08:51:35.6449546Z #11 2.344   glibc-doc libc-l10n locales libnss-nis libnss-nisplus manpages-dev
2026-09-23T08:51:35.6450003Z #11 2.344   libcurl4-doc libidn-dev libldap2-dev librtmp-dev libssh2-1-dev
2026-09-23T08:51:35.6450991Z #11 2.344   libstdc++-12-doc llvm-14-doc python3-setuptools python-pygments-doc
2026-09-23T08:51:35.6451403Z #11 2.344   ttf-bitstream-vera
2026-09-23T08:51:35.6451677Z #11 2.344 Recommended packages:
2026-09-23T08:51:35.6452162Z #11 2.344   manpages manpages-dev libc-devtools
2026-09-23T08:51:35.8195536Z #11 2.670 The following NEW packages will be installed:
2026-09-23T08:51:36.0008221Z #11 2.670   binfmt-support clang clang-14 gcc-12-multilib gcc-multilib lib32asan8
2026-09-23T08:51:36.0009241Z #11 2.670   lib32atomic1 lib32gcc-12-dev lib32gcc-s1 lib32gomp1 lib32itm1 lib32quadmath0
2026-09-23T08:51:36.0012120Z #11 2.670   lib32stdc++6 lib32ubsan1 libc6-dev-i386 libc6-dev-x32 libc6-i386 libc6-x32
2026-09-23T08:51:36.0012797Z #11 2.670   libclang-common-14-dev libclang-cpp14 libclang-rt-14-dev libclang1-14
2026-09-23T08:51:36.0013642Z #11 2.670   libcurl3-nss libgc1 libllvm14 libnspr4 libnss3 libobjc-12-dev libobjc4
2026-09-23T08:51:36.0014591Z #11 2.671   libpfm4 libpipeline1 libx32asan8 libx32atomic1 libx32gcc-12-dev libx32gcc-s1
2026-09-23T08:51:36.0016216Z #11 2.671   libx32gomp1 libx32itm1 libx32quadmath0 libx32stdc++6 libx32ubsan1 libz3-4
2026-09-23T08:51:36.0016731Z #11 2.671   libz3-dev llvm llvm-14 llvm-14-dev llvm-14-linker-tools llvm-14-runtime
2026-09-23T08:51:36.0017637Z #11 2.671   llvm-14-tools llvm-runtime nss-plugin-pem python3-pkg-resources
2026-09-23T08:51:36.0018908Z #11 2.671   python3-pygments python3-yaml
2026-09-23T08:51:36.0019415Z #11 2.672 The following packages will be upgraded:
2026-09-23T08:51:36.0020323Z #11 2.672   cpp-12 curl g++-12 gcc-12 gcc-12-base libasan8 libatomic1 libc-bin
2026-09-23T08:51:36.0022026Z #11 2.672   libc-dev-bin libc6 libc6-dev libcc1-0 libcurl3-gnutls libcurl4
2026-09-23T08:51:36.0022777Z #11 2.672   libcurl4-openssl-dev libgcc-12-dev libgcc-s1 libgomp1 libitm1 liblsan0
2026-09-23T08:51:36.0023619Z #11 2.672   libquadmath0 libstdc++-12-dev libstdc++6 libtsan2 libubsan1
2026-09-23T08:51:36.0026072Z #11 2.744 25 upgraded, 53 newly installed, 0 to remove and 161 not upgraded.
2026-09-23T08:51:36.0027990Z #11 2.744 Need to get 181 MB of archives.
2026-09-23T08:51:36.0028960Z #11 2.744 After this operation, 722 MB of additional disk space will be used.
2026-09-23T08:51:36.0030046Z #11 2.744 Get:1 http://deb.debian.org/debian bookworm/main amd64 libc6-dev amd64 2.36-9+deb12u14 [1904 kB]
2026-09-23T08:51:36.0030913Z #11 2.851 Get:2 http://deb.debian.org/debian bookworm/main amd64 libc-dev-bin amd64 2.36-9+deb12u14 [48.1 kB]
2026-09-23T08:51:36.1033485Z #11 2.852 Get:3 http://deb.debian.org/debian bookworm/main amd64 libcc1-0 amd64 12.2.0-14+deb12u1 [41.7 kB]
2026-09-23T08:51:36.1034724Z #11 2.853 Get:4 http://deb.debian.org/debian bookworm/main amd64 gcc-12-base amd64 12.2.0-14+deb12u1 [37.6 kB]
2026-09-23T08:51:36.1035964Z #11 2.854 Get:5 http://deb.debian.org/debian bookworm/main amd64 libgcc-s1 amd64 12.2.0-14+deb12u1 [49.9 kB]
2026-09-23T08:51:36.1037159Z #11 2.855 Get:6 http://deb.debian.org/debian bookworm/main amd64 libgomp1 amd64 12.2.0-14+deb12u1 [116 kB]
2026-09-23T08:51:36.1038375Z #11 2.855 Get:7 http://deb.debian.org/debian bookworm/main amd64 libitm1 amd64 12.2.0-14+deb12u1 [26.1 kB]
2026-09-23T08:51:36.1039437Z #11 2.856 Get:8 http://deb.debian.org/debian bookworm/main amd64 libatomic1 amd64 12.2.0-14+deb12u1 [9376 B]
2026-09-23T08:51:36.1040366Z #11 2.856 Get:9 http://deb.debian.org/debian bookworm/main amd64 libasan8 amd64 12.2.0-14+deb12u1 [2193 kB]
2026-09-23T08:51:36.1041355Z #11 2.872 Get:10 http://deb.debian.org/debian bookworm/main amd64 liblsan0 amd64 12.2.0-14+deb12u1 [969 kB]
2026-09-23T08:51:36.1042476Z #11 2.877 Get:11 http://deb.debian.org/debian bookworm/main amd64 libtsan2 amd64 12.2.0-14+deb12u1 [2197 kB]
2026-09-23T08:51:36.1043465Z #11 2.889 Get:12 http://deb.debian.org/debian bookworm/main amd64 libubsan1 amd64 12.2.0-14+deb12u1 [883 kB]
2026-09-23T08:51:36.1044435Z #11 2.892 Get:13 http://deb.debian.org/debian bookworm/main amd64 libquadmath0 amd64 12.2.0-14+deb12u1 [145 kB]
2026-09-23T08:51:36.1045421Z #11 2.893 Get:14 http://deb.debian.org/debian bookworm/main amd64 g++-12 amd64 12.2.0-14+deb12u1 [10.7 MB]
2026-09-23T08:51:36.1046661Z #11 2.937 Get:15 http://deb.debian.org/debian bookworm/main amd64 libstdc++-12-dev amd64 12.2.0-14+deb12u1 [2047 kB]
2026-09-23T08:51:36.1047729Z #11 2.945 Get:16 http://deb.debian.org/debian bookworm/main amd64 libgcc-12-dev amd64 12.2.0-14+deb12u1 [2437 kB]
2026-09-23T08:51:36.1048745Z #11 2.954 Get:17 http://deb.debian.org/debian bookworm/main amd64 gcc-12 amd64 12.2.0-14+deb12u1 [19.3 MB]
2026-09-23T08:51:36.2322790Z #11 3.030 Get:18 http://deb.debian.org/debian bookworm/main amd64 cpp-12 amd64 12.2.0-14+deb12u1 [9768 kB]
2026-09-23T08:51:36.2323776Z #11 3.083 Get:19 http://deb.debian.org/debian bookworm/main amd64 libstdc++6 amd64 12.2.0-14+deb12u1 [613 kB]
2026-09-23T08:51:36.4262648Z #11 3.085 Get:20 http://deb.debian.org/debian bookworm/main amd64 libc6 amd64 2.36-9+deb12u14 [2759 kB]
2026-09-23T08:51:36.4263823Z #11 3.095 Get:21 http://deb.debian.org/debian bookworm/main amd64 libc-bin amd64 2.36-9+deb12u14 [609 kB]
2026-09-23T08:51:36.4265023Z #11 3.097 Get:22 http://deb.debian.org/debian bookworm/main amd64 libpipeline1 amd64 1.5.7-1 [38.5 kB]
2026-09-23T08:51:36.4265689Z #11 3.098 Get:23 http://deb.debian.org/debian bookworm/main amd64 binfmt-support amd64 2.2.2-2 [64.0 kB]
2026-09-23T08:51:36.4266319Z #11 3.098 Get:24 http://deb.debian.org/debian bookworm/main amd64 libz3-4 amd64 4.8.12-3.1 [7216 kB]
2026-09-23T08:51:36.4266950Z #11 3.141 Get:25 http://deb.debian.org/debian bookworm/main amd64 libllvm14 amd64 1:14.0.6-12 [21.8 MB]
2026-09-23T08:51:36.4267606Z #11 3.277 Get:26 http://deb.debian.org/debian bookworm/main amd64 libclang-cpp14 amd64 1:14.0.6-12 [11.1 MB]
2026-09-23T08:51:36.5432206Z #11 3.324 Get:27 http://deb.debian.org/debian bookworm/main amd64 libgc1 amd64 1:8.2.2-3 [245 kB]
2026-09-23T08:51:36.5433389Z #11 3.325 Get:28 http://deb.debian.org/debian bookworm/main amd64 libobjc4 amd64 12.2.0-14+deb12u1 [43.2 kB]
2026-09-23T08:51:36.5434461Z #11 3.326 Get:29 http://deb.debian.org/debian bookworm/main amd64 libobjc-12-dev amd64 12.2.0-14+deb12u1 [170 kB]
2026-09-23T08:51:36.5435598Z #11 3.339 Get:30 http://deb.debian.org/debian bookworm/main amd64 libclang-common-14-dev all 1:14.0.6-12 [890 kB]
2026-09-23T08:51:36.5436678Z #11 3.358 Get:31 http://deb.debian.org/debian bookworm/main amd64 llvm-14-linker-tools amd64 1:14.0.6-12 [1288 kB]
2026-09-23T08:51:36.5437740Z #11 3.363 Get:32 http://deb.debian.org/debian bookworm/main amd64 libclang1-14 amd64 1:14.0.6-12 [6157 kB]
2026-09-23T08:51:36.5438691Z #11 3.394 Get:33 http://deb.debian.org/debian bookworm/main amd64 clang-14 amd64 1:14.0.6-12 [102 kB]
2026-09-23T08:51:36.6512134Z #11 3.397 Get:34 http://deb.debian.org/debian bookworm/main amd64 clang amd64 1:14.0-55.7~deb12u1 [5144 B]
2026-09-23T08:51:36.6513389Z #11 3.398 Get:35 http://deb.debian.org/debian bookworm/main amd64 libcurl4-openssl-dev amd64 7.88.1-10+deb12u15 [493 kB]
2026-09-23T08:51:36.6514541Z #11 3.398 Get:36 http://deb.debian.org/debian bookworm/main amd64 curl amd64 7.88.1-10+deb12u15 [316 kB]
2026-09-23T08:51:36.6515456Z #11 3.399 Get:37 http://deb.debian.org/debian bookworm/main amd64 libcurl4 amd64 7.88.1-10+deb12u15 [392 kB]
2026-09-23T08:51:36.6516514Z #11 3.401 Get:38 http://deb.debian.org/debian bookworm/main amd64 libc6-i386 amd64 2.36-9+deb12u14 [2458 kB]
2026-09-23T08:51:36.6517192Z #11 3.417 Get:39 http://deb.debian.org/debian bookworm/main amd64 libc6-dev-i386 amd64 2.36-9+deb12u14 [1355 kB]
2026-09-23T08:51:36.6517846Z #11 3.438 Get:40 http://deb.debian.org/debian bookworm/main amd64 libc6-x32 amd64 2.36-9+deb12u14 [2588 kB]
2026-09-23T08:51:36.6518485Z #11 3.460 Get:41 http://deb.debian.org/debian bookworm/main amd64 libc6-dev-x32 amd64 2.36-9+deb12u14 [1521 kB]
2026-09-23T08:51:36.6519227Z #11 3.466 Get:42 http://deb.debian.org/debian bookworm/main amd64 lib32gcc-s1 amd64 12.2.0-14+deb12u1 [59.7 kB]
2026-09-23T08:51:36.6519853Z #11 3.467 Get:43 http://deb.debian.org/debian bookworm/main amd64 libx32gcc-s1 amd64 12.2.0-14+deb12u1 [50.1 kB]
2026-09-23T08:51:36.6520727Z #11 3.468 Get:44 http://deb.debian.org/debian bookworm/main amd64 lib32gomp1 amd64 12.2.0-14+deb12u1 [121 kB]
2026-09-23T08:51:36.6521520Z #11 3.468 Get:45 http://deb.debian.org/debian bookworm/main amd64 libx32gomp1 amd64 12.2.0-14+deb12u1 [116 kB]
2026-09-23T08:51:36.6522483Z #11 3.469 Get:46 http://deb.debian.org/debian bookworm/main amd64 lib32itm1 amd64 12.2.0-14+deb12u1 [27.7 kB]
2026-09-23T08:51:36.6523324Z #11 3.470 Get:47 http://deb.debian.org/debian bookworm/main amd64 libx32itm1 amd64 12.2.0-14+deb12u1 [26.4 kB]
2026-09-23T08:51:36.6524159Z #11 3.470 Get:48 http://deb.debian.org/debian bookworm/main amd64 lib32atomic1 amd64 12.2.0-14+deb12u1 [7732 B]
2026-09-23T08:51:36.6524959Z #11 3.470 Get:49 http://deb.debian.org/debian bookworm/main amd64 libx32atomic1 amd64 12.2.0-14+deb12u1 [9288 B]
2026-09-23T08:51:36.6525803Z #11 3.470 Get:50 http://deb.debian.org/debian bookworm/main amd64 lib32asan8 amd64 12.2.0-14+deb12u1 [2081 kB]
2026-09-23T08:51:36.6526445Z #11 3.485 Get:51 http://deb.debian.org/debian bookworm/main amd64 libx32asan8 amd64 12.2.0-14+deb12u1 [2063 kB]
2026-09-23T08:51:36.6527353Z #11 3.502 Get:52 http://deb.debian.org/debian bookworm/main amd64 lib32stdc++6 amd64 12.2.0-14+deb12u1 [643 kB]
2026-09-23T08:51:36.7906127Z #11 3.505 Get:53 http://deb.debian.org/debian bookworm/main amd64 lib32ubsan1 amd64 12.2.0-14+deb12u1 [870 kB]
2026-09-23T08:51:36.7908284Z #11 3.508 Get:54 http://deb.debian.org/debian bookworm/main amd64 libx32stdc++6 amd64 12.2.0-14+deb12u1 [599 kB]
2026-09-23T08:51:36.7910313Z #11 3.513 Get:55 http://deb.debian.org/debian bookworm/main amd64 libx32ubsan1 amd64 12.2.0-14+deb12u1 [874 kB]
2026-09-23T08:51:36.7913167Z #11 3.525 Get:56 http://deb.debian.org/debian bookworm/main amd64 lib32quadmath0 amd64 12.2.0-14+deb12u1 [227 kB]
2026-09-23T08:51:36.7915095Z #11 3.527 Get:57 http://deb.debian.org/debian bookworm/main amd64 libx32quadmath0 amd64 12.2.0-14+deb12u1 [147 kB]
2026-09-23T08:51:36.7916868Z #11 3.528 Get:58 http://deb.debian.org/debian bookworm/main amd64 lib32gcc-12-dev amd64 12.2.0-14+deb12u1 [2269 kB]
2026-09-23T08:51:36.7918814Z #11 3.537 Get:59 http://deb.debian.org/debian bookworm/main amd64 libx32gcc-12-dev amd64 12.2.0-14+deb12u1 [2042 kB]
2026-09-23T08:51:36.7920552Z #11 3.544 Get:60 http://deb.debian.org/debian bookworm/main amd64 gcc-12-multilib amd64 12.2.0-14+deb12u1 [1032 B]
2026-09-23T08:51:36.7922487Z #11 3.544 Get:61 http://deb.debian.org/debian bookworm/main amd64 gcc-multilib amd64 4:12.2.0-3 [1520 B]
2026-09-23T08:51:36.7923765Z #11 3.544 Get:62 http://deb.debian.org/debian bookworm/main amd64 libclang-rt-14-dev amd64 1:14.0.6-12 [3275 kB]
2026-09-23T08:51:36.7925790Z #11 3.557 Get:63 http://deb.debian.org/debian bookworm/main amd64 libcurl3-gnutls amd64 7.88.1-10+deb12u15 [386 kB]
2026-09-23T08:51:36.7927461Z #11 3.559 Get:64 http://deb.debian.org/debian bookworm/main amd64 libnspr4 amd64 2:4.35-1 [113 kB]
2026-09-23T08:51:36.7929451Z #11 3.559 Get:65 http://deb.debian.org/debian-security bookworm-security/main amd64 libnss3 amd64 2:3.87.1-1+deb12u4 [1331 kB]
2026-09-23T08:51:36.7930625Z #11 3.563 Get:66 http://deb.debian.org/debian bookworm/main amd64 nss-plugin-pem amd64 1.0.8+1-1 [54.6 kB]
2026-09-23T08:51:36.7931607Z #11 3.564 Get:67 http://deb.debian.org/debian bookworm/main amd64 libcurl3-nss amd64 7.88.1-10+deb12u15 [396 kB]
2026-09-23T08:51:36.7932762Z #11 3.570 Get:68 http://deb.debian.org/debian bookworm/main amd64 libpfm4 amd64 4.13.0-1 [294 kB]
2026-09-23T08:51:36.7933671Z #11 3.572 Get:69 http://deb.debian.org/debian bookworm/main amd64 libz3-dev amd64 4.8.12-3.1 [90.6 kB]
2026-09-23T08:51:36.7935508Z #11 3.574 Get:70 http://deb.debian.org/debian bookworm/main amd64 llvm-14-runtime amd64 1:14.0.6-12 [477 kB]
2026-09-23T08:51:36.7936521Z #11 3.575 Get:71 http://deb.debian.org/debian bookworm/main amd64 llvm-runtime amd64 1:14.0-55.7~deb12u1 [4812 B]
2026-09-23T08:51:36.7937962Z #11 3.592 Get:72 http://deb.debian.org/debian bookworm/main amd64 llvm-14 amd64 1:14.0.6-12 [11.7 MB]
2026-09-23T08:51:36.7938897Z #11 3.641 Get:73 http://deb.debian.org/debian bookworm/main amd64 llvm amd64 1:14.0-55.7~deb12u1 [7212 B]
2026-09-23T08:51:36.9482995Z #11 3.641 Get:74 http://deb.debian.org/debian bookworm/main amd64 python3-pkg-resources all 66.1.1-1+deb12u2 [297 kB]
2026-09-23T08:51:36.9483945Z #11 3.643 Get:75 http://deb.debian.org/debian bookworm/main amd64 python3-pygments all 2.14.0+dfsg-1 [783 kB]
2026-09-23T08:51:36.9484665Z #11 3.646 Get:76 http://deb.debian.org/debian bookworm/main amd64 python3-yaml amd64 6.0-3+b2 [119 kB]
2026-09-23T08:51:36.9485358Z #11 3.646 Get:77 http://deb.debian.org/debian bookworm/main amd64 llvm-14-tools amd64 1:14.0.6-12 [405 kB]
2026-09-23T08:51:36.9486053Z #11 3.648 Get:78 http://deb.debian.org/debian bookworm/main amd64 llvm-14-dev amd64 1:14.0.6-12 [33.9 MB]
2026-09-23T08:51:37.1365070Z #11 3.987 debconf: delaying package configuration, since apt-utils is not installed
2026-09-23T08:51:37.3435066Z #11 4.010 Fetched 181 MB in 1s (156 MB/s)
2026-09-23T08:51:37.3435596Z #11 4.026 (Reading database ... 
2026-09-23T08:51:37.3436086Z (Reading database ... 5%
2026-09-23T08:51:37.3436829Z (Reading database ... 10%
2026-09-23T08:51:37.3437193Z (Reading database ... 15%
2026-09-23T08:51:37.3437538Z (Reading database ... 20%
2026-09-23T08:51:37.3437847Z (Reading database ... 25%
2026-09-23T08:51:37.3438161Z (Reading database ... 30%
2026-09-23T08:51:37.3438578Z (Reading database ... 35%
2026-09-23T08:51:37.3438900Z (Reading database ... 40%
2026-09-23T08:51:37.3439361Z (Reading database ... 45%
2026-09-23T08:51:37.3439937Z (Reading database ... 50%
2026-09-23T08:51:37.3440245Z (Reading database ... 55%
2026-09-23T08:51:37.3440563Z (Reading database ... 60%
2026-09-23T08:51:37.3440857Z (Reading database ... 65%
2026-09-23T08:51:37.3441140Z (Reading database ... 70%
2026-09-23T08:51:37.3441448Z (Reading database ... 75%
2026-09-23T08:51:37.3441756Z (Reading database ... 80%
2026-09-23T08:51:37.3442234Z (Reading database ... 85%
2026-09-23T08:51:37.3442549Z (Reading database ... 90%
2026-09-23T08:51:37.3442834Z (Reading database ... 95%
2026-09-23T08:51:37.3443147Z (Reading database ... 100%
2026-09-23T08:51:37.3443661Z (Reading database ... 23242 files and directories currently installed.)
2026-09-23T08:51:37.3444359Z #11 4.040 Preparing to unpack .../libc6-dev_2.36-9+deb12u14_amd64.deb ...
2026-09-23T08:51:37.3445045Z #11 4.043 Unpacking libc6-dev:amd64 (2.36-9+deb12u14) over (2.36-9+deb12u8) ...
2026-09-23T08:51:37.9740871Z #11 4.824 Preparing to unpack .../libc-dev-bin_2.36-9+deb12u14_amd64.deb ...
2026-09-23T08:51:38.0885340Z #11 4.828 Unpacking libc-dev-bin (2.36-9+deb12u14) over (2.36-9+deb12u8) ...
2026-09-23T08:51:38.0885934Z #11 4.851 Preparing to unpack .../libcc1-0_12.2.0-14+deb12u1_amd64.deb ...
2026-09-23T08:51:38.0886455Z #11 4.855 Unpacking libcc1-0:amd64 (12.2.0-14+deb12u1) over (12.2.0-14) ...
2026-09-23T08:51:38.0886986Z #11 4.874 Preparing to unpack .../gcc-12-base_12.2.0-14+deb12u1_amd64.deb ...
2026-09-23T08:51:38.0887511Z #11 4.877 Unpacking gcc-12-base:amd64 (12.2.0-14+deb12u1) over (12.2.0-14) ...
2026-09-23T08:51:38.0887983Z #11 4.908 Setting up gcc-12-base:amd64 (12.2.0-14+deb12u1) ...
2026-09-23T08:51:38.1919748Z #11 4.939 (Reading database ... 
2026-09-23T08:51:38.1920345Z (Reading database ... 5%
2026-09-23T08:51:38.1920782Z (Reading database ... 10%
2026-09-23T08:51:38.1921198Z (Reading database ... 15%
2026-09-23T08:51:38.1921566Z (Reading database ... 20%
2026-09-23T08:51:38.1922404Z (Reading database ... 25%
2026-09-23T08:51:38.1922694Z (Reading database ... 30%
2026-09-23T08:51:38.1922991Z (Reading database ... 35%
2026-09-23T08:51:38.1923248Z (Reading database ... 40%
2026-09-23T08:51:38.1923510Z (Reading database ... 45%
2026-09-23T08:51:38.1923795Z (Reading database ... 50%
2026-09-23T08:51:38.1924069Z (Reading database ... 55%
2026-09-23T08:51:38.1924332Z (Reading database ... 60%
2026-09-23T08:51:38.1924585Z (Reading database ... 65%
2026-09-23T08:51:38.1924845Z (Reading database ... 70%
2026-09-23T08:51:38.1925111Z (Reading database ... 75%
2026-09-23T08:51:38.1925367Z (Reading database ... 80%
2026-09-23T08:51:38.1925632Z (Reading database ... 85%
2026-09-23T08:51:38.1926143Z (Reading database ... 90%
2026-09-23T08:51:38.1926422Z (Reading database ... 95%
2026-09-23T08:51:38.1926686Z (Reading database ... 100%
2026-09-23T08:51:38.1927065Z (Reading database ... 23242 files and directories currently installed.)
2026-09-23T08:51:38.1927582Z #11 4.952 Preparing to unpack .../libgcc-s1_12.2.0-14+deb12u1_amd64.deb ...
2026-09-23T08:51:38.1928073Z #11 4.955 Unpacking libgcc-s1:amd64 (12.2.0-14+deb12u1) over (12.2.0-14) ...
2026-09-23T08:51:38.1928553Z #11 4.983 Setting up libgcc-s1:amd64 (12.2.0-14+deb12u1) ...
2026-09-23T08:51:38.1928898Z #11 5.001 (Reading database ... 
2026-09-23T08:51:38.1929154Z (Reading database ... 5%
2026-09-23T08:51:38.1929402Z (Reading database ... 10%
2026-09-23T08:51:38.1929637Z (Reading database ... 15%
2026-09-23T08:51:38.1929866Z (Reading database ... 20%
2026-09-23T08:51:38.1930093Z (Reading database ... 25%
2026-09-23T08:51:38.1930329Z (Reading database ... 30%
2026-09-23T08:51:38.1930555Z (Reading database ... 35%
2026-09-23T08:51:38.1930906Z (Reading database ... 40%
2026-09-23T08:51:38.1931137Z (Reading database ... 45%
2026-09-23T08:51:38.1931370Z (Reading database ... 50%
2026-09-23T08:51:38.1931599Z (Reading database ... 55%
2026-09-23T08:51:38.1931998Z (Reading database ... 60%
2026-09-23T08:51:38.1932342Z (Reading database ... 65%
2026-09-23T08:51:38.1932718Z (Reading database ... 70%
2026-09-23T08:51:38.1933065Z (Reading database ... 75%
2026-09-23T08:51:38.1933292Z (Reading database ... 80%
2026-09-23T08:51:38.1933517Z (Reading database ... 85%
2026-09-23T08:51:38.1933744Z (Reading database ... 90%
2026-09-23T08:51:38.1933979Z (Reading database ... 95%
2026-09-23T08:51:38.1934207Z (Reading database ... 100%
2026-09-23T08:51:38.1934549Z (Reading database ... 23242 files and directories currently installed.)
2026-09-23T08:51:38.1935014Z #11 5.014 Preparing to unpack .../00-libgomp1_12.2.0-14+deb12u1_amd64.deb ...
2026-09-23T08:51:38.1935480Z #11 5.016 Unpacking libgomp1:amd64 (12.2.0-14+deb12u1) over (12.2.0-14) ...
2026-09-23T08:51:38.1936191Z #11 5.042 Preparing to unpack .../01-libitm1_12.2.0-14+deb12u1_amd64.deb ...
2026-09-23T08:51:38.3971955Z #11 5.046 Unpacking libitm1:amd64 (12.2.0-14+deb12u1) over (12.2.0-14) ...
2026-09-23T08:51:38.3973038Z #11 5.066 Preparing to unpack .../02-libatomic1_12.2.0-14+deb12u1_amd64.deb ...
2026-09-23T08:51:38.3973938Z #11 5.070 Unpacking libatomic1:amd64 (12.2.0-14+deb12u1) over (12.2.0-14) ...
2026-09-23T08:51:38.3974796Z #11 5.094 Preparing to unpack .../03-libasan8_12.2.0-14+deb12u1_amd64.deb ...
2026-09-23T08:51:38.3975593Z #11 5.097 Unpacking libasan8:amd64 (12.2.0-14+deb12u1) over (12.2.0-14) ...
2026-09-23T08:51:38.5016489Z #11 5.352 Preparing to unpack .../04-liblsan0_12.2.0-14+deb12u1_amd64.deb ...
2026-09-23T08:51:38.6243701Z #11 5.358 Unpacking liblsan0:amd64 (12.2.0-14+deb12u1) over (12.2.0-14) ...
2026-09-23T08:51:38.6244602Z #11 5.475 Preparing to unpack .../05-libtsan2_12.2.0-14+deb12u1_amd64.deb ...
2026-09-23T08:51:38.7799523Z #11 5.480 Unpacking libtsan2:amd64 (12.2.0-14+deb12u1) over (12.2.0-14) ...
2026-09-23T08:51:38.8756544Z #11 5.726 Preparing to unpack .../06-libubsan1_12.2.0-14+deb12u1_amd64.deb ...
2026-09-23T08:51:38.9829353Z #11 5.729 Unpacking libubsan1:amd64 (12.2.0-14+deb12u1) over (12.2.0-14) ...
2026-09-23T08:51:38.9830086Z #11 5.833 Preparing to unpack .../07-libquadmath0_12.2.0-14+deb12u1_amd64.deb ...
2026-09-23T08:51:39.1665841Z #11 5.836 Unpacking libquadmath0:amd64 (12.2.0-14+deb12u1) over (12.2.0-14) ...
2026-09-23T08:51:39.1666764Z #11 5.863 Preparing to unpack .../08-g++-12_12.2.0-14+deb12u1_amd64.deb ...
2026-09-23T08:51:39.1667526Z #11 5.866 Unpacking g++-12 (12.2.0-14+deb12u1) over (12.2.0-14) ...
2026-09-23T08:51:40.0332881Z #11 6.884 Preparing to unpack .../09-libstdc++-12-dev_12.2.0-14+deb12u1_amd64.deb ...
2026-09-23T08:51:40.1864607Z #11 6.886 Unpacking libstdc++-12-dev:amd64 (12.2.0-14+deb12u1) over (12.2.0-14) ...
2026-09-23T08:51:40.8865795Z #11 7.737 Preparing to unpack .../10-libgcc-12-dev_12.2.0-14+deb12u1_amd64.deb ...
2026-09-23T08:51:41.0398617Z #11 7.740 Unpacking libgcc-12-dev:amd64 (12.2.0-14+deb12u1) over (12.2.0-14) ...
2026-09-23T08:51:41.1972361Z #11 8.048 Preparing to unpack .../11-gcc-12_12.2.0-14+deb12u1_amd64.deb ...
2026-09-23T08:51:41.3504556Z #11 8.051 Unpacking gcc-12 (12.2.0-14+deb12u1) over (12.2.0-14) ...
2026-09-23T08:51:42.7233515Z #11 9.574 Preparing to unpack .../12-cpp-12_12.2.0-14+deb12u1_amd64.deb ...
2026-09-23T08:51:42.8766355Z #11 9.577 Unpacking cpp-12 (12.2.0-14+deb12u1) over (12.2.0-14) ...
2026-09-23T08:51:43.7000068Z #11 10.55 Preparing to unpack .../13-libstdc++6_12.2.0-14+deb12u1_amd64.deb ...
2026-09-23T08:51:43.8089698Z #11 10.57 Unpacking libstdc++6:amd64 (12.2.0-14+deb12u1) over (12.2.0-14) ...
2026-09-23T08:51:43.8090241Z #11 10.66 Setting up libstdc++6:amd64 (12.2.0-14+deb12u1) ...
2026-09-23T08:51:43.9137557Z #11 10.69 (Reading database ... 
2026-09-23T08:51:43.9138132Z (Reading database ... 5%
2026-09-23T08:51:43.9138626Z (Reading database ... 10%
2026-09-23T08:51:43.9139453Z (Reading database ... 15%
2026-09-23T08:51:43.9139862Z (Reading database ... 20%
2026-09-23T08:51:43.9140276Z (Reading database ... 25%
2026-09-23T08:51:43.9140678Z (Reading database ... 30%
2026-09-23T08:51:43.9141070Z (Reading database ... 35%
2026-09-23T08:51:43.9141509Z (Reading database ... 40%
2026-09-23T08:51:43.9142133Z (Reading database ... 45%
2026-09-23T08:51:43.9142544Z (Reading database ... 50%
2026-09-23T08:51:43.9142956Z (Reading database ... 55%
2026-09-23T08:51:43.9143308Z (Reading database ... 60%
2026-09-23T08:51:43.9143672Z (Reading database ... 65%
2026-09-23T08:51:43.9144037Z (Reading database ... 70%
2026-09-23T08:51:43.9144404Z (Reading database ... 75%
2026-09-23T08:51:43.9144758Z (Reading database ... 80%
2026-09-23T08:51:43.9145121Z (Reading database ... 85%
2026-09-23T08:51:43.9145460Z (Reading database ... 90%
2026-09-23T08:51:43.9145795Z (Reading database ... 95%
2026-09-23T08:51:43.9146149Z (Reading database ... 100%
2026-09-23T08:51:43.9146670Z (Reading database ... 23242 files and directories currently installed.)
2026-09-23T08:51:43.9147441Z #11 10.70 Preparing to unpack .../libc6_2.36-9+deb12u14_amd64.deb ...
2026-09-23T08:51:43.9148055Z #11 10.76 debconf: unable to initialize frontend: Dialog
2026-09-23T08:51:43.9148680Z #11 10.76 debconf: (TERM is not set, so the dialog frontend is not usable.)
2026-09-23T08:51:43.9149268Z #11 10.76 debconf: falling back to frontend: Readline
2026-09-23T08:51:44.1029107Z #11 10.77 debconf: unable to initialize frontend: Readline
2026-09-23T08:51:44.1029630Z #11 10.77 debconf: (This frontend requires a controlling tty.)
2026-09-23T08:51:44.1030053Z #11 10.77 debconf: falling back to frontend: Teletype
2026-09-23T08:51:44.1030498Z #11 10.80 Unpacking libc6:amd64 (2.36-9+deb12u14) over (2.36-9+deb12u8) ...
2026-09-23T08:51:44.4161488Z #11 11.27 Setting up libc6:amd64 (2.36-9+deb12u14) ...
2026-09-23T08:51:44.6336946Z #11 11.33 debconf: unable to initialize frontend: Dialog
2026-09-23T08:51:44.6337504Z #11 11.33 debconf: (TERM is not set, so the dialog frontend is not usable.)
2026-09-23T08:51:44.6338013Z #11 11.33 debconf: falling back to frontend: Readline
2026-09-23T08:51:44.6338399Z #11 11.33 debconf: unable to initialize frontend: Readline
2026-09-23T08:51:44.6338800Z #11 11.33 debconf: (This frontend requires a controlling tty.)
2026-09-23T08:51:44.6339185Z #11 11.33 debconf: falling back to frontend: Teletype
2026-09-23T08:51:45.6500102Z #11 12.39 (Reading database ... 
2026-09-23T08:51:45.6500631Z (Reading database ... 5%
2026-09-23T08:51:45.6501011Z (Reading database ... 10%
2026-09-23T08:51:45.6501380Z (Reading database ... 15%
2026-09-23T08:51:45.6501678Z (Reading database ... 20%
2026-09-23T08:51:45.6502269Z (Reading database ... 25%
2026-09-23T08:51:45.6502608Z (Reading database ... 30%
2026-09-23T08:51:45.6502971Z (Reading database ... 35%
2026-09-23T08:51:45.6503388Z (Reading database ... 40%
2026-09-23T08:51:45.6503655Z (Reading database ... 45%
2026-09-23T08:51:45.6503944Z (Reading database ... 50%
2026-09-23T08:51:45.6504333Z (Reading database ... 55%
2026-09-23T08:51:45.6504838Z (Reading database ... 60%
2026-09-23T08:51:45.6505084Z (Reading database ... 65%
2026-09-23T08:51:45.6505450Z (Reading database ... 70%
2026-09-23T08:51:45.6505718Z (Reading database ... 75%
2026-09-23T08:51:45.6505943Z (Reading database ... 80%
2026-09-23T08:51:45.6506170Z (Reading database ... 85%
2026-09-23T08:51:45.6506515Z (Reading database ... 90%
2026-09-23T08:51:45.6506840Z (Reading database ... 95%
2026-09-23T08:51:45.6507073Z (Reading database ... 100%
2026-09-23T08:51:45.6507434Z (Reading database ... 23242 files and directories currently installed.)
2026-09-23T08:51:45.6507914Z #11 12.40 Preparing to unpack .../libc-bin_2.36-9+deb12u14_amd64.deb ...
2026-09-23T08:51:45.6508352Z #11 12.40 Unpacking libc-bin (2.36-9+deb12u14) over (2.36-9+deb12u8) ...
2026-09-23T08:51:45.6508726Z #11 12.50 Setting up libc-bin (2.36-9+deb12u14) ...
2026-09-23T08:51:45.7610195Z #11 12.55 Selecting previously unselected package libpipeline1:amd64.
2026-09-23T08:51:45.7611281Z #11 12.55 (Reading database ... 
2026-09-23T08:51:45.7611692Z (Reading database ... 5%
2026-09-23T08:51:45.7612315Z (Reading database ... 10%
2026-09-23T08:51:45.7612688Z (Reading database ... 15%
2026-09-23T08:51:45.7613013Z (Reading database ... 20%
2026-09-23T08:51:45.7613334Z (Reading database ... 25%
2026-09-23T08:51:45.7613655Z (Reading database ... 30%
2026-09-23T08:51:45.7613981Z (Reading database ... 35%
2026-09-23T08:51:45.7614293Z (Reading database ... 40%
2026-09-23T08:51:45.7614608Z (Reading database ... 45%
2026-09-23T08:51:45.7614927Z (Reading database ... 50%
2026-09-23T08:51:45.7615237Z (Reading database ... 55%
2026-09-23T08:51:45.7615549Z (Reading database ... 60%
2026-09-23T08:51:45.7615862Z (Reading database ... 65%
2026-09-23T08:51:45.7616183Z (Reading database ... 70%
2026-09-23T08:51:45.7616500Z (Reading database ... 75%
2026-09-23T08:51:45.7616817Z (Reading database ... 80%
2026-09-23T08:51:45.7617131Z (Reading database ... 85%
2026-09-23T08:51:45.7617452Z (Reading database ... 90%
2026-09-23T08:51:45.7617779Z (Reading database ... 95%
2026-09-23T08:51:45.7618093Z (Reading database ... 100%
2026-09-23T08:51:45.7618537Z (Reading database ... 23242 files and directories currently installed.)
2026-09-23T08:51:45.7619093Z #11 12.56 Preparing to unpack .../00-libpipeline1_1.5.7-1_amd64.deb ...
2026-09-23T08:51:45.7619574Z #11 12.56 Unpacking libpipeline1:amd64 (1.5.7-1) ...
2026-09-23T08:51:45.7620039Z #11 12.59 Selecting previously unselected package binfmt-support.
2026-09-23T08:51:45.7620553Z #11 12.59 Preparing to unpack .../01-binfmt-support_2.2.2-2_amd64.deb ...
2026-09-23T08:51:45.7621018Z #11 12.59 Unpacking binfmt-support (2.2.2-2) ...
2026-09-23T08:51:45.7621463Z #11 12.61 Selecting previously unselected package libz3-4:amd64.
2026-09-23T08:51:45.9145724Z #11 12.61 Preparing to unpack .../02-libz3-4_4.8.12-3.1_amd64.deb ...
2026-09-23T08:51:45.9146217Z #11 12.61 Unpacking libz3-4:amd64 (4.8.12-3.1) ...
2026-09-23T08:51:46.2572420Z #11 13.11 Selecting previously unselected package libllvm14:amd64.
2026-09-23T08:51:46.4141465Z #11 13.11 Preparing to unpack .../03-libllvm14_1%3a14.0.6-12_amd64.deb ...
2026-09-23T08:51:46.4142378Z #11 13.11 Unpacking libllvm14:amd64 (1:14.0.6-12) ...
2026-09-23T08:51:47.0562029Z #11 13.91 Selecting previously unselected package libclang-cpp14.
2026-09-23T08:51:47.2098557Z #11 13.91 Preparing to unpack .../04-libclang-cpp14_1%3a14.0.6-12_amd64.deb ...
2026-09-23T08:51:47.2099399Z #11 13.91 Unpacking libclang-cpp14 (1:14.0.6-12) ...
2026-09-23T08:51:47.5262867Z #11 14.38 Selecting previously unselected package libgc1:amd64.
2026-09-23T08:51:47.7217469Z #11 14.38 Preparing to unpack .../05-libgc1_1%3a8.2.2-3_amd64.deb ...
2026-09-23T08:51:47.7218218Z #11 14.38 Unpacking libgc1:amd64 (1:8.2.2-3) ...
2026-09-23T08:51:47.7218806Z #11 14.41 Selecting previously unselected package libobjc4:amd64.
2026-09-23T08:51:47.7219480Z #11 14.42 Preparing to unpack .../06-libobjc4_12.2.0-14+deb12u1_amd64.deb ...
2026-09-23T08:51:47.7220082Z #11 14.42 Unpacking libobjc4:amd64 (12.2.0-14+deb12u1) ...
2026-09-23T08:51:47.7221023Z #11 14.43 Selecting previously unselected package libobjc-12-dev:amd64.
2026-09-23T08:51:47.7221738Z #11 14.44 Preparing to unpack .../07-libobjc-12-dev_12.2.0-14+deb12u1_amd64.deb ...
2026-09-23T08:51:47.7222603Z #11 14.44 Unpacking libobjc-12-dev:amd64 (12.2.0-14+deb12u1) ...
2026-09-23T08:51:47.7223224Z #11 14.47 Selecting previously unselected package libclang-common-14-dev.
2026-09-23T08:51:47.7223909Z #11 14.47 Preparing to unpack .../08-libclang-common-14-dev_1%3a14.0.6-12_all.deb ...
2026-09-23T08:51:47.7224527Z #11 14.47 Unpacking libclang-common-14-dev (1:14.0.6-12) ...
2026-09-23T08:51:47.7225083Z #11 14.57 Selecting previously unselected package llvm-14-linker-tools.
2026-09-23T08:51:47.8255714Z #11 14.57 Preparing to unpack .../09-llvm-14-linker-tools_1%3a14.0.6-12_amd64.deb ...
2026-09-23T08:51:47.8256547Z #11 14.58 Unpacking llvm-14-linker-tools (1:14.0.6-12) ...
2026-09-23T08:51:47.8257158Z #11 14.68 Selecting previously unselected package libclang1-14.
2026-09-23T08:51:47.9791185Z #11 14.68 Preparing to unpack .../10-libclang1-14_1%3a14.0.6-12_amd64.deb ...
2026-09-23T08:51:47.9792181Z #11 14.68 Unpacking libclang1-14 (1:14.0.6-12) ...
2026-09-23T08:51:48.2417256Z #11 15.09 Selecting previously unselected package clang-14.
2026-09-23T08:51:48.4114843Z #11 15.09 Preparing to unpack .../11-clang-14_1%3a14.0.6-12_amd64.deb ...
2026-09-23T08:51:48.4115469Z #11 15.10 Unpacking clang-14 (1:14.0.6-12) ...
2026-09-23T08:51:48.4115904Z #11 15.12 Selecting previously unselected package clang.
2026-09-23T08:51:48.4116393Z #11 15.12 Preparing to unpack .../12-clang_1%3a14.0-55.7~deb12u1_amd64.deb ...
2026-09-23T08:51:48.4116821Z #11 15.13 Unpacking clang (1:14.0-55.7~deb12u1) ...
2026-09-23T08:51:48.4117329Z #11 15.15 Preparing to unpack .../13-libcurl4-openssl-dev_7.88.1-10+deb12u15_amd64.deb ...
2026-09-23T08:51:48.4118249Z #11 15.15 Unpacking libcurl4-openssl-dev:amd64 (7.88.1-10+deb12u15) over (7.88.1-10+deb12u7) ...
2026-09-23T08:51:48.4119105Z #11 15.26 Preparing to unpack .../14-curl_7.88.1-10+deb12u15_amd64.deb ...
2026-09-23T08:51:48.5264762Z #11 15.27 Unpacking curl (7.88.1-10+deb12u15) over (7.88.1-10+deb12u7) ...
2026-09-23T08:51:48.5265589Z #11 15.31 Preparing to unpack .../15-libcurl4_7.88.1-10+deb12u15_amd64.deb ...
2026-09-23T08:51:48.5266304Z #11 15.31 Unpacking libcurl4:amd64 (7.88.1-10+deb12u15) over (7.88.1-10+deb12u7) ...
2026-09-23T08:51:48.5266959Z #11 15.38 Selecting previously unselected package libc6-i386.
2026-09-23T08:51:48.6824114Z #11 15.38 Preparing to unpack .../16-libc6-i386_2.36-9+deb12u14_amd64.deb ...
2026-09-23T08:51:48.6825057Z #11 15.38 Unpacking libc6-i386 (2.36-9+deb12u14) ...
2026-09-23T08:51:48.7365081Z #11 15.59 Selecting previously unselected package libc6-dev-i386.
2026-09-23T08:51:48.8591954Z #11 15.59 Preparing to unpack .../17-libc6-dev-i386_2.36-9+deb12u14_amd64.deb ...
2026-09-23T08:51:48.8592610Z #11 15.59 Unpacking libc6-dev-i386 (2.36-9+deb12u14) ...
2026-09-23T08:51:48.8593046Z #11 15.71 Selecting previously unselected package libc6-x32.
2026-09-23T08:51:49.0149796Z #11 15.71 Preparing to unpack .../18-libc6-x32_2.36-9+deb12u14_amd64.deb ...
2026-09-23T08:51:49.0150941Z #11 15.72 Unpacking libc6-x32 (2.36-9+deb12u14) ...
2026-09-23T08:51:49.0699284Z #11 15.92 Selecting previously unselected package libc6-dev-x32.
2026-09-23T08:51:49.1983411Z #11 15.92 Preparing to unpack .../19-libc6-dev-x32_2.36-9+deb12u14_amd64.deb ...
2026-09-23T08:51:49.1983955Z #11 15.92 Unpacking libc6-dev-x32 (2.36-9+deb12u14) ...
2026-09-23T08:51:49.1984382Z #11 16.05 Selecting previously unselected package lib32gcc-s1.
2026-09-23T08:51:49.3024669Z #11 16.05 Preparing to unpack .../20-lib32gcc-s1_12.2.0-14+deb12u1_amd64.deb ...
2026-09-23T08:51:49.3025695Z #11 16.05 Unpacking lib32gcc-s1 (12.2.0-14+deb12u1) ...
2026-09-23T08:51:49.3026585Z #11 16.07 Selecting previously unselected package libx32gcc-s1.
2026-09-23T08:51:49.3027438Z #11 16.08 Preparing to unpack .../21-libx32gcc-s1_12.2.0-14+deb12u1_amd64.deb ...
2026-09-23T08:51:49.3028644Z #11 16.08 Unpacking libx32gcc-s1 (12.2.0-14+deb12u1) ...
2026-09-23T08:51:49.3029274Z #11 16.10 Selecting previously unselected package lib32gomp1.
2026-09-23T08:51:49.3030109Z #11 16.11 Preparing to unpack .../22-lib32gomp1_12.2.0-14+deb12u1_amd64.deb ...
2026-09-23T08:51:49.3030867Z #11 16.11 Unpacking lib32gomp1 (12.2.0-14+deb12u1) ...
2026-09-23T08:51:49.3031574Z #11 16.15 Selecting previously unselected package libx32gomp1.
2026-09-23T08:51:49.4053224Z #11 16.15 Preparing to unpack .../23-libx32gomp1_12.2.0-14+deb12u1_amd64.deb ...
2026-09-23T08:51:49.4054034Z #11 16.16 Unpacking libx32gomp1 (12.2.0-14+deb12u1) ...
2026-09-23T08:51:49.4054714Z #11 16.18 Selecting previously unselected package lib32itm1.
2026-09-23T08:51:49.4055525Z #11 16.18 Preparing to unpack .../24-lib32itm1_12.2.0-14+deb12u1_amd64.deb ...
2026-09-23T08:51:49.4056192Z #11 16.19 Unpacking lib32itm1 (12.2.0-14+deb12u1) ...
2026-09-23T08:51:49.4056787Z #11 16.21 Selecting previously unselected package libx32itm1.
2026-09-23T08:51:49.4057913Z #11 16.21 Preparing to unpack .../25-libx32itm1_12.2.0-14+deb12u1_amd64.deb ...
2026-09-23T08:51:49.4058552Z #11 16.21 Unpacking libx32itm1 (12.2.0-14+deb12u1) ...
2026-09-23T08:51:49.4059077Z #11 16.23 Selecting previously unselected package lib32atomic1.
2026-09-23T08:51:49.4059789Z #11 16.23 Preparing to unpack .../26-lib32atomic1_12.2.0-14+deb12u1_amd64.deb ...
2026-09-23T08:51:49.4060398Z #11 16.23 Unpacking lib32atomic1 (12.2.0-14+deb12u1) ...
2026-09-23T08:51:49.4060921Z #11 16.25 Selecting previously unselected package libx32atomic1.
2026-09-23T08:51:49.4061558Z #11 16.25 Preparing to unpack .../27-libx32atomic1_12.2.0-14+deb12u1_amd64.deb ...
2026-09-23T08:51:49.4062326Z #11 16.26 Unpacking libx32atomic1 (12.2.0-14+deb12u1) ...
2026-09-23T08:51:49.5958017Z #11 16.27 Selecting previously unselected package lib32asan8.
2026-09-23T08:51:49.5959150Z #11 16.27 Preparing to unpack .../28-lib32asan8_12.2.0-14+deb12u1_amd64.deb ...
2026-09-23T08:51:49.5960034Z #11 16.30 Unpacking lib32asan8 (12.2.0-14+deb12u1) ...
2026-09-23T08:51:49.6103835Z #11 16.46 Selecting previously unselected package libx32asan8.
2026-09-23T08:51:49.7644429Z #11 16.46 Preparing to unpack .../29-libx32asan8_12.2.0-14+deb12u1_amd64.deb ...
2026-09-23T08:51:49.7644996Z #11 16.46 Unpacking libx32asan8 (12.2.0-14+deb12u1) ...
2026-09-23T08:51:49.7771199Z #11 16.63 Selecting previously unselected package lib32stdc++6.
2026-09-23T08:51:49.9398336Z #11 16.63 Preparing to unpack .../30-lib32stdc++6_12.2.0-14+deb12u1_amd64.deb ...
2026-09-23T08:51:49.9398920Z #11 16.63 Unpacking lib32stdc++6 (12.2.0-14+deb12u1) ...
2026-09-23T08:51:49.9399367Z #11 16.71 Selecting previously unselected package lib32ubsan1.
2026-09-23T08:51:49.9399882Z #11 16.71 Preparing to unpack .../31-lib32ubsan1_12.2.0-14+deb12u1_amd64.deb ...
2026-09-23T08:51:49.9400474Z #11 16.71 Unpacking lib32ubsan1 (12.2.0-14+deb12u1) ...
2026-09-23T08:51:49.9401188Z #11 16.79 Selecting previously unselected package libx32stdc++6.
2026-09-23T08:51:50.0801236Z #11 16.79 Preparing to unpack .../32-libx32stdc++6_12.2.0-14+deb12u1_amd64.deb ...
2026-09-23T08:51:50.0802034Z #11 16.79 Unpacking libx32stdc++6 (12.2.0-14+deb12u1) ...
2026-09-23T08:51:50.0802506Z #11 16.85 Selecting previously unselected package libx32ubsan1.
2026-09-23T08:51:50.0803020Z #11 16.85 Preparing to unpack .../33-libx32ubsan1_12.2.0-14+deb12u1_amd64.deb ...
2026-09-23T08:51:50.0803482Z #11 16.85 Unpacking libx32ubsan1 (12.2.0-14+deb12u1) ...
2026-09-23T08:51:50.0803926Z #11 16.93 Selecting previously unselected package lib32quadmath0.
2026-09-23T08:51:50.2952358Z #11 16.93 Preparing to unpack .../34-lib32quadmath0_12.2.0-14+deb12u1_amd64.deb ...
2026-09-23T08:51:50.2953212Z #11 16.94 Unpacking lib32quadmath0 (12.2.0-14+deb12u1) ...
2026-09-23T08:51:50.2953848Z #11 16.97 Selecting previously unselected package libx32quadmath0.
2026-09-23T08:51:50.2954579Z #11 16.97 Preparing to unpack .../35-libx32quadmath0_12.2.0-14+deb12u1_amd64.deb ...
2026-09-23T08:51:50.2955030Z #11 16.97 Unpacking libx32quadmath0 (12.2.0-14+deb12u1) ...
2026-09-23T08:51:50.2955748Z #11 16.99 Selecting previously unselected package lib32gcc-12-dev.
2026-09-23T08:51:50.2956205Z #11 17.00 Preparing to unpack .../36-lib32gcc-12-dev_12.2.0-14+deb12u1_amd64.deb ...
2026-09-23T08:51:50.2956625Z #11 17.00 Unpacking lib32gcc-12-dev (12.2.0-14+deb12u1) ...
2026-09-23T08:51:50.2957015Z #11 17.15 Selecting previously unselected package libx32gcc-12-dev.
2026-09-23T08:51:50.4305601Z #11 17.15 Preparing to unpack .../37-libx32gcc-12-dev_12.2.0-14+deb12u1_amd64.deb ...
2026-09-23T08:51:50.4306617Z #11 17.15 Unpacking libx32gcc-12-dev (12.2.0-14+deb12u1) ...
2026-09-23T08:51:50.4307390Z #11 17.28 Selecting previously unselected package gcc-12-multilib.
2026-09-23T08:51:50.6166347Z #11 17.28 Preparing to unpack .../38-gcc-12-multilib_12.2.0-14+deb12u1_amd64.deb ...
2026-09-23T08:51:50.6167232Z #11 17.28 Unpacking gcc-12-multilib (12.2.0-14+deb12u1) ...
2026-09-23T08:51:50.6167894Z #11 17.30 Selecting previously unselected package gcc-multilib.
2026-09-23T08:51:50.6168768Z #11 17.30 Preparing to unpack .../39-gcc-multilib_4%3a12.2.0-3_amd64.deb ...
2026-09-23T08:51:50.6169209Z #11 17.30 Unpacking gcc-multilib (4:12.2.0-3) ...
2026-09-23T08:51:50.6169719Z #11 17.31 Selecting previously unselected package libclang-rt-14-dev:amd64.
2026-09-23T08:51:50.6170294Z #11 17.32 Preparing to unpack .../40-libclang-rt-14-dev_1%3a14.0.6-12_amd64.deb ...
2026-09-23T08:51:50.6170767Z #11 17.32 Unpacking libclang-rt-14-dev:amd64 (1:14.0.6-12) ...
2026-09-23T08:51:50.7257222Z #11 17.58 Preparing to unpack .../41-libcurl3-gnutls_7.88.1-10+deb12u15_amd64.deb ...
2026-09-23T08:51:50.8296162Z #11 17.58 Unpacking libcurl3-gnutls:amd64 (7.88.1-10+deb12u15) over (7.88.1-10+deb12u7) ...
2026-09-23T08:51:50.8297076Z #11 17.63 Selecting previously unselected package libnspr4:amd64.
2026-09-23T08:51:50.8297797Z #11 17.63 Preparing to unpack .../42-libnspr4_2%3a4.35-1_amd64.deb ...
2026-09-23T08:51:50.8298382Z #11 17.63 Unpacking libnspr4:amd64 (2:4.35-1) ...
2026-09-23T08:51:50.8299069Z #11 17.65 Selecting previously unselected package libnss3:amd64.
2026-09-23T08:51:50.8299787Z #11 17.65 Preparing to unpack .../43-libnss3_2%3a3.87.1-1+deb12u4_amd64.deb ...
2026-09-23T08:51:50.8300443Z #11 17.68 Unpacking libnss3:amd64 (2:3.87.1-1+deb12u4) ...
2026-09-23T08:51:50.9375410Z #11 17.79 Selecting previously unselected package nss-plugin-pem:amd64.
2026-09-23T08:51:51.0412710Z #11 17.79 Preparing to unpack .../44-nss-plugin-pem_1.0.8+1-1_amd64.deb ...
2026-09-23T08:51:51.0413495Z #11 17.79 Unpacking nss-plugin-pem:amd64 (1.0.8+1-1) ...
2026-09-23T08:51:51.0414151Z #11 17.81 Selecting previously unselected package libcurl3-nss:amd64.
2026-09-23T08:51:51.0414939Z #11 17.81 Preparing to unpack .../45-libcurl3-nss_7.88.1-10+deb12u15_amd64.deb ...
2026-09-23T08:51:51.0415415Z #11 17.81 Unpacking libcurl3-nss:amd64 (7.88.1-10+deb12u15) ...
2026-09-23T08:51:51.0415846Z #11 17.85 Selecting previously unselected package libpfm4:amd64.
2026-09-23T08:51:51.0416253Z #11 17.85 Preparing to unpack .../46-libpfm4_4.13.0-1_amd64.deb ...
2026-09-23T08:51:51.0416680Z #11 17.85 Unpacking libpfm4:amd64 (4.13.0-1) ...
2026-09-23T08:51:51.0417058Z #11 17.89 Selecting previously unselected package libz3-dev:amd64.
2026-09-23T08:51:51.1418184Z #11 17.89 Preparing to unpack .../47-libz3-dev_4.8.12-3.1_amd64.deb ...
2026-09-23T08:51:51.1418944Z #11 17.89 Unpacking libz3-dev:amd64 (4.8.12-3.1) ...
2026-09-23T08:51:51.1419391Z #11 17.92 Selecting previously unselected package llvm-14-runtime.
2026-09-23T08:51:51.1419917Z #11 17.92 Preparing to unpack .../48-llvm-14-runtime_1%3a14.0.6-12_amd64.deb ...
2026-09-23T08:51:51.1420376Z #11 17.92 Unpacking llvm-14-runtime (1:14.0.6-12) ...
2026-09-23T08:51:51.1420834Z #11 17.97 Selecting previously unselected package llvm-runtime:amd64.
2026-09-23T08:51:51.1421328Z #11 17.97 Preparing to unpack .../49-llvm-runtime_1%3a14.0-55.7~deb12u1_amd64.deb ...
2026-09-23T08:51:51.1421941Z #11 17.97 Unpacking llvm-runtime:amd64 (1:14.0-55.7~deb12u1) ...
2026-09-23T08:51:51.1422432Z #11 17.99 Selecting previously unselected package llvm-14.
2026-09-23T08:51:51.1423122Z #11 17.99 Preparing to unpack .../50-llvm-14_1%3a14.0.6-12_amd64.deb ...
2026-09-23T08:51:51.1423492Z #11 17.99 Unpacking llvm-14 (1:14.0.6-12) ...
2026-09-23T08:51:51.6771315Z #11 18.53 Selecting previously unselected package llvm.
2026-09-23T08:51:51.8205060Z #11 18.53 Preparing to unpack .../51-llvm_1%3a14.0-55.7~deb12u1_amd64.deb ...
2026-09-23T08:51:51.8205781Z #11 18.53 Unpacking llvm (1:14.0-55.7~deb12u1) ...
2026-09-23T08:51:51.8206455Z #11 18.55 Selecting previously unselected package python3-pkg-resources.
2026-09-23T08:51:51.8207240Z #11 18.56 Preparing to unpack .../52-python3-pkg-resources_66.1.1-1+deb12u2_all.deb ...
2026-09-23T08:51:51.8207946Z #11 18.56 Unpacking python3-pkg-resources (66.1.1-1+deb12u2) ...
2026-09-23T08:51:51.8208839Z #11 18.59 Selecting previously unselected package python3-pygments.
2026-09-23T08:51:51.8209770Z #11 18.60 Preparing to unpack .../53-python3-pygments_2.14.0+dfsg-1_all.deb ...
2026-09-23T08:51:51.8210812Z #11 18.60 Unpacking python3-pygments (2.14.0+dfsg-1) ...
2026-09-23T08:51:51.8211456Z #11 18.67 Selecting previously unselected package python3-yaml.
2026-09-23T08:51:51.9336675Z #11 18.67 Preparing to unpack .../54-python3-yaml_6.0-3+b2_amd64.deb ...
2026-09-23T08:51:51.9337464Z #11 18.67 Unpacking python3-yaml (6.0-3+b2) ...
2026-09-23T08:51:51.9338132Z #11 18.70 Selecting previously unselected package llvm-14-tools.
2026-09-23T08:51:51.9338917Z #11 18.70 Preparing to unpack .../55-llvm-14-tools_1%3a14.0.6-12_amd64.deb ...
2026-09-23T08:51:51.9339347Z #11 18.70 Unpacking llvm-14-tools (1:14.0.6-12) ...
2026-09-23T08:51:51.9339726Z #11 18.78 Selecting previously unselected package llvm-14-dev.
2026-09-23T08:51:52.0878619Z #11 18.79 Preparing to unpack .../56-llvm-14-dev_1%3a14.0.6-12_amd64.deb ...
2026-09-23T08:51:52.0879373Z #11 18.79 Unpacking llvm-14-dev (1:14.0.6-12) ...
2026-09-23T08:51:53.3000302Z #11 20.15 Setting up python3-pkg-resources (66.1.1-1+deb12u2) ...
2026-09-23T08:51:53.4965238Z #11 20.35 Setting up libpipeline1:amd64 (1.5.7-1) ...
2026-09-23T08:51:53.6186417Z #11 20.35 Setting up cpp-12 (12.2.0-14+deb12u1) ...
2026-09-23T08:51:53.6186981Z #11 20.35 Setting up python3-yaml (6.0-3+b2) ...
2026-09-23T08:51:53.6187645Z #11 20.47 Setting up libcurl3-gnutls:amd64 (7.88.1-10+deb12u15) ...
2026-09-23T08:51:53.7900632Z #11 20.47 Setting up libgomp1:amd64 (12.2.0-14+deb12u1) ...
2026-09-23T08:51:53.7901252Z #11 20.48 Setting up libc6-x32 (2.36-9+deb12u14) ...
2026-09-23T08:51:54.1085205Z #11 20.49 Setting up python3-pygments (2.14.0+dfsg-1) ...
2026-09-23T08:51:54.1085693Z #11 20.96 Setting up libz3-4:amd64 (4.8.12-3.1) ...
2026-09-23T08:51:54.2282402Z #11 20.96 Setting up libpfm4:amd64 (4.13.0-1) ...
2026-09-23T08:51:54.2282958Z #11 20.96 Setting up libnspr4:amd64 (2:4.35-1) ...
2026-09-23T08:51:54.2283361Z #11 20.97 Setting up libquadmath0:amd64 (12.2.0-14+deb12u1) ...
2026-09-23T08:51:54.2283817Z #11 20.97 Setting up libatomic1:amd64 (12.2.0-14+deb12u1) ...
2026-09-23T08:51:54.2284236Z #11 20.97 Setting up binfmt-support (2.2.2-2) ...
2026-09-23T08:51:54.2284626Z #11 20.98 invoke-rc.d: could not determine current runlevel
2026-09-23T08:51:54.2285025Z #11 20.99 invoke-rc.d: policy-rc.d denied execution of start.
2026-09-23T08:51:54.2285423Z #11 21.08 Setting up libx32gomp1 (12.2.0-14+deb12u1) ...
2026-09-23T08:51:54.3300750Z #11 21.08 Setting up libgc1:amd64 (1:8.2.2-3) ...
2026-09-23T08:51:54.3301421Z #11 21.08 Setting up libubsan1:amd64 (12.2.0-14+deb12u1) ...
2026-09-23T08:51:54.3302102Z #11 21.09 Setting up libllvm14:amd64 (1:14.0.6-12) ...
2026-09-23T08:51:54.3302697Z #11 21.09 Setting up libasan8:amd64 (12.2.0-14+deb12u1) ...
2026-09-23T08:51:54.3303105Z #11 21.09 Setting up libc6-i386 (2.36-9+deb12u14) ...
2026-09-23T08:51:54.3303472Z #11 21.10 Setting up libcurl4:amd64 (7.88.1-10+deb12u15) ...
2026-09-23T08:51:54.3303846Z #11 21.10 Setting up libx32quadmath0 (12.2.0-14+deb12u1) ...
2026-09-23T08:51:54.3304180Z #11 21.10 Setting up curl (7.88.1-10+deb12u15) ...
2026-09-23T08:51:54.3304806Z #11 21.11 Setting up libtsan2:amd64 (12.2.0-14+deb12u1) ...
2026-09-23T08:51:54.3305164Z #11 21.11 Setting up libc-dev-bin (2.36-9+deb12u14) ...
2026-09-23T08:51:54.3305513Z #11 21.11 Setting up llvm-14-linker-tools (1:14.0.6-12) ...
2026-09-23T08:51:54.3305862Z #11 21.11 Setting up lib32atomic1 (12.2.0-14+deb12u1) ...
2026-09-23T08:51:54.3306211Z #11 21.12 Setting up libcc1-0:amd64 (12.2.0-14+deb12u1) ...
2026-09-23T08:51:54.3306556Z #11 21.12 Setting up liblsan0:amd64 (12.2.0-14+deb12u1) ...
2026-09-23T08:51:54.3306906Z #11 21.12 Setting up libitm1:amd64 (12.2.0-14+deb12u1) ...
2026-09-23T08:51:54.3307256Z #11 21.13 Setting up llvm-14-tools (1:14.0.6-12) ...
2026-09-23T08:51:54.3307593Z #11 21.13 Setting up libx32atomic1 (12.2.0-14+deb12u1) ...
2026-09-23T08:51:54.3307928Z #11 21.13 Setting up libz3-dev:amd64 (4.8.12-3.1) ...
2026-09-23T08:51:54.3308544Z #11 21.14 Setting up lib32itm1 (12.2.0-14+deb12u1) ...
2026-09-23T08:51:54.3308892Z #11 21.14 Setting up libx32gcc-s1 (12.2.0-14+deb12u1) ...
2026-09-23T08:51:54.3309462Z #11 21.14 Setting up libclang1-14 (1:14.0.6-12) ...
2026-09-23T08:51:54.3309800Z #11 21.15 Setting up libx32itm1 (12.2.0-14+deb12u1) ...
2026-09-23T08:51:54.3310130Z #11 21.15 Setting up libobjc4:amd64 (12.2.0-14+deb12u1) ...
2026-09-23T08:51:54.3310488Z #11 21.15 Setting up libnss3:amd64 (2:3.87.1-1+deb12u4) ...
2026-09-23T08:51:54.3310832Z #11 21.16 Setting up libx32asan8 (12.2.0-14+deb12u1) ...
2026-09-23T08:51:54.3311163Z #11 21.16 Setting up lib32gomp1 (12.2.0-14+deb12u1) ...
2026-09-23T08:51:54.3311498Z #11 21.16 Setting up llvm-14-runtime (1:14.0.6-12) ...
2026-09-23T08:51:54.3312023Z #11 21.17 Setting up lib32gcc-s1 (12.2.0-14+deb12u1) ...
2026-09-23T08:51:54.3312429Z #11 21.17 Setting up lib32stdc++6 (12.2.0-14+deb12u1) ...
2026-09-23T08:51:54.3312817Z #11 21.17 Setting up libcurl4-openssl-dev:amd64 (7.88.1-10+deb12u15) ...
2026-09-23T08:51:54.3313224Z #11 21.17 Setting up llvm-runtime:amd64 (1:14.0-55.7~deb12u1) ...
2026-09-23T08:51:54.3313635Z #11 21.18 Setting up libgcc-12-dev:amd64 (12.2.0-14+deb12u1) ...
2026-09-23T08:51:54.3313994Z #11 21.18 Setting up lib32asan8 (12.2.0-14+deb12u1) ...
2026-09-23T08:51:54.5754289Z #11 21.19 Setting up libclang-common-14-dev (1:14.0.6-12) ...
2026-09-23T08:51:54.5755423Z #11 21.19 Setting up libclang-cpp14 (1:14.0.6-12) ...
2026-09-23T08:51:54.5756029Z #11 21.19 Setting up libobjc-12-dev:amd64 (12.2.0-14+deb12u1) ...
2026-09-23T08:51:54.5756711Z #11 21.19 Setting up lib32quadmath0 (12.2.0-14+deb12u1) ...
2026-09-23T08:51:54.5757254Z #11 21.21 Setting up libc6-dev:amd64 (2.36-9+deb12u14) ...
2026-09-23T08:51:54.5757776Z #11 21.21 Setting up libx32stdc++6 (12.2.0-14+deb12u1) ...
2026-09-23T08:51:54.5758296Z #11 21.21 Setting up libc6-dev-i386 (2.36-9+deb12u14) ...
2026-09-23T08:51:54.5758802Z #11 21.22 Setting up libx32ubsan1 (12.2.0-14+deb12u1) ...
2026-09-23T08:51:54.5759705Z #11 21.22 Setting up libstdc++-12-dev:amd64 (12.2.0-14+deb12u1) ...
2026-09-23T08:51:54.5760225Z #11 21.22 Setting up nss-plugin-pem:amd64 (1.0.8+1-1) ...
2026-09-23T08:51:54.5760676Z #11 21.22 Setting up lib32ubsan1 (12.2.0-14+deb12u1) ...
2026-09-23T08:51:54.5761076Z #11 21.23 Setting up libc6-dev-x32 (2.36-9+deb12u14) ...
2026-09-23T08:51:54.5761471Z #11 21.23 Setting up libclang-rt-14-dev:amd64 (1:14.0.6-12) ...
2026-09-23T08:51:54.5762188Z #11 21.23 Setting up gcc-12 (12.2.0-14+deb12u1) ...
2026-09-23T08:51:54.5762730Z #11 21.24 Setting up libcurl3-nss:amd64 (7.88.1-10+deb12u15) ...
2026-09-23T08:51:54.5763089Z #11 21.24 Setting up g++-12 (12.2.0-14+deb12u1) ...
2026-09-23T08:51:54.5763392Z #11 21.24 Setting up llvm-14 (1:14.0.6-12) ...
2026-09-23T08:51:54.5763722Z #11 21.24 Setting up lib32gcc-12-dev (12.2.0-14+deb12u1) ...
2026-09-23T08:51:54.5764083Z #11 21.25 Setting up libx32gcc-12-dev (12.2.0-14+deb12u1) ...
2026-09-23T08:51:54.5764417Z #11 21.25 Setting up clang-14 (1:14.0.6-12) ...
2026-09-23T08:51:54.5764748Z #11 21.25 Setting up gcc-12-multilib (12.2.0-14+deb12u1) ...
2026-09-23T08:51:54.5765084Z #11 21.26 Setting up clang (1:14.0-55.7~deb12u1) ...
2026-09-23T08:51:54.5765643Z #11 21.27 Setting up llvm (1:14.0-55.7~deb12u1) ...
2026-09-23T08:51:54.5765964Z #11 21.27 Setting up gcc-multilib (4:12.2.0-3) ...
2026-09-23T08:51:54.5766280Z #11 21.27 Setting up llvm-14-dev (1:14.0.6-12) ...
2026-09-23T08:51:54.5766697Z #11 21.28 Processing triggers for libc-bin (2.36-9+deb12u14) ...
2026-09-23T08:51:58.3732943Z #11 DONE 25.2s
2026-09-23T08:51:58.5248433Z 
2026-09-23T08:51:58.5251049Z #12 [builder 7/7] RUN cargo build --target wasm32-wasip1 --release     && cp target/wasm32-wasip1/release/*.wasm /main.wasm     && cargo clean
2026-09-23T08:51:58.5884475Z #12 0.214     Updating crates.io index
2026-09-23T08:51:58.7387284Z #12 0.214     Updating git repository `https://github.com/higress-group/proxy-wasm-rust-sdk`
2026-09-23T08:52:00.0604885Z #12 1.686  Downloading crates ...
2026-09-23T08:52:00.1747352Z #12 1.800   Downloaded bit-set v0.8.0
2026-09-23T08:52:00.2755895Z #12 1.819   Downloaded adler32 v1.2.0
2026-09-23T08:52:00.2756499Z #12 1.831   Downloaded autocfg v1.4.0
2026-09-23T08:52:00.2757395Z #12 1.835   Downloaded ahash v0.8.11
2026-09-23T08:52:00.2757822Z #12 1.838   Downloaded cfg-if v1.0.0
2026-09-23T08:52:00.2758260Z #12 1.839   Downloaded allocator-api2 v0.2.21
2026-09-23T08:52:00.2758714Z #12 1.843   Downloaded bit-vec v0.8.0
2026-09-23T08:52:00.2759200Z #12 1.844   Downloaded write16 v1.0.0
2026-09-23T08:52:00.2759512Z #12 1.847   Downloaded utf16_iter v1.0.5
2026-09-23T08:52:00.2759832Z #12 1.853   Downloaded generic-array v0.14.7
2026-09-23T08:52:00.2760146Z #12 1.854   Downloaded downcast-rs v1.2.1
2026-09-23T08:52:00.2760486Z #12 1.856   Downloaded crypto-common v0.1.6
2026-09-23T08:52:00.2760803Z #12 1.858   Downloaded form_urlencoded v1.2.1
2026-09-23T08:52:00.2761095Z #12 1.859   Downloaded utf8_iter v1.0.4
2026-09-23T08:52:00.2761383Z #12 1.860   Downloaded cpufeatures v0.2.17
2026-09-23T08:52:00.2761672Z #12 1.862   Downloaded cedarwood v0.4.6
2026-09-23T08:52:00.2762358Z #12 1.863   Downloaded block-buffer v0.10.4
2026-09-23T08:52:00.2762651Z #12 1.865   Downloaded writeable v0.5.5
2026-09-23T08:52:00.2762954Z #12 1.868   Downloaded version_check v0.9.5
2026-09-23T08:52:00.2763259Z #12 1.869   Downloaded rust-embed-impl v8.5.0
2026-09-23T08:52:00.2763559Z #12 1.871   Downloaded itoa v1.0.14
2026-09-23T08:52:00.2763841Z #12 1.872   Downloaded phf_codegen v0.11.3
2026-09-23T08:52:00.2764126Z #12 1.874   Downloaded same-file v1.0.6
2026-09-23T08:52:00.2764408Z #12 1.876   Downloaded zerofrom-derive v0.1.5
2026-09-23T08:52:00.2764699Z #12 1.877   Downloaded arc-swap v1.7.1
2026-09-23T08:52:00.2764973Z #12 1.881   Downloaded phf_shared v0.11.3
2026-09-23T08:52:00.2765246Z #12 1.882   Downloaded zerofrom v0.1.5
2026-09-23T08:52:00.2765523Z #12 1.884   Downloaded walkdir v2.5.0
2026-09-23T08:52:00.2765816Z #12 1.886   Downloaded percent-encoding v2.3.1
2026-09-23T08:52:00.2766122Z #12 1.888   Downloaded zerovec-derive v0.10.3
2026-09-23T08:52:00.2766426Z #12 1.890   Downloaded rust-embed-utils v8.5.0
2026-09-23T08:52:00.2766724Z #12 1.891   Downloaded phf v0.11.3
2026-09-23T08:52:00.2766994Z #12 1.894   Downloaded tinystr v0.7.6
2026-09-23T08:52:00.2767281Z #12 1.897   Downloaded stable_deref_trait v1.2.0
2026-09-23T08:52:00.2767573Z #12 1.898   Downloaded typenum v1.17.0
2026-09-23T08:52:00.2767861Z #12 1.901   Downloaded unicode-ident v1.0.16
2026-09-23T08:52:00.3776207Z #12 1.907   Downloaded url v2.5.4
2026-09-23T08:52:00.3776859Z #12 1.914   Downloaded zerovec v0.10.4
2026-09-23T08:52:00.3777394Z #12 1.922   Downloaded zerocopy v0.7.35
2026-09-23T08:52:00.3777935Z #12 1.945   Downloaded serde_json v1.0.138
2026-09-23T08:52:00.3778471Z #12 1.953   Downloaded syn v2.0.98
2026-09-23T08:52:00.3778979Z #12 1.966   Downloaded regex-syntax v0.8.5
2026-09-23T08:52:00.3779524Z #12 1.975   Downloaded regex-automata v0.4.9
2026-09-23T08:52:00.3780055Z #12 1.995   Downloaded rust-embed v8.5.0
2026-09-23T08:52:00.3780523Z #12 2.003   Downloaded onig_sys v69.8.1
2026-09-23T08:52:00.4788115Z #12 2.023   Downloaded include-flate v0.3.0
2026-09-23T08:52:00.4788724Z #12 2.033   Downloaded regex v1.11.1
2026-09-23T08:52:00.4789583Z #12 2.045   Downloaded redis v0.28.2
2026-09-23T08:52:00.4790070Z #12 2.054   Downloaded jieba-macros v0.7.1
2026-09-23T08:52:00.4790605Z #12 2.058   Downloaded icu_properties_data v1.5.0
2026-09-23T08:52:00.4791127Z #12 2.068   Downloaded idna v1.0.3
2026-09-23T08:52:00.4791576Z #12 2.072   Downloaded hashbrown v0.14.5
2026-09-23T08:52:00.4792250Z #12 2.077   Downloaded serde v1.0.217
2026-09-23T08:52:00.4792724Z #12 2.080   Downloaded num-traits v0.2.19
2026-09-23T08:52:00.4793210Z #12 2.083   Downloaded num-bigint v0.4.6
2026-09-23T08:52:00.4793668Z #12 2.087   Downloaded memchr v2.7.4
2026-09-23T08:52:00.4794158Z #12 2.092   Downloaded icu_properties v1.5.1
2026-09-23T08:52:00.4794640Z #12 2.095   Downloaded icu_collections v1.5.0
2026-09-23T08:52:00.4795104Z #12 2.101   Downloaded http v1.2.0
2026-09-23T08:52:00.4795525Z #12 2.105   Downloaded fancy-regex v0.14.0
2026-09-23T08:52:00.5829866Z #12 2.109   Downloaded combine v4.6.7
2026-09-23T08:52:00.5830787Z #12 2.114   Downloaded jieba-rs v0.7.2
2026-09-23T08:52:00.5831294Z #12 2.179   Downloaded cc v1.2.12
2026-09-23T08:52:00.5831997Z #12 2.182   Downloaded bytes v1.10.0
2026-09-23T08:52:00.5832442Z #12 2.186   Downloaded aho-corasick v1.1.3
2026-09-23T08:52:00.5833025Z #12 2.192   Downloaded rle-decode-fast v1.0.3
2026-09-23T08:52:00.5833553Z #12 2.194   Downloaded rand v0.8.5
2026-09-23T08:52:00.5834054Z #12 2.197   Downloaded proc-macro2 v1.0.93
2026-09-23T08:52:00.5834569Z #12 2.200   Downloaded pest_meta v2.7.15
2026-09-23T08:52:00.5835122Z #12 2.202   Downloaded pest_derive v2.7.15
2026-09-23T08:52:00.5835589Z #12 2.204   Downloaded pest v2.7.15
2026-09-23T08:52:00.5836004Z #12 2.209   Downloaded log v0.4.25
2026-09-23T08:52:00.7176504Z #12 2.211   Downloaded libflate v2.1.0
2026-09-23T08:52:00.7177303Z #12 2.214   Downloaded jsonpath-rust v0.7.5
2026-09-23T08:52:00.7177962Z #12 2.217   Downloaded icu_provider v1.5.0
2026-09-23T08:52:00.7178583Z #12 2.219   Downloaded icu_normalizer_data v1.5.0
2026-09-23T08:52:00.7179270Z #12 2.221   Downloaded icu_normalizer v1.5.0
2026-09-23T08:52:00.7179902Z #12 2.224   Downloaded icu_locid_transform_data v1.5.0
2026-09-23T08:52:00.7180508Z #12 2.226   Downloaded icu_locid v1.5.0
2026-09-23T08:52:00.7181121Z #12 2.231   Downloaded serde_derive v1.0.217
2026-09-23T08:52:00.7181703Z #12 2.233   Downloaded ryu v1.0.19
2026-09-23T08:52:00.7183036Z #12 2.236   Downloaded rand_core v0.6.4
2026-09-23T08:52:00.7183484Z #12 2.237   Downloaded pest_generator v2.7.15
2026-09-23T08:52:00.7183839Z #12 2.239   Downloaded crc32fast v1.4.2
2026-09-23T08:52:00.7184167Z #12 2.241   Downloaded core2 v0.4.0
2026-09-23T08:52:00.7184502Z #12 2.243   Downloaded ucd-trie v0.1.7
2026-09-23T08:52:00.7184868Z #12 2.244   Downloaded thiserror-impl v2.0.11
2026-09-23T08:52:00.7185218Z #12 2.246   Downloaded smallvec v1.13.2
2026-09-23T08:52:00.7185516Z #12 2.247   Downloaded once_cell v1.20.2
2026-09-23T08:52:00.7185835Z #12 2.250   Downloaded thiserror v2.0.11
2026-09-23T08:52:00.7186161Z #12 2.255   Downloaded synstructure v0.13.1
2026-09-23T08:52:00.7186485Z #12 2.256   Downloaded pkg-config v0.3.31
2026-09-23T08:52:00.7186791Z #12 2.257   Downloaded onig v6.4.0
2026-09-23T08:52:00.7187060Z #12 2.260   Downloaded sha2 v0.10.8
2026-09-23T08:52:00.7187314Z #12 2.262   Downloaded shlex v1.3.0
2026-09-23T08:52:00.7187573Z #12 2.263   Downloaded quote v1.0.38
2026-09-23T08:52:00.7187844Z #12 2.265   Downloaded litemap v0.7.4
2026-09-23T08:52:00.7188130Z #12 2.267   Downloaded num-integer v0.1.46
2026-09-23T08:52:00.7188403Z #12 2.269   Downloaded grok v2.0.0
2026-09-23T08:52:00.7188660Z #12 2.271   Downloaded glob v0.3.2
2026-09-23T08:52:00.7188923Z #12 2.273   Downloaded displaydoc v0.2.5
2026-09-23T08:52:00.7189200Z #12 2.275   Downloaded dary_heap v0.3.7
2026-09-23T08:52:00.7189481Z #12 2.277   Downloaded byteorder v1.5.0
2026-09-23T08:52:00.7189752Z #12 2.278   Downloaded bitflags v1.3.2
2026-09-23T08:52:00.7190304Z #12 2.281   Downloaded icu_locid_transform v1.5.0
2026-09-23T08:52:00.7190612Z #12 2.283   Downloaded fnv v1.0.7
2026-09-23T08:52:00.7191139Z #12 2.284   Downloaded digest v0.10.7
2026-09-23T08:52:00.7191427Z #12 2.285   Downloaded yoke-derive v0.7.5
2026-09-23T08:52:00.7191708Z #12 2.286   Downloaded yoke v0.7.5
2026-09-23T08:52:00.7192289Z #12 2.288   Downloaded siphasher v1.0.1
2026-09-23T08:52:00.7192671Z #12 2.289   Downloaded multimap v0.10.0
2026-09-23T08:52:00.7193065Z #12 2.290   Downloaded icu_provider_macros v1.5.0
2026-09-23T08:52:00.7193483Z #12 2.291   Downloaded phf_generator v0.11.3
2026-09-23T08:52:00.7193878Z #12 2.292   Downloaded lazy_static v1.5.0
2026-09-23T08:52:00.7194297Z #12 2.294   Downloaded hmac-sha256 v1.1.12
2026-09-23T08:52:00.7227503Z #12 2.295   Downloaded idna_adapter v1.2.0
2026-09-23T08:52:00.7228115Z #12 2.295   Downloaded libflate_lz77 v2.1.0
2026-09-23T08:52:00.7228736Z #12 2.296   Downloaded include-flate-codegen v0.2.0
2026-09-23T08:52:00.7229303Z #12 2.297   Downloaded fxhash v0.2.1
2026-09-23T08:52:00.7229854Z #12 2.343    Compiling proc-macro2 v1.0.93
2026-09-23T08:52:00.9350166Z #12 2.346    Compiling unicode-ident v1.0.16
2026-09-23T08:52:00.9351113Z #12 2.346    Compiling version_check v0.9.5
2026-09-23T08:52:00.9353313Z #12 2.346    Compiling typenum v1.17.0
2026-09-23T08:52:00.9354099Z #12 2.410    Compiling memchr v2.7.4
2026-09-23T08:52:00.9530611Z #12 2.579    Compiling generic-array v0.14.7
2026-09-23T08:52:01.0580724Z #12 2.684    Compiling ahash v0.8.11
2026-09-23T08:52:01.3042828Z #12 2.693    Compiling stable_deref_trait v1.2.0
2026-09-23T08:52:01.3043490Z #12 2.779    Compiling cfg-if v1.0.0
2026-09-23T08:52:01.3678505Z #12 2.992    Compiling quote v1.0.38
2026-09-23T08:52:01.6014383Z #12 3.080    Compiling once_cell v1.20.2
2026-09-23T08:52:01.6015209Z #12 3.227    Compiling syn v2.0.98
2026-09-23T08:52:01.7575471Z #12 3.230    Compiling litemap v0.7.4
2026-09-23T08:52:01.8108565Z #12 3.437    Compiling thiserror v2.0.11
2026-09-23T08:52:02.1156837Z #12 3.600    Compiling writeable v0.5.5
2026-09-23T08:52:02.1157728Z #12 3.741    Compiling icu_locid_transform_data v1.5.0
2026-09-23T08:52:02.3043923Z #12 3.780    Compiling smallvec v1.13.2
2026-09-23T08:52:02.3459960Z #12 3.972    Compiling zerocopy v0.7.35
2026-09-23T08:52:02.8405958Z #12 4.465    Compiling allocator-api2 v0.2.21
2026-09-23T08:52:02.9933113Z #12 4.525    Compiling icu_properties_data v1.5.0
2026-09-23T08:52:02.9934028Z #12 4.619    Compiling autocfg v1.4.0
2026-09-23T08:52:03.3551663Z #12 4.830    Compiling hashbrown v0.14.5
2026-09-23T08:52:03.3699938Z #12 4.996    Compiling num-traits v0.2.19
2026-09-23T08:52:03.5530623Z #12 5.179    Compiling serde v1.0.217
2026-09-23T08:52:03.8572641Z #12 5.362    Compiling utf16_iter v1.0.5
2026-09-23T08:52:03.8573216Z #12 5.440    Compiling write16 v1.0.0
2026-09-23T08:52:04.0073434Z #12 5.483    Compiling icu_normalizer_data v1.5.0
2026-09-23T08:52:04.0074081Z #12 5.493    Compiling utf8_iter v1.0.4
2026-09-23T08:52:04.0074517Z #12 5.517    Compiling shlex v1.3.0
2026-09-23T08:52:04.1099147Z #12 5.633    Compiling cc v1.2.12
2026-09-23T08:52:04.1099855Z #12 5.736    Compiling block-buffer v0.10.4
2026-09-23T08:52:04.2361305Z #12 5.807    Compiling crypto-common v0.1.6
2026-09-23T08:52:04.3876687Z #12 5.862    Compiling aho-corasick v1.1.3
2026-09-23T08:52:04.7929744Z #12 6.419    Compiling core2 v0.4.0
2026-09-23T08:52:04.9221649Z #12 6.548    Compiling synstructure v0.13.1
2026-09-23T08:52:05.6865165Z #12 7.121    Compiling regex-syntax v0.8.5
2026-09-23T08:52:05.6866040Z #12 7.182    Compiling siphasher v1.0.1
2026-09-23T08:52:05.8756232Z #12 7.312    Compiling itoa v1.0.14
2026-09-23T08:52:05.8756840Z #12 7.399    Compiling rand_core v0.6.4
2026-09-23T08:52:06.0266681Z #12 7.501    Compiling pkg-config v0.3.31
2026-09-23T08:52:06.6344461Z #12 8.067    Compiling rle-decode-fast v1.0.3
2026-09-23T08:52:06.6345108Z #12 8.109    Compiling ucd-trie v0.1.7
2026-09-23T08:52:06.8140013Z #12 8.303    Compiling libflate_lz77 v2.1.0
2026-09-23T08:52:06.9655691Z #12 8.439    Compiling onig_sys v69.8.1
2026-09-23T08:52:07.2332628Z #12 8.714    Compiling rand v0.8.5
2026-09-23T08:52:07.3846590Z #12 8.859    Compiling zerofrom-derive v0.1.5
2026-09-23T08:52:07.7080327Z #12 9.183    Compiling yoke-derive v0.7.5
2026-09-23T08:52:08.3590770Z #12 9.833    Compiling zerovec-derive v0.10.3
2026-09-23T08:52:08.9462596Z #12 10.42    Compiling displaydoc v0.2.5
2026-09-23T08:52:09.2153473Z #12 10.61    Compiling zerofrom v0.1.5
2026-09-23T08:52:09.2155313Z #12 10.69    Compiling yoke v0.7.5
2026-09-23T08:52:09.3683801Z #12 10.84    Compiling icu_provider_macros v1.5.0
2026-09-23T08:52:09.5368276Z #12 11.05    Compiling zerovec v0.10.4
2026-09-23T08:52:09.6882123Z #12 11.16    Compiling thiserror-impl v2.0.11
2026-09-23T08:52:09.8938338Z #12 11.37    Compiling serde_derive v1.0.217
2026-09-23T08:52:10.8531396Z #12 12.48    Compiling tinystr v0.7.6
2026-09-23T08:52:11.2063736Z #12 12.63    Compiling icu_locid v1.5.0
2026-09-23T08:52:11.2064614Z #12 12.68    Compiling icu_collections v1.5.0
2026-09-23T08:52:12.4322846Z #12 13.91    Compiling icu_provider v1.5.0
2026-09-23T08:52:13.3871066Z #12 14.89    Compiling icu_locid_transform v1.5.0
2026-09-23T08:52:13.5387027Z #12 15.01    Compiling pest v2.7.15
2026-09-23T08:52:14.6744836Z #12 16.15    Compiling icu_properties v1.5.1
2026-09-23T08:52:14.8858612Z #12 16.36    Compiling regex-automata v0.4.9
2026-09-23T08:52:15.8697844Z #12 17.38    Compiling phf_shared v0.11.3
2026-09-23T08:52:15.8698506Z #12 17.50    Compiling digest v0.10.7
2026-09-23T08:52:16.3986507Z #12 17.87    Compiling icu_normalizer v1.5.0
2026-09-23T08:52:16.9299054Z #12 18.40    Compiling idna_adapter v1.2.0
2026-09-23T08:52:17.1771431Z #12 18.59    Compiling crc32fast v1.4.2
2026-09-23T08:52:17.1772628Z #12 18.68    Compiling same-file v1.0.6
2026-09-23T08:52:17.3347718Z #12 18.80    Compiling cpufeatures v0.2.17
2026-09-23T08:52:17.3348616Z #12 18.83    Compiling serde_json v1.0.138
2026-09-23T08:52:17.4913744Z #12 18.96    Compiling percent-encoding v2.3.1
2026-09-23T08:52:17.4914739Z #12 19.02    Compiling dary_heap v0.3.7
2026-09-23T08:52:17.7001659Z #12 19.12    Compiling adler32 v1.2.0
2026-09-23T08:52:17.7002484Z #12 19.16    Compiling ryu v1.0.19
2026-09-23T08:52:17.7003019Z #12 19.18    Compiling bytes v1.10.0
2026-09-23T08:52:17.9183442Z #12 19.39    Compiling libflate v2.1.0
2026-09-23T08:52:18.6500393Z #12 20.08    Compiling form_urlencoded v1.2.1
2026-09-23T08:52:18.6501216Z #12 20.12    Compiling sha2 v0.10.8
2026-09-23T08:52:18.7734597Z #12 20.40    Compiling walkdir v2.5.0
2026-09-23T08:52:18.9692575Z #12 20.45    Compiling idna v1.0.3
2026-09-23T08:52:19.1883559Z #12 20.59    Compiling num-integer v0.1.46
2026-09-23T08:52:19.1884298Z #12 20.66    Compiling phf_generator v0.11.3
2026-09-23T08:52:19.3377314Z #12 20.81    Compiling pest_meta v2.7.15
2026-09-23T08:52:21.2841650Z #12 22.79    Compiling lazy_static v1.5.0
2026-09-23T08:52:21.4216846Z #12 22.91    Compiling proxy-wasm v0.2.2 (https://github.com/higress-group/proxy-wasm-rust-sdk?branch=main#8c902102)
2026-09-23T08:52:21.5733258Z #12 23.05    Compiling glob v0.3.2
2026-09-23T08:52:21.7715539Z #12 23.40    Compiling grok v2.0.0
2026-09-23T08:52:22.4572378Z #12 23.93    Compiling pest_generator v2.7.15
2026-09-23T08:52:23.2584601Z #12 24.73    Compiling num-bigint v0.4.6
2026-09-23T08:52:23.6518297Z #12 25.06    Compiling phf_codegen v0.11.3
2026-09-23T08:52:23.6520040Z #12 25.13    Compiling url v2.5.4
2026-09-23T08:52:27.2737134Z #12 28.75    Compiling rust-embed-utils v8.5.0
2026-09-23T08:52:27.2841334Z #12 28.91    Compiling include-flate-codegen v0.2.0
2026-09-23T08:52:27.9302840Z #12 29.37    Compiling combine v4.6.7
2026-09-23T08:52:27.9303745Z #12 29.41    Compiling regex v1.11.1
2026-09-23T08:52:29.1786384Z #12 30.62    Compiling bitflags v1.3.2
2026-09-23T08:52:29.1787347Z #12 30.65    Compiling bit-vec v0.8.0
2026-09-23T08:52:29.4655318Z #12 30.89    Compiling fnv v1.0.7
2026-09-23T08:52:29.4656170Z #12 30.94    Compiling byteorder v1.5.0
2026-09-23T08:52:30.2696770Z #12 31.69    Compiling arc-swap v1.7.1
2026-09-23T08:52:30.2697424Z #12 31.74    Compiling log v0.4.25
2026-09-23T08:52:30.4390041Z #12 31.91    Compiling downcast-rs v1.2.1
2026-09-23T08:52:32.2014962Z #12 33.67    Compiling fxhash v0.2.1
2026-09-23T08:52:32.2015487Z #12 33.73    Compiling http v1.2.0
2026-09-23T08:52:32.2015895Z #12 33.83    Compiling bit-set v0.8.0
2026-09-23T08:52:32.3276384Z #12 33.95    Compiling redis v0.28.2
2026-09-23T08:52:32.4816797Z #12 33.96    Compiling onig v6.4.0
2026-09-23T08:52:33.0499239Z #12 34.68    Compiling include-flate v0.3.0
2026-09-23T08:52:34.0645636Z #12 35.54    Compiling rust-embed-impl v8.5.0
2026-09-23T08:52:34.5901554Z #12 36.06    Compiling jieba-macros v0.7.1
2026-09-23T08:52:34.7690741Z #12 36.24    Compiling pest_derive v2.7.15
2026-09-23T08:52:34.9329506Z #12 36.43    Compiling phf v0.11.3
2026-09-23T08:52:34.9330107Z #12 36.56    Compiling multimap v0.10.0
2026-09-23T08:52:35.2173496Z #12 36.68    Compiling cedarwood v0.4.6
2026-09-23T08:52:35.2174123Z #12 36.69    Compiling jsonpath-rust v0.7.5
2026-09-23T08:52:35.7682844Z #12 37.24    Compiling jieba-rs v0.7.2
2026-09-23T08:52:37.6530442Z #12 39.13    Compiling higress-wasm-rust v0.1.0 (/workspace)
2026-09-23T08:52:38.7403107Z #12 40.17    Compiling rust-embed v8.5.0
2026-09-23T08:52:38.7404013Z #12 40.22    Compiling fancy-regex v0.14.0
2026-09-23T08:52:41.6550940Z #12 43.13    Compiling hmac-sha256 v1.1.12
2026-09-23T08:52:42.1517645Z #12 43.78    Compiling ai-data-masking v0.1.0 (/workspace/extensions/ai-data-masking)
2026-09-23T08:52:44.8599593Z #12 46.49     Finished `release` profile [optimized] target(s) in 46.33s
2026-09-23T08:52:45.0156234Z #12 46.64      Removed 1271 files, 323.6MiB total
2026-09-23T08:52:45.2672969Z #12 DONE 46.7s
2026-09-23T08:52:45.5999130Z 
2026-09-23T08:52:45.5999995Z #13 [output 1/1] COPY --from=builder /main.wasm plugin.wasm
2026-09-23T08:52:45.7520955Z #13 DONE 0.2s
2026-09-23T08:52:45.9332457Z 
2026-09-23T08:52:45.9333226Z #14 exporting to client directory
2026-09-23T08:52:45.9333669Z #14 copying files 6.61MB 0.0s done
2026-09-23T08:52:45.9333997Z #14 DONE 0.0s
2026-09-23T08:52:45.9603513Z 
2026-09-23T08:52:45.9611704Z output wasm file: extensions/ai-data-masking/plugin.wasm
2026-09-23T08:52:45.9612994Z make[1]: Leaving directory '/home/runner/work/higress/higress/plugins/wasm-rust'
2026-09-23T08:52:45.9617778Z cp api/kubernetes/customresourcedefinitions.gen.yaml helm/core/crds
2026-09-23T08:52:45.9908561Z helm install higress helm/core -n higress-system --create-namespace --set 'controller.tag=a01636191d45d3bda350611b95f6d2363482dac2' --set 'gateway.replicas=1' --set 'pilot.tag=a01636191d45d3bda350611b95f6d2363482dac2' --set 'gateway.tag=6fad1fa9aca8bc8a055a4c65d66a125c791cff10' --set 'global.local=true'  --set 'global.volumeWasmPlugins=true' --set 'global.onlyPushRouteCluster=false'
2026-09-23T08:52:52.2178428Z NAME: higress
2026-09-23T08:52:52.2178916Z LAST DEPLOYED: Wed Sep 23 08:52:49 2026
2026-09-23T08:52:52.2179411Z NAMESPACE: higress-system
2026-09-23T08:52:52.2179806Z STATUS: deployed
2026-09-23T08:52:52.2180159Z REVISION: 1
2026-09-23T08:52:52.2180478Z TEST SUITE: None
2026-09-23T08:52:52.2180876Z NOTES:
2026-09-23T08:52:52.2181133Z Higress successfully installed!
2026-09-23T08:52:52.2181322Z 
2026-09-23T08:52:52.2181459Z To learn more about the release, try:
2026-09-23T08:52:52.2182154Z   $ helm status higress -n higress-system
2026-09-23T08:52:52.2182527Z   $ helm get all higress -n higress-system
2026-09-23T08:52:52.2452646Z 
2026-09-23T08:52:52.2454034Z [36mRunning higress conformance tests...[0m
2026-09-23T08:52:52.2464582Z 
2026-09-23T08:52:52.2465034Z [36mWaiting higress-controller to be ready...[0m
2026-09-23T08:52:52.2465561Z 
2026-09-23T08:52:52.2466417Z kubectl wait --timeout=10m -n higress-system deployment/higress-controller --for=condition=Available
2026-09-23T08:52:55.9334986Z deployment.apps/higress-controller condition met
2026-09-23T08:52:55.9378224Z 
2026-09-23T08:52:55.9379941Z [36mWaiting higress-gateway to be ready...[0m
2026-09-23T08:52:55.9380572Z 
2026-09-23T08:52:55.9380980Z kubectl wait --timeout=10m -n higress-system deployment/higress-gateway --for=condition=Available
2026-09-23T08:52:56.1329905Z deployment.apps/higress-gateway condition met
2026-09-23T08:52:56.1358375Z go test -v -tags conformance ./test/e2e/e2e_test.go -isWasmPluginTest=true -wasmPluginType=RUST -wasmPluginName= --ingress-class=higress --debug=true --test-area=all --execute-tests=
2026-09-23T08:54:49.4522139Z === RUN   TestHigressConformanceTests
2026-09-23T08:54:49.4538349Z     suite.go:156: 📦 Test Setup: Ensuring IngressClass has been accepted
2026-09-23T08:54:49.4541050Z     suite.go:160: 📦 Test Setup: Applying base manifests
2026-09-23T08:54:49.4650418Z     apply.go:149: 🏗 Creating higress-conformance-infra Namespace
2026-09-23T08:54:49.4733302Z     apply.go:149: 🏗 Creating infra-backend-v1 Service
2026-09-23T08:54:49.4968933Z     apply.go:149: 🏗 Creating infra-backend-v1 Deployment
2026-09-23T08:54:49.5034370Z     apply.go:149: 🏗 Creating infra-backend-v1-ip Service
2026-09-23T08:54:49.5176373Z     apply.go:149: 🏗 Creating infra-backend-v1-ip Deployment
2026-09-23T08:54:49.5542238Z     apply.go:149: 🏗 Creating infra-backend-v2 Service
2026-09-23T08:54:49.5775790Z     apply.go:149: 🏗 Creating infra-backend-v2 Deployment
2026-09-23T08:54:49.5889308Z     apply.go:149: 🏗 Creating infra-backend-v3 Service
2026-09-23T08:54:49.6039775Z     apply.go:149: 🏗 Creating infra-backend-v3 Deployment
2026-09-23T08:54:49.6162021Z     apply.go:149: 🏗 Creating infra-backend-mirror Service
2026-09-23T08:54:49.6344457Z     apply.go:149: 🏗 Creating infra-backend-mirror Deployment
2026-09-23T08:54:49.6481919Z     apply.go:149: 🏗 Creating infra-backend-echo-body-v1 Service
2026-09-23T08:54:49.6672766Z     apply.go:149: 🏗 Creating infra-backend-echo-body-v1 Deployment
2026-09-23T08:54:49.6737252Z     apply.go:149: 🏗 Creating infra-backend-echo-body-v2 Service
2026-09-23T08:54:49.6826223Z     apply.go:149: 🏗 Creating infra-backend-echo-body-v2 Deployment
2026-09-23T08:54:49.6941079Z     apply.go:149: 🏗 Creating higress-conformance-app-backend Namespace
2026-09-23T08:54:49.7079383Z     apply.go:149: 🏗 Creating app-backend-v1 Service
2026-09-23T08:54:49.7178496Z     apply.go:149: 🏗 Creating app-backend-v1 Deployment
2026-09-23T08:54:49.7324964Z     apply.go:149: 🏗 Creating app-backend-v2 Service
2026-09-23T08:54:49.7430166Z     apply.go:149: 🏗 Creating app-backend-v2 Deployment
2026-09-23T08:54:49.7489124Z     apply.go:149: 🏗 Creating higress-conformance-web-backend Namespace
2026-09-23T08:54:49.7546540Z     apply.go:149: 🏗 Creating web-backend Service
2026-09-23T08:54:49.7648123Z     apply.go:149: 🏗 Creating web-backend Deployment
2026-09-23T08:54:49.7706180Z     apply.go:149: 🏗 Creating consul-standalone Pod
2026-09-23T08:54:49.7800118Z     apply.go:149: 🏗 Creating consul-service Service
2026-09-23T08:54:49.7831305Z     apply.go:149: 🏗 Creating httpbin Pod
2026-09-23T08:54:49.7884288Z     apply.go:149: 🏗 Creating eureka-cm ConfigMap
2026-09-23T08:54:49.7941166Z     apply.go:149: 🏗 Creating eureka Service
2026-09-23T08:54:49.7982748Z     apply.go:149: 🏗 Creating eureka StatefulSet
2026-09-23T08:54:49.8049440Z     apply.go:149: 🏗 Creating eureka-registry-provider Pod
2026-09-23T08:54:49.8173683Z     apply.go:149: 🏗 Creating nacos-standlone-rc3 Pod
2026-09-23T08:54:49.8240952Z     apply.go:149: 🏗 Creating nacos-standlone-rc3-service Service
2026-09-23T08:54:49.8332895Z     apply.go:149: 🏗 Creating dubbo-demo-provider Pod
2026-09-23T08:54:49.8398766Z     apply.go:149: 🏗 Creating opa Deployment
2026-09-23T08:54:49.8451492Z     apply.go:149: 🏗 Creating opa Service
2026-09-23T08:54:49.8504511Z     apply.go:149: 🏗 Creating curl-opa Pod
2026-09-23T08:54:49.8568533Z     apply.go:149: 🏗 Creating higress-conformance-ai-backend Namespace
2026-09-23T08:54:49.8643774Z     apply.go:149: 🏗 Creating llm-mock Pod
2026-09-23T08:54:49.8713444Z     apply.go:149: 🏗 Creating llm-mock-service Service
2026-09-23T08:54:49.8782356Z     suite.go:166: 📦 Test Setup: Applying programmatic resources
2026-09-23T08:54:49.9412763Z     apply.go:100: 🏗 Creating certificate 
2026-09-23T08:54:49.9864779Z     apply.go:100: 🏗 Creating tls-validity-checks-certificate 
2026-09-23T08:54:49.9884603Z     suite.go:172: 📦 Test Setup: Ensuring Pods from base manifests are ready
2026-09-23T08:54:49.9905095Z     helpers.go:122: ⌛️ Ready was not in conditions list
2026-09-23T08:54:49.9905964Z     helpers.go:64: higress-conformance-infra/infra-backend-echo-body-v1-dd987c7f6-q4qk8 Pod not ready yet
2026-09-23T08:54:50.9930889Z     helpers.go:122: ⌛️ Ready was not in conditions list
2026-09-23T08:54:50.9932185Z     helpers.go:64: higress-conformance-infra/infra-backend-echo-body-v1-dd987c7f6-q4qk8 Pod not ready yet
2026-09-23T08:54:51.9945635Z     helpers.go:122: ⌛️ Ready was not in conditions list
2026-09-23T08:54:51.9947631Z     helpers.go:64: higress-conformance-infra/infra-backend-echo-body-v1-dd987c7f6-q4qk8 Pod not ready yet
2026-09-23T08:54:52.9938934Z     helpers.go:122: ⌛️ Ready was not in conditions list
2026-09-23T08:54:52.9940185Z     helpers.go:64: higress-conformance-infra/infra-backend-echo-body-v1-dd987c7f6-q4qk8 Pod not ready yet
2026-09-23T08:54:53.9932853Z     helpers.go:122: ⌛️ Ready was not in conditions list
2026-09-23T08:54:53.9933765Z     helpers.go:64: higress-conformance-infra/infra-backend-echo-body-v1-dd987c7f6-q4qk8 Pod not ready yet
2026-09-23T08:54:54.9941487Z     helpers.go:122: ⌛️ Ready was not in conditions list
2026-09-23T08:54:54.9942921Z     helpers.go:64: higress-conformance-infra/infra-backend-echo-body-v1-dd987c7f6-q4qk8 Pod not ready yet
2026-09-23T08:54:55.9992093Z     helpers.go:122: ⌛️ Ready was not in conditions list
2026-09-23T08:54:55.9993358Z     helpers.go:64: higress-conformance-infra/infra-backend-echo-body-v1-dd987c7f6-q4qk8 Pod not ready yet
2026-09-23T08:54:56.9943012Z     helpers.go:122: ⌛️ Ready was not in conditions list
2026-09-23T08:54:56.9944319Z     helpers.go:64: higress-conformance-infra/infra-backend-echo-body-v1-dd987c7f6-q4qk8 Pod not ready yet
2026-09-23T08:54:58.0404722Z     helpers.go:122: ⌛️ Ready was not in conditions list
2026-09-23T08:54:58.0406296Z     helpers.go:64: higress-conformance-infra/infra-backend-echo-body-v1-dd987c7f6-q4qk8 Pod not ready yet
2026-09-23T08:54:59.4838402Z     helpers.go:122: ⌛️ Ready was not in conditions list
2026-09-23T08:54:59.4839790Z     helpers.go:64: higress-conformance-infra/infra-backend-echo-body-v1-dd987c7f6-q4qk8 Pod not ready yet
2026-09-23T08:54:59.9967334Z     helpers.go:122: ⌛️ Ready was not in conditions list
2026-09-23T08:54:59.9968854Z     helpers.go:64: higress-conformance-infra/infra-backend-echo-body-v2-7fbc54f4b7-sl8lj Pod not ready yet
2026-09-23T08:55:01.0009495Z     helpers.go:122: ⌛️ Ready was not in conditions list
2026-09-23T08:55:01.0011099Z     helpers.go:64: higress-conformance-infra/infra-backend-echo-body-v2-7fbc54f4b7-sl8lj Pod not ready yet
2026-09-23T08:55:01.9953214Z     helpers.go:122: ⌛️ Ready was not in conditions list
2026-09-23T08:55:01.9955574Z     helpers.go:64: higress-conformance-infra/infra-backend-echo-body-v2-7fbc54f4b7-sl8lj Pod not ready yet
2026-09-23T08:55:02.9986487Z     helpers.go:122: ⌛️ Ready was not in conditions list
2026-09-23T08:55:02.9988608Z     helpers.go:64: higress-conformance-infra/infra-backend-mirror-6478f5f988-8l49r Pod not ready yet
2026-09-23T08:55:03.9963087Z     helpers.go:118: ⌛️ Ready condition set to False, expected True
2026-09-23T08:55:03.9965161Z     helpers.go:122: ⌛️ Ready was not in conditions list
2026-09-23T08:55:03.9966512Z     helpers.go:64: higress-conformance-infra/infra-backend-v2-7578c958-bt5bk Pod not ready yet
2026-09-23T08:55:05.0007421Z     helpers.go:118: ⌛️ Ready condition set to False, expected True
2026-09-23T08:55:05.0009406Z     helpers.go:122: ⌛️ Ready was not in conditions list
2026-09-23T08:55:05.0010711Z     helpers.go:64: higress-conformance-infra/infra-backend-v2-7578c958-bt5bk Pod not ready yet
2026-09-23T08:55:05.9945352Z     helpers.go:118: ⌛️ Ready condition set to False, expected True
2026-09-23T08:55:05.9947293Z     helpers.go:122: ⌛️ Ready was not in conditions list
2026-09-23T08:55:05.9949024Z     helpers.go:64: higress-conformance-infra/infra-backend-v2-7578c958-pz2dm Pod not ready yet
2026-09-23T08:55:07.0177170Z     helpers.go:118: ⌛️ Ready condition set to False, expected True
2026-09-23T08:55:07.0178367Z     helpers.go:122: ⌛️ Ready was not in conditions list
2026-09-23T08:55:07.0179858Z     helpers.go:64: higress-conformance-app-backend/app-backend-v1-68b97bdc7d-ffw4w Pod not ready yet
2026-09-23T08:55:07.9994028Z     helpers.go:118: ⌛️ Ready condition set to False, expected True
2026-09-23T08:55:07.9995117Z     helpers.go:122: ⌛️ Ready was not in conditions list
2026-09-23T08:55:07.9996259Z     helpers.go:64: higress-conformance-app-backend/app-backend-v1-68b97bdc7d-ffw4w Pod not ready yet
2026-09-23T08:55:08.9965768Z     helpers.go:118: ⌛️ Ready condition set to False, expected True
2026-09-23T08:55:08.9966713Z     helpers.go:122: ⌛️ Ready was not in conditions list
2026-09-23T08:55:08.9967854Z     helpers.go:64: higress-conformance-app-backend/app-backend-v1-68b97bdc7d-ffw4w Pod not ready yet
2026-09-23T08:55:10.0066454Z     helpers.go:118: ⌛️ Ready condition set to False, expected True
2026-09-23T08:55:10.0067574Z     helpers.go:122: ⌛️ Ready was not in conditions list
2026-09-23T08:55:10.0068708Z     helpers.go:64: higress-conformance-app-backend/app-backend-v1-68b97bdc7d-ffw4w Pod not ready yet
2026-09-23T08:55:10.9986844Z     helpers.go:118: ⌛️ Ready condition set to False, expected True
2026-09-23T08:55:10.9988510Z     helpers.go:122: ⌛️ Ready was not in conditions list
2026-09-23T08:55:10.9990257Z     helpers.go:64: higress-conformance-app-backend/app-backend-v1-68b97bdc7d-zd7kw Pod not ready yet
2026-09-23T08:55:11.9986237Z     helpers.go:118: ⌛️ Ready condition set to False, expected True
2026-09-23T08:55:12.0000598Z     helpers.go:122: ⌛️ Ready was not in conditions list
2026-09-23T08:55:12.0001513Z     helpers.go:64: higress-conformance-app-backend/curl-opa Pod not ready yet
2026-09-23T08:55:12.9988969Z     helpers.go:118: ⌛️ Ready condition set to False, expected True
2026-09-23T08:55:12.9990666Z     helpers.go:122: ⌛️ Ready was not in conditions list
2026-09-23T08:55:12.9992157Z     helpers.go:64: higress-conformance-app-backend/curl-opa Pod not ready yet
2026-09-23T08:55:14.0023767Z     helpers.go:118: ⌛️ Ready condition set to False, expected True
2026-09-23T08:55:14.0033504Z     helpers.go:122: ⌛️ Ready was not in conditions list
2026-09-23T08:55:14.0035066Z     helpers.go:64: higress-conformance-app-backend/curl-opa Pod not ready yet
2026-09-23T08:55:14.9981307Z     helpers.go:118: ⌛️ Ready condition set to False, expected True
2026-09-23T08:55:14.9982475Z     helpers.go:122: ⌛️ Ready was not in conditions list
2026-09-23T08:55:14.9983440Z     helpers.go:64: higress-conformance-app-backend/curl-opa Pod not ready yet
2026-09-23T08:55:15.9974847Z     helpers.go:118: ⌛️ Ready condition set to False, expected True
2026-09-23T08:55:15.9976058Z     helpers.go:122: ⌛️ Ready was not in conditions list
2026-09-23T08:55:15.9977302Z     helpers.go:64: higress-conformance-app-backend/eureka-0 Pod not ready yet
2026-09-23T08:55:16.9987946Z     helpers.go:118: ⌛️ Ready condition set to False, expected True
2026-09-23T08:55:16.9988793Z     helpers.go:122: ⌛️ Ready was not in conditions list
2026-09-23T08:55:16.9989682Z     helpers.go:64: higress-conformance-app-backend/curl-opa Pod not ready yet
2026-09-23T08:55:18.0126948Z     helpers.go:118: ⌛️ Ready condition set to False, expected True
2026-09-23T08:55:18.0132994Z     helpers.go:122: ⌛️ Ready was not in conditions list
2026-09-23T08:55:18.0133913Z     helpers.go:64: higress-conformance-app-backend/curl-opa Pod not ready yet
2026-09-23T08:55:18.9975646Z     helpers.go:118: ⌛️ Ready condition set to False, expected True
2026-09-23T08:55:18.9976572Z     helpers.go:122: ⌛️ Ready was not in conditions list
2026-09-23T08:55:18.9977403Z     helpers.go:118: ⌛️ Ready condition set to False, expected True
2026-09-23T08:55:18.9977935Z     helpers.go:122: ⌛️ Ready was not in conditions list
2026-09-23T08:55:18.9978512Z     helpers.go:64: higress-conformance-app-backend/eureka-0 Pod not ready yet
2026-09-23T08:55:19.9959140Z     helpers.go:118: ⌛️ Ready condition set to False, expected True
2026-09-23T08:55:19.9959937Z     helpers.go:122: ⌛️ Ready was not in conditions list
2026-09-23T08:55:19.9960526Z     helpers.go:118: ⌛️ Ready condition set to False, expected True
2026-09-23T08:55:19.9961034Z     helpers.go:122: ⌛️ Ready was not in conditions list
2026-09-23T08:55:19.9961563Z     helpers.go:64: higress-conformance-app-backend/eureka-0 Pod not ready yet
2026-09-23T08:55:20.9967713Z     helpers.go:118: ⌛️ Ready condition set to False, expected True
2026-09-23T08:55:20.9968370Z     helpers.go:122: ⌛️ Ready was not in conditions list
2026-09-23T08:55:20.9968934Z     helpers.go:118: ⌛️ Ready condition set to False, expected True
2026-09-23T08:55:20.9969470Z     helpers.go:122: ⌛️ Ready was not in conditions list
2026-09-23T08:55:20.9970060Z     helpers.go:64: higress-conformance-app-backend/eureka-0 Pod not ready yet
2026-09-23T08:55:21.9963001Z     helpers.go:118: ⌛️ Ready condition set to False, expected True
2026-09-23T08:55:21.9964213Z     helpers.go:122: ⌛️ Ready was not in conditions list
2026-09-23T08:55:21.9964758Z     helpers.go:118: ⌛️ Ready condition set to False, expected True
2026-09-23T08:55:21.9965292Z     helpers.go:122: ⌛️ Ready was not in conditions list
2026-09-23T08:55:21.9965902Z     helpers.go:64: higress-conformance-app-backend/eureka-0 Pod not ready yet
2026-09-23T08:55:22.9959484Z     helpers.go:118: ⌛️ Ready condition set to False, expected True
2026-09-23T08:55:22.9960128Z     helpers.go:122: ⌛️ Ready was not in conditions list
2026-09-23T08:55:22.9960659Z     helpers.go:118: ⌛️ Ready condition set to False, expected True
2026-09-23T08:55:22.9961156Z     helpers.go:122: ⌛️ Ready was not in conditions list
2026-09-23T08:55:22.9961686Z     helpers.go:64: higress-conformance-app-backend/eureka-0 Pod not ready yet
2026-09-23T08:55:23.9969370Z     helpers.go:118: ⌛️ Ready condition set to False, expected True
2026-09-23T08:55:23.9970016Z     helpers.go:122: ⌛️ Ready was not in conditions list
2026-09-23T08:55:23.9970618Z     helpers.go:118: ⌛️ Ready condition set to False, expected True
2026-09-23T08:55:23.9971153Z     helpers.go:122: ⌛️ Ready was not in conditions list
2026-09-23T08:55:23.9971728Z     helpers.go:64: higress-conformance-app-backend/eureka-0 Pod not ready yet
2026-09-23T08:55:24.9983862Z     helpers.go:118: ⌛️ Ready condition set to False, expected True
2026-09-23T08:55:24.9984547Z     helpers.go:122: ⌛️ Ready was not in conditions list
2026-09-23T08:55:24.9985083Z     helpers.go:118: ⌛️ Ready condition set to False, expected True
2026-09-23T08:55:24.9985599Z     helpers.go:122: ⌛️ Ready was not in conditions list
2026-09-23T08:55:24.9986354Z     helpers.go:64: higress-conformance-app-backend/eureka-0 Pod not ready yet
2026-09-23T08:55:25.9968450Z     helpers.go:118: ⌛️ Ready condition set to False, expected True
2026-09-23T08:55:25.9969089Z     helpers.go:122: ⌛️ Ready was not in conditions list
2026-09-23T08:55:25.9969901Z     helpers.go:118: ⌛️ Ready condition set to False, expected True
2026-09-23T08:55:25.9970482Z     helpers.go:122: ⌛️ Ready was not in conditions list
2026-09-23T08:55:25.9971020Z     helpers.go:64: higress-conformance-app-backend/eureka-0 Pod not ready yet
2026-09-23T08:55:26.9966825Z     helpers.go:118: ⌛️ Ready condition set to False, expected True
2026-09-23T08:55:26.9967479Z     helpers.go:122: ⌛️ Ready was not in conditions list
2026-09-23T08:55:26.9968016Z     helpers.go:118: ⌛️ Ready condition set to False, expected True
2026-09-23T08:55:26.9968555Z     helpers.go:122: ⌛️ Ready was not in conditions list
2026-09-23T08:55:26.9969121Z     helpers.go:64: higress-conformance-app-backend/eureka-0 Pod not ready yet
2026-09-23T08:55:27.9965339Z     helpers.go:118: ⌛️ Ready condition set to False, expected True
2026-09-23T08:55:27.9965992Z     helpers.go:122: ⌛️ Ready was not in conditions list
2026-09-23T08:55:27.9966542Z     helpers.go:118: ⌛️ Ready condition set to False, expected True
2026-09-23T08:55:27.9967058Z     helpers.go:122: ⌛️ Ready was not in conditions list
2026-09-23T08:55:27.9968043Z     helpers.go:64: higress-conformance-app-backend/eureka-0 Pod not ready yet
2026-09-23T08:55:28.9968713Z     helpers.go:118: ⌛️ Ready condition set to False, expected True
2026-09-23T08:55:28.9969326Z     helpers.go:122: ⌛️ Ready was not in conditions list
2026-09-23T08:55:28.9969864Z     helpers.go:118: ⌛️ Ready condition set to False, expected True
2026-09-23T08:55:28.9970585Z     helpers.go:122: ⌛️ Ready was not in conditions list
2026-09-23T08:55:28.9971128Z     helpers.go:64: higress-conformance-app-backend/eureka-0 Pod not ready yet
2026-09-23T08:55:29.9963307Z     helpers.go:118: ⌛️ Ready condition set to False, expected True
2026-09-23T08:55:29.9963955Z     helpers.go:122: ⌛️ Ready was not in conditions list
2026-09-23T08:55:29.9964511Z     helpers.go:118: ⌛️ Ready condition set to False, expected True
2026-09-23T08:55:29.9965029Z     helpers.go:122: ⌛️ Ready was not in conditions list
2026-09-23T08:55:29.9965675Z     helpers.go:64: higress-conformance-app-backend/eureka-0 Pod not ready yet
2026-09-23T08:55:30.9964135Z     helpers.go:118: ⌛️ Ready condition set to False, expected True
2026-09-23T08:55:30.9964822Z     helpers.go:122: ⌛️ Ready was not in conditions list
2026-09-23T08:55:30.9965390Z     helpers.go:118: ⌛️ Ready condition set to False, expected True
2026-09-23T08:55:30.9965927Z     helpers.go:122: ⌛️ Ready was not in conditions list
2026-09-23T08:55:30.9966521Z     helpers.go:64: higress-conformance-app-backend/eureka-0 Pod not ready yet
2026-09-23T08:55:31.9964908Z     helpers.go:118: ⌛️ Ready condition set to False, expected True
2026-09-23T08:55:31.9965571Z     helpers.go:122: ⌛️ Ready was not in conditions list
2026-09-23T08:55:31.9966139Z     helpers.go:118: ⌛️ Ready condition set to False, expected True
2026-09-23T08:55:31.9966664Z     helpers.go:122: ⌛️ Ready was not in conditions list
2026-09-23T08:55:31.9967258Z     helpers.go:64: higress-conformance-app-backend/eureka-0 Pod not ready yet
2026-09-23T08:55:32.9961706Z     helpers.go:118: ⌛️ Ready condition set to False, expected True
2026-09-23T08:55:32.9962595Z     helpers.go:122: ⌛️ Ready was not in conditions list
2026-09-23T08:55:32.9963157Z     helpers.go:118: ⌛️ Ready condition set to False, expected True
2026-09-23T08:55:32.9963691Z     helpers.go:122: ⌛️ Ready was not in conditions list
2026-09-23T08:55:32.9964271Z     helpers.go:64: higress-conformance-app-backend/eureka-0 Pod not ready yet
2026-09-23T08:55:33.9961703Z     helpers.go:118: ⌛️ Ready condition set to False, expected True
2026-09-23T08:55:33.9963337Z     helpers.go:122: ⌛️ Ready was not in conditions list
2026-09-23T08:55:33.9964255Z     helpers.go:118: ⌛️ Ready condition set to False, expected True
2026-09-23T08:55:33.9965136Z     helpers.go:122: ⌛️ Ready was not in conditions list
2026-09-23T08:55:33.9966208Z     helpers.go:64: higress-conformance-app-backend/eureka-0 Pod not ready yet
2026-09-23T08:55:34.9955960Z     helpers.go:118: ⌛️ Ready condition set to False, expected True
2026-09-23T08:55:34.9956758Z     helpers.go:122: ⌛️ Ready was not in conditions list
2026-09-23T08:55:34.9989626Z     helpers.go:70: ✅ Gateways and Pods in higress-conformance-infra, higress-conformance-app-backend, higress-conformance-web-backend, higress-conformance-ai-backend namespaces ready
2026-09-23T08:55:34.9991155Z     suite.go:181: 🌱 Supported Features: [wasm-rust]
2026-09-23T08:55:35.0011643Z     suite.go:186: 🚀 Start Running 73 Test Cases: 
2026-09-23T08:55:35.0014382Z         
2026-09-23T08:55:35.0017322Z         🎯 CaseNum: 1
2026-09-23T08:55:35.0019382Z         CaseName: ConfigMapGlobalEnvoy
2026-09-23T08:55:35.0020399Z         Scenario: The Envoy config should contain global config
2026-09-23T08:55:35.0021002Z         Features: [envoy-config]
2026-09-23T08:55:35.0021350Z         
2026-09-23T08:55:35.0021889Z         🎯 CaseNum: 2
2026-09-23T08:55:35.0022289Z         CaseName: ConfigmapGzip
2026-09-23T08:55:35.0023073Z         Scenario: The Ingress in the higress-conformance-infra namespace uses the configmap gzip.
2026-09-23T08:55:35.0024177Z         Features: [http]
2026-09-23T08:55:35.0024516Z         
2026-09-23T08:55:35.0024864Z         🎯 CaseNum: 3
2026-09-23T08:55:35.0025249Z         CaseName: ConfigMapGzipEnvoy
2026-09-23T08:55:35.0025817Z         Scenario: The Envoy config should contain gzip config
2026-09-23T08:55:35.0026330Z         Features: [envoy-config]
2026-09-23T08:55:35.0026653Z         
2026-09-23T08:55:35.0026978Z         🎯 CaseNum: 4
2026-09-23T08:55:35.0027564Z         CaseName: ConfigmapHttps
2026-09-23T08:55:35.0028340Z         Scenario: The Ingress in the higress-conformance-infra namespace uses the configmap https.
2026-09-23T08:55:35.0028957Z         Features: [http]
2026-09-23T08:55:35.0029230Z         
2026-09-23T08:55:35.0029554Z         🎯 CaseNum: 5
2026-09-23T08:55:35.0029974Z         CaseName: ConfigMapMcpRedisSecret
2026-09-23T08:55:35.0031148Z         Scenario: Envoy MCP session filter should resolve Redis password from Kubernetes secret and react to updates
2026-09-23T08:55:35.0032586Z         Features: [envoy-config]
2026-09-23T08:55:35.0033105Z         
2026-09-23T08:55:35.0033473Z         🎯 CaseNum: 6
2026-09-23T08:55:35.0033860Z         CaseName: CPPWasmPluginsBasicAuth
2026-09-23T08:55:35.0034795Z         Scenario: The Ingress in the higress-conformance-infra namespace test the CPP basic-auth WASM plugin.
2026-09-23T08:55:35.0035540Z         Features: [wasm-cpp]
2026-09-23T08:55:35.0035877Z         
2026-09-23T08:55:35.0036227Z         🎯 CaseNum: 7
2026-09-23T08:55:35.0036675Z         CaseName: CPPWasmPluginsKeyAuth
2026-09-23T08:55:35.0037309Z         Scenario: The Ingress in the higress-conformance-infra namespace test the CPP key_auth wasmplugins.
2026-09-23T08:55:35.0037798Z         Features: [wasm-cpp]
2026-09-23T08:55:35.0038049Z         
2026-09-23T08:55:35.0038301Z         🎯 CaseNum: 8
2026-09-23T08:55:35.0038616Z         CaseName: CPPWasmPluginsRequestBlock
2026-09-23T08:55:35.0039284Z         Scenario: The Ingress in the higress-conformance-infra namespace test the cpp request-block wasmplugins.
2026-09-23T08:55:35.0039827Z         Features: [wasm-cpp]
2026-09-23T08:55:35.0040062Z         
2026-09-23T08:55:35.0040306Z         🎯 CaseNum: 9
2026-09-23T08:55:35.0040588Z         CaseName: WasmPluginAiCache
2026-09-23T08:55:35.0041203Z         Scenario: The Ingress in the higress-conformance-infra namespace test the ai-cache WASM plugin.
2026-09-23T08:55:35.0041693Z         Features: [wasm-go]
2026-09-23T08:55:35.0042137Z         
2026-09-23T08:55:35.0042536Z         🎯 CaseNum: 10
2026-09-23T08:55:35.0042840Z         CaseName: WasmPluginAiProxy
2026-09-23T08:55:35.0043752Z         Scenario: The Ingress in the higress-conformance-ai-backend namespace test the ai-proxy WASM plugin.
2026-09-23T08:55:35.0044596Z         Features: [wasm-go]
2026-09-23T08:55:35.0044834Z         
2026-09-23T08:55:35.0045314Z         🎯 CaseNum: 11
2026-09-23T08:55:35.0045926Z         CaseName: WasmPluginsBasicAuthTemplate
2026-09-23T08:55:35.0046825Z         Scenario: The Ingress in the higress-conformance-infra namespace test the basic-auth WASM plugin.
2026-09-23T08:55:35.0047327Z         Features: [wasm-go]
2026-09-23T08:55:35.0047570Z         
2026-09-23T08:55:35.0047883Z         🎯 CaseNum: 12
2026-09-23T08:55:35.0048227Z         CaseName: WasmPluginsBasicAuth
2026-09-23T08:55:35.0049024Z         Scenario: The Ingress in the higress-conformance-infra namespace test the basic-auth WASM plugin.
2026-09-23T08:55:35.0049591Z         Features: [wasm-go]
2026-09-23T08:55:35.0049932Z         
2026-09-23T08:55:35.0050193Z         🎯 CaseNum: 13
2026-09-23T08:55:35.0050666Z         CaseName: WasmPluginsBotDetect
2026-09-23T08:55:35.0051538Z         Scenario: The Ingress in the higress-conformance-infra namespace test the bot detect WASM plugin.
2026-09-23T08:55:35.0052488Z         Features: [wasm-go]
2026-09-23T08:55:35.0052755Z         
2026-09-23T08:55:35.0053207Z         🎯 CaseNum: 14
2026-09-23T08:55:35.0053509Z         CaseName: WasmPluginCacheControl
2026-09-23T08:55:35.0054459Z         Scenario: The Ingress in the higress-conformance-infra namespace test the cache control WASM Plugin
2026-09-23T08:55:35.0055206Z         Features: [wasm-go]
2026-09-23T08:55:35.0055556Z         
2026-09-23T08:55:35.0055921Z         🎯 CaseNum: 15
2026-09-23T08:55:35.0056354Z         CaseName: WasmPluginsCustomResponse
2026-09-23T08:55:35.0057249Z         Scenario: The Ingress in the higress-conformance-infra namespace test the custom-response WASM plugin.
2026-09-23T08:55:35.0057819Z         Features: [wasm-go]
2026-09-23T08:55:35.0058084Z         
2026-09-23T08:55:35.0058347Z         🎯 CaseNum: 16
2026-09-23T08:55:35.0058833Z         CaseName: WasmPluginsGeoIPPlugin
2026-09-23T08:55:35.0059775Z         Scenario: The geo-ip wasm pluin finds the client's geographic information according to the client's ip address.
2026-09-23T08:55:35.0060518Z         Features: [wasm-go]
2026-09-23T08:55:35.0060865Z         
2026-09-23T08:55:35.0061313Z         🎯 CaseNum: 17
2026-09-23T08:55:35.0061688Z         CaseName: WasmPluginsIPRestrictionAllow
2026-09-23T08:55:35.0062944Z         Scenario: The Ingress in the higress-conformance-infra namespace test the ip-restriction wasmplugins.
2026-09-23T08:55:35.0063689Z         Features: [wasm-go]
2026-09-23T08:55:35.0064026Z         
2026-09-23T08:55:35.0064490Z         🎯 CaseNum: 18
2026-09-23T08:55:35.0064896Z         CaseName: WasmPluginsIPRestrictionDeny
2026-09-23T08:55:35.0065618Z         Scenario: The Ingress in the higress-conformance-infra namespace test the ip-restriction wasmplugins.
2026-09-23T08:55:35.0066512Z         Features: [wasm-go]
2026-09-23T08:55:35.0066832Z         
2026-09-23T08:55:35.0067167Z         🎯 CaseNum: 19
2026-09-23T08:55:35.0067683Z         CaseName: WasmPluginsJWTAuth
2026-09-23T08:55:35.0068325Z         Scenario: The Ingress in the higress-conformance-infra namespace test the jwt-auth WASM plugin.
2026-09-23T08:55:35.0069202Z         Features: [wasm-go]
2026-09-23T08:55:35.0069503Z         
2026-09-23T08:55:35.0070012Z         🎯 CaseNum: 20
2026-09-23T08:55:35.0070469Z         CaseName: WasmPluginsJWTAuthExpried
2026-09-23T08:55:35.0071332Z         Scenario: The Ingress in the higress-conformance-infra namespace test the jwt-auth WASM plugin.
2026-09-23T08:55:35.0072314Z         Features: [wasm-go]
2026-09-23T08:55:35.0072689Z         
2026-09-23T08:55:35.0072947Z         🎯 CaseNum: 21
2026-09-23T08:55:35.0073246Z         CaseName: WasmPluginsJWTAuthDeny
2026-09-23T08:55:35.0073949Z         Scenario: The Ingress in the higress-conformance-infra namespace test the jwt-auth WASM plugin.
2026-09-23T08:55:35.0074531Z         Features: [wasm-go]
2026-09-23T08:55:35.0074845Z         
2026-09-23T08:55:35.0075313Z         🎯 CaseNum: 22
2026-09-23T08:55:35.0075965Z         CaseName: WasmPluginsJWTAuthSingleConsumer
2026-09-23T08:55:35.0076715Z         Scenario: The Ingress in the higress-conformance-infra namespace test the jwt-auth WASM plugin.
2026-09-23T08:55:35.0077196Z         Features: [wasm-go]
2026-09-23T08:55:35.0077536Z         
2026-09-23T08:55:35.0077944Z         🎯 CaseNum: 23
2026-09-23T08:55:35.0078249Z         CaseName: WasmPluginsKeyAuth
2026-09-23T08:55:35.0078861Z         Scenario: The Ingress in the higress-conformance-infra namespace test the key-auth WASM plugin.
2026-09-23T08:55:35.0079344Z         Features: [wasm-go]
2026-09-23T08:55:35.0079582Z         
2026-09-23T08:55:35.0079832Z         🎯 CaseNum: 24
2026-09-23T08:55:35.0080140Z         CaseName: WasmPluginsMCP20260728
2026-09-23T08:55:35.0080901Z         Scenario: The mcp-server WASM plugin serves the 2026-07-28 tools baseline while preserving legacy and origin-security behavior.
2026-09-23T08:55:35.0081473Z         Features: [wasm-go]
2026-09-23T08:55:35.0081704Z         
2026-09-23T08:55:35.0082132Z         🎯 CaseNum: 25
2026-09-23T08:55:35.0082422Z         CaseName: WasmPluginsOpa
2026-09-23T08:55:35.0082999Z         Scenario: The Ingress in the higress-conformance-infra namespace test the opa wasm plugins.
2026-09-23T08:55:35.0083501Z         Features: [wasm-go]
2026-09-23T08:55:35.0083823Z         
2026-09-23T08:55:35.0084511Z         🎯 CaseNum: 26
2026-09-23T08:55:35.0084848Z         CaseName: WasmPluginsReplayProtection
2026-09-23T08:55:35.0085608Z         Scenario: The replay protection wasm plugin prevents replay attacks by validating request nonce.
2026-09-23T08:55:35.0086803Z         Features: [wasm-go]
2026-09-23T08:55:35.0087223Z         
2026-09-23T08:55:35.0087491Z         🎯 CaseNum: 27
2026-09-23T08:55:35.0087790Z         CaseName: WasmPluginsRequestBlock
2026-09-23T08:55:35.0088437Z         Scenario: The Ingress in the higress-conformance-infra namespace test the request-block wasmplugins.
2026-09-23T08:55:35.0089060Z         Features: [wasm-go]
2026-09-23T08:55:35.0089374Z         
2026-09-23T08:55:35.0089715Z         🎯 CaseNum: 28
2026-09-23T08:55:35.0090170Z         CaseName: WasmPluginsRequestValidation
2026-09-23T08:55:35.0091169Z         Scenario: The Ingress in the higress-conformance-infra namespace test the request-validation wasmplugins.
2026-09-23T08:55:35.0092281Z         Features: [wasm-go]
2026-09-23T08:55:35.0092738Z         
2026-09-23T08:55:35.0093110Z         🎯 CaseNum: 29
2026-09-23T08:55:35.0093564Z         CaseName: WasmPluginsRerouteMatchRule
2026-09-23T08:55:35.0094729Z         Scenario: Tests that wasm plugin matchRules work correctly after reroute triggered by a previous plugin (issue #3571).
2026-09-23T08:55:35.0095454Z         Features: [wasm-go]
2026-09-23T08:55:35.0095725Z         
2026-09-23T08:55:35.0096089Z         🎯 CaseNum: 30
2026-09-23T08:55:35.0096488Z         CaseName: WasmPluginsSimpleJwtAuth
2026-09-23T08:55:35.0097394Z         Scenario: The Ingress in the higress-conformance-infra namespace test the simple-jwt-auth wasmplugins.
2026-09-23T08:55:35.0098202Z         Features: [wasm-go]
2026-09-23T08:55:35.0098659Z         
2026-09-23T08:55:35.0099031Z         🎯 CaseNum: 31
2026-09-23T08:55:35.0099399Z         CaseName: WasmPluginsSniMisdirect
2026-09-23T08:55:35.0100256Z         Scenario: The Ingress in the higress-conformance-infra namespace test the sni-misdirect wasmplugins.
2026-09-23T08:55:35.0101007Z         Features: [wasm-go]
2026-09-23T08:55:35.0101249Z         
2026-09-23T08:55:35.0101627Z         🎯 CaseNum: 32
2026-09-23T08:55:35.0102155Z         CaseName: WasmPluginsRedisInjectSpin
2026-09-23T08:55:35.0103198Z         Scenario: Reproduce #4034: redis-failure callback + inject must not spin the worker; gateway stays responsive.
2026-09-23T08:55:35.0103905Z         Features: [wasm-go]
2026-09-23T08:55:35.0104198Z         
2026-09-23T08:55:35.0104536Z         🎯 CaseNum: 33
2026-09-23T08:55:35.0104936Z         CaseName: WasmPluginTransformer
2026-09-23T08:55:35.0105752Z         Scenario: The Ingress in the higress-conformance-infra namespace test the transformer WASM plugin.
2026-09-23T08:55:35.0112525Z         Features: [wasm-go]
2026-09-23T08:55:35.0113109Z         
2026-09-23T08:55:35.0113647Z         🎯 CaseNum: 34
2026-09-23T08:55:35.0114012Z         CaseName: HTTPRouteAppRoot
2026-09-23T08:55:35.0114920Z         Scenario: The Ingress in the higress-conformance-infra namespace uses the app root.
2026-09-23T08:55:35.0115614Z         Features: [http]
2026-09-23T08:55:35.0115873Z         
2026-09-23T08:55:35.0116143Z         🎯 CaseNum: 35
2026-09-23T08:55:35.0116629Z         CaseName: HTTPRouteCanaryHeaderWithCustomizedHeader
2026-09-23T08:55:35.0118023Z         Scenario: The Ingress in the higress-conformance-infra namespace uses the canary header traffic split when same host and path but different header
2026-09-23T08:55:35.0119044Z         Features: [http]
2026-09-23T08:55:35.0119285Z         
2026-09-23T08:55:35.0119558Z         🎯 CaseNum: 36
2026-09-23T08:55:35.0119855Z         CaseName: HTTPRouteCanaryHeader
2026-09-23T08:55:35.0120655Z         Scenario: The Ingress in the higress-conformance-infra namespace uses the canary header traffic split.
2026-09-23T08:55:35.0121316Z         Features: [http]
2026-09-23T08:55:35.0121680Z         
2026-09-23T08:55:35.0122184Z         🎯 CaseNum: 37
2026-09-23T08:55:35.0122596Z         CaseName: HTTPRouteCanaryWeight
2026-09-23T08:55:35.0123909Z         Scenario: The Ingress in the higress-conformance-infra namespace uses the canary weight traffic split.
2026-09-23T08:55:35.0124585Z         Features: [http]
2026-09-23T08:55:35.0124905Z         
2026-09-23T08:55:35.0125297Z         🎯 CaseNum: 38
2026-09-23T08:55:35.0125696Z         CaseName: HTTPRouteConsulHttpBin
2026-09-23T08:55:35.0126470Z         Scenario: The Ingress in the higress-conformance-infra namespace uses the consul service registry.
2026-09-23T08:55:35.0127097Z         Features: [consul]
2026-09-23T08:55:35.0127478Z         
2026-09-23T08:55:35.0127849Z         🎯 CaseNum: 39
2026-09-23T08:55:35.0128313Z         CaseName: HTTPRouteDefaultBackend
2026-09-23T08:55:35.0129368Z         Scenario: The Ingress in the higress-conformance-infra namespace uses the default backend for fallback
2026-09-23T08:55:35.0130022Z         Features: [http]
2026-09-23T08:55:35.0130346Z         
2026-09-23T08:55:35.0130720Z         🎯 CaseNum: 40
2026-09-23T08:55:35.0131397Z         CaseName: HTTPRouteDNSRegistry
2026-09-23T08:55:35.0132364Z         Scenario: The Ingress in the higress-conformance-infra namespace uses the dns service registry.
2026-09-23T08:55:35.0132860Z         Features: [http]
2026-09-23T08:55:35.0133098Z         
2026-09-23T08:55:35.0133571Z         🎯 CaseNum: 41
2026-09-23T08:55:35.0134040Z         CaseName: HTTPRouteDownstreamEncryption
2026-09-23T08:55:35.0135044Z         Scenario: A single Ingress in the higress-conformance-infra namespace for downstream encryption.
2026-09-23T08:55:35.0135753Z         Features: [http]
2026-09-23T08:55:35.0136080Z         
2026-09-23T08:55:35.0136466Z         🎯 CaseNum: 42
2026-09-23T08:55:35.0136892Z         CaseName: HTTPRouteEnableCors
2026-09-23T08:55:35.0137885Z         Scenario: A single Ingress in the higress-conformance-infra namespace demonstrates enable cors ability.
2026-09-23T08:55:35.0138657Z         Features: [http]
2026-09-23T08:55:35.0139095Z         
2026-09-23T08:55:35.0139495Z         🎯 CaseNum: 43
2026-09-23T08:55:35.0139966Z         CaseName: HTTPRouteEnableIgnoreCase
2026-09-23T08:55:35.0141015Z         Scenario: A Ingress in the higress-conformance-infra namespace that ignores URI case in HTTP match.
2026-09-23T08:55:35.0141672Z         Features: [http]
2026-09-23T08:55:35.0142346Z         
2026-09-23T08:55:35.0142853Z         🎯 CaseNum: 44
2026-09-23T08:55:35.0143235Z         CaseName: HTTPRouteEurekaRegistry
2026-09-23T08:55:35.0144171Z         Scenario: The Ingress in the higress-conformance-infra namespace uses the eureka service registry.
2026-09-23T08:55:35.0145006Z         Features: [eureka]
2026-09-23T08:55:35.0145449Z         
2026-09-23T08:55:35.0145752Z         🎯 CaseNum: 45
2026-09-23T08:55:35.0146228Z         CaseName: HTTPRouteExactDomainFallback
2026-09-23T08:55:35.0147120Z         Scenario: A Ingress with separate wildcard and exact domains. www.foo.com/foo should fallback to wildcard route.
2026-09-23T08:55:35.0147829Z         Features: [http]
2026-09-23T08:55:35.0148075Z         
2026-09-23T08:55:35.0148432Z         🎯 CaseNum: 46
2026-09-23T08:55:35.0148875Z         CaseName: HttpForceRedirectHttps
2026-09-23T08:55:35.0149703Z         Scenario:  The ingress in the higress-conformance-infra namespace enforces server-side HTTPS with forced redirection.
2026-09-23T08:55:35.0150253Z         Features: [http]
2026-09-23T08:55:35.0150481Z         
2026-09-23T08:55:35.0150736Z         🎯 CaseNum: 47
2026-09-23T08:55:35.0151045Z         CaseName: HTTPRouteFullPathRegex
2026-09-23T08:55:35.0151497Z         Scenario: test for 'higress.io/full-path-regex' annotation
2026-09-23T08:55:35.0152036Z         Features: [http]
2026-09-23T08:55:35.0152360Z         
2026-09-23T08:55:35.0152880Z         🎯 CaseNum: 48
2026-09-23T08:55:35.0153446Z         CaseName: HTTPRouteHostNameSameNamespace
2026-09-23T08:55:35.0154343Z         Scenario: A Ingress in the higress-conformance-infra namespace demonstrates host match ability.
2026-09-23T08:55:35.0154993Z         Features: [http]
2026-09-23T08:55:35.0155330Z         
2026-09-23T08:55:35.0155958Z         🎯 CaseNum: 49
2026-09-23T08:55:35.0156370Z         CaseName: HTTPRouteHttp2RpcCreate
2026-09-23T08:55:35.0157213Z         Scenario: The Ingress in the higress-conformance-infra namespace test create the http2rpc.
2026-09-23T08:55:35.0157884Z         Features: [dubbo nacos]
2026-09-23T08:55:35.0158348Z         
2026-09-23T08:55:35.0158858Z         🎯 CaseNum: 50
2026-09-23T08:55:35.0159253Z         CaseName: HTTPRouteHttp2RpcUpdate
2026-09-23T08:55:35.0160026Z         Scenario: The Ingress in the higress-conformance-infra namespace test delete the http2rpc.
2026-09-23T08:55:35.0160736Z         Features: [dubbo nacos]
2026-09-23T08:55:35.0161261Z         
2026-09-23T08:55:35.0161619Z         🎯 CaseNum: 51
2026-09-23T08:55:35.0162876Z         CaseName: HTTPHttpsWithoutSni
2026-09-23T08:55:35.0163869Z         Scenario: A single Ingress in the higress-conformance-infra namespace for https without sni.
2026-09-23T08:55:35.0164627Z         Features: [http]
2026-09-23T08:55:35.0165310Z         
2026-09-23T08:55:35.0165745Z         🎯 CaseNum: 52
2026-09-23T08:55:35.0166240Z         CaseName: HttpRouteLimiter
2026-09-23T08:55:35.0166847Z         Scenario: The Ingress in the higress-conformance-infra namespace uses rps annotation
2026-09-23T08:55:35.0167529Z         Features: [http]
2026-09-23T08:55:35.0167861Z         
2026-09-23T08:55:35.0168251Z         🎯 CaseNum: 53
2026-09-23T08:55:35.0168824Z         CaseName: HTTPRouteMatchHeaders
2026-09-23T08:55:35.0169767Z         Scenario: A single Ingress in the higress-conformance-infra namespace uses the match headers.
2026-09-23T08:55:35.0170309Z         Features: [http]
2026-09-23T08:55:35.0170649Z         
2026-09-23T08:55:35.0170923Z         🎯 CaseNum: 54
2026-09-23T08:55:35.0171353Z         CaseName: HTTPRouteMatchMethods
2026-09-23T08:55:35.0172597Z         Scenario: A single Ingress in the higress-conformance-infra namespace uses the match methods.
2026-09-23T08:55:35.0173289Z         Features: [http]
2026-09-23T08:55:35.0173628Z         
2026-09-23T08:55:35.0174025Z         🎯 CaseNum: 55
2026-09-23T08:55:35.0174465Z         CaseName: HTTPRouteMatchPath
2026-09-23T08:55:35.0175391Z         Scenario: A Ingress in the higress-conformance-infra namespace that match different path.
2026-09-23T08:55:35.0176063Z         Features: [http]
2026-09-23T08:55:35.0176384Z         
2026-09-23T08:55:35.0176748Z         🎯 CaseNum: 56
2026-09-23T08:55:35.0177227Z         CaseName: HTTPRouteMatchPseudoHeaders
2026-09-23T08:55:35.0178176Z         Scenario: Ingresses in the higress-conformance-infra namespace uses the match pseudo-headers.
2026-09-23T08:55:35.0178882Z         Features: [http]
2026-09-23T08:55:35.0179215Z         
2026-09-23T08:55:35.0179631Z         🎯 CaseNum: 57
2026-09-23T08:55:35.0180463Z         CaseName: HTTPRouteMatchQueryParams
2026-09-23T08:55:35.0181496Z         Scenario: A single Ingress in the higress-conformance-infra namespace uses the match queryParams.
2026-09-23T08:55:35.0182332Z         Features: [http]
2026-09-23T08:55:35.0182691Z         
2026-09-23T08:55:35.0183012Z         🎯 CaseNum: 58
2026-09-23T08:55:35.0183343Z         CaseName: HTTPRouteMirrorTargetService
2026-09-23T08:55:35.0184298Z         Scenario: The Ingress in the higress-conformance-infra namespace mirror request to target service
2026-09-23T08:55:35.0184983Z         Features: [http]
2026-09-23T08:55:35.0185313Z         
2026-09-23T08:55:35.0185693Z         🎯 CaseNum: 59
2026-09-23T08:55:35.0186175Z         CaseName: HTTPRoutePermanentRedirectCode
2026-09-23T08:55:35.0187220Z         Scenario: The Ingress in the higress-conformance-infra namespace uses the permanent redirect code header.
2026-09-23T08:55:35.0187967Z         Features: [http]
2026-09-23T08:55:35.0188298Z         
2026-09-23T08:55:35.0188630Z         🎯 CaseNum: 60
2026-09-23T08:55:35.0189068Z         CaseName: HTTPRoutePermanentRedirect
2026-09-23T08:55:35.0189953Z         Scenario: The Ingress in the higress-conformance-infra namespace uses the permanent redirect header.
2026-09-23T08:55:35.0190917Z         Features: [http]
2026-09-23T08:55:35.0191244Z         
2026-09-23T08:55:35.0191601Z         🎯 CaseNum: 61
2026-09-23T08:55:35.0192345Z         CaseName: HttpRedirectAsHttps
2026-09-23T08:55:35.0193455Z         Scenario: The Ingress in the higress-conformance-infra namespace Server-side HTTPS enforcement through redirect.
2026-09-23T08:55:35.0194315Z         Features: [http]
2026-09-23T08:55:35.0194641Z         
2026-09-23T08:55:35.0194990Z         🎯 CaseNum: 62
2026-09-23T08:55:35.0195438Z         CaseName: HTTPRouteRequestHeaderControl
2026-09-23T08:55:35.0196314Z         Scenario: A single Ingress in the higress-conformance-infra namespace controls the request header.
2026-09-23T08:55:35.0197343Z         Features: [http]
2026-09-23T08:55:35.0197983Z         
2026-09-23T08:55:35.0198377Z         🎯 CaseNum: 63
2026-09-23T08:55:35.0198848Z         CaseName: HTTPRouteResponseHeaderControl
2026-09-23T08:55:35.0199805Z         Scenario: A single Ingress in the higress-conformance-infra namespace controls the response header.
2026-09-23T08:55:35.0200781Z         Features: [http]
2026-09-23T08:55:35.0201103Z         
2026-09-23T08:55:35.0201581Z         🎯 CaseNum: 64
2026-09-23T08:55:35.0202161Z         CaseName: HTTPRouteRewriteHost
2026-09-23T08:55:35.0203033Z         Scenario: A single Ingress in the higress-conformance-infra namespace uses the rewrite host.
2026-09-23T08:55:35.0203675Z         Features: [http]
2026-09-23T08:55:35.0203980Z         
2026-09-23T08:55:35.0204351Z         🎯 CaseNum: 65
2026-09-23T08:55:35.0204784Z         CaseName: HTTPRouteRewritePath
2026-09-23T08:55:35.0205711Z         Scenario: A single Ingress in the higress-conformance-infra namespace uses the rewrite path.
2026-09-23T08:55:35.0206281Z         Features: [http]
2026-09-23T08:55:35.0206691Z         
2026-09-23T08:55:35.0206967Z         🎯 CaseNum: 66
2026-09-23T08:55:35.0207286Z         CaseName: HTTPRouteSameHostAndPath
2026-09-23T08:55:35.0208271Z         Scenario: A single Ingress in the higress-conformance-infra namespace demonstrates the situation with same path and host
2026-09-23T08:55:35.0209115Z         Features: [http]
2026-09-23T08:55:35.0209536Z         
2026-09-23T08:55:35.0209839Z         🎯 CaseNum: 67
2026-09-23T08:55:35.0210378Z         CaseName: HTTPRouteSimpleSameNamespace
2026-09-23T08:55:35.0211311Z         Scenario: A single Ingress in the higress-conformance-infra namespace demonstrates basic routing ability.
2026-09-23T08:55:35.0212201Z         Features: [http]
2026-09-23T08:55:35.0212447Z         
2026-09-23T08:55:35.0212712Z         🎯 CaseNum: 68
2026-09-23T08:55:35.0213134Z         CaseName: HTTPRouteStaticRegistry
2026-09-23T08:55:35.0213912Z         Scenario: The Ingress in the higress-conformance-infra namespace uses the static service registry.
2026-09-23T08:55:35.0214678Z         Features: [http]
2026-09-23T08:55:35.0214981Z         
2026-09-23T08:55:35.0215325Z         🎯 CaseNum: 69
2026-09-23T08:55:35.0215762Z         CaseName: HTTPRouteTemporalRedirect
2026-09-23T08:55:35.0216622Z         Scenario: The Ingress in the higress-conformance-infra namespace uses the temporal redirect header.
2026-09-23T08:55:35.0217149Z         Features: [http]
2026-09-23T08:55:35.0217436Z         
2026-09-23T08:55:35.0217694Z         🎯 CaseNum: 70
2026-09-23T08:55:35.0218024Z         CaseName: HttpTimeout
2026-09-23T08:55:35.0218699Z         Scenario: The Ingress in the higress-conformance-infra namespace uses timeout annotation
2026-09-23T08:55:35.0219345Z         Features: [http]
2026-09-23T08:55:35.0219602Z         
2026-09-23T08:55:35.0220020Z         🎯 CaseNum: 71
2026-09-23T08:55:35.0220355Z         CaseName: HTTPRouteWhitelistSourceRange
2026-09-23T08:55:35.0221590Z         Scenario: A single Ingress in the higress-conformance-infra namespace demonstrates ip access control
2026-09-23T08:55:35.0222625Z         Features: [http]
2026-09-23T08:55:35.0222950Z         
2026-09-23T08:55:35.0223449Z         🎯 CaseNum: 72
2026-09-23T08:55:35.0223880Z         CaseName: IngressLoadBalanceMcpSse
2026-09-23T08:55:35.0225228Z         Scenario: The Envoy config should contain MCP SSE stateful session filter when load-balance annotation is set to mcp-sse
2026-09-23T08:55:35.0226083Z         Features: [envoy-config]
2026-09-23T08:55:35.0226345Z         
2026-09-23T08:55:35.0226815Z         🎯 CaseNum: 73
2026-09-23T08:55:35.0227155Z         CaseName: RustWasmPluginsAiDataMasking
2026-09-23T08:55:35.0228002Z         Scenario: The Ingress in the higress-conformance-infra namespace test the rust ai-data-masking wasmplugins.
2026-09-23T08:55:35.0228633Z         Features: [wasm-rust]
2026-09-23T08:55:35.0228881Z         
2026-09-23T08:55:35.0229312Z === RUN   TestHigressConformanceTests/ConfigMapGlobalEnvoy
2026-09-23T08:55:35.0230203Z     suite.go:241: 🏊🏼 Skipping ConfigMapGlobalEnvoy: suite does not support envoy-config
2026-09-23T08:55:35.0230947Z === RUN   TestHigressConformanceTests/ConfigmapGzip
2026-09-23T08:55:35.0231524Z     suite.go:241: 🏊🏼 Skipping ConfigmapGzip: suite does not support http
2026-09-23T08:55:35.0232385Z === RUN   TestHigressConformanceTests/ConfigMapGzipEnvoy
2026-09-23T08:55:35.0233310Z     suite.go:241: 🏊🏼 Skipping ConfigMapGzipEnvoy: suite does not support envoy-config
2026-09-23T08:55:35.0233986Z === RUN   TestHigressConformanceTests/ConfigmapHttps
2026-09-23T08:55:35.0234767Z     suite.go:241: 🏊🏼 Skipping ConfigmapHttps: suite does not support http
2026-09-23T08:55:35.0235382Z === RUN   TestHigressConformanceTests/ConfigMapMcpRedisSecret
2026-09-23T08:55:35.0236357Z     suite.go:241: 🏊🏼 Skipping ConfigMapMcpRedisSecret: suite does not support envoy-config
2026-09-23T08:55:35.0237008Z === RUN   TestHigressConformanceTests/CPPWasmPluginsBasicAuth
2026-09-23T08:55:35.0237862Z     suite.go:241: 🏊🏼 Skipping CPPWasmPluginsBasicAuth: suite does not support wasm-cpp
2026-09-23T08:55:35.0238538Z === RUN   TestHigressConformanceTests/CPPWasmPluginsKeyAuth
2026-09-23T08:55:35.0239445Z     suite.go:241: 🏊🏼 Skipping CPPWasmPluginsKeyAuth: suite does not support wasm-cpp
2026-09-23T08:55:35.0240205Z === RUN   TestHigressConformanceTests/CPPWasmPluginsRequestBlock
2026-09-23T08:55:35.0241115Z     suite.go:241: 🏊🏼 Skipping CPPWasmPluginsRequestBlock: suite does not support wasm-cpp
2026-09-23T08:55:35.0241914Z === RUN   TestHigressConformanceTests/WasmPluginAiCache
2026-09-23T08:55:35.0242753Z     suite.go:241: 🏊🏼 Skipping WasmPluginAiCache: suite does not support wasm-go
2026-09-23T08:55:35.0243399Z === RUN   TestHigressConformanceTests/WasmPluginAiProxy
2026-09-23T08:55:35.0244189Z     suite.go:241: 🏊🏼 Skipping WasmPluginAiProxy: suite does not support wasm-go
2026-09-23T08:55:35.0244858Z === RUN   TestHigressConformanceTests/WasmPluginsBasicAuthTemplate
2026-09-23T08:55:35.0245789Z     suite.go:241: 🏊🏼 Skipping WasmPluginsBasicAuthTemplate: suite does not support wasm-go
2026-09-23T08:55:35.0246455Z === RUN   TestHigressConformanceTests/WasmPluginsBasicAuth
2026-09-23T08:55:35.0247271Z     suite.go:241: 🏊🏼 Skipping WasmPluginsBasicAuth: suite does not support wasm-go
2026-09-23T08:55:35.0247931Z === RUN   TestHigressConformanceTests/WasmPluginsBotDetect
2026-09-23T08:55:35.0248735Z     suite.go:241: 🏊🏼 Skipping WasmPluginsBotDetect: suite does not support wasm-go
2026-09-23T08:55:35.0249468Z === RUN   TestHigressConformanceTests/WasmPluginCacheControl
2026-09-23T08:55:35.0250302Z     suite.go:241: 🏊🏼 Skipping WasmPluginCacheControl: suite does not support wasm-go
2026-09-23T08:55:35.0250927Z === RUN   TestHigressConformanceTests/WasmPluginsCustomResponse
2026-09-23T08:55:35.0251891Z     suite.go:241: 🏊🏼 Skipping WasmPluginsCustomResponse: suite does not support wasm-go
2026-09-23T08:55:35.0252611Z === RUN   TestHigressConformanceTests/WasmPluginsGeoIPPlugin
2026-09-23T08:55:35.0253425Z     suite.go:241: 🏊🏼 Skipping WasmPluginsGeoIPPlugin: suite does not support wasm-go
2026-09-23T08:55:35.0254120Z === RUN   TestHigressConformanceTests/WasmPluginsIPRestrictionAllow
2026-09-23T08:55:35.0255064Z     suite.go:241: 🏊🏼 Skipping WasmPluginsIPRestrictionAllow: suite does not support wasm-go
2026-09-23T08:55:35.0256102Z === RUN   TestHigressConformanceTests/WasmPluginsIPRestrictionDeny
2026-09-23T08:55:35.0257004Z     suite.go:241: 🏊🏼 Skipping WasmPluginsIPRestrictionDeny: suite does not support wasm-go
2026-09-23T08:55:35.0257674Z === RUN   TestHigressConformanceTests/WasmPluginsJWTAuth
2026-09-23T08:55:35.0258384Z     suite.go:241: 🏊🏼 Skipping WasmPluginsJWTAuth: suite does not support wasm-go
2026-09-23T08:55:35.0258858Z === RUN   TestHigressConformanceTests/WasmPluginsJWTAuthExpried
2026-09-23T08:55:35.0259718Z     suite.go:241: 🏊🏼 Skipping WasmPluginsJWTAuthExpried: suite does not support wasm-go
2026-09-23T08:55:35.0260397Z === RUN   TestHigressConformanceTests/WasmPluginsJWTAuthDeny
2026-09-23T08:55:35.0261177Z     suite.go:241: 🏊🏼 Skipping WasmPluginsJWTAuthDeny: suite does not support wasm-go
2026-09-23T08:55:35.0261901Z === RUN   TestHigressConformanceTests/WasmPluginsJWTAuthSingleConsumer
2026-09-23T08:55:35.0262833Z     suite.go:241: 🏊🏼 Skipping WasmPluginsJWTAuthSingleConsumer: suite does not support wasm-go
2026-09-23T08:55:35.0263723Z === RUN   TestHigressConformanceTests/WasmPluginsKeyAuth
2026-09-23T08:55:35.0264300Z     suite.go:241: 🏊🏼 Skipping WasmPluginsKeyAuth: suite does not support wasm-go
2026-09-23T08:55:35.0264765Z === RUN   TestHigressConformanceTests/WasmPluginsMCP20260728
2026-09-23T08:55:35.0265357Z     suite.go:241: 🏊🏼 Skipping WasmPluginsMCP20260728: suite does not support wasm-go
2026-09-23T08:55:35.0265792Z === RUN   TestHigressConformanceTests/WasmPluginsOpa
2026-09-23T08:55:35.0266326Z     suite.go:241: 🏊🏼 Skipping WasmPluginsOpa: suite does not support wasm-go
2026-09-23T08:55:35.0266789Z === RUN   TestHigressConformanceTests/WasmPluginsReplayProtection
2026-09-23T08:55:35.0267437Z     suite.go:241: 🏊🏼 Skipping WasmPluginsReplayProtection: suite does not support wasm-go
2026-09-23T08:55:35.0267921Z === RUN   TestHigressConformanceTests/WasmPluginsRequestBlock
2026-09-23T08:55:35.0268648Z     suite.go:241: 🏊🏼 Skipping WasmPluginsRequestBlock: suite does not support wasm-go
2026-09-23T08:55:35.0269164Z === RUN   TestHigressConformanceTests/WasmPluginsRequestValidation
2026-09-23T08:55:35.0269805Z     suite.go:241: 🏊🏼 Skipping WasmPluginsRequestValidation: suite does not support wasm-go
2026-09-23T08:55:35.0270316Z === RUN   TestHigressConformanceTests/WasmPluginsRerouteMatchRule
2026-09-23T08:55:35.0270955Z     suite.go:241: 🏊🏼 Skipping WasmPluginsRerouteMatchRule: suite does not support wasm-go
2026-09-23T08:55:35.0271463Z === RUN   TestHigressConformanceTests/WasmPluginsSimpleJwtAuth
2026-09-23T08:55:35.0272264Z     suite.go:241: 🏊🏼 Skipping WasmPluginsSimpleJwtAuth: suite does not support wasm-go
2026-09-23T08:55:35.0272744Z === RUN   TestHigressConformanceTests/WasmPluginsSniMisdirect
2026-09-23T08:55:35.0273353Z     suite.go:241: 🏊🏼 Skipping WasmPluginsSniMisdirect: suite does not support wasm-go
2026-09-23T08:55:35.0273834Z === RUN   TestHigressConformanceTests/WasmPluginsRedisInjectSpin
2026-09-23T08:55:35.0274478Z     suite.go:241: 🏊🏼 Skipping WasmPluginsRedisInjectSpin: suite does not support wasm-go
2026-09-23T08:55:35.0274944Z === RUN   TestHigressConformanceTests/WasmPluginTransformer
2026-09-23T08:55:35.0275537Z     suite.go:241: 🏊🏼 Skipping WasmPluginTransformer: suite does not support wasm-go
2026-09-23T08:55:35.0275978Z === RUN   TestHigressConformanceTests/HTTPRouteAppRoot
2026-09-23T08:55:35.0276515Z     suite.go:241: 🏊🏼 Skipping HTTPRouteAppRoot: suite does not support http
2026-09-23T08:55:35.0277016Z === RUN   TestHigressConformanceTests/HTTPRouteCanaryHeaderWithCustomizedHeader
2026-09-23T08:55:35.0277778Z     suite.go:241: 🏊🏼 Skipping HTTPRouteCanaryHeaderWithCustomizedHeader: suite does not support http
2026-09-23T08:55:35.0278298Z === RUN   TestHigressConformanceTests/HTTPRouteCanaryHeader
2026-09-23T08:55:35.0278873Z     suite.go:241: 🏊🏼 Skipping HTTPRouteCanaryHeader: suite does not support http
2026-09-23T08:55:35.0279865Z === RUN   TestHigressConformanceTests/HTTPRouteCanaryWeight
2026-09-23T08:55:35.0280654Z     suite.go:241: 🏊🏼 Skipping HTTPRouteCanaryWeight: suite does not support http
2026-09-23T08:55:35.0281108Z === RUN   TestHigressConformanceTests/HTTPRouteConsulHttpBin
2026-09-23T08:55:35.0281701Z     suite.go:241: 🏊🏼 Skipping HTTPRouteConsulHttpBin: suite does not support consul
2026-09-23T08:55:35.0282386Z === RUN   TestHigressConformanceTests/HTTPRouteDefaultBackend
2026-09-23T08:55:35.0282983Z     suite.go:241: 🏊🏼 Skipping HTTPRouteDefaultBackend: suite does not support http
2026-09-23T08:55:35.0283439Z === RUN   TestHigressConformanceTests/HTTPRouteDNSRegistry
2026-09-23T08:55:35.0284003Z     suite.go:241: 🏊🏼 Skipping HTTPRouteDNSRegistry: suite does not support http
2026-09-23T08:55:35.0284495Z === RUN   TestHigressConformanceTests/HTTPRouteDownstreamEncryption
2026-09-23T08:55:35.0285142Z     suite.go:241: 🏊🏼 Skipping HTTPRouteDownstreamEncryption: suite does not support http
2026-09-23T08:55:35.0285617Z === RUN   TestHigressConformanceTests/HTTPRouteEnableCors
2026-09-23T08:55:35.0286274Z     suite.go:241: 🏊🏼 Skipping HTTPRouteEnableCors: suite does not support http
2026-09-23T08:55:35.0286729Z === RUN   TestHigressConformanceTests/HTTPRouteEnableIgnoreCase
2026-09-23T08:55:35.0287326Z     suite.go:241: 🏊🏼 Skipping HTTPRouteEnableIgnoreCase: suite does not support http
2026-09-23T08:55:35.0287794Z === RUN   TestHigressConformanceTests/HTTPRouteEurekaRegistry
2026-09-23T08:55:35.0288370Z     suite.go:241: 🏊🏼 Skipping HTTPRouteEurekaRegistry: suite does not support eureka
2026-09-23T08:55:35.0288854Z === RUN   TestHigressConformanceTests/HTTPRouteExactDomainFallback
2026-09-23T08:55:35.0289487Z     suite.go:241: 🏊🏼 Skipping HTTPRouteExactDomainFallback: suite does not support http
2026-09-23T08:55:35.0289962Z === RUN   TestHigressConformanceTests/HttpForceRedirectHttps
2026-09-23T08:55:35.0290541Z     suite.go:241: 🏊🏼 Skipping HttpForceRedirectHttps: suite does not support http
2026-09-23T08:55:35.0290985Z === RUN   TestHigressConformanceTests/HTTPRouteFullPathRegex
2026-09-23T08:55:35.0291729Z     suite.go:241: 🏊🏼 Skipping HTTPRouteFullPathRegex: suite does not support http
2026-09-23T08:55:35.0292543Z === RUN   TestHigressConformanceTests/HTTPRouteHostNameSameNamespace
2026-09-23T08:55:35.0293213Z     suite.go:241: 🏊🏼 Skipping HTTPRouteHostNameSameNamespace: suite does not support http
2026-09-23T08:55:35.0293701Z === RUN   TestHigressConformanceTests/HTTPRouteHttp2RpcCreate
2026-09-23T08:55:35.0294290Z     suite.go:241: 🏊🏼 Skipping HTTPRouteHttp2RpcCreate: suite does not support dubbo
2026-09-23T08:55:35.0294743Z === RUN   TestHigressConformanceTests/HTTPRouteHttp2RpcUpdate
2026-09-23T08:55:35.0295337Z     suite.go:241: 🏊🏼 Skipping HTTPRouteHttp2RpcUpdate: suite does not support dubbo
2026-09-23T08:55:35.0295783Z === RUN   TestHigressConformanceTests/HTTPHttpsWithoutSni
2026-09-23T08:55:35.0296351Z     suite.go:241: 🏊🏼 Skipping HTTPHttpsWithoutSni: suite does not support http
2026-09-23T08:55:35.0296779Z === RUN   TestHigressConformanceTests/HttpRouteLimiter
2026-09-23T08:55:35.0297326Z     suite.go:241: 🏊🏼 Skipping HttpRouteLimiter: suite does not support http
2026-09-23T08:55:35.0297785Z === RUN   TestHigressConformanceTests/HTTPRouteMatchHeaders
2026-09-23T08:55:35.0298355Z     suite.go:241: 🏊🏼 Skipping HTTPRouteMatchHeaders: suite does not support http
2026-09-23T08:55:35.0298801Z === RUN   TestHigressConformanceTests/HTTPRouteMatchMethods
2026-09-23T08:55:35.0299361Z     suite.go:241: 🏊🏼 Skipping HTTPRouteMatchMethods: suite does not support http
2026-09-23T08:55:35.0299786Z === RUN   TestHigressConformanceTests/HTTPRouteMatchPath
2026-09-23T08:55:35.0300336Z     suite.go:241: 🏊🏼 Skipping HTTPRouteMatchPath: suite does not support http
2026-09-23T08:55:35.0300783Z === RUN   TestHigressConformanceTests/HTTPRouteMatchPseudoHeaders
2026-09-23T08:55:35.0301406Z     suite.go:241: 🏊🏼 Skipping HTTPRouteMatchPseudoHeaders: suite does not support http
2026-09-23T08:55:35.0302038Z === RUN   TestHigressConformanceTests/HTTPRouteMatchQueryParams
2026-09-23T08:55:35.0302992Z     suite.go:241: 🏊🏼 Skipping HTTPRouteMatchQueryParams: suite does not support http
2026-09-23T08:55:35.0303498Z === RUN   TestHigressConformanceTests/HTTPRouteMirrorTargetService
2026-09-23T08:55:35.0304137Z     suite.go:241: 🏊🏼 Skipping HTTPRouteMirrorTargetService: suite does not support http
2026-09-23T08:55:35.0304651Z === RUN   TestHigressConformanceTests/HTTPRoutePermanentRedirectCode
2026-09-23T08:55:35.0305304Z     suite.go:241: 🏊🏼 Skipping HTTPRoutePermanentRedirectCode: suite does not support http
2026-09-23T08:55:35.0305808Z === RUN   TestHigressConformanceTests/HTTPRoutePermanentRedirect
2026-09-23T08:55:35.0306427Z     suite.go:241: 🏊🏼 Skipping HTTPRoutePermanentRedirect: suite does not support http
2026-09-23T08:55:35.0306887Z === RUN   TestHigressConformanceTests/HttpRedirectAsHttps
2026-09-23T08:55:35.0307456Z     suite.go:241: 🏊🏼 Skipping HttpRedirectAsHttps: suite does not support http
2026-09-23T08:55:35.0307922Z === RUN   TestHigressConformanceTests/HTTPRouteRequestHeaderControl
2026-09-23T08:55:35.0308632Z     suite.go:241: 🏊🏼 Skipping HTTPRouteRequestHeaderControl: suite does not support http
2026-09-23T08:55:35.0309142Z === RUN   TestHigressConformanceTests/HTTPRouteResponseHeaderControl
2026-09-23T08:55:35.0309791Z     suite.go:241: 🏊🏼 Skipping HTTPRouteResponseHeaderControl: suite does not support http
2026-09-23T08:55:35.0310255Z === RUN   TestHigressConformanceTests/HTTPRouteRewriteHost
2026-09-23T08:55:35.0310815Z     suite.go:241: 🏊🏼 Skipping HTTPRouteRewriteHost: suite does not support http
2026-09-23T08:55:35.0311257Z === RUN   TestHigressConformanceTests/HTTPRouteRewritePath
2026-09-23T08:55:35.0312057Z     suite.go:241: 🏊🏼 Skipping HTTPRouteRewritePath: suite does not support http
2026-09-23T08:55:35.0312529Z === RUN   TestHigressConformanceTests/HTTPRouteSameHostAndPath
2026-09-23T08:55:35.0313134Z     suite.go:241: 🏊🏼 Skipping HTTPRouteSameHostAndPath: suite does not support http
2026-09-23T08:55:35.0313638Z === RUN   TestHigressConformanceTests/HTTPRouteSimpleSameNamespace
2026-09-23T08:55:35.0314266Z     suite.go:241: 🏊🏼 Skipping HTTPRouteSimpleSameNamespace: suite does not support http
2026-09-23T08:55:35.0314744Z === RUN   TestHigressConformanceTests/HTTPRouteStaticRegistry
2026-09-23T08:55:35.0315333Z     suite.go:241: 🏊🏼 Skipping HTTPRouteStaticRegistry: suite does not support http
2026-09-23T08:55:35.0315816Z === RUN   TestHigressConformanceTests/HTTPRouteTemporalRedirect
2026-09-23T08:55:35.0316424Z     suite.go:241: 🏊🏼 Skipping HTTPRouteTemporalRedirect: suite does not support http
2026-09-23T08:55:35.0316863Z === RUN   TestHigressConformanceTests/HttpTimeout
2026-09-23T08:55:35.0317370Z     suite.go:241: 🏊🏼 Skipping HttpTimeout: suite does not support http
2026-09-23T08:55:35.0317901Z === RUN   TestHigressConformanceTests/HTTPRouteWhitelistSourceRange
2026-09-23T08:55:35.0318543Z     suite.go:241: 🏊🏼 Skipping HTTPRouteWhitelistSourceRange: suite does not support http
2026-09-23T08:55:35.0319503Z === RUN   TestHigressConformanceTests/IngressLoadBalanceMcpSse
2026-09-23T08:55:35.0320317Z     suite.go:241: 🏊🏼 Skipping IngressLoadBalanceMcpSse: suite does not support envoy-config
2026-09-23T08:55:35.0320976Z === RUN   TestHigressConformanceTests/RustWasmPluginsAiDataMasking
2026-09-23T08:55:35.0321736Z     suite.go:254: 🔥 Running Conformance Test: RustWasmPluginsAiDataMasking
2026-09-23T08:55:35.0322656Z     suite.go:268: 🧳 Applying Manifests: tests/rust-wasm-ai-data-masking.yaml
2026-09-23T08:55:35.0323414Z     apply.go:149: 🏗 Creating wasmplugin-ai-data-masking Ingress
2026-09-23T08:55:35.0324069Z     apply.go:149: 🏗 Creating custom-response WasmPlugin
2026-09-23T08:55:35.0324651Z     apply.go:149: 🏗 Creating ai-data-masking WasmPlugin
2026-09-23T08:55:35.0325275Z === RUN   TestHigressConformanceTests/RustWasmPluginsAiDataMasking/WasmPlugins_ai-data-masking
2026-09-23T08:55:35.0326115Z     rust-wasm-ai-data-masking.go:191: Making POST request to http://localhost/
2026-09-23T08:55:35.0326658Z Sending Request:
2026-09-23T08:55:35.0326903Z < POST / HTTP/1.1
2026-09-23T08:55:35.0327146Z < Host: replace.openai.com
2026-09-23T08:55:35.0327419Z < User-Agent: Go-http-client/1.1
2026-09-23T08:55:35.0327691Z < Transfer-Encoding: chunked
2026-09-23T08:55:35.0327954Z < Content-Type: application/json
2026-09-23T08:55:35.0328211Z < X-Echo-Set-Header: 
2026-09-23T08:55:35.0328456Z < Accept-Encoding: gzip
2026-09-23T08:55:35.0328679Z < 
2026-09-23T08:55:35.0328861Z < 4d
2026-09-23T08:55:35.0329165Z < {"messages":[{"role":"user","content":"127.0.0.1 admin@gmail.com sk-12345"}]}
2026-09-23T08:55:35.0329518Z < 0
2026-09-23T08:55:35.0329694Z < 
2026-09-23T08:55:35.0329865Z < 
2026-09-23T08:55:35.0329967Z 
2026-09-23T08:55:35.0330844Z     http.go:305: Request failed, not ready yet: Post "http://localhost/": net/http: HTTP/1.x transport connection broken: write tcp 127.0.0.1:42986->127.0.0.1:80: write: broken pipe (after 2.209µs)
2026-09-23T08:55:36.0272348Z Sending Request:
2026-09-23T08:55:36.0272826Z < POST / HTTP/1.1
2026-09-23T08:55:36.0273626Z < Host: replace.openai.com
2026-09-23T08:55:36.0274317Z < User-Agent: Go-http-client/1.1
2026-09-23T08:55:36.0274993Z < Transfer-Encoding: chunked
2026-09-23T08:55:36.0275464Z < Content-Type: application/json
2026-09-23T08:55:36.0275890Z < X-Echo-Set-Header: 
2026-09-23T08:55:36.0276264Z < Accept-Encoding: gzip
2026-09-23T08:55:36.0276595Z < 
2026-09-23T08:55:36.0276862Z < 4d
2026-09-23T08:55:36.0277346Z < {"messages":[{"role":"user","content":"127.0.0.1 admin@gmail.com sk-12345"}]}
2026-09-23T08:55:36.0277929Z < 0
2026-09-23T08:55:36.0278214Z < 
2026-09-23T08:55:36.0278499Z < 
2026-09-23T08:55:36.0278677Z 
2026-09-23T08:55:36.0289779Z     http.go:305: Request failed, not ready yet: Post "http://localhost/": read tcp 127.0.0.1:42988->127.0.0.1:80: read: connection reset by peer (after 1.002170423s)
2026-09-23T08:55:37.0299931Z Sending Request:
2026-09-23T08:55:37.0302979Z < POST / HTTP/1.1
2026-09-23T08:55:37.0303665Z < Host: replace.openai.com
2026-09-23T08:55:37.0304395Z < User-Agent: Go-http-client/1.1
2026-09-23T08:55:37.0305058Z < Transfer-Encoding: chunked
2026-09-23T08:55:37.0305693Z < Content-Type: application/json
2026-09-23T08:55:37.0306281Z < X-Echo-Set-Header: 
2026-09-23T08:55:37.0306852Z < Accept-Encoding: gzip
2026-09-23T08:55:37.0307374Z < 
2026-09-23T08:55:37.0307799Z < 4d
2026-09-23T08:55:37.0308465Z < {"messages":[{"role":"user","content":"127.0.0.1 admin@gmail.com sk-12345"}]}
2026-09-23T08:55:37.0309176Z < 0
2026-09-23T08:55:37.0309592Z < 
2026-09-23T08:55:37.0309994Z < 
2026-09-23T08:55:37.0310279Z 
2026-09-23T08:55:37.0329970Z     http.go:305: Request failed, not ready yet: Post "http://localhost/": read tcp 127.0.0.1:42118->127.0.0.1:80: read: connection reset by peer (after 2.005184544s)
2026-09-23T08:55:38.0343368Z Sending Request:
2026-09-23T08:55:38.0351371Z < POST / HTTP/1.1
2026-09-23T08:55:38.0366132Z < Host: replace.openai.com
2026-09-23T08:55:38.0366938Z < User-Agent: Go-http-client/1.1
2026-09-23T08:55:38.0367564Z < Transfer-Encoding: chunked
2026-09-23T08:55:38.0368668Z < Content-Type: application/json
2026-09-23T08:55:38.0369234Z < X-Echo-Set-Header: 
2026-09-23T08:55:38.0369848Z < Accept-Encoding: gzip
2026-09-23T08:55:38.0370349Z < 
2026-09-23T08:55:38.0370838Z < 4d
2026-09-23T08:55:38.0382830Z < {"messages":[{"role":"user","content":"127.0.0.1 admin@gmail.com sk-12345"}]}
2026-09-23T08:55:38.0383373Z < 0
2026-09-23T08:55:38.0383592Z < 
2026-09-23T08:55:38.0383800Z < 
2026-09-23T08:55:38.0383909Z 
2026-09-23T08:55:38.0384700Z     http.go:305: Request failed, not ready yet: Post "http://localhost/": read tcp 127.0.0.1:42122->127.0.0.1:80: read: connection reset by peer (after 3.009200755s)
2026-09-23T08:55:39.0358504Z Sending Request:
2026-09-23T08:55:39.0359003Z < POST / HTTP/1.1
2026-09-23T08:55:39.0359403Z < Host: replace.openai.com
2026-09-23T08:55:39.0359891Z < User-Agent: Go-http-client/1.1
2026-09-23T08:55:39.0360387Z < Transfer-Encoding: chunked
2026-09-23T08:55:39.0361003Z < Content-Type: application/json
2026-09-23T08:55:39.0361598Z < X-Echo-Set-Header: 
2026-09-23T08:55:39.0362717Z < Accept-Encoding: gzip
2026-09-23T08:55:39.0363000Z < 
2026-09-23T08:55:39.0363259Z < 4d
2026-09-23T08:55:39.0363605Z < {"messages":[{"role":"user","content":"127.0.0.1 admin@gmail.com sk-12345"}]}
2026-09-23T08:55:39.0364220Z < 0
2026-09-23T08:55:39.0364458Z < 
2026-09-23T08:55:39.0364642Z < 
2026-09-23T08:55:39.0364786Z 
2026-09-23T08:55:39.0366323Z     http.go:305: Request failed, not ready yet: Post "http://localhost/": read tcp 127.0.0.1:42138->127.0.0.1:80: read: connection reset by peer (after 4.011185161s)
2026-09-23T08:55:40.0378373Z Sending Request:
2026-09-23T08:55:40.0378747Z < POST / HTTP/1.1
2026-09-23T08:55:40.0379029Z < Host: replace.openai.com
2026-09-23T08:55:40.0379449Z < User-Agent: Go-http-client/1.1
2026-09-23T08:55:40.0379877Z < Transfer-Encoding: chunked
2026-09-23T08:55:40.0380481Z < Content-Type: application/json
2026-09-23T08:55:40.0380863Z < X-Echo-Set-Header: 
2026-09-23T08:55:40.0381163Z < Accept-Encoding: gzip
2026-09-23T08:55:40.0381509Z < 
2026-09-23T08:55:40.0381756Z < 4d
2026-09-23T08:55:40.0382425Z < {"messages":[{"role":"user","content":"127.0.0.1 admin@gmail.com sk-12345"}]}
2026-09-23T08:55:40.0382946Z < 0
2026-09-23T08:55:40.0383244Z < 
2026-09-23T08:55:40.0383417Z < 
2026-09-23T08:55:40.0383516Z 
2026-09-23T08:55:40.0384592Z     http.go:305: Request failed, not ready yet: Post "http://localhost/": read tcp 127.0.0.1:42146->127.0.0.1:80: read: connection reset by peer (after 5.013197118s)
2026-09-23T08:55:41.0398280Z Sending Request:
2026-09-23T08:55:41.0398674Z < POST / HTTP/1.1
2026-09-23T08:55:41.0399051Z < Host: replace.openai.com
2026-09-23T08:55:41.0399488Z < User-Agent: Go-http-client/1.1
2026-09-23T08:55:41.0399904Z < Transfer-Encoding: chunked
2026-09-23T08:55:41.0400308Z < Content-Type: application/json
2026-09-23T08:55:41.0400680Z < X-Echo-Set-Header: 
2026-09-23T08:55:41.0401001Z < Accept-Encoding: gzip
2026-09-23T08:55:41.0401551Z < 
2026-09-23T08:55:41.0402102Z < 4d
2026-09-23T08:55:41.0402655Z < {"messages":[{"role":"user","content":"127.0.0.1 admin@gmail.com sk-12345"}]}
2026-09-23T08:55:41.0403119Z < 0
2026-09-23T08:55:41.0403338Z < 
2026-09-23T08:55:41.0403554Z < 
2026-09-23T08:55:41.0403707Z 
2026-09-23T08:55:41.0407089Z     http.go:305: Request failed, not ready yet: Post "http://localhost/": read tcp 127.0.0.1:42162->127.0.0.1:80: read: connection reset by peer (after 6.015189048s)
2026-09-23T08:55:42.0419197Z Sending Request:
2026-09-23T08:55:42.0422299Z < POST / HTTP/1.1
2026-09-23T08:55:42.0422683Z < Host: replace.openai.com
2026-09-23T08:55:42.0423145Z < User-Agent: Go-http-client/1.1
2026-09-23T08:55:42.0423544Z < Transfer-Encoding: chunked
2026-09-23T08:55:42.0423956Z < Content-Type: application/json
2026-09-23T08:55:42.0424354Z < X-Echo-Set-Header: 
2026-09-23T08:55:42.0424731Z < Accept-Encoding: gzip
2026-09-23T08:55:42.0425107Z < 
2026-09-23T08:55:42.0425406Z < 4d
2026-09-23T08:55:42.0425977Z < {"messages":[{"role":"user","content":"127.0.0.1 admin@gmail.com sk-12345"}]}
2026-09-23T08:55:42.0426629Z < 0
2026-09-23T08:55:42.0426924Z < 
2026-09-23T08:55:42.0427684Z < 
2026-09-23T08:55:42.0427846Z 
2026-09-23T08:55:42.0429364Z     http.go:305: Request failed, not ready yet: Post "http://localhost/": read tcp 127.0.0.1:42174->127.0.0.1:80: read: connection reset by peer (after 7.01721252s)
2026-09-23T08:55:43.0453862Z Sending Request:
2026-09-23T08:55:43.0472899Z < POST / HTTP/1.1
2026-09-23T08:55:43.0473553Z < Host: replace.openai.com
2026-09-23T08:55:43.0474196Z < User-Agent: Go-http-client/1.1
2026-09-23T08:55:43.0474828Z < Transfer-Encoding: chunked
2026-09-23T08:55:43.0475418Z < Content-Type: application/json
2026-09-23T08:55:43.0476001Z < X-Echo-Set-Header: 
2026-09-23T08:55:43.0476562Z < Accept-Encoding: gzip
2026-09-23T08:55:43.0477048Z < 
2026-09-23T08:55:43.0477431Z < 4d
2026-09-23T08:55:43.0478039Z < {"messages":[{"role":"user","content":"127.0.0.1 admin@gmail.com sk-12345"}]}
2026-09-23T08:55:43.0478732Z < 0
2026-09-23T08:55:43.0479118Z < 
2026-09-23T08:55:43.0479513Z < 
2026-09-23T08:55:43.0480296Z 
2026-09-23T08:55:43.0481503Z     http.go:305: Request failed, not ready yet: Post "http://localhost/": read tcp 127.0.0.1:42184->127.0.0.1:80: read: connection reset by peer (after 8.020113208s)
2026-09-23T08:55:44.0476948Z Sending Request:
2026-09-23T08:55:44.0477993Z < POST / HTTP/1.1
2026-09-23T08:55:44.0478626Z < Host: replace.openai.com
2026-09-23T08:55:44.0479263Z < User-Agent: Go-http-client/1.1
2026-09-23T08:55:44.0479866Z < Transfer-Encoding: chunked
2026-09-23T08:55:44.0480429Z < Content-Type: application/json
2026-09-23T08:55:44.0480979Z < X-Echo-Set-Header: 
2026-09-23T08:55:44.0481478Z < Accept-Encoding: gzip
2026-09-23T08:55:44.0482213Z < 
2026-09-23T08:55:44.0482641Z < 4d
2026-09-23T08:55:44.0483306Z < {"messages":[{"role":"user","content":"127.0.0.1 admin@gmail.com sk-12345"}]}
2026-09-23T08:55:44.0483985Z < 0
2026-09-23T08:55:44.0484362Z < 
2026-09-23T08:55:44.0484733Z < 
2026-09-23T08:55:44.0485006Z 
2026-09-23T08:55:44.0523982Z Received Response:
2026-09-23T08:55:44.0527255Z < HTTP/1.1 200 OK
2026-09-23T08:55:44.0528406Z < Transfer-Encoding: chunked
2026-09-23T08:55:44.0528992Z < Content-Type: application/json
2026-09-23T08:55:44.0529497Z < Date: Wed, 23 Sep 2026 08:55:44 GMT
2026-09-23T08:55:44.0529958Z < Server: istio-envoy
2026-09-23T08:55:44.0530356Z < Vary: Accept-Encoding
2026-09-23T08:55:44.0530716Z < 
2026-09-23T08:55:44.0530974Z < 72
2026-09-23T08:55:44.0531668Z < {"choices":[{"index":0,"message":{"content":"127.0.0.1 sk-12345 admin@gmail.com","role":"assistant"}}],"usage":{}}
2026-09-23T08:55:44.0532514Z < 0
2026-09-23T08:55:44.0532895Z < 
2026-09-23T08:55:44.0533152Z < 
2026-09-23T08:55:44.0533316Z 
2026-09-23T08:55:44.0536311Z Sending Request:
2026-09-23T08:55:44.0536886Z < POST / HTTP/1.1
2026-09-23T08:55:44.0537420Z < Host: replace.openai.com
2026-09-23T08:55:44.0537968Z < User-Agent: Go-http-client/1.1
2026-09-23T08:55:44.0538539Z < Transfer-Encoding: chunked
2026-09-23T08:55:44.0539080Z < Content-Type: application/json
2026-09-23T08:55:44.0539618Z < X-Echo-Set-Header: 
2026-09-23T08:55:44.0540103Z < Accept-Encoding: gzip
2026-09-23T08:55:44.0540559Z < 
2026-09-23T08:55:44.0540939Z < 4d
2026-09-23T08:55:44.0541462Z < {"messages":[{"role":"user","content":"127.0.0.1 admin@gmail.com sk-12345"}]}
2026-09-23T08:55:44.0542451Z < 0
2026-09-23T08:55:44.0542831Z < 
2026-09-23T08:55:44.0543215Z < 
2026-09-23T08:55:44.0543478Z 
2026-09-23T08:55:44.0567918Z Received Response:
2026-09-23T08:55:44.0568694Z < HTTP/1.1 200 OK
2026-09-23T08:55:44.0569229Z < Transfer-Encoding: chunked
2026-09-23T08:55:44.0569761Z < Content-Type: application/json
2026-09-23T08:55:44.0570284Z < Date: Wed, 23 Sep 2026 08:55:44 GMT
2026-09-23T08:55:44.0570813Z < Server: istio-envoy
2026-09-23T08:55:44.0571266Z < Vary: Accept-Encoding
2026-09-23T08:55:44.0576592Z < 
2026-09-23T08:55:44.0577269Z < 72
2026-09-23T08:55:44.0578111Z < {"choices":[{"index":0,"message":{"content":"127.0.0.1 sk-12345 admin@gmail.com","role":"assistant"}}],"usage":{}}
2026-09-23T08:55:44.0579003Z < 0
2026-09-23T08:55:44.0579405Z < 
2026-09-23T08:55:44.0579841Z < 
2026-09-23T08:55:44.0580120Z 
2026-09-23T08:55:44.0580786Z Sending Request:
2026-09-23T08:55:44.0581264Z < POST / HTTP/1.1
2026-09-23T08:55:44.0581732Z < Host: replace.openai.com
2026-09-23T08:55:44.0582417Z < User-Agent: Go-http-client/1.1
2026-09-23T08:55:44.0582959Z < Transfer-Encoding: chunked
2026-09-23T08:55:44.0583476Z < Content-Type: application/json
2026-09-23T08:55:44.0583984Z < X-Echo-Set-Header: 
2026-09-23T08:55:44.0584468Z < Accept-Encoding: gzip
2026-09-23T08:55:44.0584918Z < 
2026-09-23T08:55:44.0585275Z < 4d
2026-09-23T08:55:44.0585880Z < {"messages":[{"role":"user","content":"127.0.0.1 admin@gmail.com sk-12345"}]}
2026-09-23T08:55:44.0586534Z < 0
2026-09-23T08:55:44.0586904Z < 
2026-09-23T08:55:44.0587283Z < 
2026-09-23T08:55:44.0587732Z 
2026-09-23T08:55:44.0639281Z Received Response:
2026-09-23T08:55:44.0640917Z < HTTP/1.1 200 OK
2026-09-23T08:55:44.0641757Z < Transfer-Encoding: chunked
2026-09-23T08:55:44.0642536Z < Content-Type: application/json
2026-09-23T08:55:44.0643461Z < Date: Wed, 23 Sep 2026 08:55:44 GMT
2026-09-23T08:55:44.0644058Z < Server: istio-envoy
2026-09-23T08:55:44.0644581Z < Vary: Accept-Encoding
2026-09-23T08:55:44.0645090Z < 
2026-09-23T08:55:44.0645608Z < 72
2026-09-23T08:55:44.0646424Z < {"choices":[{"index":0,"message":{"content":"127.0.0.1 sk-12345 admin@gmail.com","role":"assistant"}}],"usage":{}}
2026-09-23T08:55:44.0651227Z < 0
2026-09-23T08:55:44.0651646Z < 
2026-09-23T08:55:44.0652202Z < 
2026-09-23T08:55:44.0652469Z 
2026-09-23T08:55:44.0652897Z     http.go:343: Request passed
2026-09-23T08:55:44.0653787Z     rust-wasm-ai-data-masking.go:191: Making POST request to http://localhost/
2026-09-23T08:55:44.0662591Z Sending Request:
2026-09-23T08:55:44.0663242Z < POST / HTTP/1.1
2026-09-23T08:55:44.0663712Z < Host: replace.openai.com
2026-09-23T08:55:44.0664231Z < User-Agent: Go-http-client/1.1
2026-09-23T08:55:44.0664768Z < Transfer-Encoding: chunked
2026-09-23T08:55:44.0665279Z < Content-Type: application/json
2026-09-23T08:55:44.0665780Z < X-Echo-Set-Header: 
2026-09-23T08:55:44.0666278Z < Accept-Encoding: gzip
2026-09-23T08:55:44.0666730Z < 
2026-09-23T08:55:44.0667105Z < 4e
2026-09-23T08:55:44.0667711Z < {"messages":[{"role":"user","content":"192.168.0.1 root@gmail.com sk-12345"}]}
2026-09-23T08:55:44.0668353Z < 0
2026-09-23T08:55:44.0668730Z < 
2026-09-23T08:55:44.0669263Z < 
2026-09-23T08:55:44.0669531Z 
2026-09-23T08:55:44.0669832Z Received Response:
2026-09-23T08:55:44.0670268Z < HTTP/1.1 200 OK
2026-09-23T08:55:44.0670732Z < Transfer-Encoding: chunked
2026-09-23T08:55:44.0671247Z < Content-Type: application/json
2026-09-23T08:55:44.0671917Z < Date: Wed, 23 Sep 2026 08:55:44 GMT
2026-09-23T08:55:44.0672654Z < Server: istio-envoy
2026-09-23T08:55:44.0673505Z < Vary: Accept-Encoding
2026-09-23T08:55:44.0673990Z < 
2026-09-23T08:55:44.0674265Z < 73
2026-09-23T08:55:44.0674989Z < {"choices":[{"index":0,"message":{"content":"192.168.0.1 sk-12345 root@gmail.com","role":"assistant"}}],"usage":{}}
2026-09-23T08:55:44.0675745Z < 0
2026-09-23T08:55:44.0676067Z < 
2026-09-23T08:55:44.0676354Z < 
2026-09-23T08:55:44.0676525Z 
2026-09-23T08:55:44.0676676Z Sending Request:
2026-09-23T08:55:44.0677058Z < POST / HTTP/1.1
2026-09-23T08:55:44.0677464Z < Host: replace.openai.com
2026-09-23T08:55:44.0677928Z < User-Agent: Go-http-client/1.1
2026-09-23T08:55:44.0678407Z < Transfer-Encoding: chunked
2026-09-23T08:55:44.0678877Z < Content-Type: application/json
2026-09-23T08:55:44.0679350Z < X-Echo-Set-Header: 
2026-09-23T08:55:44.0679781Z < Accept-Encoding: gzip
2026-09-23T08:55:44.0680144Z < 
2026-09-23T08:55:44.0680396Z < 4e
2026-09-23T08:55:44.0680849Z < {"messages":[{"role":"user","content":"192.168.0.1 root@gmail.com sk-12345"}]}
2026-09-23T08:55:44.0681374Z < 0
2026-09-23T08:55:44.0681625Z < 
2026-09-23T08:55:44.0682002Z < 
2026-09-23T08:55:44.0682134Z 
2026-09-23T08:55:44.0715430Z Received Response:
2026-09-23T08:55:44.0716488Z < HTTP/1.1 200 OK
2026-09-23T08:55:44.0717161Z < Transfer-Encoding: chunked
2026-09-23T08:55:44.0719279Z < Content-Type: application/json
2026-09-23T08:55:44.0720427Z < Date: Wed, 23 Sep 2026 08:55:44 GMT
2026-09-23T08:55:44.0721081Z < Server: istio-envoy
2026-09-23T08:55:44.0721725Z < Vary: Accept-Encoding
2026-09-23T08:55:44.0722272Z < 
2026-09-23T08:55:44.0722546Z < 73
2026-09-23T08:55:44.0723263Z < {"choices":[{"index":0,"message":{"content":"192.168.0.1 sk-12345 root@gmail.com","role":"assistant"}}],"usage":{}}
2026-09-23T08:55:44.0723971Z < 0
2026-09-23T08:55:44.0724249Z < 
2026-09-23T08:55:44.0724518Z < 
2026-09-23T08:55:44.0724675Z 
2026-09-23T08:55:44.0724818Z Sending Request:
2026-09-23T08:55:44.0725117Z < POST / HTTP/1.1
2026-09-23T08:55:44.0725435Z < Host: replace.openai.com
2026-09-23T08:55:44.0725800Z < User-Agent: Go-http-client/1.1
2026-09-23T08:55:44.0726192Z < Transfer-Encoding: chunked
2026-09-23T08:55:44.0726562Z < Content-Type: application/json
2026-09-23T08:55:44.0726947Z < X-Echo-Set-Header: 
2026-09-23T08:55:44.0727309Z < Accept-Encoding: gzip
2026-09-23T08:55:44.0727534Z < 
2026-09-23T08:55:44.0727708Z < 4e
2026-09-23T08:55:44.0728275Z < {"messages":[{"role":"user","content":"192.168.0.1 root@gmail.com sk-12345"}]}
2026-09-23T08:55:44.0728926Z < 0
2026-09-23T08:55:44.0729267Z < 
2026-09-23T08:55:44.0729529Z < 
2026-09-23T08:55:44.0729668Z 
2026-09-23T08:55:44.0731007Z Received Response:
2026-09-23T08:55:44.0731573Z < HTTP/1.1 200 OK
2026-09-23T08:55:44.0732265Z < Transfer-Encoding: chunked
2026-09-23T08:55:44.0732668Z < Content-Type: application/json
2026-09-23T08:55:44.0733068Z < Date: Wed, 23 Sep 2026 08:55:44 GMT
2026-09-23T08:55:44.0733427Z < Server: istio-envoy
2026-09-23T08:55:44.0733756Z < Vary: Accept-Encoding
2026-09-23T08:55:44.0734053Z < 
2026-09-23T08:55:44.0734305Z < 73
2026-09-23T08:55:44.0734914Z < {"choices":[{"index":0,"message":{"content":"192.168.0.1 sk-12345 root@gmail.com","role":"assistant"}}],"usage":{}}
2026-09-23T08:55:44.0735448Z < 0
2026-09-23T08:55:44.0735663Z < 
2026-09-23T08:55:44.0735890Z < 
2026-09-23T08:55:44.0736025Z 
2026-09-23T08:55:44.0736274Z     http.go:343: Request passed
2026-09-23T08:55:44.0736965Z     rust-wasm-ai-data-masking.go:191: Making POST request to http://localhost/
2026-09-23T08:55:44.0737590Z Sending Request:
2026-09-23T08:55:44.0737895Z < POST / HTTP/1.1
2026-09-23T08:55:44.0738187Z < Host: ok.openai.com
2026-09-23T08:55:44.0738557Z < User-Agent: Go-http-client/1.1
2026-09-23T08:55:44.0738871Z < Transfer-Encoding: chunked
2026-09-23T08:55:44.0739233Z < Content-Type: application/json
2026-09-23T08:55:44.0739621Z < X-Echo-Set-Header: 
2026-09-23T08:55:44.0739944Z < Accept-Encoding: gzip
2026-09-23T08:55:44.0740243Z < 
2026-09-23T08:55:44.0740472Z < 2f
2026-09-23T08:55:44.0740720Z < {"messages":[{"role":"user","content":"fuck"}]}
2026-09-23T08:55:44.0740997Z < 0
2026-09-23T08:55:44.0741171Z < 
2026-09-23T08:55:44.0741340Z < 
2026-09-23T08:55:44.0741445Z 
2026-09-23T08:55:44.0755707Z Received Response:
2026-09-23T08:55:44.0756139Z < HTTP/1.1 200 OK
2026-09-23T08:55:44.0758594Z < Transfer-Encoding: chunked
2026-09-23T08:55:44.0759087Z < Content-Type: application/json
2026-09-23T08:55:44.0759412Z < Date: Wed, 23 Sep 2026 08:55:44 GMT
2026-09-23T08:55:44.0759682Z < Server: istio-envoy
2026-09-23T08:55:44.0759922Z < Vary: Accept-Encoding
2026-09-23T08:55:44.0760140Z < 
2026-09-23T08:55:44.0760327Z < 80
2026-09-23T08:55:44.0761152Z < {"choices":[{"index":0,"message":{"content":"提问或回答中包含敏感词，已被屏蔽","role":"assistant"}}],"usage":{}}
2026-09-23T08:55:44.0761971Z < 0
2026-09-23T08:55:44.0762307Z < 
2026-09-23T08:55:44.0762501Z < 
2026-09-23T08:55:44.0762600Z 
2026-09-23T08:55:44.0762884Z Sending Request:
2026-09-23T08:55:44.0763370Z < POST / HTTP/1.1
2026-09-23T08:55:44.0763892Z < Host: ok.openai.com
2026-09-23T08:55:44.0767233Z < User-Agent: Go-http-client/1.1
2026-09-23T08:55:44.0768159Z < Transfer-Encoding: chunked
2026-09-23T08:55:44.0768615Z < Content-Type: application/json
2026-09-23T08:55:44.0769038Z < X-Echo-Set-Header: 
2026-09-23T08:55:44.0769403Z < Accept-Encoding: gzip
2026-09-23T08:55:44.0769810Z < 
2026-09-23T08:55:44.0770071Z < 2f
2026-09-23T08:55:44.0770478Z < {"messages":[{"role":"user","content":"fuck"}]}
2026-09-23T08:55:44.0771230Z < 0
2026-09-23T08:55:44.0771476Z < 
2026-09-23T08:55:44.0771717Z < 
2026-09-23T08:55:44.0772086Z 
2026-09-23T08:55:44.0772231Z Received Response:
2026-09-23T08:55:44.0772595Z < HTTP/1.1 200 OK
2026-09-23T08:55:44.0772960Z < Transfer-Encoding: chunked
2026-09-23T08:55:44.0773426Z < Content-Type: application/json
2026-09-23T08:55:44.0773870Z < Date: Wed, 23 Sep 2026 08:55:44 GMT
2026-09-23T08:55:44.0774343Z < Server: istio-envoy
2026-09-23T08:55:44.0774759Z < Vary: Accept-Encoding
2026-09-23T08:55:44.0775144Z < 
2026-09-23T08:55:44.0775386Z < 80
2026-09-23T08:55:44.0776027Z < {"choices":[{"index":0,"message":{"content":"提问或回答中包含敏感词，已被屏蔽","role":"assistant"}}],"usage":{}}
2026-09-23T08:55:44.0776543Z < 0
2026-09-23T08:55:44.0776771Z < 
2026-09-23T08:55:44.0777087Z < 
2026-09-23T08:55:44.0777250Z 
2026-09-23T08:55:44.0777521Z Sending Request:
2026-09-23T08:55:44.0777837Z < POST / HTTP/1.1
2026-09-23T08:55:44.0778208Z < Host: ok.openai.com
2026-09-23T08:55:44.0778783Z < User-Agent: Go-http-client/1.1
2026-09-23T08:55:44.0779154Z < Transfer-Encoding: chunked
2026-09-23T08:55:44.0779541Z < Content-Type: application/json
2026-09-23T08:55:44.0780030Z < X-Echo-Set-Header: 
2026-09-23T08:55:44.0780372Z < Accept-Encoding: gzip
2026-09-23T08:55:44.0780682Z < 
2026-09-23T08:55:44.0780922Z < 2f
2026-09-23T08:55:44.0781376Z < {"messages":[{"role":"user","content":"fuck"}]}
2026-09-23T08:55:44.0781757Z < 0
2026-09-23T08:55:44.0782134Z < 
2026-09-23T08:55:44.0782380Z < 
2026-09-23T08:55:44.0782523Z 
2026-09-23T08:55:44.0782671Z Received Response:
2026-09-23T08:55:44.0785202Z < HTTP/1.1 200 OK
2026-09-23T08:55:44.0785927Z < Transfer-Encoding: chunked
2026-09-23T08:55:44.0786353Z < Content-Type: application/json
2026-09-23T08:55:44.0786739Z < Date: Wed, 23 Sep 2026 08:55:44 GMT
2026-09-23T08:55:44.0787109Z < Server: istio-envoy
2026-09-23T08:55:44.0787427Z < Vary: Accept-Encoding
2026-09-23T08:55:44.0787729Z < 
2026-09-23T08:55:44.0787964Z < 80
2026-09-23T08:55:44.0788811Z < {"choices":[{"index":0,"message":{"content":"提问或回答中包含敏感词，已被屏蔽","role":"assistant"}}],"usage":{}}
2026-09-23T08:55:44.0789371Z < 0
2026-09-23T08:55:44.0789581Z < 
2026-09-23T08:55:44.0789802Z < 
2026-09-23T08:55:44.0789913Z 
2026-09-23T08:55:44.0790123Z     http.go:343: Request passed
2026-09-23T08:55:44.0790726Z     rust-wasm-ai-data-masking.go:191: Making POST request to http://localhost/
2026-09-23T08:55:44.0791202Z Sending Request:
2026-09-23T08:55:44.0791496Z < POST / HTTP/1.1
2026-09-23T08:55:44.0792099Z < Host: ok.openai.com
2026-09-23T08:55:44.0792437Z < User-Agent: Go-http-client/1.1
2026-09-23T08:55:44.0792778Z < Transfer-Encoding: chunked
2026-09-23T08:55:44.0793124Z < Content-Type: application/json
2026-09-23T08:55:44.0793497Z < X-Echo-Set-Header: 
2026-09-23T08:55:44.0793823Z < Accept-Encoding: gzip
2026-09-23T08:55:44.0794121Z < 
2026-09-23T08:55:44.0794330Z < 37
2026-09-23T08:55:44.0794670Z < {"messages":[{"role":"user","content":"costom_word1"}]}
2026-09-23T08:55:44.0795030Z < 0
2026-09-23T08:55:44.0795276Z < 
2026-09-23T08:55:44.0795515Z < 
2026-09-23T08:55:44.0795647Z 
2026-09-23T08:55:44.0798049Z Received Response:
2026-09-23T08:55:44.0798389Z < HTTP/1.1 200 OK
2026-09-23T08:55:44.0798717Z < Transfer-Encoding: chunked
2026-09-23T08:55:44.0799091Z < Content-Type: application/json
2026-09-23T08:55:44.0799475Z < Date: Wed, 23 Sep 2026 08:55:44 GMT
2026-09-23T08:55:44.0799848Z < Server: istio-envoy
2026-09-23T08:55:44.0800170Z < Vary: Accept-Encoding
2026-09-23T08:55:44.0800451Z < 
2026-09-23T08:55:44.0800693Z < 80
2026-09-23T08:55:44.0801571Z < {"choices":[{"index":0,"message":{"content":"提问或回答中包含敏感词，已被屏蔽","role":"assistant"}}],"usage":{}}
2026-09-23T08:55:44.0803035Z < 0
2026-09-23T08:55:44.0803281Z < 
2026-09-23T08:55:44.0803529Z < 
2026-09-23T08:55:44.0803665Z 
2026-09-23T08:55:44.0803806Z Sending Request:
2026-09-23T08:55:44.0804073Z < POST / HTTP/1.1
2026-09-23T08:55:44.0804339Z < Host: ok.openai.com
2026-09-23T08:55:44.0804648Z < User-Agent: Go-http-client/1.1
2026-09-23T08:55:44.0805017Z < Transfer-Encoding: chunked
2026-09-23T08:55:44.0805743Z < Content-Type: application/json
2026-09-23T08:55:44.0806109Z < X-Echo-Set-Header: 
2026-09-23T08:55:44.0806407Z < Accept-Encoding: gzip
2026-09-23T08:55:44.0806695Z < 
2026-09-23T08:55:44.0806909Z < 37
2026-09-23T08:55:44.0807234Z < {"messages":[{"role":"user","content":"costom_word1"}]}
2026-09-23T08:55:44.0807670Z < 0
2026-09-23T08:55:44.0807925Z < 
2026-09-23T08:55:44.0808140Z < 
2026-09-23T08:55:44.0808259Z 
2026-09-23T08:55:44.0815747Z Received Response:
2026-09-23T08:55:44.0816162Z < HTTP/1.1 200 OK
2026-09-23T08:55:44.0816499Z < Transfer-Encoding: chunked
2026-09-23T08:55:44.0816881Z < Content-Type: application/json
2026-09-23T08:55:44.0817295Z < Date: Wed, 23 Sep 2026 08:55:44 GMT
2026-09-23T08:55:44.0817678Z < Server: istio-envoy
2026-09-23T08:55:44.0818013Z < Vary: Accept-Encoding
2026-09-23T08:55:44.0818355Z < 
2026-09-23T08:55:44.0818529Z < 80
2026-09-23T08:55:44.0819269Z < {"choices":[{"index":0,"message":{"content":"提问或回答中包含敏感词，已被屏蔽","role":"assistant"}}],"usage":{}}
2026-09-23T08:55:44.0819898Z < 0
2026-09-23T08:55:44.0820144Z < 
2026-09-23T08:55:44.0820370Z < 
2026-09-23T08:55:44.0820498Z 
2026-09-23T08:55:44.0820618Z Sending Request:
2026-09-23T08:55:44.0820910Z < POST / HTTP/1.1
2026-09-23T08:55:44.0821179Z < Host: ok.openai.com
2026-09-23T08:55:44.0821501Z < User-Agent: Go-http-client/1.1
2026-09-23T08:55:44.0821927Z < Transfer-Encoding: chunked
2026-09-23T08:55:44.0822397Z < Content-Type: application/json
2026-09-23T08:55:44.0822674Z < X-Echo-Set-Header: 
2026-09-23T08:55:44.0822920Z < Accept-Encoding: gzip
2026-09-23T08:55:44.0823174Z < 
2026-09-23T08:55:44.0823404Z < 37
2026-09-23T08:55:44.0823751Z < {"messages":[{"role":"user","content":"costom_word1"}]}
2026-09-23T08:55:44.0824331Z < 0
2026-09-23T08:55:44.0824583Z < 
2026-09-23T08:55:44.0824790Z < 
2026-09-23T08:55:44.0824934Z 
2026-09-23T08:55:44.0826474Z Received Response:
2026-09-23T08:55:44.0827037Z < HTTP/1.1 200 OK
2026-09-23T08:55:44.0827702Z < Transfer-Encoding: chunked
2026-09-23T08:55:44.0828346Z < Content-Type: application/json
2026-09-23T08:55:44.0829717Z < Date: Wed, 23 Sep 2026 08:55:44 GMT
2026-09-23T08:55:44.0830176Z < Server: istio-envoy
2026-09-23T08:55:44.0830629Z < Vary: Accept-Encoding
2026-09-23T08:55:44.0830948Z < 
2026-09-23T08:55:44.0831239Z < 80
2026-09-23T08:55:44.0832208Z < {"choices":[{"index":0,"message":{"content":"提问或回答中包含敏感词，已被屏蔽","role":"assistant"}}],"usage":{}}
2026-09-23T08:55:44.0832590Z < 0
2026-09-23T08:55:44.0832802Z < 
2026-09-23T08:55:44.0833018Z < 
2026-09-23T08:55:44.0833113Z 
2026-09-23T08:55:44.0833299Z     http.go:343: Request passed
2026-09-23T08:55:44.0833772Z     rust-wasm-ai-data-masking.go:191: Making POST request to http://localhost/
2026-09-23T08:55:44.0834159Z Sending Request:
2026-09-23T08:55:44.0834378Z < POST / HTTP/1.1
2026-09-23T08:55:44.0834592Z < Host: ok.openai.com
2026-09-23T08:55:44.0834827Z < User-Agent: Go-http-client/1.1
2026-09-23T08:55:44.0835134Z < Transfer-Encoding: chunked
2026-09-23T08:55:44.0835403Z < Content-Type: application/json
2026-09-23T08:55:44.0835683Z < X-Echo-Set-Header: 
2026-09-23T08:55:44.0835911Z < Accept-Encoding: gzip
2026-09-23T08:55:44.0836120Z < 
2026-09-23T08:55:44.0836299Z < 36
2026-09-23T08:55:44.0836545Z < {"messages":[{"role":"user","content":"costom_word"}]}
2026-09-23T08:55:44.0836830Z < 0
2026-09-23T08:55:44.0837002Z < 
2026-09-23T08:55:44.0837206Z < 
2026-09-23T08:55:44.0837361Z 
2026-09-23T08:55:44.0840168Z Received Response:
2026-09-23T08:55:44.0841006Z < HTTP/1.1 200 OK
2026-09-23T08:55:44.0841725Z < Transfer-Encoding: chunked
2026-09-23T08:55:44.0842424Z < Content-Type: application/json
2026-09-23T08:55:44.0842829Z < Date: Wed, 23 Sep 2026 08:55:44 GMT
2026-09-23T08:55:44.0843366Z < Server: istio-envoy
2026-09-23T08:55:44.0843794Z < Vary: Accept-Encoding
2026-09-23T08:55:44.0844122Z < 
2026-09-23T08:55:44.0844307Z < 52
2026-09-23T08:55:44.0844623Z < {"choices":[{"index":0,"message":{"content":"ok","role":"assistant"}}],"usage":{}}
2026-09-23T08:55:44.0844980Z < 0
2026-09-23T08:55:44.0845168Z < 
2026-09-23T08:55:44.0845370Z < 
2026-09-23T08:55:44.0845786Z 
2026-09-23T08:55:44.0845887Z Sending Request:
2026-09-23T08:55:44.0846185Z < POST / HTTP/1.1
2026-09-23T08:55:44.0846413Z < Host: ok.openai.com
2026-09-23T08:55:44.0846656Z < User-Agent: Go-http-client/1.1
2026-09-23T08:55:44.0846918Z < Transfer-Encoding: chunked
2026-09-23T08:55:44.0847175Z < Content-Type: application/json
2026-09-23T08:55:44.0847442Z < X-Echo-Set-Header: 
2026-09-23T08:55:44.0847670Z < Accept-Encoding: gzip
2026-09-23T08:55:44.0847881Z < 
2026-09-23T08:55:44.0848053Z < 36
2026-09-23T08:55:44.0848305Z < {"messages":[{"role":"user","content":"costom_word"}]}
2026-09-23T08:55:44.0848589Z < 0
2026-09-23T08:55:44.0848759Z < 
2026-09-23T08:55:44.0848926Z < 
2026-09-23T08:55:44.0849026Z 
2026-09-23T08:55:44.0854320Z Received Response:
2026-09-23T08:55:44.0854977Z < HTTP/1.1 200 OK
2026-09-23T08:55:44.0855328Z < Transfer-Encoding: chunked
2026-09-23T08:55:44.0855699Z < Content-Type: application/json
2026-09-23T08:55:44.0856411Z < Date: Wed, 23 Sep 2026 08:55:44 GMT
2026-09-23T08:55:44.0856877Z < Server: istio-envoy
2026-09-23T08:55:44.0857825Z < Vary: Accept-Encoding
2026-09-23T08:55:44.0858133Z < 
2026-09-23T08:55:44.0858368Z < 52
2026-09-23T08:55:44.0858818Z < {"choices":[{"index":0,"message":{"content":"ok","role":"assistant"}}],"usage":{}}
2026-09-23T08:55:44.0859334Z < 0
2026-09-23T08:55:44.0859582Z < 
2026-09-23T08:55:44.0859811Z < 
2026-09-23T08:55:44.0859955Z 
2026-09-23T08:55:44.0860265Z Sending Request:
2026-09-23T08:55:44.0860999Z < POST / HTTP/1.1
2026-09-23T08:55:44.0861692Z < Host: ok.openai.com
2026-09-23T08:55:44.0862375Z < User-Agent: Go-http-client/1.1
2026-09-23T08:55:44.0862823Z < Transfer-Encoding: chunked
2026-09-23T08:55:44.0863246Z < Content-Type: application/json
2026-09-23T08:55:44.0863642Z < X-Echo-Set-Header: 
2026-09-23T08:55:44.0864000Z < Accept-Encoding: gzip
2026-09-23T08:55:44.0864348Z < 
2026-09-23T08:55:44.0864625Z < 36
2026-09-23T08:55:44.0865023Z < {"messages":[{"role":"user","content":"costom_word"}]}
2026-09-23T08:55:44.0865482Z < 0
2026-09-23T08:55:44.0865764Z < 
2026-09-23T08:55:44.0865994Z < 
2026-09-23T08:55:44.0866134Z 
2026-09-23T08:55:44.0872212Z Received Response:
2026-09-23T08:55:44.0872580Z < HTTP/1.1 200 OK
2026-09-23T08:55:44.0872946Z < Transfer-Encoding: chunked
2026-09-23T08:55:44.0873336Z < Content-Type: application/json
2026-09-23T08:55:44.0873721Z < Date: Wed, 23 Sep 2026 08:55:44 GMT
2026-09-23T08:55:44.0874099Z < Server: istio-envoy
2026-09-23T08:55:44.0874418Z < Vary: Accept-Encoding
2026-09-23T08:55:44.0874724Z < 
2026-09-23T08:55:44.0874958Z < 52
2026-09-23T08:55:44.0875411Z < {"choices":[{"index":0,"message":{"content":"ok","role":"assistant"}}],"usage":{}}
2026-09-23T08:55:44.0875914Z < 0
2026-09-23T08:55:44.0876135Z < 
2026-09-23T08:55:44.0876309Z < 
2026-09-23T08:55:44.0876462Z 
2026-09-23T08:55:44.0876691Z     http.go:343: Request passed
2026-09-23T08:55:44.0877291Z     rust-wasm-ai-data-masking.go:191: Making POST request to http://localhost/
2026-09-23T08:55:44.0877802Z Sending Request:
2026-09-23T08:55:44.0878065Z < POST / HTTP/1.1
2026-09-23T08:55:44.0878364Z < Host: system_deny.openai.com
2026-09-23T08:55:44.0878714Z < User-Agent: Go-http-client/1.1
2026-09-23T08:55:44.0879072Z < Transfer-Encoding: chunked
2026-09-23T08:55:44.0879426Z < Content-Type: application/json
2026-09-23T08:55:44.0879765Z < X-Echo-Set-Header: 
2026-09-23T08:55:44.0880070Z < Accept-Encoding: gzip
2026-09-23T08:55:44.0880362Z < 
2026-09-23T08:55:44.0880577Z < 2f
2026-09-23T08:55:44.0880882Z < {"messages":[{"role":"user","content":"test"}]}
2026-09-23T08:55:44.0881233Z < 0
2026-09-23T08:55:44.0881475Z < 
2026-09-23T08:55:44.0881687Z < 
2026-09-23T08:55:44.0882074Z 
2026-09-23T08:55:44.0885582Z Received Response:
2026-09-23T08:55:44.0890290Z < HTTP/1.1 200 OK
2026-09-23T08:55:44.0890735Z < Transfer-Encoding: chunked
2026-09-23T08:55:44.0891188Z < Content-Type: application/json
2026-09-23T08:55:44.0891649Z < Date: Wed, 23 Sep 2026 08:55:44 GMT
2026-09-23T08:55:44.0892407Z < Server: istio-envoy
2026-09-23T08:55:44.0892793Z < Vary: Accept-Encoding
2026-09-23T08:55:44.0893311Z < 
2026-09-23T08:55:44.0893574Z < 80
2026-09-23T08:55:44.0894203Z < {"choices":[{"index":0,"message":{"content":"提问或回答中包含敏感词，已被屏蔽","role":"assistant"}}],"usage":{}}
2026-09-23T08:55:44.0894660Z < 0
2026-09-23T08:55:44.0894926Z < 
2026-09-23T08:55:44.0895169Z < 
2026-09-23T08:55:44.0895394Z 
2026-09-23T08:55:44.0898767Z Sending Request:
2026-09-23T08:55:44.0899131Z < POST / HTTP/1.1
2026-09-23T08:55:44.0899640Z < Host: system_deny.openai.com
2026-09-23T08:55:44.0900113Z < User-Agent: Go-http-client/1.1
2026-09-23T08:55:44.0900578Z < Transfer-Encoding: chunked
2026-09-23T08:55:44.0901060Z < Content-Type: application/json
2026-09-23T08:55:44.0901523Z < X-Echo-Set-Header: 
2026-09-23T08:55:44.0902214Z < Accept-Encoding: gzip
2026-09-23T08:55:44.0902533Z < 
2026-09-23T08:55:44.0902790Z < 2f
2026-09-23T08:55:44.0903124Z < {"messages":[{"role":"user","content":"test"}]}
2026-09-23T08:55:44.0903540Z < 0
2026-09-23T08:55:44.0903784Z < 
2026-09-23T08:55:44.0904429Z < 
2026-09-23T08:55:44.0904592Z 
2026-09-23T08:55:44.0904792Z Received Response:
2026-09-23T08:55:44.0905212Z < HTTP/1.1 200 OK
2026-09-23T08:55:44.0905540Z < Transfer-Encoding: chunked
2026-09-23T08:55:44.0907104Z < Content-Type: application/json
2026-09-23T08:55:44.0907564Z < Date: Wed, 23 Sep 2026 08:55:44 GMT
2026-09-23T08:55:44.0907994Z < Server: istio-envoy
2026-09-23T08:55:44.0908339Z < Vary: Accept-Encoding
2026-09-23T08:55:44.0908694Z < 
2026-09-23T08:55:44.0908941Z < 80
2026-09-23T08:55:44.0914277Z < {"choices":[{"index":0,"message":{"content":"提问或回答中包含敏感词，已被屏蔽","role":"assistant"}}],"usage":{}}
2026-09-23T08:55:44.0914909Z < 0
2026-09-23T08:55:44.0915167Z < 
2026-09-23T08:55:44.0915407Z < 
2026-09-23T08:55:44.0915535Z 
2026-09-23T08:55:44.0915701Z Sending Request:
2026-09-23T08:55:44.0916000Z < POST / HTTP/1.1
2026-09-23T08:55:44.0916321Z < Host: system_deny.openai.com
2026-09-23T08:55:44.0916684Z < User-Agent: Go-http-client/1.1
2026-09-23T08:55:44.0917062Z < Transfer-Encoding: chunked
2026-09-23T08:55:44.0917461Z < Content-Type: application/json
2026-09-23T08:55:44.0917790Z < X-Echo-Set-Header: 
2026-09-23T08:55:44.0918095Z < Accept-Encoding: gzip
2026-09-23T08:55:44.0918380Z < 
2026-09-23T08:55:44.0918617Z < 2f
2026-09-23T08:55:44.0918998Z < {"messages":[{"role":"user","content":"test"}]}
2026-09-23T08:55:44.0919285Z < 0
2026-09-23T08:55:44.0919458Z < 
2026-09-23T08:55:44.0919629Z < 
2026-09-23T08:55:44.0919810Z 
2026-09-23T08:55:44.0930229Z Received Response:
2026-09-23T08:55:44.0931324Z < HTTP/1.1 200 OK
2026-09-23T08:55:44.0932796Z < Transfer-Encoding: chunked
2026-09-23T08:55:44.0933501Z < Content-Type: application/json
2026-09-23T08:55:44.0933949Z < Date: Wed, 23 Sep 2026 08:55:44 GMT
2026-09-23T08:55:44.0939675Z < Server: istio-envoy
2026-09-23T08:55:44.0940447Z < Vary: Accept-Encoding
2026-09-23T08:55:44.0941061Z < 
2026-09-23T08:55:44.0941502Z < 80
2026-09-23T08:55:44.0942734Z < {"choices":[{"index":0,"message":{"content":"提问或回答中包含敏感词，已被屏蔽","role":"assistant"}}],"usage":{}}
2026-09-23T08:55:44.0943614Z < 0
2026-09-23T08:55:44.0944223Z < 
2026-09-23T08:55:44.0944499Z < 
2026-09-23T08:55:44.0944931Z 
2026-09-23T08:55:44.0945347Z     http.go:343: Request passed
2026-09-23T08:55:44.0946531Z     rust-wasm-ai-data-masking.go:191: Making POST request to http://localhost/
2026-09-23T08:55:44.0948147Z Sending Request:
2026-09-23T08:55:44.0948576Z < POST / HTTP/1.1
2026-09-23T08:55:44.0949233Z < Host: costom_word1.openai.com
2026-09-23T08:55:44.0949987Z < User-Agent: Go-http-client/1.1
2026-09-23T08:55:44.0950696Z < Transfer-Encoding: chunked
2026-09-23T08:55:44.0951394Z < Content-Type: application/json
2026-09-23T08:55:44.0951742Z < X-Echo-Set-Header: 
2026-09-23T08:55:44.0952481Z < Accept-Encoding: gzip
2026-09-23T08:55:44.0953094Z < 
2026-09-23T08:55:44.0953721Z < 2f
2026-09-23T08:55:44.0958941Z < {"messages":[{"role":"user","content":"test"}]}
2026-09-23T08:55:44.0959640Z < 0
2026-09-23T08:55:44.0960256Z < 
2026-09-23T08:55:44.0962347Z < 
2026-09-23T08:55:44.0962966Z 
2026-09-23T08:55:44.0963588Z Received Response:
2026-09-23T08:55:44.0964570Z < HTTP/1.1 200 OK
2026-09-23T08:55:44.0965272Z < Transfer-Encoding: chunked
2026-09-23T08:55:44.0966006Z < Content-Type: application/json
2026-09-23T08:55:44.0967054Z < Date: Wed, 23 Sep 2026 08:55:44 GMT
2026-09-23T08:55:44.0967777Z < Server: istio-envoy
2026-09-23T08:55:44.0968213Z < Vary: Accept-Encoding
2026-09-23T08:55:44.0968574Z < 
2026-09-23T08:55:44.0968835Z < 80
2026-09-23T08:55:44.0969670Z < {"choices":[{"index":0,"message":{"content":"提问或回答中包含敏感词，已被屏蔽","role":"assistant"}}],"usage":{}}
2026-09-23T08:55:44.0970272Z < 0
2026-09-23T08:55:44.0970562Z < 
2026-09-23T08:55:44.0970812Z < 
2026-09-23T08:55:44.0970957Z 
2026-09-23T08:55:44.0971092Z Sending Request:
2026-09-23T08:55:44.0971437Z < POST / HTTP/1.1
2026-09-23T08:55:44.0971957Z < Host: costom_word1.openai.com
2026-09-23T08:55:44.0972378Z < User-Agent: Go-http-client/1.1
2026-09-23T08:55:44.0972805Z < Transfer-Encoding: chunked
2026-09-23T08:55:44.0973957Z < Content-Type: application/json
2026-09-23T08:55:44.0974593Z < X-Echo-Set-Header: 
2026-09-23T08:55:44.0974908Z < Accept-Encoding: gzip
2026-09-23T08:55:44.0975199Z < 
2026-09-23T08:55:44.0975438Z < 2f
2026-09-23T08:55:44.0975760Z < {"messages":[{"role":"user","content":"test"}]}
2026-09-23T08:55:44.0976128Z < 0
2026-09-23T08:55:44.0976347Z < 
2026-09-23T08:55:44.0976574Z < 
2026-09-23T08:55:44.0976709Z 
2026-09-23T08:55:44.0993089Z Received Response:
2026-09-23T08:55:44.0993477Z < HTTP/1.1 200 OK
2026-09-23T08:55:44.0993792Z < Transfer-Encoding: chunked
2026-09-23T08:55:44.0994162Z < Content-Type: application/json
2026-09-23T08:55:44.0994536Z < Date: Wed, 23 Sep 2026 08:55:44 GMT
2026-09-23T08:55:44.0994929Z < Server: istio-envoy
2026-09-23T08:55:44.0995218Z < Vary: Accept-Encoding
2026-09-23T08:55:44.0995497Z < 
2026-09-23T08:55:44.0995727Z < 80
2026-09-23T08:55:44.0996457Z < {"choices":[{"index":0,"message":{"content":"提问或回答中包含敏感词，已被屏蔽","role":"assistant"}}],"usage":{}}
2026-09-23T08:55:44.0996986Z < 0
2026-09-23T08:55:44.0997231Z < 
2026-09-23T08:55:44.0997457Z < 
2026-09-23T08:55:44.0997592Z 
2026-09-23T08:55:44.0997710Z Sending Request:
2026-09-23T08:55:44.0998001Z < POST / HTTP/1.1
2026-09-23T08:55:44.0998364Z < Host: costom_word1.openai.com
2026-09-23T08:55:44.0998735Z < User-Agent: Go-http-client/1.1
2026-09-23T08:55:44.0999100Z < Transfer-Encoding: chunked
2026-09-23T08:55:44.0999462Z < Content-Type: application/json
2026-09-23T08:55:44.0999829Z < X-Echo-Set-Header: 
2026-09-23T08:55:44.1000148Z < Accept-Encoding: gzip
2026-09-23T08:55:44.1000445Z < 
2026-09-23T08:55:44.1000664Z < 2f
2026-09-23T08:55:44.1000975Z < {"messages":[{"role":"user","content":"test"}]}
2026-09-23T08:55:44.1001347Z < 0
2026-09-23T08:55:44.1001567Z < 
2026-09-23T08:55:44.1001906Z < 
2026-09-23T08:55:44.1002038Z 
2026-09-23T08:55:44.1002195Z Received Response:
2026-09-23T08:55:44.1002486Z < HTTP/1.1 200 OK
2026-09-23T08:55:44.1002789Z < Transfer-Encoding: chunked
2026-09-23T08:55:44.1003139Z < Content-Type: application/json
2026-09-23T08:55:44.1003505Z < Date: Wed, 23 Sep 2026 08:55:44 GMT
2026-09-23T08:55:44.1003858Z < Server: istio-envoy
2026-09-23T08:55:44.1004168Z < Vary: Accept-Encoding
2026-09-23T08:55:44.1004445Z < 
2026-09-23T08:55:44.1004661Z < 80
2026-09-23T08:55:44.1005271Z < {"choices":[{"index":0,"message":{"content":"提问或回答中包含敏感词，已被屏蔽","role":"assistant"}}],"usage":{}}
2026-09-23T08:55:44.1006960Z < 0
2026-09-23T08:55:44.1007203Z < 
2026-09-23T08:55:44.1007422Z < 
2026-09-23T08:55:44.1007561Z 
2026-09-23T08:55:44.1007774Z     http.go:343: Request passed
2026-09-23T08:55:44.1008421Z     rust-wasm-ai-data-masking.go:191: Making POST request to http://localhost/
2026-09-23T08:55:44.1008968Z Sending Request:
2026-09-23T08:55:44.1009438Z < POST / HTTP/1.1
2026-09-23T08:55:44.1009875Z < Host: costom_word.openai.com
2026-09-23T08:55:44.1010320Z < User-Agent: Go-http-client/1.1
2026-09-23T08:55:44.1010763Z < Transfer-Encoding: chunked
2026-09-23T08:55:44.1011221Z < Content-Type: application/json
2026-09-23T08:55:44.1011674Z < X-Echo-Set-Header: 
2026-09-23T08:55:44.1012308Z < Accept-Encoding: gzip
2026-09-23T08:55:44.1012958Z < 
2026-09-23T08:55:44.1013303Z < 2f
2026-09-23T08:55:44.1013744Z < {"messages":[{"role":"user","content":"test"}]}
2026-09-23T08:55:44.1014217Z < 0
2026-09-23T08:55:44.1014543Z < 
2026-09-23T08:55:44.1014875Z < 
2026-09-23T08:55:44.1015114Z 
2026-09-23T08:55:44.1017353Z Received Response:
2026-09-23T08:55:44.1017754Z < HTTP/1.1 200 OK
2026-09-23T08:55:44.1018151Z < Transfer-Encoding: chunked
2026-09-23T08:55:44.1018700Z < Content-Type: application/json
2026-09-23T08:55:44.1019201Z < Date: Wed, 23 Sep 2026 08:55:44 GMT
2026-09-23T08:55:44.1019755Z < Server: istio-envoy
2026-09-23T08:55:44.1020102Z < Vary: Accept-Encoding
2026-09-23T08:55:44.1020405Z < 
2026-09-23T08:55:44.1020634Z < 5b
2026-09-23T08:55:44.1021130Z < {"choices":[{"index":0,"message":{"content":"costom_word","role":"assistant"}}],"usage":{}}
2026-09-23T08:55:44.1021688Z < 0
2026-09-23T08:55:44.1022076Z < 
2026-09-23T08:55:44.1022440Z < 
2026-09-23T08:55:44.1022748Z 
2026-09-23T08:55:44.1022840Z Sending Request:
2026-09-23T08:55:44.1023073Z < POST / HTTP/1.1
2026-09-23T08:55:44.1023308Z < Host: costom_word.openai.com
2026-09-23T08:55:44.1023570Z < User-Agent: Go-http-client/1.1
2026-09-23T08:55:44.1023833Z < Transfer-Encoding: chunked
2026-09-23T08:55:44.1024100Z < Content-Type: application/json
2026-09-23T08:55:44.1024350Z < X-Echo-Set-Header: 
2026-09-23T08:55:44.1024650Z < Accept-Encoding: gzip
2026-09-23T08:55:44.1024973Z < 
2026-09-23T08:55:44.1025251Z < 2f
2026-09-23T08:55:44.1025577Z < {"messages":[{"role":"user","content":"test"}]}
2026-09-23T08:55:44.1025985Z < 0
2026-09-23T08:55:44.1026237Z < 
2026-09-23T08:55:44.1026480Z < 
2026-09-23T08:55:44.1026620Z 
2026-09-23T08:55:44.1032364Z Received Response:
2026-09-23T08:55:44.1032698Z < HTTP/1.1 200 OK
2026-09-23T08:55:44.1033106Z < Transfer-Encoding: chunked
2026-09-23T08:55:44.1033485Z < Content-Type: application/json
2026-09-23T08:55:44.1033869Z < Date: Wed, 23 Sep 2026 08:55:44 GMT
2026-09-23T08:55:44.1034256Z < Server: istio-envoy
2026-09-23T08:55:44.1034583Z < Vary: Accept-Encoding
2026-09-23T08:55:44.1034876Z < 
2026-09-23T08:55:44.1035112Z < 5b
2026-09-23T08:55:44.1035594Z < {"choices":[{"index":0,"message":{"content":"costom_word","role":"assistant"}}],"usage":{}}
2026-09-23T08:55:44.1036137Z < 0
2026-09-23T08:55:44.1036363Z < 
2026-09-23T08:55:44.1036595Z < 
2026-09-23T08:55:44.1036723Z 
2026-09-23T08:55:44.1036864Z Sending Request:
2026-09-23T08:55:44.1037151Z < POST / HTTP/1.1
2026-09-23T08:55:44.1037460Z < Host: costom_word.openai.com
2026-09-23T08:55:44.1037847Z < User-Agent: Go-http-client/1.1
2026-09-23T08:55:44.1038289Z < Transfer-Encoding: chunked
2026-09-23T08:55:44.1038628Z < Content-Type: application/json
2026-09-23T08:55:44.1038949Z < X-Echo-Set-Header: 
2026-09-23T08:55:44.1039261Z < Accept-Encoding: gzip
2026-09-23T08:55:44.1039537Z < 
2026-09-23T08:55:44.1039748Z < 2f
2026-09-23T08:55:44.1040034Z < {"messages":[{"role":"user","content":"test"}]}
2026-09-23T08:55:44.1040406Z < 0
2026-09-23T08:55:44.1040656Z < 
2026-09-23T08:55:44.1040874Z < 
2026-09-23T08:55:44.1041025Z 
2026-09-23T08:55:44.1048146Z Received Response:
2026-09-23T08:55:44.1048529Z < HTTP/1.1 200 OK
2026-09-23T08:55:44.1048847Z < Transfer-Encoding: chunked
2026-09-23T08:55:44.1049336Z < Content-Type: application/json
2026-09-23T08:55:44.1049854Z < Date: Wed, 23 Sep 2026 08:55:44 GMT
2026-09-23T08:55:44.1050281Z < Server: istio-envoy
2026-09-23T08:55:44.1050905Z < Vary: Accept-Encoding
2026-09-23T08:55:44.1051288Z < 
2026-09-23T08:55:44.1051581Z < 5b
2026-09-23T08:55:44.1052259Z < {"choices":[{"index":0,"message":{"content":"costom_word","role":"assistant"}}],"usage":{}}
2026-09-23T08:55:44.1052817Z < 0
2026-09-23T08:55:44.1053040Z < 
2026-09-23T08:55:44.1053253Z < 
2026-09-23T08:55:44.1053388Z 
2026-09-23T08:55:44.1053589Z     http.go:343: Request passed
2026-09-23T08:55:44.1054268Z     rust-wasm-ai-data-masking.go:191: Making POST request to http://localhost/
2026-09-23T08:55:44.1054860Z Sending Request:
2026-09-23T08:55:44.1055191Z < POST / HTTP/1.1
2026-09-23T08:55:44.1055776Z < Host: replace.raw.com
2026-09-23T08:55:44.1056111Z < User-Agent: Go-http-client/1.1
2026-09-23T08:55:44.1056488Z < Transfer-Encoding: chunked
2026-09-23T08:55:44.1056836Z < Content-Type: text/plain
2026-09-23T08:55:44.1057161Z < X-Echo-Set-Header: 
2026-09-23T08:55:44.1057455Z < Accept-Encoding: gzip
2026-09-23T08:55:44.1057773Z < 
2026-09-23T08:55:44.1058015Z < 22
2026-09-23T08:55:44.1058299Z < 127.0.0.1 admin@gmail.com sk-12345
2026-09-23T08:55:44.1058612Z < 0
2026-09-23T08:55:44.1058830Z < 
2026-09-23T08:55:44.1059036Z < 
2026-09-23T08:55:44.1059156Z 
2026-09-23T08:55:44.1062404Z Received Response:
2026-09-23T08:55:44.1062978Z < HTTP/1.1 200 OK
2026-09-23T08:55:44.1063339Z < Transfer-Encoding: chunked
2026-09-23T08:55:44.1063736Z < Content-Type: application/json
2026-09-23T08:55:44.1064207Z < Date: Wed, 23 Sep 2026 08:55:44 GMT
2026-09-23T08:55:44.1064699Z < Server: istio-envoy
2026-09-23T08:55:44.1065111Z < Vary: Accept-Encoding
2026-09-23T08:55:44.1065722Z < 
2026-09-23T08:55:44.1066988Z < 2c
2026-09-23T08:55:44.1067459Z < {"res":"127.0.0.1 sk-12345 admin@gmail.com"}
2026-09-23T08:55:44.1067927Z < 0
2026-09-23T08:55:44.1068314Z < 
2026-09-23T08:55:44.1068571Z < 
2026-09-23T08:55:44.1068709Z 
2026-09-23T08:55:44.1068861Z Sending Request:
2026-09-23T08:55:44.1069171Z < POST / HTTP/1.1
2026-09-23T08:55:44.1069488Z < Host: replace.raw.com
2026-09-23T08:55:44.1069850Z < User-Agent: Go-http-client/1.1
2026-09-23T08:55:44.1070235Z < Transfer-Encoding: chunked
2026-09-23T08:55:44.1070598Z < Content-Type: text/plain
2026-09-23T08:55:44.1070848Z < X-Echo-Set-Header: 
2026-09-23T08:55:44.1071078Z < Accept-Encoding: gzip
2026-09-23T08:55:44.1071295Z < 
2026-09-23T08:55:44.1071467Z < 22
2026-09-23T08:55:44.1071682Z < 127.0.0.1 admin@gmail.com sk-12345
2026-09-23T08:55:44.1072260Z < 0
2026-09-23T08:55:44.1072480Z < 
2026-09-23T08:55:44.1072694Z < 
2026-09-23T08:55:44.1072808Z 
2026-09-23T08:55:44.1080887Z Received Response:
2026-09-23T08:55:44.1082399Z < HTTP/1.1 200 OK
2026-09-23T08:55:44.1082809Z < Transfer-Encoding: chunked
2026-09-23T08:55:44.1083181Z < Content-Type: application/json
2026-09-23T08:55:44.1083539Z < Date: Wed, 23 Sep 2026 08:55:44 GMT
2026-09-23T08:55:44.1083807Z < Server: istio-envoy
2026-09-23T08:55:44.1084046Z < Vary: Accept-Encoding
2026-09-23T08:55:44.1084259Z < 
2026-09-23T08:55:44.1084432Z < 2c
2026-09-23T08:55:44.1084654Z < {"res":"127.0.0.1 sk-12345 admin@gmail.com"}
2026-09-23T08:55:44.1084927Z < 0
2026-09-23T08:55:44.1085103Z < 
2026-09-23T08:55:44.1085271Z < 
2026-09-23T08:55:44.1085374Z 
2026-09-23T08:55:44.1085464Z Sending Request:
2026-09-23T08:55:44.1085676Z < POST / HTTP/1.1
2026-09-23T08:55:44.1085898Z < Host: replace.raw.com
2026-09-23T08:55:44.1086138Z < User-Agent: Go-http-client/1.1
2026-09-23T08:55:44.1086409Z < Transfer-Encoding: chunked
2026-09-23T08:55:44.1086660Z < Content-Type: text/plain
2026-09-23T08:55:44.1086907Z < X-Echo-Set-Header: 
2026-09-23T08:55:44.1087136Z < Accept-Encoding: gzip
2026-09-23T08:55:44.1087348Z < 
2026-09-23T08:55:44.1087524Z < 22
2026-09-23T08:55:44.1087737Z < 127.0.0.1 admin@gmail.com sk-12345
2026-09-23T08:55:44.1087980Z < 0
2026-09-23T08:55:44.1088155Z < 
2026-09-23T08:55:44.1088326Z < 
2026-09-23T08:55:44.1088425Z 
2026-09-23T08:55:44.1100368Z Received Response:
2026-09-23T08:55:44.1100718Z < HTTP/1.1 200 OK
2026-09-23T08:55:44.1101028Z < Transfer-Encoding: chunked
2026-09-23T08:55:44.1101400Z < Content-Type: application/json
2026-09-23T08:55:44.1101861Z < Date: Wed, 23 Sep 2026 08:55:44 GMT
2026-09-23T08:55:44.1102495Z < Server: istio-envoy
2026-09-23T08:55:44.1102811Z < Vary: Accept-Encoding
2026-09-23T08:55:44.1103365Z < 
2026-09-23T08:55:44.1103944Z < 2c
2026-09-23T08:55:44.1105577Z < {"res":"127.0.0.1 sk-12345 admin@gmail.com"}
2026-09-23T08:55:44.1105962Z < 0
2026-09-23T08:55:44.1106165Z < 
2026-09-23T08:55:44.1106433Z < 
2026-09-23T08:55:44.1106555Z 
2026-09-23T08:55:44.1106799Z     http.go:343: Request passed
2026-09-23T08:55:44.1107557Z     rust-wasm-ai-data-masking.go:191: Making POST request to http://localhost/
2026-09-23T08:55:44.1108495Z Sending Request:
2026-09-23T08:55:44.1108839Z < POST / HTTP/1.1
2026-09-23T08:55:44.1109227Z < Host: replace.raw.com
2026-09-23T08:55:44.1109633Z < User-Agent: Go-http-client/1.1
2026-09-23T08:55:44.1110070Z < Transfer-Encoding: chunked
2026-09-23T08:55:44.1110486Z < Content-Type: text/plain
2026-09-23T08:55:44.1110901Z < X-Echo-Set-Header: 
2026-09-23T08:55:44.1111283Z < Accept-Encoding: gzip
2026-09-23T08:55:44.1111600Z < 
2026-09-23T08:55:44.1112221Z < 23
2026-09-23T08:55:44.1112550Z < 192.168.0.1 root@gmail.com sk-12345
2026-09-23T08:55:44.1112885Z < 0
2026-09-23T08:55:44.1113108Z < 
2026-09-23T08:55:44.1113315Z < 
2026-09-23T08:55:44.1113442Z 
2026-09-23T08:55:44.1117607Z Received Response:
2026-09-23T08:55:44.1117951Z < HTTP/1.1 200 OK
2026-09-23T08:55:44.1118532Z < Transfer-Encoding: chunked
2026-09-23T08:55:44.1119058Z < Content-Type: application/json
2026-09-23T08:55:44.1119490Z < Date: Wed, 23 Sep 2026 08:55:44 GMT
2026-09-23T08:55:44.1119840Z < Server: istio-envoy
2026-09-23T08:55:44.1120449Z < Vary: Accept-Encoding
2026-09-23T08:55:44.1120744Z < 
2026-09-23T08:55:44.1120972Z < 2d
2026-09-23T08:55:44.1121213Z < {"res":"192.168.0.1 sk-12345 root@gmail.com"}
2026-09-23T08:55:44.1121546Z < 0
2026-09-23T08:55:44.1121947Z < 
2026-09-23T08:55:44.1122263Z < 
2026-09-23T08:55:44.1122394Z 
2026-09-23T08:55:44.1122531Z Sending Request:
2026-09-23T08:55:44.1122788Z < POST / HTTP/1.1
2026-09-23T08:55:44.1123093Z < Host: replace.raw.com
2026-09-23T08:55:44.1123408Z < User-Agent: Go-http-client/1.1
2026-09-23T08:55:44.1123672Z < Transfer-Encoding: chunked
2026-09-23T08:55:44.1123940Z < Content-Type: text/plain
2026-09-23T08:55:44.1124185Z < X-Echo-Set-Header: 
2026-09-23T08:55:44.1124413Z < Accept-Encoding: gzip
2026-09-23T08:55:44.1124623Z < 
2026-09-23T08:55:44.1124801Z < 23
2026-09-23T08:55:44.1125009Z < 192.168.0.1 root@gmail.com sk-12345
2026-09-23T08:55:44.1125251Z < 0
2026-09-23T08:55:44.1125425Z < 
2026-09-23T08:55:44.1125600Z < 
2026-09-23T08:55:44.1125693Z 
2026-09-23T08:55:44.1133426Z Received Response:
2026-09-23T08:55:44.1134010Z < HTTP/1.1 200 OK
2026-09-23T08:55:44.1134428Z < Transfer-Encoding: chunked
2026-09-23T08:55:44.1134992Z < Content-Type: application/json
2026-09-23T08:55:44.1135488Z < Date: Wed, 23 Sep 2026 08:55:44 GMT
2026-09-23T08:55:44.1136013Z < Server: istio-envoy
2026-09-23T08:55:44.1136447Z < Vary: Accept-Encoding
2026-09-23T08:55:44.1136758Z < 
2026-09-23T08:55:44.1136992Z < 2d
2026-09-23T08:55:44.1137308Z < {"res":"192.168.0.1 sk-12345 root@gmail.com"}
2026-09-23T08:55:44.1137687Z < 0
2026-09-23T08:55:44.1137922Z < 
2026-09-23T08:55:44.1138151Z < 
2026-09-23T08:55:44.1138305Z 
2026-09-23T08:55:44.1138541Z Sending Request:
2026-09-23T08:55:44.1138763Z < POST / HTTP/1.1
2026-09-23T08:55:44.1138978Z < Host: replace.raw.com
2026-09-23T08:55:44.1139223Z < User-Agent: Go-http-client/1.1
2026-09-23T08:55:44.1139484Z < Transfer-Encoding: chunked
2026-09-23T08:55:44.1139744Z < Content-Type: text/plain
2026-09-23T08:55:44.1139983Z < X-Echo-Set-Header: 
2026-09-23T08:55:44.1140227Z < Accept-Encoding: gzip
2026-09-23T08:55:44.1140439Z < 
2026-09-23T08:55:44.1140608Z < 23
2026-09-23T08:55:44.1140821Z < 192.168.0.1 root@gmail.com sk-12345
2026-09-23T08:55:44.1141066Z < 0
2026-09-23T08:55:44.1141238Z < 
2026-09-23T08:55:44.1141404Z < 
2026-09-23T08:55:44.1141505Z 
2026-09-23T08:55:44.1145173Z Received Response:
2026-09-23T08:55:44.1146052Z < HTTP/1.1 200 OK
2026-09-23T08:55:44.1146843Z < Transfer-Encoding: chunked
2026-09-23T08:55:44.1147412Z < Content-Type: application/json
2026-09-23T08:55:44.1147903Z < Date: Wed, 23 Sep 2026 08:55:44 GMT
2026-09-23T08:55:44.1148394Z < Server: istio-envoy
2026-09-23T08:55:44.1148858Z < Vary: Accept-Encoding
2026-09-23T08:55:44.1149243Z < 
2026-09-23T08:55:44.1149546Z < 2d
2026-09-23T08:55:44.1149904Z < {"res":"192.168.0.1 sk-12345 root@gmail.com"}
2026-09-23T08:55:44.1150381Z < 0
2026-09-23T08:55:44.1150661Z < 
2026-09-23T08:55:44.1150875Z < 
2026-09-23T08:55:44.1151035Z 
2026-09-23T08:55:44.1151348Z     http.go:343: Request passed
2026-09-23T08:55:44.1152611Z     rust-wasm-ai-data-masking.go:191: Making POST request to http://localhost/
2026-09-23T08:55:44.1153133Z Sending Request:
2026-09-23T08:55:44.1153420Z < POST / HTTP/1.1
2026-09-23T08:55:44.1153684Z < Host: ok.raw.com
2026-09-23T08:55:44.1154017Z < User-Agent: Go-http-client/1.1
2026-09-23T08:55:44.1154380Z < Transfer-Encoding: chunked
2026-09-23T08:55:44.1154740Z < Content-Type: text/plain
2026-09-23T08:55:44.1155059Z < X-Echo-Set-Header: 
2026-09-23T08:55:44.1155779Z < Accept-Encoding: gzip
2026-09-23T08:55:44.1156102Z < 
2026-09-23T08:55:44.1156311Z < 4
2026-09-23T08:55:44.1156555Z < fuck
2026-09-23T08:55:44.1156779Z < 0
2026-09-23T08:55:44.1156997Z < 
2026-09-23T08:55:44.1157226Z < 
2026-09-23T08:55:44.1157368Z 
2026-09-23T08:55:44.1160438Z Received Response:
2026-09-23T08:55:44.1160795Z < HTTP/1.1 200 OK
2026-09-23T08:55:44.1161149Z < Transfer-Encoding: chunked
2026-09-23T08:55:44.1161606Z < Content-Type: application/json
2026-09-23T08:55:44.1162129Z < Date: Wed, 23 Sep 2026 08:55:44 GMT
2026-09-23T08:55:44.1162781Z < Server: istio-envoy
2026-09-23T08:55:44.1163142Z < Vary: Accept-Encoding
2026-09-23T08:55:44.1163456Z < 
2026-09-23T08:55:44.1163718Z < 3d
2026-09-23T08:55:44.1164210Z < {"errmsg":"提问或回答中包含敏感词，已被屏蔽"}
2026-09-23T08:55:44.1164995Z < 0
2026-09-23T08:55:44.1165260Z < 
2026-09-23T08:55:44.1165490Z < 
2026-09-23T08:55:44.1165632Z 
2026-09-23T08:55:44.1165823Z Sending Request:
2026-09-23T08:55:44.1166154Z < POST / HTTP/1.1
2026-09-23T08:55:44.1166499Z < Host: ok.raw.com
2026-09-23T08:55:44.1166808Z < User-Agent: Go-http-client/1.1
2026-09-23T08:55:44.1167164Z < Transfer-Encoding: chunked
2026-09-23T08:55:44.1167486Z < Content-Type: text/plain
2026-09-23T08:55:44.1167789Z < X-Echo-Set-Header: 
2026-09-23T08:55:44.1168114Z < Accept-Encoding: gzip
2026-09-23T08:55:44.1168412Z < 
2026-09-23T08:55:44.1168630Z < 4
2026-09-23T08:55:44.1168863Z < fuck
2026-09-23T08:55:44.1169094Z < 0
2026-09-23T08:55:44.1169326Z < 
2026-09-23T08:55:44.1169541Z < 
2026-09-23T08:55:44.1169698Z 
2026-09-23T08:55:44.1174263Z Received Response:
2026-09-23T08:55:44.1175470Z < HTTP/1.1 200 OK
2026-09-23T08:55:44.1176424Z < Transfer-Encoding: chunked
2026-09-23T08:55:44.1176940Z < Content-Type: application/json
2026-09-23T08:55:44.1177389Z < Date: Wed, 23 Sep 2026 08:55:44 GMT
2026-09-23T08:55:44.1177723Z < Server: istio-envoy
2026-09-23T08:55:44.1177999Z < Vary: Accept-Encoding
2026-09-23T08:55:44.1178215Z < 
2026-09-23T08:55:44.1178395Z < 3d
2026-09-23T08:55:44.1178742Z < {"errmsg":"提问或回答中包含敏感词，已被屏蔽"}
2026-09-23T08:55:44.1178977Z < 0
2026-09-23T08:55:44.1179153Z < 
2026-09-23T08:55:44.1179324Z < 
2026-09-23T08:55:44.1179431Z 
2026-09-23T08:55:44.1179531Z Sending Request:
2026-09-23T08:55:44.1179747Z < POST / HTTP/1.1
2026-09-23T08:55:44.1179965Z < Host: ok.raw.com
2026-09-23T08:55:44.1180197Z < User-Agent: Go-http-client/1.1
2026-09-23T08:55:44.1180469Z < Transfer-Encoding: chunked
2026-09-23T08:55:44.1180723Z < Content-Type: text/plain
2026-09-23T08:55:44.1180968Z < X-Echo-Set-Header: 
2026-09-23T08:55:44.1181217Z < Accept-Encoding: gzip
2026-09-23T08:55:44.1181436Z < 
2026-09-23T08:55:44.1181614Z < 4
2026-09-23T08:55:44.1181991Z < fuck
2026-09-23T08:55:44.1182257Z < 0
2026-09-23T08:55:44.1182505Z < 
2026-09-23T08:55:44.1182762Z < 
2026-09-23T08:55:44.1182897Z 
2026-09-23T08:55:44.1190470Z Received Response:
2026-09-23T08:55:44.1190954Z < HTTP/1.1 200 OK
2026-09-23T08:55:44.1192103Z < Transfer-Encoding: chunked
2026-09-23T08:55:44.1192477Z < Content-Type: application/json
2026-09-23T08:55:44.1192879Z < Date: Wed, 23 Sep 2026 08:55:44 GMT
2026-09-23T08:55:44.1193212Z < Server: istio-envoy
2026-09-23T08:55:44.1193556Z < Vary: Accept-Encoding
2026-09-23T08:55:44.1193846Z < 
2026-09-23T08:55:44.1194059Z < 3d
2026-09-23T08:55:44.1194485Z < {"errmsg":"提问或回答中包含敏感词，已被屏蔽"}
2026-09-23T08:55:44.1194804Z < 0
2026-09-23T08:55:44.1195045Z < 
2026-09-23T08:55:44.1195280Z < 
2026-09-23T08:55:44.1195411Z 
2026-09-23T08:55:44.1195623Z     http.go:343: Request passed
2026-09-23T08:55:44.1196503Z     rust-wasm-ai-data-masking.go:191: Making POST request to http://localhost/
2026-09-23T08:55:44.1197077Z Sending Request:
2026-09-23T08:55:44.1197372Z < POST / HTTP/1.1
2026-09-23T08:55:44.1197595Z < Host: ok.raw.com
2026-09-23T08:55:44.1197901Z < User-Agent: Go-http-client/1.1
2026-09-23T08:55:44.1198274Z < Transfer-Encoding: chunked
2026-09-23T08:55:44.1198532Z < Content-Type: text/plain
2026-09-23T08:55:44.1198777Z < X-Echo-Set-Header: 
2026-09-23T08:55:44.1199011Z < Accept-Encoding: gzip
2026-09-23T08:55:44.1199234Z < 
2026-09-23T08:55:44.1199476Z < c
2026-09-23T08:55:44.1199694Z < costom_word1
2026-09-23T08:55:44.1199886Z < 0
2026-09-23T08:55:44.1200060Z < 
2026-09-23T08:55:44.1200312Z < 
2026-09-23T08:55:44.1200413Z 
2026-09-23T08:55:44.1204111Z Received Response:
2026-09-23T08:55:44.1207446Z < HTTP/1.1 200 OK
2026-09-23T08:55:44.1208037Z < Transfer-Encoding: chunked
2026-09-23T08:55:44.1208628Z < Content-Type: application/json
2026-09-23T08:55:44.1209286Z < Date: Wed, 23 Sep 2026 08:55:44 GMT
2026-09-23T08:55:44.1210218Z < Server: istio-envoy
2026-09-23T08:55:44.1210582Z < Vary: Accept-Encoding
2026-09-23T08:55:44.1210901Z < 
2026-09-23T08:55:44.1211146Z < 3d
2026-09-23T08:55:44.1211590Z < {"errmsg":"提问或回答中包含敏感词，已被屏蔽"}
2026-09-23T08:55:44.1212093Z < 0
2026-09-23T08:55:44.1212340Z < 
2026-09-23T08:55:44.1212567Z < 
2026-09-23T08:55:44.1212710Z 
2026-09-23T08:55:44.1212859Z Sending Request:
2026-09-23T08:55:44.1213157Z < POST / HTTP/1.1
2026-09-23T08:55:44.1213453Z < Host: ok.raw.com
2026-09-23T08:55:44.1213739Z < User-Agent: Go-http-client/1.1
2026-09-23T08:55:44.1214013Z < Transfer-Encoding: chunked
2026-09-23T08:55:44.1214393Z < Content-Type: text/plain
2026-09-23T08:55:44.1214727Z < X-Echo-Set-Header: 
2026-09-23T08:55:44.1215024Z < Accept-Encoding: gzip
2026-09-23T08:55:44.1215281Z < 
2026-09-23T08:55:44.1215490Z < c
2026-09-23T08:55:44.1215742Z < costom_word1
2026-09-23T08:55:44.1215992Z < 0
2026-09-23T08:55:44.1216222Z < 
2026-09-23T08:55:44.1216439Z < 
2026-09-23T08:55:44.1216563Z 
2026-09-23T08:55:44.1217435Z Received Response:
2026-09-23T08:55:44.1218499Z < HTTP/1.1 200 OK
2026-09-23T08:55:44.1218855Z < Transfer-Encoding: chunked
2026-09-23T08:55:44.1219242Z < Content-Type: application/json
2026-09-23T08:55:44.1219635Z < Date: Wed, 23 Sep 2026 08:55:44 GMT
2026-09-23T08:55:44.1220011Z < Server: istio-envoy
2026-09-23T08:55:44.1220334Z < Vary: Accept-Encoding
2026-09-23T08:55:44.1220636Z < 
2026-09-23T08:55:44.1220813Z < 3d
2026-09-23T08:55:44.1221147Z < {"errmsg":"提问或回答中包含敏感词，已被屏蔽"}
2026-09-23T08:55:44.1221377Z < 0
2026-09-23T08:55:44.1221560Z < 
2026-09-23T08:55:44.1221733Z < 
2026-09-23T08:55:44.1222047Z 
2026-09-23T08:55:44.1222179Z Sending Request:
2026-09-23T08:55:44.1222465Z < POST / HTTP/1.1
2026-09-23T08:55:44.1222759Z < Host: ok.raw.com
2026-09-23T08:55:44.1222996Z < User-Agent: Go-http-client/1.1
2026-09-23T08:55:44.1223328Z < Transfer-Encoding: chunked
2026-09-23T08:55:44.1223610Z < Content-Type: text/plain
2026-09-23T08:55:44.1223953Z < X-Echo-Set-Header: 
2026-09-23T08:55:44.1224286Z < Accept-Encoding: gzip
2026-09-23T08:55:44.1224613Z < 
2026-09-23T08:55:44.1224834Z < c
2026-09-23T08:55:44.1225074Z < costom_word1
2026-09-23T08:55:44.1225311Z < 0
2026-09-23T08:55:44.1225540Z < 
2026-09-23T08:55:44.1225735Z < 
2026-09-23T08:55:44.1225868Z 
2026-09-23T08:55:44.1231732Z Received Response:
2026-09-23T08:55:44.1232553Z < HTTP/1.1 200 OK
2026-09-23T08:55:44.1233437Z < Transfer-Encoding: chunked
2026-09-23T08:55:44.1233822Z < Content-Type: application/json
2026-09-23T08:55:44.1234119Z < Date: Wed, 23 Sep 2026 08:55:44 GMT
2026-09-23T08:55:44.1234386Z < Server: istio-envoy
2026-09-23T08:55:44.1234692Z < Vary: Accept-Encoding
2026-09-23T08:55:44.1234960Z < 
2026-09-23T08:55:44.1235141Z < 3d
2026-09-23T08:55:44.1235568Z < {"errmsg":"提问或回答中包含敏感词，已被屏蔽"}
2026-09-23T08:55:44.1235896Z < 0
2026-09-23T08:55:44.1236135Z < 
2026-09-23T08:55:44.1236361Z < 
2026-09-23T08:55:44.1236506Z 
2026-09-23T08:55:44.1236732Z     http.go:343: Request passed
2026-09-23T08:55:44.1237649Z     rust-wasm-ai-data-masking.go:191: Making POST request to http://localhost/
2026-09-23T08:55:44.1238480Z Sending Request:
2026-09-23T08:55:44.1238848Z < POST / HTTP/1.1
2026-09-23T08:55:44.1239469Z < Host: ok.raw.com
2026-09-23T08:55:44.1239905Z < User-Agent: Go-http-client/1.1
2026-09-23T08:55:44.1240348Z < Transfer-Encoding: chunked
2026-09-23T08:55:44.1240759Z < Content-Type: text/plain
2026-09-23T08:55:44.1241116Z < X-Echo-Set-Header: 
2026-09-23T08:55:44.1241511Z < Accept-Encoding: gzip
2026-09-23T08:55:44.1242010Z < 
2026-09-23T08:55:44.1242266Z < b
2026-09-23T08:55:44.1242525Z < costom_word
2026-09-23T08:55:44.1242809Z < 0
2026-09-23T08:55:44.1243067Z < 
2026-09-23T08:55:44.1243306Z < 
2026-09-23T08:55:44.1243440Z 
2026-09-23T08:55:44.1246239Z Received Response:
2026-09-23T08:55:44.1246594Z < HTTP/1.1 200 OK
2026-09-23T08:55:44.1246933Z < Transfer-Encoding: chunked
2026-09-23T08:55:44.1247330Z < Content-Type: application/json
2026-09-23T08:55:44.1247716Z < Date: Wed, 23 Sep 2026 08:55:44 GMT
2026-09-23T08:55:44.1248103Z < Server: istio-envoy
2026-09-23T08:55:44.1248618Z < Vary: Accept-Encoding
2026-09-23T08:55:44.1248938Z < 
2026-09-23T08:55:44.1249183Z < c
2026-09-23T08:55:44.1249397Z < {"res":"ok"}
2026-09-23T08:55:44.1249595Z < 0
2026-09-23T08:55:44.1249777Z < 
2026-09-23T08:55:44.1249948Z < 
2026-09-23T08:55:44.1250045Z 
2026-09-23T08:55:44.1250149Z Sending Request:
2026-09-23T08:55:44.1250363Z < POST / HTTP/1.1
2026-09-23T08:55:44.1250586Z < Host: ok.raw.com
2026-09-23T08:55:44.1250817Z < User-Agent: Go-http-client/1.1
2026-09-23T08:55:44.1251079Z < Transfer-Encoding: chunked
2026-09-23T08:55:44.1251334Z < Content-Type: text/plain
2026-09-23T08:55:44.1251574Z < X-Echo-Set-Header: 
2026-09-23T08:55:44.1251985Z < Accept-Encoding: gzip
2026-09-23T08:55:44.1252217Z < 
2026-09-23T08:55:44.1252393Z < b
2026-09-23T08:55:44.1252606Z < costom_word
2026-09-23T08:55:44.1252897Z < 0
2026-09-23T08:55:44.1253104Z < 
2026-09-23T08:55:44.1253278Z < 
2026-09-23T08:55:44.1253382Z 
2026-09-23T08:55:44.1262630Z Received Response:
2026-09-23T08:55:44.1263032Z < HTTP/1.1 200 OK
2026-09-23T08:55:44.1263425Z < Transfer-Encoding: chunked
2026-09-23T08:55:44.1263789Z < Content-Type: application/json
2026-09-23T08:55:44.1264220Z < Date: Wed, 23 Sep 2026 08:55:44 GMT
2026-09-23T08:55:44.1264630Z < Server: istio-envoy
2026-09-23T08:55:44.1264951Z < Vary: Accept-Encoding
2026-09-23T08:55:44.1265249Z < 
2026-09-23T08:55:44.1265500Z < c
2026-09-23T08:55:44.1265766Z < {"res":"ok"}
2026-09-23T08:55:44.1266257Z < 0
2026-09-23T08:55:44.1266520Z < 
2026-09-23T08:55:44.1267156Z < 
2026-09-23T08:55:44.1267282Z 
2026-09-23T08:55:44.1267382Z Sending Request:
2026-09-23T08:55:44.1267737Z < POST / HTTP/1.1
2026-09-23T08:55:44.1267956Z < Host: ok.raw.com
2026-09-23T08:55:44.1268190Z < User-Agent: Go-http-client/1.1
2026-09-23T08:55:44.1268460Z < Transfer-Encoding: chunked
2026-09-23T08:55:44.1268727Z < Content-Type: text/plain
2026-09-23T08:55:44.1268974Z < X-Echo-Set-Header: 
2026-09-23T08:55:44.1269321Z < Accept-Encoding: gzip
2026-09-23T08:55:44.1269559Z < 
2026-09-23T08:55:44.1269735Z < b
2026-09-23T08:55:44.1269938Z < costom_word
2026-09-23T08:55:44.1270137Z < 0
2026-09-23T08:55:44.1270310Z < 
2026-09-23T08:55:44.1270481Z < 
2026-09-23T08:55:44.1270582Z 
2026-09-23T08:55:44.1275342Z Received Response:
2026-09-23T08:55:44.1275808Z < HTTP/1.1 200 OK
2026-09-23T08:55:44.1276987Z < Transfer-Encoding: chunked
2026-09-23T08:55:44.1277405Z < Content-Type: application/json
2026-09-23T08:55:44.1277946Z < Date: Wed, 23 Sep 2026 08:55:44 GMT
2026-09-23T08:55:44.1278455Z < Server: istio-envoy
2026-09-23T08:55:44.1278821Z < Vary: Accept-Encoding
2026-09-23T08:55:44.1280222Z < 
2026-09-23T08:55:44.1280453Z < c
2026-09-23T08:55:44.1280911Z < {"res":"ok"}
2026-09-23T08:55:44.1281251Z < 0
2026-09-23T08:55:44.1281581Z < 
2026-09-23T08:55:44.1282060Z < 
2026-09-23T08:55:44.1282218Z 
2026-09-23T08:55:44.1282590Z     http.go:343: Request passed
2026-09-23T08:55:44.1283284Z     rust-wasm-ai-data-masking.go:191: Making POST request to http://localhost/
2026-09-23T08:55:44.1283817Z Sending Request:
2026-09-23T08:55:44.1284125Z < POST / HTTP/1.1
2026-09-23T08:55:44.1284665Z < Host: system_deny.raw.com
2026-09-23T08:55:44.1285013Z < User-Agent: Go-http-client/1.1
2026-09-23T08:55:44.1285368Z < Transfer-Encoding: chunked
2026-09-23T08:55:44.1285696Z < Content-Type: text/plain
2026-09-23T08:55:44.1286019Z < X-Echo-Set-Header: 
2026-09-23T08:55:44.1286328Z < Accept-Encoding: gzip
2026-09-23T08:55:44.1286626Z < 
2026-09-23T08:55:44.1286855Z < 4
2026-09-23T08:55:44.1287102Z < test
2026-09-23T08:55:44.1287338Z < 0
2026-09-23T08:55:44.1287523Z < 
2026-09-23T08:55:44.1287812Z < 
2026-09-23T08:55:44.1287950Z 
2026-09-23T08:55:44.1291164Z Received Response:
2026-09-23T08:55:44.1292561Z < HTTP/1.1 200 OK
2026-09-23T08:55:44.1292903Z < Transfer-Encoding: chunked
2026-09-23T08:55:44.1293406Z < Content-Type: application/json
2026-09-23T08:55:44.1293849Z < Date: Wed, 23 Sep 2026 08:55:44 GMT
2026-09-23T08:55:44.1294307Z < Server: istio-envoy
2026-09-23T08:55:44.1294701Z < Vary: Accept-Encoding
2026-09-23T08:55:44.1295068Z < 
2026-09-23T08:55:44.1295626Z < 3d
2026-09-23T08:55:44.1296202Z < {"errmsg":"提问或回答中包含敏感词，已被屏蔽"}
2026-09-23T08:55:44.1296622Z < 0
2026-09-23T08:55:44.1296943Z < 
2026-09-23T08:55:44.1297277Z < 
2026-09-23T08:55:44.1297491Z 
2026-09-23T08:55:44.1298021Z Sending Request:
2026-09-23T08:55:44.1298323Z < POST / HTTP/1.1
2026-09-23T08:55:44.1298633Z < Host: system_deny.raw.com
2026-09-23T08:55:44.1299076Z < User-Agent: Go-http-client/1.1
2026-09-23T08:55:44.1299542Z < Transfer-Encoding: chunked
2026-09-23T08:55:44.1299969Z < Content-Type: text/plain
2026-09-23T08:55:44.1300323Z < X-Echo-Set-Header: 
2026-09-23T08:55:44.1300627Z < Accept-Encoding: gzip
2026-09-23T08:55:44.1300916Z < 
2026-09-23T08:55:44.1301133Z < 4
2026-09-23T08:55:44.1301369Z < test
2026-09-23T08:55:44.1301607Z < 0
2026-09-23T08:55:44.1301991Z < 
2026-09-23T08:55:44.1302228Z < 
2026-09-23T08:55:44.1302371Z 
2026-09-23T08:55:44.1302697Z Received Response:
2026-09-23T08:55:44.1303531Z < HTTP/1.1 200 OK
2026-09-23T08:55:44.1303858Z < Transfer-Encoding: chunked
2026-09-23T08:55:44.1304345Z < Content-Type: application/json
2026-09-23T08:55:44.1304769Z < Date: Wed, 23 Sep 2026 08:55:44 GMT
2026-09-23T08:55:44.1305155Z < Server: istio-envoy
2026-09-23T08:55:44.1305488Z < Vary: Accept-Encoding
2026-09-23T08:55:44.1305786Z < 
2026-09-23T08:55:44.1306019Z < 3d
2026-09-23T08:55:44.1306477Z < {"errmsg":"提问或回答中包含敏感词，已被屏蔽"}
2026-09-23T08:55:44.1306716Z < 0
2026-09-23T08:55:44.1306891Z < 
2026-09-23T08:55:44.1307067Z < 
2026-09-23T08:55:44.1307173Z 
2026-09-23T08:55:44.1307280Z Sending Request:
2026-09-23T08:55:44.1307489Z < POST / HTTP/1.1
2026-09-23T08:55:44.1307709Z < Host: system_deny.raw.com
2026-09-23T08:55:44.1307963Z < User-Agent: Go-http-client/1.1
2026-09-23T08:55:44.1308232Z < Transfer-Encoding: chunked
2026-09-23T08:55:44.1308484Z < Content-Type: text/plain
2026-09-23T08:55:44.1308726Z < X-Echo-Set-Header: 
2026-09-23T08:55:44.1308954Z < Accept-Encoding: gzip
2026-09-23T08:55:44.1309164Z < 
2026-09-23T08:55:44.1309342Z < 4
2026-09-23T08:55:44.1309622Z < test
2026-09-23T08:55:44.1309820Z < 0
2026-09-23T08:55:44.1309995Z < 
2026-09-23T08:55:44.1310184Z < 
2026-09-23T08:55:44.1310281Z 
2026-09-23T08:55:44.1319733Z Received Response:
2026-09-23T08:55:44.1320141Z < HTTP/1.1 200 OK
2026-09-23T08:55:44.1320476Z < Transfer-Encoding: chunked
2026-09-23T08:55:44.1320844Z < Content-Type: application/json
2026-09-23T08:55:44.1321245Z < Date: Wed, 23 Sep 2026 08:55:44 GMT
2026-09-23T08:55:44.1321643Z < Server: istio-envoy
2026-09-23T08:55:44.1322277Z < Vary: Accept-Encoding
2026-09-23T08:55:44.1322921Z < 
2026-09-23T08:55:44.1323207Z < 3d
2026-09-23T08:55:44.1323811Z < {"errmsg":"提问或回答中包含敏感词，已被屏蔽"}
2026-09-23T08:55:44.1324149Z < 0
2026-09-23T08:55:44.1324516Z < 
2026-09-23T08:55:44.1324767Z < 
2026-09-23T08:55:44.1324902Z 
2026-09-23T08:55:44.1325262Z     http.go:343: Request passed
2026-09-23T08:55:44.1325964Z     rust-wasm-ai-data-masking.go:191: Making POST request to http://localhost/
2026-09-23T08:55:44.1326432Z Sending Request:
2026-09-23T08:55:44.1326655Z < POST / HTTP/1.1
2026-09-23T08:55:44.1326916Z < Host: system_no_deny.raw.com
2026-09-23T08:55:44.1327381Z < User-Agent: Go-http-client/1.1
2026-09-23T08:55:44.1327659Z < Transfer-Encoding: chunked
2026-09-23T08:55:44.1327933Z < Content-Type: text/plain
2026-09-23T08:55:44.1328189Z < X-Echo-Set-Header: 
2026-09-23T08:55:44.1328429Z < Accept-Encoding: gzip
2026-09-23T08:55:44.1328643Z < 
2026-09-23T08:55:44.1328825Z < 4
2026-09-23T08:55:44.1329007Z < test
2026-09-23T08:55:44.1329191Z < 0
2026-09-23T08:55:44.1329360Z < 
2026-09-23T08:55:44.1329528Z < 
2026-09-23T08:55:44.1329628Z 
2026-09-23T08:55:44.1333748Z Received Response:
2026-09-23T08:55:44.1335521Z < HTTP/1.1 200 OK
2026-09-23T08:55:44.1335865Z < Transfer-Encoding: chunked
2026-09-23T08:55:44.1336254Z < Content-Type: application/json
2026-09-23T08:55:44.1336660Z < Date: Wed, 23 Sep 2026 08:55:44 GMT
2026-09-23T08:55:44.1337093Z < Server: istio-envoy
2026-09-23T08:55:44.1337465Z < Vary: Accept-Encoding
2026-09-23T08:55:44.1342433Z < 
2026-09-23T08:55:44.1342706Z < 75
2026-09-23T08:55:44.1388161Z < {"res":"工信处女干事每月经过下属科室都要亲口交代24口交换机等技术性器件的安装工作"}
2026-09-23T08:55:44.1388815Z < 0
2026-09-23T08:55:44.1389128Z < 
2026-09-23T08:55:44.1389415Z < 
2026-09-23T08:55:44.1389555Z 
2026-09-23T08:55:44.1389706Z Sending Request:
2026-09-23T08:55:44.1390051Z < POST / HTTP/1.1
2026-09-23T08:55:44.1390328Z < Host: system_no_deny.raw.com
2026-09-23T08:55:44.1390663Z < User-Agent: Go-http-client/1.1
2026-09-23T08:55:44.1390991Z < Transfer-Encoding: chunked
2026-09-23T08:55:44.1391305Z < Content-Type: text/plain
2026-09-23T08:55:44.1391604Z < X-Echo-Set-Header: 
2026-09-23T08:55:44.1392132Z < Accept-Encoding: gzip
2026-09-23T08:55:44.1392462Z < 
2026-09-23T08:55:44.1392677Z < 4
2026-09-23T08:55:44.1392975Z < test
2026-09-23T08:55:44.1393262Z < 0
2026-09-23T08:55:44.1393452Z < 
2026-09-23T08:55:44.1393725Z < 
2026-09-23T08:55:44.1393880Z 
2026-09-23T08:55:44.1394058Z Received Response:
2026-09-23T08:55:44.1394364Z < HTTP/1.1 200 OK
2026-09-23T08:55:44.1394716Z < Transfer-Encoding: chunked
2026-09-23T08:55:44.1395031Z < Content-Type: application/json
2026-09-23T08:55:44.1395388Z < Date: Wed, 23 Sep 2026 08:55:44 GMT
2026-09-23T08:55:44.1395732Z < Server: istio-envoy
2026-09-23T08:55:44.1396024Z < Vary: Accept-Encoding
2026-09-23T08:55:44.1396258Z < 
2026-09-23T08:55:44.1396430Z < 75
2026-09-23T08:55:44.1396841Z < {"res":"工信处女干事每月经过下属科室都要亲口交代24口交换机等技术性器件的安装工作"}
2026-09-23T08:55:44.1397118Z < 0
2026-09-23T08:55:44.1397292Z < 
2026-09-23T08:55:44.1397463Z < 
2026-09-23T08:55:44.1397563Z 
2026-09-23T08:55:44.1397654Z Sending Request:
2026-09-23T08:55:44.1397880Z < POST / HTTP/1.1
2026-09-23T08:55:44.1398104Z < Host: system_no_deny.raw.com
2026-09-23T08:55:44.1398364Z < User-Agent: Go-http-client/1.1
2026-09-23T08:55:44.1398976Z < Transfer-Encoding: chunked
2026-09-23T08:55:44.1399236Z < Content-Type: text/plain
2026-09-23T08:55:44.1399488Z < X-Echo-Set-Header: 
2026-09-23T08:55:44.1399741Z < Accept-Encoding: gzip
2026-09-23T08:55:44.1400051Z < 
2026-09-23T08:55:44.1400244Z < 4
2026-09-23T08:55:44.1400430Z < test
2026-09-23T08:55:44.1400619Z < 0
2026-09-23T08:55:44.1400798Z < 
2026-09-23T08:55:44.1400970Z < 
2026-09-23T08:55:44.1401108Z 
2026-09-23T08:55:44.1401248Z Received Response:
2026-09-23T08:55:44.1401467Z < HTTP/1.1 200 OK
2026-09-23T08:55:44.1401688Z < Transfer-Encoding: chunked
2026-09-23T08:55:44.1402204Z < Content-Type: application/json
2026-09-23T08:55:44.1402571Z < Date: Wed, 23 Sep 2026 08:55:44 GMT
2026-09-23T08:55:44.1402932Z < Server: istio-envoy
2026-09-23T08:55:44.1403158Z < Vary: Accept-Encoding
2026-09-23T08:55:44.1403370Z < 
2026-09-23T08:55:44.1403615Z < 75
2026-09-23T08:55:44.1404127Z < {"res":"工信处女干事每月经过下属科室都要亲口交代24口交换机等技术性器件的安装工作"}
2026-09-23T08:55:44.1404415Z < 0
2026-09-23T08:55:44.1404628Z < 
2026-09-23T08:55:44.1404873Z < 
2026-09-23T08:55:44.1405007Z 
2026-09-23T08:55:44.1405237Z     http.go:343: Request passed
2026-09-23T08:55:44.1405929Z     rust-wasm-ai-data-masking.go:191: Making POST request to http://localhost/
2026-09-23T08:55:44.1406496Z Sending Request:
2026-09-23T08:55:44.1406864Z < POST / HTTP/1.1
2026-09-23T08:55:44.1407407Z < Host: costom_word1.raw.com
2026-09-23T08:55:44.1407792Z < User-Agent: Go-http-client/1.1
2026-09-23T08:55:44.1408161Z < Transfer-Encoding: chunked
2026-09-23T08:55:44.1408544Z < Content-Type: text/plain
2026-09-23T08:55:44.1408893Z < X-Echo-Set-Header: 
2026-09-23T08:55:44.1409220Z < Accept-Encoding: gzip
2026-09-23T08:55:44.1409521Z < 
2026-09-23T08:55:44.1409740Z < 4
2026-09-23T08:55:44.1409975Z < test
2026-09-23T08:55:44.1410563Z < 0
2026-09-23T08:55:44.1410822Z < 
2026-09-23T08:55:44.1411056Z < 
2026-09-23T08:55:44.1411304Z 
2026-09-23T08:55:44.1411401Z Received Response:
2026-09-23T08:55:44.1411615Z < HTTP/1.1 200 OK
2026-09-23T08:55:44.1412020Z < Transfer-Encoding: chunked
2026-09-23T08:55:44.1412341Z < Content-Type: application/json
2026-09-23T08:55:44.1412612Z < Date: Wed, 23 Sep 2026 08:55:44 GMT
2026-09-23T08:55:44.1412872Z < Server: istio-envoy
2026-09-23T08:55:44.1413106Z < Vary: Accept-Encoding
2026-09-23T08:55:44.1413315Z < 
2026-09-23T08:55:44.1413591Z < 3d
2026-09-23T08:55:44.1413880Z < {"errmsg":"提问或回答中包含敏感词，已被屏蔽"}
2026-09-23T08:55:44.1414109Z < 0
2026-09-23T08:55:44.1414288Z < 
2026-09-23T08:55:44.1414457Z < 
2026-09-23T08:55:44.1414557Z 
2026-09-23T08:55:44.1414643Z Sending Request:
2026-09-23T08:55:44.1414855Z < POST / HTTP/1.1
2026-09-23T08:55:44.1415082Z < Host: costom_word1.raw.com
2026-09-23T08:55:44.1415334Z < User-Agent: Go-http-client/1.1
2026-09-23T08:55:44.1415589Z < Transfer-Encoding: chunked
2026-09-23T08:55:44.1415941Z < Content-Type: text/plain
2026-09-23T08:55:44.1416191Z < X-Echo-Set-Header: 
2026-09-23T08:55:44.1416416Z < Accept-Encoding: gzip
2026-09-23T08:55:44.1416756Z < 
2026-09-23T08:55:44.1416970Z < 4
2026-09-23T08:55:44.1417191Z < test
2026-09-23T08:55:44.1417464Z < 0
2026-09-23T08:55:44.1417665Z < 
2026-09-23T08:55:44.1417834Z < 
2026-09-23T08:55:44.1417934Z 
2026-09-23T08:55:44.1418026Z Received Response:
2026-09-23T08:55:44.1418314Z < HTTP/1.1 200 OK
2026-09-23T08:55:44.1418571Z < Transfer-Encoding: chunked
2026-09-23T08:55:44.1418951Z < Content-Type: application/json
2026-09-23T08:55:44.1419332Z < Date: Wed, 23 Sep 2026 08:55:44 GMT
2026-09-23T08:55:44.1419709Z < Server: istio-envoy
2026-09-23T08:55:44.1420023Z < Vary: Accept-Encoding
2026-09-23T08:55:44.1420309Z < 
2026-09-23T08:55:44.1420530Z < 3d
2026-09-23T08:55:44.1420881Z < {"errmsg":"提问或回答中包含敏感词，已被屏蔽"}
2026-09-23T08:55:44.1421205Z < 0
2026-09-23T08:55:44.1421429Z < 
2026-09-23T08:55:44.1421649Z < 
2026-09-23T08:55:44.1421885Z 
2026-09-23T08:55:44.1422009Z Sending Request:
2026-09-23T08:55:44.1422305Z < POST / HTTP/1.1
2026-09-23T08:55:44.1422609Z < Host: costom_word1.raw.com
2026-09-23T08:55:44.1422966Z < User-Agent: Go-http-client/1.1
2026-09-23T08:55:44.1423333Z < Transfer-Encoding: chunked
2026-09-23T08:55:44.1423661Z < Content-Type: text/plain
2026-09-23T08:55:44.1423978Z < X-Echo-Set-Header: 
2026-09-23T08:55:44.1424263Z < Accept-Encoding: gzip
2026-09-23T08:55:44.1424538Z < 
2026-09-23T08:55:44.1424758Z < 4
2026-09-23T08:55:44.1424987Z < test
2026-09-23T08:55:44.1425227Z < 0
2026-09-23T08:55:44.1425440Z < 
2026-09-23T08:55:44.1425682Z < 
2026-09-23T08:55:44.1425826Z 
2026-09-23T08:55:44.1425982Z Received Response:
2026-09-23T08:55:44.1426285Z < HTTP/1.1 200 OK
2026-09-23T08:55:44.1426586Z < Transfer-Encoding: chunked
2026-09-23T08:55:44.1426947Z < Content-Type: application/json
2026-09-23T08:55:44.1427311Z < Date: Wed, 23 Sep 2026 08:55:44 GMT
2026-09-23T08:55:44.1427657Z < Server: istio-envoy
2026-09-23T08:55:44.1427980Z < Vary: Accept-Encoding
2026-09-23T08:55:44.1428276Z < 
2026-09-23T08:55:44.1428508Z < 3d
2026-09-23T08:55:44.1428922Z < {"errmsg":"提问或回答中包含敏感词，已被屏蔽"}
2026-09-23T08:55:44.1429219Z < 0
2026-09-23T08:55:44.1429447Z < 
2026-09-23T08:55:44.1429657Z < 
2026-09-23T08:55:44.1429776Z 
2026-09-23T08:55:44.1429940Z     http.go:343: Request passed
2026-09-23T08:55:44.1430402Z     rust-wasm-ai-data-masking.go:191: Making POST request to http://localhost/
2026-09-23T08:55:44.1430921Z Sending Request:
2026-09-23T08:55:44.1431136Z < POST / HTTP/1.1
2026-09-23T08:55:44.1431436Z < Host: costom_word.raw.com
2026-09-23T08:55:44.1432222Z < User-Agent: Go-http-client/1.1
2026-09-23T08:55:44.1432648Z < Transfer-Encoding: chunked
2026-09-23T08:55:44.1432912Z < Content-Type: text/plain
2026-09-23T08:55:44.1433162Z < X-Echo-Set-Header: 
2026-09-23T08:55:44.1433427Z < Accept-Encoding: gzip
2026-09-23T08:55:44.1433708Z < 
2026-09-23T08:55:44.1433930Z < 4
2026-09-23T08:55:44.1434159Z < test
2026-09-23T08:55:44.1434407Z < 0
2026-09-23T08:55:44.1434635Z < 
2026-09-23T08:55:44.1434860Z < 
2026-09-23T08:55:44.1434998Z 
2026-09-23T08:55:44.1435123Z Received Response:
2026-09-23T08:55:44.1435423Z < HTTP/1.1 200 OK
2026-09-23T08:55:44.1435725Z < Transfer-Encoding: chunked
2026-09-23T08:55:44.1436092Z < Content-Type: application/json
2026-09-23T08:55:44.1436461Z < Date: Wed, 23 Sep 2026 08:55:44 GMT
2026-09-23T08:55:44.1436840Z < Server: istio-envoy
2026-09-23T08:55:44.1437163Z < Vary: Accept-Encoding
2026-09-23T08:55:44.1437459Z < 
2026-09-23T08:55:44.1437709Z < 15
2026-09-23T08:55:44.1438129Z < {"res":"costom_word"}
2026-09-23T08:55:44.1438436Z < 0
2026-09-23T08:55:44.1438668Z < 
2026-09-23T08:55:44.1438894Z < 
2026-09-23T08:55:44.1439032Z 
2026-09-23T08:55:44.1439149Z Sending Request:
2026-09-23T08:55:44.1439452Z < POST / HTTP/1.1
2026-09-23T08:55:44.1439758Z < Host: costom_word.raw.com
2026-09-23T08:55:44.1440112Z < User-Agent: Go-http-client/1.1
2026-09-23T08:55:44.1440407Z < Transfer-Encoding: chunked
2026-09-23T08:55:44.1440662Z < Content-Type: text/plain
2026-09-23T08:55:44.1440900Z < X-Echo-Set-Header: 
2026-09-23T08:55:44.1441126Z < Accept-Encoding: gzip
2026-09-23T08:55:44.1441330Z < 
2026-09-23T08:55:44.1441497Z < 4
2026-09-23T08:55:44.1441680Z < test
2026-09-23T08:55:44.1442063Z < 0
2026-09-23T08:55:44.1442243Z < 
2026-09-23T08:55:44.1442415Z < 
2026-09-23T08:55:44.1442518Z 
2026-09-23T08:55:44.1442643Z Received Response:
2026-09-23T08:55:44.1442856Z < HTTP/1.1 200 OK
2026-09-23T08:55:44.1443079Z < Transfer-Encoding: chunked
2026-09-23T08:55:44.1443336Z < Content-Type: application/json
2026-09-23T08:55:44.1443619Z < Date: Wed, 23 Sep 2026 08:55:44 GMT
2026-09-23T08:55:44.1443877Z < Server: istio-envoy
2026-09-23T08:55:44.1444103Z < Vary: Accept-Encoding
2026-09-23T08:55:44.1444309Z < 
2026-09-23T08:55:44.1444482Z < 15
2026-09-23T08:55:44.1444678Z < {"res":"costom_word"}
2026-09-23T08:55:44.1444879Z < 0
2026-09-23T08:55:44.1445069Z < 
2026-09-23T08:55:44.1445308Z < 
2026-09-23T08:55:44.1445450Z 
2026-09-23T08:55:44.1445584Z Sending Request:
2026-09-23T08:55:44.1445856Z < POST / HTTP/1.1
2026-09-23T08:55:44.1446074Z < Host: costom_word.raw.com
2026-09-23T08:55:44.1446396Z < User-Agent: Go-http-client/1.1
2026-09-23T08:55:44.1446745Z < Transfer-Encoding: chunked
2026-09-23T08:55:44.1447097Z < Content-Type: text/plain
2026-09-23T08:55:44.1447431Z < X-Echo-Set-Header: 
2026-09-23T08:55:44.1447752Z < Accept-Encoding: gzip
2026-09-23T08:55:44.1448037Z < 
2026-09-23T08:55:44.1448269Z < 4
2026-09-23T08:55:44.1448499Z < test
2026-09-23T08:55:44.1448737Z < 0
2026-09-23T08:55:44.1448961Z < 
2026-09-23T08:55:44.1449201Z < 
2026-09-23T08:55:44.1449332Z 
2026-09-23T08:55:44.1449483Z Received Response:
2026-09-23T08:55:44.1449777Z < HTTP/1.1 200 OK
2026-09-23T08:55:44.1450079Z < Transfer-Encoding: chunked
2026-09-23T08:55:44.1450446Z < Content-Type: application/json
2026-09-23T08:55:44.1450814Z < Date: Wed, 23 Sep 2026 08:55:44 GMT
2026-09-23T08:55:44.1451181Z < Server: istio-envoy
2026-09-23T08:55:44.1451490Z < Vary: Accept-Encoding
2026-09-23T08:55:44.1451901Z < 
2026-09-23T08:55:44.1452147Z < 15
2026-09-23T08:55:44.1452420Z < {"res":"costom_word"}
2026-09-23T08:55:44.1459239Z < 0
2026-09-23T08:55:44.1459508Z < 
2026-09-23T08:55:44.1459753Z < 
2026-09-23T08:55:44.1459887Z 
2026-09-23T08:55:44.1460129Z     http.go:343: Request passed
2026-09-23T08:55:44.1460842Z     rust-wasm-ai-data-masking.go:191: Making POST request to http://localhost/
2026-09-23T08:55:44.1462438Z Sending Request:
2026-09-23T08:55:44.1462750Z < POST / HTTP/1.1
2026-09-23T08:55:44.1463071Z < Host: replace.raw.com
2026-09-23T08:55:44.1463472Z < User-Agent: Go-http-client/1.1
2026-09-23T08:55:44.1464115Z < Transfer-Encoding: chunked
2026-09-23T08:55:44.1464503Z < Content-Type: application/json
2026-09-23T08:55:44.1464858Z < X-Echo-Set-Header: 
2026-09-23T08:55:44.1465224Z < Accept-Encoding: gzip
2026-09-23T08:55:44.1465448Z < 
2026-09-23T08:55:44.1465625Z < 38
2026-09-23T08:55:44.1465891Z < {"test":[{"test":"127.0.0.1 admin@gmail.com sk-12345"}]}
2026-09-23T08:55:44.1466348Z < 0
2026-09-23T08:55:44.1466622Z < 
2026-09-23T08:55:44.1466812Z < 
2026-09-23T08:55:44.1466916Z 
2026-09-23T08:55:44.1467047Z Received Response:
2026-09-23T08:55:44.1467264Z < HTTP/1.1 200 OK
2026-09-23T08:55:44.1467490Z < Transfer-Encoding: chunked
2026-09-23T08:55:44.1467749Z < Content-Type: application/json
2026-09-23T08:55:44.1468027Z < Date: Wed, 23 Sep 2026 08:55:44 GMT
2026-09-23T08:55:44.1468289Z < Server: istio-envoy
2026-09-23T08:55:44.1468518Z < Vary: Accept-Encoding
2026-09-23T08:55:44.1468728Z < 
2026-09-23T08:55:44.1468912Z < 2c
2026-09-23T08:55:44.1469240Z < {"res":"127.0.0.1 sk-12345 admin@gmail.com"}
2026-09-23T08:55:44.1469507Z < 0
2026-09-23T08:55:44.1469679Z < 
2026-09-23T08:55:44.1469851Z < 
2026-09-23T08:55:44.1469958Z 
2026-09-23T08:55:44.1470058Z Sending Request:
2026-09-23T08:55:44.1470274Z < POST / HTTP/1.1
2026-09-23T08:55:44.1470494Z < Host: replace.raw.com
2026-09-23T08:55:44.1470860Z < User-Agent: Go-http-client/1.1
2026-09-23T08:55:44.1471147Z < Transfer-Encoding: chunked
2026-09-23T08:55:44.1471410Z < Content-Type: application/json
2026-09-23T08:55:44.1471671Z < X-Echo-Set-Header: 
2026-09-23T08:55:44.1472086Z < Accept-Encoding: gzip
2026-09-23T08:55:44.1472313Z < 
2026-09-23T08:55:44.1472487Z < 38
2026-09-23T08:55:44.1472732Z < {"test":[{"test":"127.0.0.1 admin@gmail.com sk-12345"}]}
2026-09-23T08:55:44.1473016Z < 0
2026-09-23T08:55:44.1473186Z < 
2026-09-23T08:55:44.1473361Z < 
2026-09-23T08:55:44.1473454Z 
2026-09-23T08:55:44.1476093Z Received Response:
2026-09-23T08:55:44.1476565Z < HTTP/1.1 200 OK
2026-09-23T08:55:44.1477009Z < Transfer-Encoding: chunked
2026-09-23T08:55:44.1477403Z < Content-Type: application/json
2026-09-23T08:55:44.1477730Z < Date: Wed, 23 Sep 2026 08:55:44 GMT
2026-09-23T08:55:44.1478086Z < Server: istio-envoy
2026-09-23T08:55:44.1478457Z < Vary: Accept-Encoding
2026-09-23T08:55:44.1478835Z < 
2026-09-23T08:55:44.1479053Z < 2c
2026-09-23T08:55:44.1479339Z < {"res":"127.0.0.1 sk-12345 admin@gmail.com"}
2026-09-23T08:55:44.1479720Z < 0
2026-09-23T08:55:44.1479949Z < 
2026-09-23T08:55:44.1480181Z < 
2026-09-23T08:55:44.1480291Z 
2026-09-23T08:55:44.1480430Z Sending Request:
2026-09-23T08:55:44.1480721Z < POST / HTTP/1.1
2026-09-23T08:55:44.1481020Z < Host: replace.raw.com
2026-09-23T08:55:44.1481282Z < User-Agent: Go-http-client/1.1
2026-09-23T08:55:44.1481545Z < Transfer-Encoding: chunked
2026-09-23T08:55:44.1482019Z < Content-Type: application/json
2026-09-23T08:55:44.1482310Z < X-Echo-Set-Header: 
2026-09-23T08:55:44.1482541Z < Accept-Encoding: gzip
2026-09-23T08:55:44.1482787Z < 
2026-09-23T08:55:44.1483002Z < 38
2026-09-23T08:55:44.1483262Z < {"test":[{"test":"127.0.0.1 admin@gmail.com sk-12345"}]}
2026-09-23T08:55:44.1483545Z < 0
2026-09-23T08:55:44.1483725Z < 
2026-09-23T08:55:44.1483896Z < 
2026-09-23T08:55:44.1483998Z 
2026-09-23T08:55:44.1489659Z Received Response:
2026-09-23T08:55:44.1490165Z < HTTP/1.1 200 OK
2026-09-23T08:55:44.1490998Z < Transfer-Encoding: chunked
2026-09-23T08:55:44.1491410Z < Content-Type: application/json
2026-09-23T08:55:44.1492115Z < Date: Wed, 23 Sep 2026 08:55:44 GMT
2026-09-23T08:55:44.1492647Z < Server: istio-envoy
2026-09-23T08:55:44.1493060Z < Vary: Accept-Encoding
2026-09-23T08:55:44.1493433Z < 
2026-09-23T08:55:44.1493700Z < 2c
2026-09-23T08:55:44.1494011Z < {"res":"127.0.0.1 sk-12345 admin@gmail.com"}
2026-09-23T08:55:44.1494506Z < 0
2026-09-23T08:55:44.1494690Z < 
2026-09-23T08:55:44.1494968Z < 
2026-09-23T08:55:44.1495135Z 
2026-09-23T08:55:44.1495368Z     http.go:343: Request passed
2026-09-23T08:55:44.1495973Z     rust-wasm-ai-data-masking.go:191: Making POST request to http://localhost/
2026-09-23T08:55:44.1496825Z Sending Request:
2026-09-23T08:55:44.1497096Z < POST / HTTP/1.1
2026-09-23T08:55:44.1497401Z < Host: replace.raw.com
2026-09-23T08:55:44.1497740Z < User-Agent: Go-http-client/1.1
2026-09-23T08:55:44.1498096Z < Transfer-Encoding: chunked
2026-09-23T08:55:44.1498448Z < Content-Type: application/json
2026-09-23T08:55:44.1498805Z < X-Echo-Set-Header: 
2026-09-23T08:55:44.1499113Z < Accept-Encoding: gzip
2026-09-23T08:55:44.1499566Z < 
2026-09-23T08:55:44.1499777Z < 48
2026-09-23T08:55:44.1500203Z < {"test":[{"test":"test", "test1":"127.0.0.1 admin@gmail.com sk-12345"}]}
2026-09-23T08:55:44.1500682Z < 0
2026-09-23T08:55:44.1500897Z < 
2026-09-23T08:55:44.1501114Z < 
2026-09-23T08:55:44.1501238Z 
2026-09-23T08:55:44.1504529Z Received Response:
2026-09-23T08:55:44.1505431Z < HTTP/1.1 200 OK
2026-09-23T08:55:44.1507182Z < Transfer-Encoding: chunked
2026-09-23T08:55:44.1507705Z < Content-Type: application/json
2026-09-23T08:55:44.1508151Z < Date: Wed, 23 Sep 2026 08:55:44 GMT
2026-09-23T08:55:44.1508785Z < Server: istio-envoy
2026-09-23T08:55:44.1509121Z < Vary: Accept-Encoding
2026-09-23T08:55:44.1509446Z < 
2026-09-23T08:55:44.1509686Z < 69
2026-09-23T08:55:44.1510226Z < {"res":"***.***.***.*** c11e7177eb60c80cf983ddf8ca98f2dc1272d4c612204ce9bedd2460b18939cc ****@gmail.com"}
2026-09-23T08:55:44.1510901Z < 0
2026-09-23T08:55:44.1511281Z < 
2026-09-23T08:55:44.1511537Z < 
2026-09-23T08:55:44.1511687Z 
2026-09-23T08:55:44.1512095Z Sending Request:
2026-09-23T08:55:44.1512411Z < POST / HTTP/1.1
2026-09-23T08:55:44.1512712Z < Host: replace.raw.com
2026-09-23T08:55:44.1513056Z < User-Agent: Go-http-client/1.1
2026-09-23T08:55:44.1513433Z < Transfer-Encoding: chunked
2026-09-23T08:55:44.1513606Z < Content-Type: application/json
2026-09-23T08:55:44.1513753Z < X-Echo-Set-Header: 
2026-09-23T08:55:44.1513897Z < Accept-Encoding: gzip
2026-09-23T08:55:44.1514014Z < 
2026-09-23T08:55:44.1514112Z < 48
2026-09-23T08:55:44.1514359Z < {"test":[{"test":"test", "test1":"127.0.0.1 admin@gmail.com sk-12345"}]}
2026-09-23T08:55:44.1514479Z < 0
2026-09-23T08:55:44.1514583Z < 
2026-09-23T08:55:44.1514673Z < 
2026-09-23T08:55:44.1514683Z 
2026-09-23T08:55:44.1517834Z Received Response:
2026-09-23T08:55:44.1518738Z < HTTP/1.1 200 OK
2026-09-23T08:55:44.1518857Z < Transfer-Encoding: chunked
2026-09-23T08:55:44.1519012Z < Content-Type: application/json
2026-09-23T08:55:44.1519321Z < Date: Wed, 23 Sep 2026 08:55:44 GMT
2026-09-23T08:55:44.1519473Z < Server: istio-envoy
2026-09-23T08:55:44.1519615Z < Vary: Accept-Encoding
2026-09-23T08:55:44.1519732Z < 
2026-09-23T08:55:44.1519851Z < 69
2026-09-23T08:55:44.1520245Z < {"res":"***.***.***.*** c11e7177eb60c80cf983ddf8ca98f2dc1272d4c612204ce9bedd2460b18939cc ****@gmail.com"}
2026-09-23T08:55:44.1520424Z < 0
2026-09-23T08:55:44.1520529Z < 
2026-09-23T08:55:44.1520631Z < 
2026-09-23T08:55:44.1520642Z 
2026-09-23T08:55:44.1520843Z Sending Request:
2026-09-23T08:55:44.1522227Z < POST / HTTP/1.1
2026-09-23T08:55:44.1522388Z < Host: replace.raw.com
2026-09-23T08:55:44.1522561Z < User-Agent: Go-http-client/1.1
2026-09-23T08:55:44.1522726Z < Transfer-Encoding: chunked
2026-09-23T08:55:44.1522868Z < Content-Type: application/json
2026-09-23T08:55:44.1522967Z < X-Echo-Set-Header: 
2026-09-23T08:55:44.1523074Z < Accept-Encoding: gzip
2026-09-23T08:55:44.1523155Z < 
2026-09-23T08:55:44.1523230Z < 48
2026-09-23T08:55:44.1523429Z < {"test":[{"test":"test", "test1":"127.0.0.1 admin@gmail.com sk-12345"}]}
2026-09-23T08:55:44.1523504Z < 0
2026-09-23T08:55:44.1523588Z < 
2026-09-23T08:55:44.1523669Z < 
2026-09-23T08:55:44.1523676Z 
2026-09-23T08:55:44.1531334Z Received Response:
2026-09-23T08:55:44.1531483Z < HTTP/1.1 200 OK
2026-09-23T08:55:44.1531642Z < Transfer-Encoding: chunked
2026-09-23T08:55:44.1531989Z < Content-Type: application/json
2026-09-23T08:55:44.1532168Z < Date: Wed, 23 Sep 2026 08:55:44 GMT
2026-09-23T08:55:44.1532308Z < Server: istio-envoy
2026-09-23T08:55:44.1532443Z < Vary: Accept-Encoding
2026-09-23T08:55:44.1532554Z < 
2026-09-23T08:55:44.1532655Z < 69
2026-09-23T08:55:44.1533336Z < {"res":"***.***.***.*** c11e7177eb60c80cf983ddf8ca98f2dc1272d4c612204ce9bedd2460b18939cc ****@gmail.com"}
2026-09-23T08:55:44.1533453Z < 0
2026-09-23T08:55:44.1533554Z < 
2026-09-23T08:55:44.1533670Z < 
2026-09-23T08:55:44.1533679Z 
2026-09-23T08:55:44.1533943Z     http.go:343: Request passed
2026-09-23T08:55:44.1534160Z === NAME  TestHigressConformanceTests/RustWasmPluginsAiDataMasking
2026-09-23T08:55:44.1534610Z     apply.go:157: 🚮 Deleting ai-data-masking WasmPlugin
2026-09-23T08:55:44.1565172Z     apply.go:157: 🚮 Deleting custom-response WasmPlugin
2026-09-23T08:55:44.1597178Z     apply.go:157: 🚮 Deleting wasmplugin-ai-data-masking Ingress
2026-09-23T08:55:44.1619004Z === NAME  TestHigressConformanceTests
2026-09-23T08:55:44.1619584Z     apply.go:113: 🚮 Deleting tls-validity-checks-certificate 
2026-09-23T08:55:44.1639957Z     apply.go:113: 🚮 Deleting certificate 
2026-09-23T08:55:44.1659902Z     apply.go:157: 🚮 Deleting llm-mock-service Service
2026-09-23T08:55:44.1703589Z     apply.go:157: 🚮 Deleting llm-mock Pod
2026-09-23T08:55:44.1730967Z     apply.go:157: 🚮 Deleting higress-conformance-ai-backend Namespace
2026-09-23T08:55:44.1798567Z     apply.go:157: 🚮 Deleting curl-opa Pod
2026-09-23T08:55:44.1894974Z     apply.go:157: 🚮 Deleting opa Service
2026-09-23T08:55:44.1982314Z     apply.go:157: 🚮 Deleting opa Deployment
2026-09-23T08:55:44.2023071Z     apply.go:157: 🚮 Deleting dubbo-demo-provider Pod
2026-09-23T08:55:44.2119095Z     apply.go:157: 🚮 Deleting nacos-standlone-rc3-service Service
2026-09-23T08:55:44.3148795Z     apply.go:157: 🚮 Deleting nacos-standlone-rc3 Pod
2026-09-23T08:55:44.3246850Z     apply.go:157: 🚮 Deleting eureka-registry-provider Pod
2026-09-23T08:55:44.3385955Z     apply.go:157: 🚮 Deleting eureka StatefulSet
2026-09-23T08:55:44.3492608Z     apply.go:157: 🚮 Deleting eureka Service
2026-09-23T08:55:44.3632167Z     apply.go:157: 🚮 Deleting eureka-cm ConfigMap
2026-09-23T08:55:44.3728188Z     apply.go:157: 🚮 Deleting httpbin Pod
2026-09-23T08:55:44.3823432Z     apply.go:157: 🚮 Deleting consul-service Service
2026-09-23T08:55:44.4213256Z     apply.go:157: 🚮 Deleting consul-standalone Pod
2026-09-23T08:55:44.4319196Z     apply.go:157: 🚮 Deleting web-backend Deployment
2026-09-23T08:55:44.4406437Z     apply.go:157: 🚮 Deleting web-backend Service
2026-09-23T08:55:44.4592116Z     apply.go:157: 🚮 Deleting higress-conformance-web-backend Namespace
2026-09-23T08:55:44.4693698Z     apply.go:157: 🚮 Deleting app-backend-v2 Deployment
2026-09-23T08:55:44.4800558Z     apply.go:157: 🚮 Deleting app-backend-v2 Service
2026-09-23T08:55:44.5397778Z     apply.go:157: 🚮 Deleting app-backend-v1 Deployment
2026-09-23T08:55:44.5490323Z     apply.go:157: 🚮 Deleting app-backend-v1 Service
2026-09-23T08:55:44.5733899Z     apply.go:157: 🚮 Deleting higress-conformance-app-backend Namespace
2026-09-23T08:55:44.5918794Z     apply.go:157: 🚮 Deleting infra-backend-echo-body-v2 Deployment
2026-09-23T08:55:44.5970596Z     apply.go:157: 🚮 Deleting infra-backend-echo-body-v2 Service
2026-09-23T08:55:44.6395634Z     apply.go:157: 🚮 Deleting infra-backend-echo-body-v1 Deployment
2026-09-23T08:55:44.6454504Z     apply.go:157: 🚮 Deleting infra-backend-echo-body-v1 Service
2026-09-23T08:55:44.6797171Z     apply.go:157: 🚮 Deleting infra-backend-mirror Deployment
2026-09-23T08:55:44.6864386Z     apply.go:157: 🚮 Deleting infra-backend-mirror Service
2026-09-23T08:55:44.7108919Z     apply.go:157: 🚮 Deleting infra-backend-v3 Deployment
2026-09-23T08:55:44.7186219Z     apply.go:157: 🚮 Deleting infra-backend-v3 Service
2026-09-23T08:55:44.7373073Z     apply.go:157: 🚮 Deleting infra-backend-v2 Deployment
2026-09-23T08:55:44.7428882Z     apply.go:157: 🚮 Deleting infra-backend-v2 Service
2026-09-23T08:55:44.7602330Z     apply.go:157: 🚮 Deleting infra-backend-v1-ip Deployment
2026-09-23T08:55:44.7692038Z     apply.go:157: 🚮 Deleting infra-backend-v1-ip Service
2026-09-23T08:55:44.7889923Z     apply.go:157: 🚮 Deleting infra-backend-v1 Deployment
2026-09-23T08:55:44.7958139Z     apply.go:157: 🚮 Deleting infra-backend-v1 Service
2026-09-23T08:55:44.8138620Z     apply.go:157: 🚮 Deleting higress-conformance-infra Namespace
2026-09-23T08:55:44.8206732Z --- PASS: TestHigressConformanceTests (55.37s)
2026-09-23T08:55:44.8239995Z     --- SKIP: TestHigressConformanceTests/ConfigMapGlobalEnvoy (0.00s)
2026-09-23T08:55:44.8264159Z     --- SKIP: TestHigressConformanceTests/ConfigmapGzip (0.00s)
2026-09-23T08:55:44.8302510Z     --- SKIP: TestHigressConformanceTests/ConfigMapGzipEnvoy (0.00s)
2026-09-23T08:55:44.8329510Z     --- SKIP: TestHigressConformanceTests/ConfigmapHttps (0.00s)
2026-09-23T08:55:44.8363109Z     --- SKIP: TestHigressConformanceTests/ConfigMapMcpRedisSecret (0.00s)
2026-09-23T08:55:44.8409113Z     --- SKIP: TestHigressConformanceTests/CPPWasmPluginsBasicAuth (0.00s)
2026-09-23T08:55:44.8452982Z     --- SKIP: TestHigressConformanceTests/CPPWasmPluginsKeyAuth (0.00s)
2026-09-23T08:55:44.8479282Z     --- SKIP: TestHigressConformanceTests/CPPWasmPluginsRequestBlock (0.00s)
2026-09-23T08:55:44.8494992Z     --- SKIP: TestHigressConformanceTests/WasmPluginAiCache (0.00s)
2026-09-23T08:55:44.8496261Z     --- SKIP: TestHigressConformanceTests/WasmPluginAiProxy (0.00s)
2026-09-23T08:55:44.8497378Z     --- SKIP: TestHigressConformanceTests/WasmPluginsBasicAuthTemplate (0.00s)
2026-09-23T08:55:44.8498397Z     --- SKIP: TestHigressConformanceTests/WasmPluginsBasicAuth (0.00s)
2026-09-23T08:55:44.8499356Z     --- SKIP: TestHigressConformanceTests/WasmPluginsBotDetect (0.00s)
2026-09-23T08:55:44.8500351Z     --- SKIP: TestHigressConformanceTests/WasmPluginCacheControl (0.00s)
2026-09-23T08:55:44.8501303Z     --- SKIP: TestHigressConformanceTests/WasmPluginsCustomResponse (0.00s)
2026-09-23T08:55:44.8502399Z     --- SKIP: TestHigressConformanceTests/WasmPluginsGeoIPPlugin (0.00s)
2026-09-23T08:55:44.8503380Z     --- SKIP: TestHigressConformanceTests/WasmPluginsIPRestrictionAllow (0.00s)
2026-09-23T08:55:44.8504305Z     --- SKIP: TestHigressConformanceTests/WasmPluginsIPRestrictionDeny (0.00s)
2026-09-23T08:55:44.8505177Z     --- SKIP: TestHigressConformanceTests/WasmPluginsJWTAuth (0.00s)
2026-09-23T08:55:44.8506016Z     --- SKIP: TestHigressConformanceTests/WasmPluginsJWTAuthExpried (0.00s)
2026-09-23T08:55:44.8507027Z     --- SKIP: TestHigressConformanceTests/WasmPluginsJWTAuthDeny (0.00s)
2026-09-23T08:55:44.8508023Z     --- SKIP: TestHigressConformanceTests/WasmPluginsJWTAuthSingleConsumer (0.00s)
2026-09-23T08:55:44.8508948Z     --- SKIP: TestHigressConformanceTests/WasmPluginsKeyAuth (0.00s)
2026-09-23T08:55:44.8509825Z     --- SKIP: TestHigressConformanceTests/WasmPluginsMCP20260728 (0.00s)
2026-09-23T08:55:44.8510596Z     --- SKIP: TestHigressConformanceTests/WasmPluginsOpa (0.00s)
2026-09-23T08:55:44.8511486Z     --- SKIP: TestHigressConformanceTests/WasmPluginsReplayProtection (0.00s)
2026-09-23T08:55:44.8512677Z     --- SKIP: TestHigressConformanceTests/WasmPluginsRequestBlock (0.00s)
2026-09-23T08:55:44.8513805Z     --- SKIP: TestHigressConformanceTests/WasmPluginsRequestValidation (0.00s)
2026-09-23T08:55:44.8515419Z     --- SKIP: TestHigressConformanceTests/WasmPluginsRerouteMatchRule (0.00s)
2026-09-23T08:55:44.8516543Z     --- SKIP: TestHigressConformanceTests/WasmPluginsSimpleJwtAuth (0.00s)
2026-09-23T08:55:44.8517619Z     --- SKIP: TestHigressConformanceTests/WasmPluginsSniMisdirect (0.00s)
2026-09-23T08:55:44.8518571Z     --- SKIP: TestHigressConformanceTests/WasmPluginsRedisInjectSpin (0.00s)
2026-09-23T08:55:44.8519510Z     --- SKIP: TestHigressConformanceTests/WasmPluginTransformer (0.00s)
2026-09-23T08:55:44.8520403Z     --- SKIP: TestHigressConformanceTests/HTTPRouteAppRoot (0.00s)
2026-09-23T08:55:44.8521483Z     --- SKIP: TestHigressConformanceTests/HTTPRouteCanaryHeaderWithCustomizedHeader (0.00s)
2026-09-23T08:55:44.8522738Z     --- SKIP: TestHigressConformanceTests/HTTPRouteCanaryHeader (0.00s)
2026-09-23T08:55:44.8523639Z     --- SKIP: TestHigressConformanceTests/HTTPRouteCanaryWeight (0.00s)
2026-09-23T08:55:44.8524571Z     --- SKIP: TestHigressConformanceTests/HTTPRouteConsulHttpBin (0.00s)
2026-09-23T08:55:44.8525686Z     --- SKIP: TestHigressConformanceTests/HTTPRouteDefaultBackend (0.00s)
2026-09-23T08:55:44.8526606Z     --- SKIP: TestHigressConformanceTests/HTTPRouteDNSRegistry (0.00s)
2026-09-23T08:55:44.8527577Z     --- SKIP: TestHigressConformanceTests/HTTPRouteDownstreamEncryption (0.00s)
2026-09-23T08:55:44.8528510Z     --- SKIP: TestHigressConformanceTests/HTTPRouteEnableCors (0.00s)
2026-09-23T08:55:44.8529422Z     --- SKIP: TestHigressConformanceTests/HTTPRouteEnableIgnoreCase (0.00s)
2026-09-23T08:55:44.8530271Z     --- SKIP: TestHigressConformanceTests/HTTPRouteEurekaRegistry (0.00s)
2026-09-23T08:55:44.8531200Z     --- SKIP: TestHigressConformanceTests/HTTPRouteExactDomainFallback (0.00s)
2026-09-23T08:55:44.8532245Z     --- SKIP: TestHigressConformanceTests/HttpForceRedirectHttps (0.00s)
2026-09-23T08:55:44.8533264Z     --- SKIP: TestHigressConformanceTests/HTTPRouteFullPathRegex (0.00s)
2026-09-23T08:55:44.8534358Z     --- SKIP: TestHigressConformanceTests/HTTPRouteHostNameSameNamespace (0.00s)
2026-09-23T08:55:44.8535423Z     --- SKIP: TestHigressConformanceTests/HTTPRouteHttp2RpcCreate (0.00s)
2026-09-23T08:55:44.8536394Z     --- SKIP: TestHigressConformanceTests/HTTPRouteHttp2RpcUpdate (0.00s)
2026-09-23T08:55:44.8537289Z     --- SKIP: TestHigressConformanceTests/HTTPHttpsWithoutSni (0.00s)
2026-09-23T08:55:44.8538210Z     --- SKIP: TestHigressConformanceTests/HttpRouteLimiter (0.00s)
2026-09-23T08:55:44.8539170Z     --- SKIP: TestHigressConformanceTests/HTTPRouteMatchHeaders (0.00s)
2026-09-23T08:55:44.8540048Z     --- SKIP: TestHigressConformanceTests/HTTPRouteMatchMethods (0.00s)
2026-09-23T08:55:44.8540915Z     --- SKIP: TestHigressConformanceTests/HTTPRouteMatchPath (0.00s)
2026-09-23T08:55:44.8542383Z     --- SKIP: TestHigressConformanceTests/HTTPRouteMatchPseudoHeaders (0.00s)
2026-09-23T08:55:44.8543495Z     --- SKIP: TestHigressConformanceTests/HTTPRouteMatchQueryParams (0.00s)
2026-09-23T08:55:44.8544388Z     --- SKIP: TestHigressConformanceTests/HTTPRouteMirrorTargetService (0.00s)
2026-09-23T08:55:44.8545356Z     --- SKIP: TestHigressConformanceTests/HTTPRoutePermanentRedirectCode (0.00s)
2026-09-23T08:55:44.8546368Z     --- SKIP: TestHigressConformanceTests/HTTPRoutePermanentRedirect (0.00s)
2026-09-23T08:55:44.8547200Z     --- SKIP: TestHigressConformanceTests/HttpRedirectAsHttps (0.00s)
2026-09-23T08:55:44.8548183Z     --- SKIP: TestHigressConformanceTests/HTTPRouteRequestHeaderControl (0.00s)
2026-09-23T08:55:44.8549229Z     --- SKIP: TestHigressConformanceTests/HTTPRouteResponseHeaderControl (0.00s)
2026-09-23T08:55:44.8550199Z     --- SKIP: TestHigressConformanceTests/HTTPRouteRewriteHost (0.00s)
2026-09-23T08:55:44.8550926Z     --- SKIP: TestHigressConformanceTests/HTTPRouteRewritePath (0.00s)
2026-09-23T08:55:44.8551751Z     --- SKIP: TestHigressConformanceTests/HTTPRouteSameHostAndPath (0.00s)
2026-09-23T08:55:44.8552765Z     --- SKIP: TestHigressConformanceTests/HTTPRouteSimpleSameNamespace (0.00s)
2026-09-23T08:55:44.8553881Z     --- SKIP: TestHigressConformanceTests/HTTPRouteStaticRegistry (0.00s)
2026-09-23T08:55:44.8554750Z     --- SKIP: TestHigressConformanceTests/HTTPRouteTemporalRedirect (0.00s)
2026-09-23T08:55:44.8555544Z     --- SKIP: TestHigressConformanceTests/HttpTimeout (0.00s)
2026-09-23T08:55:44.8556378Z     --- SKIP: TestHigressConformanceTests/HTTPRouteWhitelistSourceRange (0.00s)
2026-09-23T08:55:44.8557355Z     --- SKIP: TestHigressConformanceTests/IngressLoadBalanceMcpSse (0.00s)
2026-09-23T08:55:44.8558252Z     --- PASS: TestHigressConformanceTests/RustWasmPluginsAiDataMasking (9.16s)
2026-09-23T08:55:44.8559456Z         --- PASS: TestHigressConformanceTests/RustWasmPluginsAiDataMasking/WasmPlugins_ai-data-masking (9.13s)
2026-09-23T08:55:44.8560222Z PASS
2026-09-23T08:55:44.8560617Z ok  	command-line-arguments	55.406s
2026-09-23T08:55:46.6076579Z Command completed after 1 attempt(s).
2026-09-23T08:55:46.6077541Z ##[endgroup]
2026-09-23T08:55:46.7936536Z Node 20 is being deprecated. This workflow is running with Node 24 by default. If you need to temporarily use Node 20, you can set the ACTIONS_ALLOW_USE_UNSECURE_NODE_VERSION=true environment variable. For more information see: https://github.blog/changelog/2025-09-19-deprecation-of-node-20-on-github-actions-runners/
2026-09-23T08:55:46.7938212Z Post job cleanup.
2026-09-23T08:55:47.2293894Z (node:67357) [DEP0040] DeprecationWarning: The `punycode` module is deprecated. Please use a userland alternative instead.
2026-09-23T08:55:47.2295401Z (Use `node --trace-deprecation ...` to show where the warning was created)
2026-09-23T08:55:47.2397216Z [command]/opt/hostedtoolcache/go/1.24.13/x64/bin/go env GOMODCACHE
2026-09-23T08:55:47.2440809Z [command]/opt/hostedtoolcache/go/1.24.13/x64/bin/go env GOCACHE
2026-09-23T08:55:47.2528895Z /home/runner/.cache/go-build
2026-09-23T08:55:47.2532405Z /home/runner/go/pkg/mod
2026-09-23T08:55:47.2555375Z Cache hit occurred on the primary key setup-go-Linux-x64-ubuntu22-go-1.26.0-89cbb020b21d4e54aa2bab13a7d258948c9c41c6585d230f0f0f7dfcc2ebfe21, not saving cache.
2026-09-23T08:55:47.2708060Z Node 20 is being deprecated. This workflow is running with Node 24 by default. If you need to temporarily use Node 20, you can set the ACTIONS_ALLOW_USE_UNSECURE_NODE_VERSION=true environment variable. For more information see: https://github.blog/changelog/2025-09-19-deprecation-of-node-20-on-github-actions-runners/
2026-09-23T08:55:47.2709220Z Post job cleanup.
2026-09-23T08:55:47.3890873Z [command]/usr/bin/git version
2026-09-23T08:55:47.3927132Z git version 2.55.0
2026-09-23T08:55:47.3961682Z Temporarily overriding HOME='/home/runner/work/_temp/2500f78c-6e87-49cc-b9c9-e3546952b8d8' before making global git config changes
2026-09-23T08:55:47.3963089Z Adding repository directory to the temporary git global config as a safe directory
2026-09-23T08:55:47.3967508Z [command]/usr/bin/git config --global --add safe.directory /home/runner/work/higress/higress
2026-09-23T08:55:47.4003517Z [command]/usr/bin/git config --local --name-only --get-regexp core\.sshCommand
2026-09-23T08:55:47.4034031Z [command]/usr/bin/git submodule foreach --recursive sh -c "git config --local --name-only --get-regexp 'core\.sshCommand' && git config --local --unset-all 'core.sshCommand' || :"
2026-09-23T08:55:47.4267119Z Entering 'envoy/envoy'
2026-09-23T08:55:47.4450725Z Entering 'envoy/go-control-plane'
2026-09-23T08:55:47.4531517Z Entering 'istio/api'
2026-09-23T08:55:47.4579292Z Entering 'istio/client-go'
2026-09-23T08:55:47.4626796Z Entering 'istio/istio'
2026-09-23T08:55:47.4767179Z Entering 'istio/pkg'
2026-09-23T08:55:47.4829573Z Entering 'istio/proxy'
2026-09-23T08:55:47.4895530Z [command]/usr/bin/git config --local --name-only --get-regexp http\.https\:\/\/github\.com\/\.extraheader
2026-09-23T08:55:47.4920751Z http.https://github.com/.extraheader
2026-09-23T08:55:47.4936570Z [command]/usr/bin/git config --local --unset-all http.https://github.com/.extraheader
2026-09-23T08:55:47.4980321Z [command]/usr/bin/git submodule foreach --recursive sh -c "git config --local --name-only --get-regexp 'http\.https\:\/\/github\.com\/\.extraheader' && git config --local --unset-all 'http.https://github.com/.extraheader' || :"
2026-09-23T08:55:47.5170393Z Entering 'envoy/envoy'
2026-09-23T08:55:47.5230658Z Entering 'envoy/go-control-plane'
2026-09-23T08:55:47.5284161Z Entering 'istio/api'
2026-09-23T08:55:47.5322034Z Entering 'istio/client-go'
2026-09-23T08:55:47.5361345Z Entering 'istio/istio'
2026-09-23T08:55:47.5406487Z Entering 'istio/pkg'
2026-09-23T08:55:47.5443479Z Entering 'istio/proxy'
2026-09-23T08:55:47.5509596Z [command]/usr/bin/git config --local --name-only --get-regexp ^includeIf\.gitdir:
2026-09-23T08:55:47.5541571Z [command]/usr/bin/git submodule foreach --recursive git config --local --show-origin --name-only --get-regexp remote.origin.url
2026-09-23T08:55:47.5755224Z Entering 'envoy/envoy'
2026-09-23T08:55:47.5778816Z file:/home/runner/work/higress/higress/.git/modules/envoy/envoy/config	remote.origin.url
2026-09-23T08:55:47.5823033Z Entering 'envoy/go-control-plane'
2026-09-23T08:55:47.5844254Z file:/home/runner/work/higress/higress/.git/modules/envoy/go-control-plane/config	remote.origin.url
2026-09-23T08:55:47.5867820Z Entering 'istio/api'
2026-09-23T08:55:47.5893232Z file:/home/runner/work/higress/higress/.git/modules/istio/api/config	remote.origin.url
2026-09-23T08:55:47.5911534Z Entering 'istio/client-go'
2026-09-23T08:55:47.5928561Z file:/home/runner/work/higress/higress/.git/modules/istio/client-go/config	remote.origin.url
2026-09-23T08:55:47.5942927Z Entering 'istio/istio'
2026-09-23T08:55:47.5960433Z file:/home/runner/work/higress/higress/.git/modules/istio/istio/config	remote.origin.url
2026-09-23T08:55:47.5985060Z Entering 'istio/pkg'
2026-09-23T08:55:47.6001230Z file:/home/runner/work/higress/higress/.git/modules/istio/pkg/config	remote.origin.url
2026-09-23T08:55:47.6017232Z Entering 'istio/proxy'
2026-09-23T08:55:47.6042297Z file:/home/runner/work/higress/higress/.git/modules/istio/proxy/config	remote.origin.url
2026-09-23T08:55:47.6079741Z [command]/usr/bin/git config --file /home/runner/work/higress/higress/.git/modules/envoy/envoy/config --name-only --get-regexp ^includeIf\.gitdir:
2026-09-23T08:55:47.6124761Z [command]/usr/bin/git config --file /home/runner/work/higress/higress/.git/modules/envoy/go-control-plane/config --name-only --get-regexp ^includeIf\.gitdir:
2026-09-23T08:55:47.6160942Z [command]/usr/bin/git config --file /home/runner/work/higress/higress/.git/modules/istio/api/config --name-only --get-regexp ^includeIf\.gitdir:
2026-09-23T08:55:47.6200298Z [command]/usr/bin/git config --file /home/runner/work/higress/higress/.git/modules/istio/client-go/config --name-only --get-regexp ^includeIf\.gitdir:
2026-09-23T08:55:47.6242376Z [command]/usr/bin/git config --file /home/runner/work/higress/higress/.git/modules/istio/istio/config --name-only --get-regexp ^includeIf\.gitdir:
2026-09-23T08:55:47.6274102Z [command]/usr/bin/git config --file /home/runner/work/higress/higress/.git/modules/istio/pkg/config --name-only --get-regexp ^includeIf\.gitdir:
2026-09-23T08:55:47.6305694Z [command]/usr/bin/git config --file /home/runner/work/higress/higress/.git/modules/istio/proxy/config --name-only --get-regexp ^includeIf\.gitdir:
2026-09-23T08:55:47.6536257Z Cleaning up orphan processes
2026-09-23T08:55:47.7616734Z ##[warning]Node.js 20 is deprecated. The following actions target Node.js 20 but are being forced to run on Node.js 24: actions-rs/toolchain@v1, actions/checkout@v4, actions/setup-go@v5, nick-fields/retry@v3. For more information see: https://github.blog/changelog/2025-09-19-deprecation-of-node-20-on-github-actions-runners/
