higress-wasmplugin-test (RUST)	UNKNOWN STEP	﻿2026-09-21T12:16:30.0542972Z Current runner version: '2.337.0'
higress-wasmplugin-test (RUST)	UNKNOWN STEP	2026-09-21T12:16:30.0563292Z ##[group]Runner Image Provisioner
higress-wasmplugin-test (RUST)	UNKNOWN STEP	2026-09-21T12:16:30.0564011Z Hosted Compute Agent
higress-wasmplugin-test (RUST)	UNKNOWN STEP	2026-09-21T12:16:30.0564597Z Version: 20260828.587
higress-wasmplugin-test (RUST)	UNKNOWN STEP	2026-09-21T12:16:30.0565146Z Commit: abac92662cab4cc7352de4f9f9d2e2419aad9c29
higress-wasmplugin-test (RUST)	UNKNOWN STEP	2026-09-21T12:16:30.0565730Z Build Date: 2026-08-28T16:44:25Z
higress-wasmplugin-test (RUST)	UNKNOWN STEP	2026-09-21T12:16:30.0566386Z Worker ID: {c85e5190-d327-4936-8fa8-085d6760b1c7}
higress-wasmplugin-test (RUST)	UNKNOWN STEP	2026-09-21T12:16:30.0566989Z Azure Region: westus3
higress-wasmplugin-test (RUST)	UNKNOWN STEP	2026-09-21T12:16:30.0568069Z ##[endgroup]
higress-wasmplugin-test (RUST)	UNKNOWN STEP	2026-09-21T12:16:30.0569272Z ##[group]Operating System
higress-wasmplugin-test (RUST)	UNKNOWN STEP	2026-09-21T12:16:30.0569807Z Ubuntu
higress-wasmplugin-test (RUST)	UNKNOWN STEP	2026-09-21T12:16:30.0570378Z 22.04.5
higress-wasmplugin-test (RUST)	UNKNOWN STEP	2026-09-21T12:16:30.0570955Z LTS
higress-wasmplugin-test (RUST)	UNKNOWN STEP	2026-09-21T12:16:30.0571442Z ##[endgroup]
higress-wasmplugin-test (RUST)	UNKNOWN STEP	2026-09-21T12:16:30.0571930Z ##[group]Runner Image
higress-wasmplugin-test (RUST)	UNKNOWN STEP	2026-09-21T12:16:30.0572467Z Image: ubuntu-22.04
higress-wasmplugin-test (RUST)	UNKNOWN STEP	2026-09-21T12:16:30.0573027Z Version: 20260907.292.1
higress-wasmplugin-test (RUST)	UNKNOWN STEP	2026-09-21T12:16:30.0574096Z Included Software: https://github.com/actions/runner-images/blob/ubuntu22/20260907.292/images/ubuntu/Ubuntu2204-Readme.md
higress-wasmplugin-test (RUST)	UNKNOWN STEP	2026-09-21T12:16:30.0575392Z Image Release: https://github.com/actions/runner-images/releases/tag/ubuntu22%2F20260907.292
higress-wasmplugin-test (RUST)	UNKNOWN STEP	2026-09-21T12:16:30.0576184Z ##[endgroup]
higress-wasmplugin-test (RUST)	UNKNOWN STEP	2026-09-21T12:16:30.0578901Z ##[group]GITHUB_TOKEN Permissions
higress-wasmplugin-test (RUST)	UNKNOWN STEP	2026-09-21T12:16:30.0580772Z Actions: write
higress-wasmplugin-test (RUST)	UNKNOWN STEP	2026-09-21T12:16:30.0581478Z ArtifactMetadata: write
higress-wasmplugin-test (RUST)	UNKNOWN STEP	2026-09-21T12:16:30.0581993Z Attestations: write
higress-wasmplugin-test (RUST)	UNKNOWN STEP	2026-09-21T12:16:30.0582508Z Checks: write
higress-wasmplugin-test (RUST)	UNKNOWN STEP	2026-09-21T12:16:30.0583012Z CodeQuality: write
higress-wasmplugin-test (RUST)	UNKNOWN STEP	2026-09-21T12:16:30.0583490Z Contents: write
higress-wasmplugin-test (RUST)	UNKNOWN STEP	2026-09-21T12:16:30.0584063Z CopilotRequests: write
higress-wasmplugin-test (RUST)	UNKNOWN STEP	2026-09-21T12:16:30.0584563Z Deployments: write
higress-wasmplugin-test (RUST)	UNKNOWN STEP	2026-09-21T12:16:30.0585074Z Discussions: write
higress-wasmplugin-test (RUST)	UNKNOWN STEP	2026-09-21T12:16:30.0585567Z Drives: write
higress-wasmplugin-test (RUST)	UNKNOWN STEP	2026-09-21T12:16:30.0586028Z Issues: write
higress-wasmplugin-test (RUST)	UNKNOWN STEP	2026-09-21T12:16:30.0586553Z Metadata: read
higress-wasmplugin-test (RUST)	UNKNOWN STEP	2026-09-21T12:16:30.0587064Z Models: read
higress-wasmplugin-test (RUST)	UNKNOWN STEP	2026-09-21T12:16:30.0587726Z Packages: write
higress-wasmplugin-test (RUST)	UNKNOWN STEP	2026-09-21T12:16:30.0588261Z Pages: write
higress-wasmplugin-test (RUST)	UNKNOWN STEP	2026-09-21T12:16:30.0588776Z PullRequests: write
higress-wasmplugin-test (RUST)	UNKNOWN STEP	2026-09-21T12:16:30.0589321Z RepositoryProjects: write
higress-wasmplugin-test (RUST)	UNKNOWN STEP	2026-09-21T12:16:30.0589837Z SecurityEvents: write
higress-wasmplugin-test (RUST)	UNKNOWN STEP	2026-09-21T12:16:30.0590320Z Statuses: write
higress-wasmplugin-test (RUST)	UNKNOWN STEP	2026-09-21T12:16:30.0590854Z VulnerabilityAlerts: read
higress-wasmplugin-test (RUST)	UNKNOWN STEP	2026-09-21T12:16:30.0591372Z ##[endgroup]
higress-wasmplugin-test (RUST)	UNKNOWN STEP	2026-09-21T12:16:30.0593120Z Secret source: Actions
higress-wasmplugin-test (RUST)	UNKNOWN STEP	2026-09-21T12:16:30.0593946Z Cache mode: write
higress-wasmplugin-test (RUST)	UNKNOWN STEP	2026-09-21T12:16:30.0594543Z Prepare workflow directory
higress-wasmplugin-test (RUST)	UNKNOWN STEP	2026-09-21T12:16:30.0858331Z Prepare all required actions
higress-wasmplugin-test (RUST)	UNKNOWN STEP	2026-09-21T12:16:30.0901355Z Getting action download info
higress-wasmplugin-test (RUST)	UNKNOWN STEP	2026-09-21T12:16:30.4064414Z Download action repository 'actions/checkout@v4' (SHA:11d5960a326750d5838078e36cf38b85af677262)
higress-wasmplugin-test (RUST)	UNKNOWN STEP	2026-09-21T12:16:30.4998147Z Download action repository 'jlumbroso/free-disk-space@main' (SHA:36e9a5af4eddb91fc11aec4c6f6f79b3cc0cb523)
higress-wasmplugin-test (RUST)	UNKNOWN STEP	2026-09-21T12:16:30.8724391Z Download action repository 'actions/setup-go@v5' (SHA:40f1582b2485089dde7abd97c1529aa768e1baff)
higress-wasmplugin-test (RUST)	UNKNOWN STEP	2026-09-21T12:16:31.5595487Z Download action repository 'actions-rs/toolchain@v1' (SHA:16499b5e05bf2e26879000db0c1d13f7e13fa3af)
higress-wasmplugin-test (RUST)	UNKNOWN STEP	2026-09-21T12:16:32.0846148Z Download action repository 'nick-fields/retry@v3' (SHA:ce71cc2ab81d554ebbe88c79ab5975992d79ba08)
higress-wasmplugin-test (RUST)	UNKNOWN STEP	2026-09-21T12:16:32.6086250Z Complete job name: higress-wasmplugin-test (RUST)
higress-wasmplugin-test (RUST)	UNKNOWN STEP	2026-09-21T12:16:32.6634718Z Node 20 is being deprecated. This workflow is running with Node 24 by default. If you need to temporarily use Node 20, you can set the ACTIONS_ALLOW_USE_UNSECURE_NODE_VERSION=true environment variable. For more information see: https://github.blog/changelog/2025-09-19-deprecation-of-node-20-on-github-actions-runners/
higress-wasmplugin-test (RUST)	UNKNOWN STEP	2026-09-21T12:16:32.6641014Z ##[group]Run actions/checkout@v4
higress-wasmplugin-test (RUST)	UNKNOWN STEP	2026-09-21T12:16:32.6641338Z with:
higress-wasmplugin-test (RUST)	UNKNOWN STEP	2026-09-21T12:16:32.6641529Z   repository: higress-group/higress
higress-wasmplugin-test (RUST)	UNKNOWN STEP	2026-09-21T12:16:32.6643574Z   token: ***
higress-wasmplugin-test (RUST)	UNKNOWN STEP	2026-09-21T12:16:32.6643750Z   ssh-strict: true
higress-wasmplugin-test (RUST)	UNKNOWN STEP	2026-09-21T12:16:32.6643920Z   ssh-user: git
higress-wasmplugin-test (RUST)	UNKNOWN STEP	2026-09-21T12:16:32.6644096Z   persist-credentials: true
higress-wasmplugin-test (RUST)	UNKNOWN STEP	2026-09-21T12:16:32.6644287Z   clean: true
higress-wasmplugin-test (RUST)	UNKNOWN STEP	2026-09-21T12:16:32.6644460Z   sparse-checkout-cone-mode: true
higress-wasmplugin-test (RUST)	UNKNOWN STEP	2026-09-21T12:16:32.6644683Z   fetch-depth: 1
higress-wasmplugin-test (RUST)	UNKNOWN STEP	2026-09-21T12:16:32.6645078Z   fetch-tags: false
higress-wasmplugin-test (RUST)	UNKNOWN STEP	2026-09-21T12:16:32.6645269Z   show-progress: true
higress-wasmplugin-test (RUST)	UNKNOWN STEP	2026-09-21T12:16:32.6645436Z   lfs: false
higress-wasmplugin-test (RUST)	UNKNOWN STEP	2026-09-21T12:16:32.6645621Z   submodules: false
higress-wasmplugin-test (RUST)	UNKNOWN STEP	2026-09-21T12:16:32.6645813Z   set-safe-directory: true
higress-wasmplugin-test (RUST)	UNKNOWN STEP	2026-09-21T12:16:32.6646024Z   allow-unsafe-pr-checkout: false
higress-wasmplugin-test (RUST)	UNKNOWN STEP	2026-09-21T12:16:32.6646383Z ##[endgroup]
higress-wasmplugin-test (RUST)	UNKNOWN STEP	2026-09-21T12:16:32.7433717Z Syncing repository: higress-group/higress
higress-wasmplugin-test (RUST)	UNKNOWN STEP	2026-09-21T12:16:32.7434765Z ##[group]Getting Git version info
higress-wasmplugin-test (RUST)	UNKNOWN STEP	2026-09-21T12:16:32.7435081Z Working directory is '/home/runner/work/higress/higress'
higress-wasmplugin-test (RUST)	UNKNOWN STEP	2026-09-21T12:16:32.7435541Z [command]/usr/bin/git version
higress-wasmplugin-test (RUST)	UNKNOWN STEP	2026-09-21T12:16:32.7463634Z git version 2.55.0
higress-wasmplugin-test (RUST)	UNKNOWN STEP	2026-09-21T12:16:32.7509733Z ##[endgroup]
higress-wasmplugin-test (RUST)	UNKNOWN STEP	2026-09-21T12:16:32.7520341Z Temporarily overriding HOME='/home/runner/work/_temp/13d44ff1-af0a-47b6-a96c-c29d51f03dd1' before making global git config changes
higress-wasmplugin-test (RUST)	UNKNOWN STEP	2026-09-21T12:16:32.7521312Z Adding repository directory to the temporary git global config as a safe directory
higress-wasmplugin-test (RUST)	UNKNOWN STEP	2026-09-21T12:16:32.7524921Z [command]/usr/bin/git config --global --add safe.directory /home/runner/work/higress/higress
higress-wasmplugin-test (RUST)	UNKNOWN STEP	2026-09-21T12:16:32.7554739Z Deleting the contents of '/home/runner/work/higress/higress'
higress-wasmplugin-test (RUST)	UNKNOWN STEP	2026-09-21T12:16:32.7558308Z ##[group]Initializing the repository
higress-wasmplugin-test (RUST)	UNKNOWN STEP	2026-09-21T12:16:32.7561282Z [command]/usr/bin/git init /home/runner/work/higress/higress
higress-wasmplugin-test (RUST)	UNKNOWN STEP	2026-09-21T12:16:32.7760422Z hint: Using 'master' as the name for the initial branch. This default branch name
higress-wasmplugin-test (RUST)	UNKNOWN STEP	2026-09-21T12:16:32.7760999Z hint: will change to "main" in Git 3.0. To configure the initial branch name
higress-wasmplugin-test (RUST)	UNKNOWN STEP	2026-09-21T12:16:32.7761539Z hint: to use in all of your new repositories, which will suppress this warning,
higress-wasmplugin-test (RUST)	UNKNOWN STEP	2026-09-21T12:16:32.7762038Z hint: call:
higress-wasmplugin-test (RUST)	UNKNOWN STEP	2026-09-21T12:16:32.7762276Z hint:
higress-wasmplugin-test (RUST)	UNKNOWN STEP	2026-09-21T12:16:32.7762612Z hint: 	git config --global init.defaultBranch <name>
higress-wasmplugin-test (RUST)	UNKNOWN STEP	2026-09-21T12:16:32.7763014Z hint:
higress-wasmplugin-test (RUST)	UNKNOWN STEP	2026-09-21T12:16:32.7763381Z hint: Names commonly chosen instead of 'master' are 'main', 'trunk' and
higress-wasmplugin-test (RUST)	UNKNOWN STEP	2026-09-21T12:16:32.7764014Z hint: 'development'. The just-created branch can be renamed via this command:
higress-wasmplugin-test (RUST)	UNKNOWN STEP	2026-09-21T12:16:32.7764506Z hint:
higress-wasmplugin-test (RUST)	UNKNOWN STEP	2026-09-21T12:16:32.7764768Z hint: 	git branch -m <name>
higress-wasmplugin-test (RUST)	UNKNOWN STEP	2026-09-21T12:16:32.7765066Z hint:
higress-wasmplugin-test (RUST)	UNKNOWN STEP	2026-09-21T12:16:32.7765483Z hint: Disable this message with "git config set advice.defaultBranchName false"
higress-wasmplugin-test (RUST)	UNKNOWN STEP	2026-09-21T12:16:32.7766154Z Initialized empty Git repository in /home/runner/work/higress/higress/.git/
higress-wasmplugin-test (RUST)	UNKNOWN STEP	2026-09-21T12:16:32.7769942Z [command]/usr/bin/git remote add origin https://github.com/higress-group/higress
higress-wasmplugin-test (RUST)	UNKNOWN STEP	2026-09-21T12:16:32.7796970Z ##[endgroup]
higress-wasmplugin-test (RUST)	UNKNOWN STEP	2026-09-21T12:16:32.7797524Z ##[group]Disabling automatic garbage collection
higress-wasmplugin-test (RUST)	UNKNOWN STEP	2026-09-21T12:16:32.7800189Z [command]/usr/bin/git config --local gc.auto 0
higress-wasmplugin-test (RUST)	UNKNOWN STEP	2026-09-21T12:16:32.7824882Z ##[endgroup]
higress-wasmplugin-test (RUST)	UNKNOWN STEP	2026-09-21T12:16:32.7825175Z ##[group]Setting up auth
higress-wasmplugin-test (RUST)	UNKNOWN STEP	2026-09-21T12:16:32.7830222Z [command]/usr/bin/git config --local --name-only --get-regexp core\.sshCommand
higress-wasmplugin-test (RUST)	UNKNOWN STEP	2026-09-21T12:16:32.7857265Z [command]/usr/bin/git submodule foreach --recursive sh -c "git config --local --name-only --get-regexp 'core\.sshCommand' && git config --local --unset-all 'core.sshCommand' || :"
higress-wasmplugin-test (RUST)	UNKNOWN STEP	2026-09-21T12:16:32.8128338Z [command]/usr/bin/git config --local --name-only --get-regexp http\.https\:\/\/github\.com\/\.extraheader
higress-wasmplugin-test (RUST)	UNKNOWN STEP	2026-09-21T12:16:32.8155049Z [command]/usr/bin/git submodule foreach --recursive sh -c "git config --local --name-only --get-regexp 'http\.https\:\/\/github\.com\/\.extraheader' && git config --local --unset-all 'http.https://github.com/.extraheader' || :"
higress-wasmplugin-test (RUST)	UNKNOWN STEP	2026-09-21T12:16:32.8362567Z [command]/usr/bin/git config --local --name-only --get-regexp ^includeIf\.gitdir:
higress-wasmplugin-test (RUST)	UNKNOWN STEP	2026-09-21T12:16:32.8596486Z [command]/usr/bin/git submodule foreach --recursive git config --local --show-origin --name-only --get-regexp remote.origin.url
higress-wasmplugin-test (RUST)	UNKNOWN STEP	2026-09-21T12:16:32.8603144Z [command]/usr/bin/git config --local http.https://github.com/.extraheader AUTHORIZATION: basic ***
higress-wasmplugin-test (RUST)	UNKNOWN STEP	2026-09-21T12:16:32.8633421Z ##[endgroup]
higress-wasmplugin-test (RUST)	UNKNOWN STEP	2026-09-21T12:16:32.8633869Z ##[group]Fetching the repository
higress-wasmplugin-test (RUST)	UNKNOWN STEP	2026-09-21T12:16:32.8640541Z [command]/usr/bin/git -c protocol.version=2 fetch --no-tags --prune --no-recurse-submodules --depth=1 origin +a42482341eb199b2c1553a560c81137ebad14441:refs/remotes/origin/main
higress-wasmplugin-test (RUST)	UNKNOWN STEP	2026-09-21T12:16:34.9652567Z From https://github.com/higress-group/higress
higress-wasmplugin-test (RUST)	UNKNOWN STEP	2026-09-21T12:16:34.9653179Z  * [new ref]         a42482341eb199b2c1553a560c81137ebad14441 -> origin/main
higress-wasmplugin-test (RUST)	UNKNOWN STEP	2026-09-21T12:16:34.9655782Z ##[endgroup]
higress-wasmplugin-test (RUST)	UNKNOWN STEP	2026-09-21T12:16:34.9656464Z ##[group]Determining the checkout info
higress-wasmplugin-test (RUST)	UNKNOWN STEP	2026-09-21T12:16:34.9658770Z ##[endgroup]
higress-wasmplugin-test (RUST)	UNKNOWN STEP	2026-09-21T12:16:34.9665009Z [command]/usr/bin/git sparse-checkout disable
higress-wasmplugin-test (RUST)	UNKNOWN STEP	2026-09-21T12:16:34.9782830Z [command]/usr/bin/git config --local --unset-all extensions.worktreeConfig
higress-wasmplugin-test (RUST)	UNKNOWN STEP	2026-09-21T12:16:34.9813144Z ##[group]Checking out the ref
higress-wasmplugin-test (RUST)	UNKNOWN STEP	2026-09-21T12:16:34.9818003Z [command]/usr/bin/git checkout --progress --force -B main refs/remotes/origin/main
higress-wasmplugin-test (RUST)	UNKNOWN STEP	2026-09-21T12:16:35.4222097Z Switched to a new branch 'main'
higress-wasmplugin-test (RUST)	UNKNOWN STEP	2026-09-21T12:16:35.4222709Z branch 'main' set up to track 'origin/main'.
higress-wasmplugin-test (RUST)	UNKNOWN STEP	2026-09-21T12:16:35.4241368Z ##[endgroup]
higress-wasmplugin-test (RUST)	UNKNOWN STEP	2026-09-21T12:16:35.4278661Z [command]/usr/bin/git log -1 --format=%H
higress-wasmplugin-test (RUST)	UNKNOWN STEP	2026-09-21T12:16:35.4301490Z a42482341eb199b2c1553a560c81137ebad14441
higress-wasmplugin-test (RUST)	UNKNOWN STEP	2026-09-21T12:16:35.4486067Z ##[group]Run sudo bash -c 'cat > /etc/docker/daemon.json << EOF
higress-wasmplugin-test (RUST)	UNKNOWN STEP	2026-09-21T12:16:35.4486534Z ^[[36;1msudo bash -c 'cat > /etc/docker/daemon.json << EOF^[[0m
higress-wasmplugin-test (RUST)	UNKNOWN STEP	2026-09-21T12:16:35.4486807Z ^[[36;1m{^[[0m
higress-wasmplugin-test (RUST)	UNKNOWN STEP	2026-09-21T12:16:35.4486972Z ^[[36;1m  "features": {^[[0m
higress-wasmplugin-test (RUST)	UNKNOWN STEP	2026-09-21T12:16:35.4487495Z ^[[36;1m    "containerd-snapshotter": false^[[0m
higress-wasmplugin-test (RUST)	UNKNOWN STEP	2026-09-21T12:16:35.4487728Z ^[[36;1m  }^[[0m
higress-wasmplugin-test (RUST)	UNKNOWN STEP	2026-09-21T12:16:35.4487879Z ^[[36;1m}^[[0m
higress-wasmplugin-test (RUST)	UNKNOWN STEP	2026-09-21T12:16:35.4488028Z ^[[36;1mEOF'^[[0m
higress-wasmplugin-test (RUST)	UNKNOWN STEP	2026-09-21T12:16:35.4488209Z ^[[36;1msudo systemctl restart docker^[[0m
higress-wasmplugin-test (RUST)	UNKNOWN STEP	2026-09-21T12:16:35.4488448Z ^[[36;1mdocker info -f '{{ .DriverStatus }}'^[[0m
higress-wasmplugin-test (RUST)	UNKNOWN STEP	2026-09-21T12:16:35.5026115Z shell: /usr/bin/bash -e {0}
higress-wasmplugin-test (RUST)	UNKNOWN STEP	2026-09-21T12:16:35.5026378Z ##[endgroup]
higress-wasmplugin-test (RUST)	UNKNOWN STEP	2026-09-21T12:16:37.1623007Z [[Backing Filesystem extfs] [Supports d_type true] [Using metacopy false] [Native Overlay Diff false] [userxattr false]]
higress-wasmplugin-test (RUST)	UNKNOWN STEP	2026-09-21T12:16:37.1769342Z ##[group]Run jlumbroso/free-disk-space@main
higress-wasmplugin-test (RUST)	UNKNOWN STEP	2026-09-21T12:16:37.1769609Z with:
higress-wasmplugin-test (RUST)	UNKNOWN STEP	2026-09-21T12:16:37.1769796Z   tool-cache: false
higress-wasmplugin-test (RUST)	UNKNOWN STEP	2026-09-21T12:16:37.1769994Z   android: true
higress-wasmplugin-test (RUST)	UNKNOWN STEP	2026-09-21T12:16:37.1770156Z   dotnet: true
higress-wasmplugin-test (RUST)	UNKNOWN STEP	2026-09-21T12:16:37.1770315Z   haskell: true
higress-wasmplugin-test (RUST)	UNKNOWN STEP	2026-09-21T12:16:37.1770479Z   large-packages: true
higress-wasmplugin-test (RUST)	UNKNOWN STEP	2026-09-21T12:16:37.1770654Z   swap-storage: true
higress-wasmplugin-test (RUST)	UNKNOWN STEP	2026-09-21T12:16:37.1770827Z   docker-images: true
higress-wasmplugin-test (RUST)	UNKNOWN STEP	2026-09-21T12:16:37.1771014Z   preinstalled-runtimes: false
higress-wasmplugin-test (RUST)	UNKNOWN STEP	2026-09-21T12:16:37.1771222Z ##[endgroup]
higress-wasmplugin-test (RUST)	UNKNOWN STEP	2026-09-21T12:16:37.1821459Z ##[start-action display=Run # ======;id=__jlumbroso_free-disk-space.__run]
higress-wasmplugin-test (RUST)	UNKNOWN STEP	2026-09-21T12:16:37.1840993Z ##[group]Run # ======
higress-wasmplugin-test (RUST)	UNKNOWN STEP	2026-09-21T12:16:37.1841542Z ^[[36;1m^[[0m
higress-wasmplugin-test (RUST)	UNKNOWN STEP	2026-09-21T12:16:37.1841692Z ^[[36;1m# ======^[[0m
higress-wasmplugin-test (RUST)	UNKNOWN STEP	2026-09-21T12:16:37.1841858Z ^[[36;1m# MACROS^[[0m
higress-wasmplugin-test (RUST)	UNKNOWN STEP	2026-09-21T12:16:37.1842011Z ^[[36;1m# ======^[[0m
higress-wasmplugin-test (RUST)	UNKNOWN STEP	2026-09-21T12:16:37.1842158Z ^[[36;1m^[[0m
higress-wasmplugin-test (RUST)	UNKNOWN STEP	2026-09-21T12:16:37.1842331Z ^[[36;1m# macro to print a line of equals^[[0m
higress-wasmplugin-test (RUST)	UNKNOWN STEP	2026-09-21T12:16:37.1842602Z ^[[36;1m# (silly but works)^[[0m
higress-wasmplugin-test (RUST)	UNKNOWN STEP	2026-09-21T12:16:37.1842819Z ^[[36;1mprintSeparationLine() {^[[0m
higress-wasmplugin-test (RUST)	UNKNOWN STEP	2026-09-21T12:16:37.1843024Z ^[[36;1m  str=${1:=}^[[0m
higress-wasmplugin-test (RUST)	UNKNOWN STEP	2026-09-21T12:16:37.1843196Z ^[[36;1m  num=${2:-80}^[[0m
higress-wasmplugin-test (RUST)	UNKNOWN STEP	2026-09-21T12:16:37.1843370Z ^[[36;1m  counter=1^[[0m
higress-wasmplugin-test (RUST)	UNKNOWN STEP	2026-09-21T12:16:37.1843537Z ^[[36;1m  output=""^[[0m
higress-wasmplugin-test (RUST)	UNKNOWN STEP	2026-09-21T12:16:37.1843719Z ^[[36;1m  while [ $counter -le $num ]^[[0m
higress-wasmplugin-test (RUST)	UNKNOWN STEP	2026-09-21T12:16:37.1843925Z ^[[36;1m  do^[[0m
higress-wasmplugin-test (RUST)	UNKNOWN STEP	2026-09-21T12:16:37.1844100Z ^[[36;1m     output="${output}${str}"^[[0m
higress-wasmplugin-test (RUST)	UNKNOWN STEP	2026-09-21T12:16:37.1844307Z ^[[36;1m     counter=$((counter+1))^[[0m
higress-wasmplugin-test (RUST)	UNKNOWN STEP	2026-09-21T12:16:37.1844502Z ^[[36;1m  done^[[0m
higress-wasmplugin-test (RUST)	UNKNOWN STEP	2026-09-21T12:16:37.1844667Z ^[[36;1m  echo "${output}"^[[0m
higress-wasmplugin-test (RUST)	UNKNOWN STEP	2026-09-21T12:16:37.1844847Z ^[[36;1m}^[[0m
higress-wasmplugin-test (RUST)	UNKNOWN STEP	2026-09-21T12:16:37.1844996Z ^[[36;1m^[[0m
higress-wasmplugin-test (RUST)	UNKNOWN STEP	2026-09-21T12:16:37.1845170Z ^[[36;1m# macro to compute available space^[[0m
higress-wasmplugin-test (RUST)	UNKNOWN STEP	2026-09-21T12:16:37.1845456Z ^[[36;1m# REF: https://unix.stackexchange.com/a/42049/60849^[[0m
higress-wasmplugin-test (RUST)	UNKNOWN STEP	2026-09-21T12:16:37.1845759Z ^[[36;1m# REF: https://stackoverflow.com/a/450821/408734^[[0m
higress-wasmplugin-test (RUST)	UNKNOWN STEP	2026-09-21T12:16:37.1846143Z ^[[36;1mgetAvailableSpace() { echo $(df -a $1 | awk 'NR > 1 {avail+=$4} END {print avail}'); }^[[0m
higress-wasmplugin-test (RUST)	UNKNOWN STEP	2026-09-21T12:16:37.1846669Z ^[[36;1m^[[0m
higress-wasmplugin-test (RUST)	UNKNOWN STEP	2026-09-21T12:16:37.1846888Z ^[[36;1m# macro to make Kb human readable (assume the input is Kb)^[[0m
higress-wasmplugin-test (RUST)	UNKNOWN STEP	2026-09-21T12:16:37.1847333Z ^[[36;1m# REF: https://unix.stackexchange.com/a/44087/60849^[[0m
higress-wasmplugin-test (RUST)	UNKNOWN STEP	2026-09-21T12:16:37.1847714Z ^[[36;1mformatByteCount() { echo $(numfmt --to=iec-i --suffix=B --padding=7 $1'000'); }^[[0m
higress-wasmplugin-test (RUST)	UNKNOWN STEP	2026-09-21T12:16:37.1848041Z ^[[36;1m^[[0m
higress-wasmplugin-test (RUST)	UNKNOWN STEP	2026-09-21T12:16:37.1848217Z ^[[36;1m# macro to output saved space^[[0m
higress-wasmplugin-test (RUST)	UNKNOWN STEP	2026-09-21T12:16:37.1848437Z ^[[36;1mprintSavedSpace() {^[[0m
higress-wasmplugin-test (RUST)	UNKNOWN STEP	2026-09-21T12:16:37.1848628Z ^[[36;1m  saved=${1}^[[0m
higress-wasmplugin-test (RUST)	UNKNOWN STEP	2026-09-21T12:16:37.1848806Z ^[[36;1m  title=${2:-}^[[0m
higress-wasmplugin-test (RUST)	UNKNOWN STEP	2026-09-21T12:16:37.1848983Z ^[[36;1m^[[0m
higress-wasmplugin-test (RUST)	UNKNOWN STEP	2026-09-21T12:16:37.1849132Z ^[[36;1m  echo ""^[[0m
higress-wasmplugin-test (RUST)	UNKNOWN STEP	2026-09-21T12:16:37.1849315Z ^[[36;1m  printSeparationLine '*' 80^[[0m
higress-wasmplugin-test (RUST)	UNKNOWN STEP	2026-09-21T12:16:37.1849535Z ^[[36;1m  if [ ! -z "${title}" ]; then^[[0m
higress-wasmplugin-test (RUST)	UNKNOWN STEP	2026-09-21T12:16:37.1849798Z ^[[36;1m    echo "=> ${title}: Saved $(formatByteCount $saved)"^[[0m
higress-wasmplugin-test (RUST)	UNKNOWN STEP	2026-09-21T12:16:37.1850049Z ^[[36;1m  else^[[0m
higress-wasmplugin-test (RUST)	UNKNOWN STEP	2026-09-21T12:16:37.1850241Z ^[[36;1m    echo "=> Saved $(formatByteCount $saved)"^[[0m
higress-wasmplugin-test (RUST)	UNKNOWN STEP	2026-09-21T12:16:37.1850466Z ^[[36;1m  fi^[[0m
higress-wasmplugin-test (RUST)	UNKNOWN STEP	2026-09-21T12:16:37.1850638Z ^[[36;1m  printSeparationLine '*' 80^[[0m
higress-wasmplugin-test (RUST)	UNKNOWN STEP	2026-09-21T12:16:37.1850855Z ^[[36;1m  echo ""^[[0m
higress-wasmplugin-test (RUST)	UNKNOWN STEP	2026-09-21T12:16:37.1851020Z ^[[36;1m}^[[0m
higress-wasmplugin-test (RUST)	UNKNOWN STEP	2026-09-21T12:16:37.1851170Z ^[[36;1m^[[0m
higress-wasmplugin-test (RUST)	UNKNOWN STEP	2026-09-21T12:16:37.1851356Z ^[[36;1m# macro to print output of dh with caption^[[0m
higress-wasmplugin-test (RUST)	UNKNOWN STEP	2026-09-21T12:16:37.1851590Z ^[[36;1mprintDH() {^[[0m
higress-wasmplugin-test (RUST)	UNKNOWN STEP	2026-09-21T12:16:37.1851769Z ^[[36;1m  caption=${1:-}^[[0m
higress-wasmplugin-test (RUST)	UNKNOWN STEP	2026-09-21T12:16:37.1851950Z ^[[36;1m^[[0m
higress-wasmplugin-test (RUST)	UNKNOWN STEP	2026-09-21T12:16:37.1852121Z ^[[36;1m  printSeparationLine '=' 80^[[0m
higress-wasmplugin-test (RUST)	UNKNOWN STEP	2026-09-21T12:16:37.1852338Z ^[[36;1m  echo "${caption}"^[[0m
higress-wasmplugin-test (RUST)	UNKNOWN STEP	2026-09-21T12:16:37.1852562Z ^[[36;1m  echo ""^[[0m
higress-wasmplugin-test (RUST)	UNKNOWN STEP	2026-09-21T12:16:37.1852780Z ^[[36;1m  echo "$ dh -h /"^[[0m
higress-wasmplugin-test (RUST)	UNKNOWN STEP	2026-09-21T12:16:37.1852962Z ^[[36;1m  echo ""^[[0m
higress-wasmplugin-test (RUST)	UNKNOWN STEP	2026-09-21T12:16:37.1853123Z ^[[36;1m  df -h /^[[0m
higress-wasmplugin-test (RUST)	UNKNOWN STEP	2026-09-21T12:16:37.1853436Z ^[[36;1m  echo "$ dh -a /"^[[0m
higress-wasmplugin-test (RUST)	UNKNOWN STEP	2026-09-21T12:16:37.1853622Z ^[[36;1m  echo ""^[[0m
higress-wasmplugin-test (RUST)	UNKNOWN STEP	2026-09-21T12:16:37.1853784Z ^[[36;1m  df -a /^[[0m
higress-wasmplugin-test (RUST)	UNKNOWN STEP	2026-09-21T12:16:37.1853951Z ^[[36;1m  echo "$ dh -a"^[[0m
higress-wasmplugin-test (RUST)	UNKNOWN STEP	2026-09-21T12:16:37.1854144Z ^[[36;1m  echo ""^[[0m
higress-wasmplugin-test (RUST)	UNKNOWN STEP	2026-09-21T12:16:37.1854303Z ^[[36;1m  df -a^[[0m
higress-wasmplugin-test (RUST)	UNKNOWN STEP	2026-09-21T12:16:37.1854477Z ^[[36;1m  printSeparationLine '=' 80^[[0m
higress-wasmplugin-test (RUST)	UNKNOWN STEP	2026-09-21T12:16:37.1854679Z ^[[36;1m}^[[0m
higress-wasmplugin-test (RUST)	UNKNOWN STEP	2026-09-21T12:16:37.1854828Z ^[[36;1m^[[0m
higress-wasmplugin-test (RUST)	UNKNOWN STEP	2026-09-21T12:16:37.1855014Z ^[[36;1m^[[0m
higress-wasmplugin-test (RUST)	UNKNOWN STEP	2026-09-21T12:16:37.1855158Z ^[[36;1m^[[0m
higress-wasmplugin-test (RUST)	UNKNOWN STEP	2026-09-21T12:16:37.1855307Z ^[[36;1m# ======^[[0m
higress-wasmplugin-test (RUST)	UNKNOWN STEP	2026-09-21T12:16:37.1855468Z ^[[36;1m# SCRIPT^[[0m
higress-wasmplugin-test (RUST)	UNKNOWN STEP	2026-09-21T12:16:37.1855626Z ^[[36;1m# ======^[[0m
higress-wasmplugin-test (RUST)	UNKNOWN STEP	2026-09-21T12:16:37.1855772Z ^[[36;1m^[[0m
higress-wasmplugin-test (RUST)	UNKNOWN STEP	2026-09-21T12:16:37.1855950Z ^[[36;1m# Display initial disk space stats^[[0m
higress-wasmplugin-test (RUST)	UNKNOWN STEP	2026-09-21T12:16:37.1856165Z ^[[36;1m^[[0m
higress-wasmplugin-test (RUST)	UNKNOWN STEP	2026-09-21T12:16:37.1856340Z ^[[36;1mAVAILABLE_INITIAL=$(getAvailableSpace)^[[0m
higress-wasmplugin-test (RUST)	UNKNOWN STEP	2026-09-21T12:16:37.1856624Z ^[[36;1mAVAILABLE_ROOT_INITIAL=$(getAvailableSpace '/')^[[0m
higress-wasmplugin-test (RUST)	UNKNOWN STEP	2026-09-21T12:16:37.1856873Z ^[[36;1m^[[0m
higress-wasmplugin-test (RUST)	UNKNOWN STEP	2026-09-21T12:16:37.1857042Z ^[[36;1mprintDH "BEFORE CLEAN-UP:"^[[0m
higress-wasmplugin-test (RUST)	UNKNOWN STEP	2026-09-21T12:16:37.1857342Z ^[[36;1mecho ""^[[0m
higress-wasmplugin-test (RUST)	UNKNOWN STEP	2026-09-21T12:16:37.1857497Z ^[[36;1m^[[0m
higress-wasmplugin-test (RUST)	UNKNOWN STEP	2026-09-21T12:16:37.1857640Z ^[[36;1m^[[0m
higress-wasmplugin-test (RUST)	UNKNOWN STEP	2026-09-21T12:16:37.1857802Z ^[[36;1m# Option: Remove Android library^[[0m
higress-wasmplugin-test (RUST)	UNKNOWN STEP	2026-09-21T12:16:37.1858020Z ^[[36;1m^[[0m
higress-wasmplugin-test (RUST)	UNKNOWN STEP	2026-09-21T12:16:37.1858185Z ^[[36;1mif [[ "$ANDROID" == 'true' ]]; then^[[0m
higress-wasmplugin-test (RUST)	UNKNOWN STEP	2026-09-21T12:16:37.1858416Z ^[[36;1m  BEFORE=$(getAvailableSpace)^[[0m
higress-wasmplugin-test (RUST)	UNKNOWN STEP	2026-09-21T12:16:37.1858617Z ^[[36;1m  ^[[0m
higress-wasmplugin-test (RUST)	UNKNOWN STEP	2026-09-21T12:16:37.1858806Z ^[[36;1m  sudo rm -rf /usr/local/lib/android || true^[[0m
higress-wasmplugin-test (RUST)	UNKNOWN STEP	2026-09-21T12:16:37.1859035Z ^[[36;1m^[[0m
higress-wasmplugin-test (RUST)	UNKNOWN STEP	2026-09-21T12:16:37.1859194Z ^[[36;1m  AFTER=$(getAvailableSpace)^[[0m
higress-wasmplugin-test (RUST)	UNKNOWN STEP	2026-09-21T12:16:37.1859407Z ^[[36;1m  SAVED=$((AFTER-BEFORE))^[[0m
higress-wasmplugin-test (RUST)	UNKNOWN STEP	2026-09-21T12:16:37.1859640Z ^[[36;1m  printSavedSpace $SAVED "Android library"^[[0m
higress-wasmplugin-test (RUST)	UNKNOWN STEP	2026-09-21T12:16:37.1859867Z ^[[36;1mfi^[[0m
higress-wasmplugin-test (RUST)	UNKNOWN STEP	2026-09-21T12:16:37.1860021Z ^[[36;1m^[[0m
higress-wasmplugin-test (RUST)	UNKNOWN STEP	2026-09-21T12:16:37.1860178Z ^[[36;1m# Option: Remove .NET runtime^[[0m
higress-wasmplugin-test (RUST)	UNKNOWN STEP	2026-09-21T12:16:37.1860383Z ^[[36;1m^[[0m
higress-wasmplugin-test (RUST)	UNKNOWN STEP	2026-09-21T12:16:37.1860713Z ^[[36;1mif [[ "$DOTNET" == 'true' ]]; then^[[0m
higress-wasmplugin-test (RUST)	UNKNOWN STEP	2026-09-21T12:16:37.1860939Z ^[[36;1m  BEFORE=$(getAvailableSpace)^[[0m
higress-wasmplugin-test (RUST)	UNKNOWN STEP	2026-09-21T12:16:37.1861148Z ^[[36;1m^[[0m
higress-wasmplugin-test (RUST)	UNKNOWN STEP	2026-09-21T12:16:37.1861436Z ^[[36;1m  # https://github.community/t/bigger-github-hosted-runners-disk-space/17267/11^[[0m
higress-wasmplugin-test (RUST)	UNKNOWN STEP	2026-09-21T12:16:37.1861792Z ^[[36;1m  sudo rm -rf /usr/share/dotnet || true^[[0m
higress-wasmplugin-test (RUST)	UNKNOWN STEP	2026-09-21T12:16:37.1862016Z ^[[36;1m  ^[[0m
higress-wasmplugin-test (RUST)	UNKNOWN STEP	2026-09-21T12:16:37.1862179Z ^[[36;1m  AFTER=$(getAvailableSpace)^[[0m
higress-wasmplugin-test (RUST)	UNKNOWN STEP	2026-09-21T12:16:37.1862399Z ^[[36;1m  SAVED=$((AFTER-BEFORE))^[[0m
higress-wasmplugin-test (RUST)	UNKNOWN STEP	2026-09-21T12:16:37.1862624Z ^[[36;1m  printSavedSpace $SAVED ".NET runtime"^[[0m
higress-wasmplugin-test (RUST)	UNKNOWN STEP	2026-09-21T12:16:37.1862840Z ^[[36;1mfi^[[0m
higress-wasmplugin-test (RUST)	UNKNOWN STEP	2026-09-21T12:16:37.1862990Z ^[[36;1m^[[0m
higress-wasmplugin-test (RUST)	UNKNOWN STEP	2026-09-21T12:16:37.1863149Z ^[[36;1m# Option: Remove Haskell runtime^[[0m
higress-wasmplugin-test (RUST)	UNKNOWN STEP	2026-09-21T12:16:37.1863354Z ^[[36;1m^[[0m
higress-wasmplugin-test (RUST)	UNKNOWN STEP	2026-09-21T12:16:37.1863514Z ^[[36;1mif [[ "$HASKELL" == 'true' ]]; then^[[0m
higress-wasmplugin-test (RUST)	UNKNOWN STEP	2026-09-21T12:16:37.1863735Z ^[[36;1m  BEFORE=$(getAvailableSpace)^[[0m
higress-wasmplugin-test (RUST)	UNKNOWN STEP	2026-09-21T12:16:37.1863938Z ^[[36;1m^[[0m
higress-wasmplugin-test (RUST)	UNKNOWN STEP	2026-09-21T12:16:37.1864100Z ^[[36;1m  sudo rm -rf /opt/ghc || true^[[0m
higress-wasmplugin-test (RUST)	UNKNOWN STEP	2026-09-21T12:16:37.1864343Z ^[[36;1m  sudo rm -rf /usr/local/.ghcup || true^[[0m
higress-wasmplugin-test (RUST)	UNKNOWN STEP	2026-09-21T12:16:37.1864554Z ^[[36;1m  ^[[0m
higress-wasmplugin-test (RUST)	UNKNOWN STEP	2026-09-21T12:16:37.1864714Z ^[[36;1m  AFTER=$(getAvailableSpace)^[[0m
higress-wasmplugin-test (RUST)	UNKNOWN STEP	2026-09-21T12:16:37.1864921Z ^[[36;1m  SAVED=$((AFTER-BEFORE))^[[0m
higress-wasmplugin-test (RUST)	UNKNOWN STEP	2026-09-21T12:16:37.1865150Z ^[[36;1m  printSavedSpace $SAVED "Haskell runtime"^[[0m
higress-wasmplugin-test (RUST)	UNKNOWN STEP	2026-09-21T12:16:37.1865381Z ^[[36;1mfi^[[0m
higress-wasmplugin-test (RUST)	UNKNOWN STEP	2026-09-21T12:16:37.1865538Z ^[[36;1m^[[0m
higress-wasmplugin-test (RUST)	UNKNOWN STEP	2026-09-21T12:16:37.1865711Z ^[[36;1m# Option: Remove large packages^[[0m
higress-wasmplugin-test (RUST)	UNKNOWN STEP	2026-09-21T12:16:37.1866077Z ^[[36;1m# REF: https://github.com/apache/flink/blob/master/tools/azure-pipelines/free_disk_space.sh^[[0m
higress-wasmplugin-test (RUST)	UNKNOWN STEP	2026-09-21T12:16:37.1866429Z ^[[36;1m^[[0m
higress-wasmplugin-test (RUST)	UNKNOWN STEP	2026-09-21T12:16:37.1866606Z ^[[36;1mif [[ "$LARGE_PACKAGES" == 'true' ]]; then^[[0m
higress-wasmplugin-test (RUST)	UNKNOWN STEP	2026-09-21T12:16:37.1866843Z ^[[36;1m  BEFORE=$(getAvailableSpace)^[[0m
higress-wasmplugin-test (RUST)	UNKNOWN STEP	2026-09-21T12:16:37.1867047Z ^[[36;1m^[[0m
higress-wasmplugin-test (RUST)	UNKNOWN STEP	2026-09-21T12:16:37.1867571Z ^[[36;1m  # PRECEDENCE: a specific subject-toggle outranks this general category.^[[0m
higress-wasmplugin-test (RUST)	UNKNOWN STEP	2026-09-21T12:16:37.1867971Z ^[[36;1m  # Setting `dotnet: false` keeps .NET everywhere, including the apt^[[0m
higress-wasmplugin-test (RUST)	UNKNOWN STEP	2026-09-21T12:16:37.1868306Z ^[[36;1m  # packages this block would otherwise sweep up.^[[0m
higress-wasmplugin-test (RUST)	UNKNOWN STEP	2026-09-21T12:16:37.1868545Z ^[[36;1m  #^[[0m
higress-wasmplugin-test (RUST)	UNKNOWN STEP	2026-09-21T12:16:37.1868782Z ^[[36;1m  # Reported by @gmij in #6 (2023), again by @ashleney in #33 (2024), and^[[0m
higress-wasmplugin-test (RUST)	UNKNOWN STEP	2026-09-21T12:16:37.1869121Z ^[[36;1m  # diagnosed with a workaround by @ax3l in #33 (2025).^[[0m
higress-wasmplugin-test (RUST)	UNKNOWN STEP	2026-09-21T12:16:37.1869367Z ^[[36;1m  #^[[0m
higress-wasmplugin-test (RUST)	UNKNOWN STEP	2026-09-21T12:16:37.1869603Z ^[[36;1m  # The policy is explicit; this applies it to .NET. A future subject^[[0m
higress-wasmplugin-test (RUST)	UNKNOWN STEP	2026-09-21T12:16:37.1869972Z ^[[36;1m  # option must add and test its own exemption here — there is no general^[[0m
higress-wasmplugin-test (RUST)	UNKNOWN STEP	2026-09-21T12:16:37.1870288Z ^[[36;1m  # mechanism that does it automatically.^[[0m
higress-wasmplugin-test (RUST)	UNKNOWN STEP	2026-09-21T12:16:37.1870528Z ^[[36;1m  if [[ "$DOTNET" == 'true' ]]; then^[[0m
higress-wasmplugin-test (RUST)	UNKNOWN STEP	2026-09-21T12:16:37.1871067Z ^[[36;1m    sudo apt-get remove -y '^aspnetcore-.*' || echo "::warning::The command [sudo apt-get remove -y '^aspnetcore-.*'] failed to complete successfully. Proceeding..."^[[0m
higress-wasmplugin-test (RUST)	UNKNOWN STEP	2026-09-21T12:16:37.1871913Z ^[[36;1m    sudo apt-get remove -y '^dotnet-.*' --fix-missing || echo "::warning::The command [sudo apt-get remove -y '^dotnet-.*' --fix-missing] failed to complete successfully. Proceeding..."^[[0m
higress-wasmplugin-test (RUST)	UNKNOWN STEP	2026-09-21T12:16:37.1872438Z ^[[36;1m  else^[[0m
higress-wasmplugin-test (RUST)	UNKNOWN STEP	2026-09-21T12:16:37.1872779Z ^[[36;1m    echo "::notice::dotnet: false — .NET packages exempted from large-packages (dotnet-*, aspnetcore-*)."^[[0m
higress-wasmplugin-test (RUST)	UNKNOWN STEP	2026-09-21T12:16:37.1873170Z ^[[36;1m  fi^[[0m
higress-wasmplugin-test (RUST)	UNKNOWN STEP	2026-09-21T12:16:37.1873328Z ^[[36;1m^[[0m
higress-wasmplugin-test (RUST)	UNKNOWN STEP	2026-09-21T12:16:37.1873812Z ^[[36;1m  sudo apt-get remove -y '^llvm-.*' --fix-missing || echo "::warning::The command [sudo apt-get remove -y '^llvm-.*' --fix-missing] failed to complete successfully. Proceeding..."^[[0m
higress-wasmplugin-test (RUST)	UNKNOWN STEP	2026-09-21T12:16:37.1874642Z ^[[36;1m  sudo apt-get remove -y 'php.*' --fix-missing || echo "::warning::The command [sudo apt-get remove -y 'php.*' --fix-missing] failed to complete successfully. Proceeding..."^[[0m
higress-wasmplugin-test (RUST)	UNKNOWN STEP	2026-09-21T12:16:37.1875588Z ^[[36;1m  sudo apt-get remove -y '^mongodb-.*' --fix-missing || echo "::warning::The command [sudo apt-get remove -y '^mongodb-.*' --fix-missing] failed to complete successfully. Proceeding..."^[[0m
higress-wasmplugin-test (RUST)	UNKNOWN STEP	2026-09-21T12:16:37.1876434Z ^[[36;1m  sudo apt-get remove -y '^mysql-.*' --fix-missing || echo "::warning::The command [sudo apt-get remove -y '^mysql-.*' --fix-missing] failed to complete successfully. Proceeding..."^[[0m
higress-wasmplugin-test (RUST)	UNKNOWN STEP	2026-09-21T12:16:37.1877741Z ^[[36;1m  sudo apt-get remove -y azure-cli google-chrome-stable firefox powershell mono-devel libgl1-mesa-dri --fix-missing || echo "::warning::The command [sudo apt-get remove -y azure-cli google-chrome-stable firefox powershell mono-devel libgl1-mesa-dri --fix-missing] failed to complete successfully. Proceeding..."^[[0m
higress-wasmplugin-test (RUST)	UNKNOWN STEP	2026-09-21T12:16:37.1878997Z ^[[36;1m  sudo apt-get remove -y google-cloud-sdk --fix-missing || echo "::debug::The command [sudo apt-get remove -y google-cloud-sdk --fix-missing] failed to complete successfully. Proceeding..."^[[0m
higress-wasmplugin-test (RUST)	UNKNOWN STEP	2026-09-21T12:16:37.1879901Z ^[[36;1m  sudo apt-get remove -y google-cloud-cli --fix-missing || echo "::debug::The command [sudo apt-get remove -y google-cloud-cli --fix-missing] failed to complete successfully. Proceeding..."^[[0m
higress-wasmplugin-test (RUST)	UNKNOWN STEP	2026-09-21T12:16:37.1880687Z ^[[36;1m  sudo apt-get autoremove -y || echo "::warning::The command [sudo apt-get autoremove -y] failed to complete successfully. Proceeding..."^[[0m
higress-wasmplugin-test (RUST)	UNKNOWN STEP	2026-09-21T12:16:37.1881315Z ^[[36;1m  sudo apt-get clean || echo "::warning::The command [sudo apt-get clean] failed to complete successfully. Proceeding..."^[[0m
higress-wasmplugin-test (RUST)	UNKNOWN STEP	2026-09-21T12:16:37.1881711Z ^[[36;1m^[[0m
higress-wasmplugin-test (RUST)	UNKNOWN STEP	2026-09-21T12:16:37.1881882Z ^[[36;1m  AFTER=$(getAvailableSpace)^[[0m
higress-wasmplugin-test (RUST)	UNKNOWN STEP	2026-09-21T12:16:37.1882101Z ^[[36;1m  SAVED=$((AFTER-BEFORE))^[[0m
higress-wasmplugin-test (RUST)	UNKNOWN STEP	2026-09-21T12:16:37.1882355Z ^[[36;1m  printSavedSpace $SAVED "Large misc. packages"^[[0m
higress-wasmplugin-test (RUST)	UNKNOWN STEP	2026-09-21T12:16:37.1882599Z ^[[36;1mfi^[[0m
higress-wasmplugin-test (RUST)	UNKNOWN STEP	2026-09-21T12:16:37.1882754Z ^[[36;1m^[[0m
higress-wasmplugin-test (RUST)	UNKNOWN STEP	2026-09-21T12:16:37.1883025Z ^[[36;1m# Option: Remove Docker images^[[0m
higress-wasmplugin-test (RUST)	UNKNOWN STEP	2026-09-21T12:16:37.1883235Z ^[[36;1m^[[0m
higress-wasmplugin-test (RUST)	UNKNOWN STEP	2026-09-21T12:16:37.1883417Z ^[[36;1mif [[ "$DOCKER_IMAGES" == 'true' ]]; then^[[0m
higress-wasmplugin-test (RUST)	UNKNOWN STEP	2026-09-21T12:16:37.1883658Z ^[[36;1m  BEFORE=$(getAvailableSpace)^[[0m
higress-wasmplugin-test (RUST)	UNKNOWN STEP	2026-09-21T12:16:37.1883869Z ^[[36;1m^[[0m
higress-wasmplugin-test (RUST)	UNKNOWN STEP	2026-09-21T12:16:37.1884061Z ^[[36;1m  sudo docker image prune --all --force || true^[[0m
higress-wasmplugin-test (RUST)	UNKNOWN STEP	2026-09-21T12:16:37.1884297Z ^[[36;1m^[[0m
higress-wasmplugin-test (RUST)	UNKNOWN STEP	2026-09-21T12:16:37.1884458Z ^[[36;1m  AFTER=$(getAvailableSpace)^[[0m
higress-wasmplugin-test (RUST)	UNKNOWN STEP	2026-09-21T12:16:37.1884669Z ^[[36;1m  SAVED=$((AFTER-BEFORE))^[[0m
higress-wasmplugin-test (RUST)	UNKNOWN STEP	2026-09-21T12:16:37.1884892Z ^[[36;1m  printSavedSpace $SAVED "Docker images"^[[0m
higress-wasmplugin-test (RUST)	UNKNOWN STEP	2026-09-21T12:16:37.1885114Z ^[[36;1mfi^[[0m
higress-wasmplugin-test (RUST)	UNKNOWN STEP	2026-09-21T12:16:37.1885262Z ^[[36;1m^[[0m
higress-wasmplugin-test (RUST)	UNKNOWN STEP	2026-09-21T12:16:37.1885425Z ^[[36;1m# Option: Remove tool cache^[[0m
higress-wasmplugin-test (RUST)	UNKNOWN STEP	2026-09-21T12:16:37.1885806Z ^[[36;1m# REF: https://github.com/actions/virtual-environments/issues/2875#issuecomment-1163392159^[[0m
higress-wasmplugin-test (RUST)	UNKNOWN STEP	2026-09-21T12:16:37.1886174Z ^[[36;1m^[[0m
higress-wasmplugin-test (RUST)	UNKNOWN STEP	2026-09-21T12:16:37.1886430Z ^[[36;1m# `tool-cache` was renamed `preinstalled-runtimes` in v2.0.0. The old^[[0m
higress-wasmplugin-test (RUST)	UNKNOWN STEP	2026-09-21T12:16:37.1886817Z ^[[36;1m# input is still honoured so no existing workflow breaks; either one^[[0m
higress-wasmplugin-test (RUST)	UNKNOWN STEP	2026-09-21T12:16:37.1887292Z ^[[36;1m# being true removes the directory. The warning fires only when someone^[[0m
higress-wasmplugin-test (RUST)	UNKNOWN STEP	2026-09-21T12:16:37.1887677Z ^[[36;1m# actually relies on the old name — an expected-absence stays quiet,^[[0m
higress-wasmplugin-test (RUST)	UNKNOWN STEP	2026-09-21T12:16:37.1888000Z ^[[36;1m# per the severity convention in docs/adr/0004.^[[0m
higress-wasmplugin-test (RUST)	UNKNOWN STEP	2026-09-21T12:16:37.1888256Z ^[[36;1mif [[ "$TOOL_CACHE" == 'true' ]]; then^[[0m
higress-wasmplugin-test (RUST)	UNKNOWN STEP	2026-09-21T12:16:37.1888856Z ^[[36;1m  echo "::warning::The 'tool-cache' input is deprecated; it was renamed to 'preinstalled-runtimes'. It still works and will keep working until v3.0.0 — please rename it when convenient."^[[0m
higress-wasmplugin-test (RUST)	UNKNOWN STEP	2026-09-21T12:16:37.1889403Z ^[[36;1mfi^[[0m
higress-wasmplugin-test (RUST)	UNKNOWN STEP	2026-09-21T12:16:37.1889555Z ^[[36;1m^[[0m
higress-wasmplugin-test (RUST)	UNKNOWN STEP	2026-09-21T12:16:37.1889817Z ^[[36;1mif [[ "$PREINSTALLED_RUNTIMES" == 'true' || "$TOOL_CACHE" == 'true' ]]; then^[[0m
higress-wasmplugin-test (RUST)	UNKNOWN STEP	2026-09-21T12:16:37.1890134Z ^[[36;1m  BEFORE=$(getAvailableSpace)^[[0m
higress-wasmplugin-test (RUST)	UNKNOWN STEP	2026-09-21T12:16:37.1890345Z ^[[36;1m^[[0m
higress-wasmplugin-test (RUST)	UNKNOWN STEP	2026-09-21T12:16:37.1890648Z ^[[36;1m  sudo rm -rf "$AGENT_TOOLSDIRECTORY" || true^[[0m
higress-wasmplugin-test (RUST)	UNKNOWN STEP	2026-09-21T12:16:37.1890878Z ^[[36;1m^[[0m
higress-wasmplugin-test (RUST)	UNKNOWN STEP	2026-09-21T12:16:37.1891042Z ^[[36;1m  AFTER=$(getAvailableSpace)^[[0m
higress-wasmplugin-test (RUST)	UNKNOWN STEP	2026-09-21T12:16:37.1891252Z ^[[36;1m  SAVED=$((AFTER-BEFORE))^[[0m
higress-wasmplugin-test (RUST)	UNKNOWN STEP	2026-09-21T12:16:37.1891504Z ^[[36;1m  printSavedSpace $SAVED "Pre-installed runtimes"^[[0m
higress-wasmplugin-test (RUST)	UNKNOWN STEP	2026-09-21T12:16:37.1891749Z ^[[36;1mfi^[[0m
higress-wasmplugin-test (RUST)	UNKNOWN STEP	2026-09-21T12:16:37.1891898Z ^[[36;1m^[[0m
higress-wasmplugin-test (RUST)	UNKNOWN STEP	2026-09-21T12:16:37.1892069Z ^[[36;1m# Option: Remove Swap storage^[[0m
higress-wasmplugin-test (RUST)	UNKNOWN STEP	2026-09-21T12:16:37.1892269Z ^[[36;1m^[[0m
higress-wasmplugin-test (RUST)	UNKNOWN STEP	2026-09-21T12:16:37.1892436Z ^[[36;1mif [[ "$SWAP_STORAGE" == 'true' ]]; then^[[0m
higress-wasmplugin-test (RUST)	UNKNOWN STEP	2026-09-21T12:16:37.1892668Z ^[[36;1m  BEFORE=$(getAvailableSpace)^[[0m
higress-wasmplugin-test (RUST)	UNKNOWN STEP	2026-09-21T12:16:37.1892867Z ^[[36;1m^[[0m
higress-wasmplugin-test (RUST)	UNKNOWN STEP	2026-09-21T12:16:37.1893021Z ^[[36;1m  sudo swapoff -a || true^[[0m
higress-wasmplugin-test (RUST)	UNKNOWN STEP	2026-09-21T12:16:37.1893232Z ^[[36;1m  sudo rm -f /mnt/swapfile || true^[[0m
higress-wasmplugin-test (RUST)	UNKNOWN STEP	2026-09-21T12:16:37.1893450Z ^[[36;1m  free -h^[[0m
higress-wasmplugin-test (RUST)	UNKNOWN STEP	2026-09-21T12:16:37.1893615Z ^[[36;1m  ^[[0m
higress-wasmplugin-test (RUST)	UNKNOWN STEP	2026-09-21T12:16:37.1893786Z ^[[36;1m  AFTER=$(getAvailableSpace)^[[0m
higress-wasmplugin-test (RUST)	UNKNOWN STEP	2026-09-21T12:16:37.1894011Z ^[[36;1m  SAVED=$((AFTER-BEFORE))^[[0m
higress-wasmplugin-test (RUST)	UNKNOWN STEP	2026-09-21T12:16:37.1894230Z ^[[36;1m  printSavedSpace $SAVED "Swap storage"^[[0m
higress-wasmplugin-test (RUST)	UNKNOWN STEP	2026-09-21T12:16:37.1894454Z ^[[36;1mfi^[[0m
higress-wasmplugin-test (RUST)	UNKNOWN STEP	2026-09-21T12:16:37.1894601Z ^[[36;1m^[[0m
higress-wasmplugin-test (RUST)	UNKNOWN STEP	2026-09-21T12:16:37.1894744Z ^[[36;1m^[[0m
higress-wasmplugin-test (RUST)	UNKNOWN STEP	2026-09-21T12:16:37.1894886Z ^[[36;1m^[[0m
higress-wasmplugin-test (RUST)	UNKNOWN STEP	2026-09-21T12:16:37.1895049Z ^[[36;1m# Output saved space statistic^[[0m
higress-wasmplugin-test (RUST)	UNKNOWN STEP	2026-09-21T12:16:37.1895249Z ^[[36;1m^[[0m
higress-wasmplugin-test (RUST)	UNKNOWN STEP	2026-09-21T12:16:37.1895415Z ^[[36;1mAVAILABLE_END=$(getAvailableSpace)^[[0m
higress-wasmplugin-test (RUST)	UNKNOWN STEP	2026-09-21T12:16:37.1895671Z ^[[36;1mAVAILABLE_ROOT_END=$(getAvailableSpace '/')^[[0m
higress-wasmplugin-test (RUST)	UNKNOWN STEP	2026-09-21T12:16:37.1895901Z ^[[36;1m^[[0m
higress-wasmplugin-test (RUST)	UNKNOWN STEP	2026-09-21T12:16:37.1896051Z ^[[36;1mecho ""^[[0m
higress-wasmplugin-test (RUST)	UNKNOWN STEP	2026-09-21T12:16:37.1896220Z ^[[36;1mprintDH "AFTER CLEAN-UP:"^[[0m
higress-wasmplugin-test (RUST)	UNKNOWN STEP	2026-09-21T12:16:37.1896411Z ^[[36;1m^[[0m
higress-wasmplugin-test (RUST)	UNKNOWN STEP	2026-09-21T12:16:37.1896557Z ^[[36;1mecho ""^[[0m
higress-wasmplugin-test (RUST)	UNKNOWN STEP	2026-09-21T12:16:37.1896713Z ^[[36;1mecho ""^[[0m
higress-wasmplugin-test (RUST)	UNKNOWN STEP	2026-09-21T12:16:37.1896878Z ^[[36;1m^[[0m
higress-wasmplugin-test (RUST)	UNKNOWN STEP	2026-09-21T12:16:37.1897041Z ^[[36;1mecho "/dev/root:"^[[0m
higress-wasmplugin-test (RUST)	UNKNOWN STEP	2026-09-21T12:16:37.1897546Z ^[[36;1mprintSavedSpace $((AVAILABLE_ROOT_END - AVAILABLE_ROOT_INITIAL))^[[0m
higress-wasmplugin-test (RUST)	UNKNOWN STEP	2026-09-21T12:16:37.1897871Z ^[[36;1mecho "overall:"^[[0m
higress-wasmplugin-test (RUST)	UNKNOWN STEP	2026-09-21T12:16:37.1898126Z ^[[36;1mprintSavedSpace $((AVAILABLE_END - AVAILABLE_INITIAL))^[[0m
higress-wasmplugin-test (RUST)	UNKNOWN STEP	2026-09-21T12:16:37.1957848Z shell: /usr/bin/bash --noprofile --norc -e -o pipefail {0}
higress-wasmplugin-test (RUST)	UNKNOWN STEP	2026-09-21T12:16:37.1958139Z env:
higress-wasmplugin-test (RUST)	UNKNOWN STEP	2026-09-21T12:16:37.1958307Z   ANDROID: true
higress-wasmplugin-test (RUST)	UNKNOWN STEP	2026-09-21T12:16:37.1958481Z   DOTNET: true
higress-wasmplugin-test (RUST)	UNKNOWN STEP	2026-09-21T12:16:37.1958641Z   HASKELL: true
higress-wasmplugin-test (RUST)	UNKNOWN STEP	2026-09-21T12:16:37.1958802Z   LARGE_PACKAGES: true
higress-wasmplugin-test (RUST)	UNKNOWN STEP	2026-09-21T12:16:37.1958982Z   DOCKER_IMAGES: true
higress-wasmplugin-test (RUST)	UNKNOWN STEP	2026-09-21T12:16:37.1959188Z   PREINSTALLED_RUNTIMES: false
higress-wasmplugin-test (RUST)	UNKNOWN STEP	2026-09-21T12:16:37.1959390Z   TOOL_CACHE: false
higress-wasmplugin-test (RUST)	UNKNOWN STEP	2026-09-21T12:16:37.1959556Z   SWAP_STORAGE: true
higress-wasmplugin-test (RUST)	UNKNOWN STEP	2026-09-21T12:16:37.1959727Z ##[endgroup]
higress-wasmplugin-test (RUST)	UNKNOWN STEP	2026-09-21T12:16:37.2170508Z ================================================================================
higress-wasmplugin-test (RUST)	UNKNOWN STEP	2026-09-21T12:16:37.2170812Z BEFORE CLEAN-UP:
higress-wasmplugin-test (RUST)	UNKNOWN STEP	2026-09-21T12:16:37.2170931Z 
higress-wasmplugin-test (RUST)	UNKNOWN STEP	2026-09-21T12:16:37.2170998Z $ dh -h /
higress-wasmplugin-test (RUST)	UNKNOWN STEP	2026-09-21T12:16:37.2171150Z 
higress-wasmplugin-test (RUST)	UNKNOWN STEP	2026-09-21T12:16:37.2180573Z Filesystem      Size  Used Avail Use% Mounted on
higress-wasmplugin-test (RUST)	UNKNOWN STEP	2026-09-21T12:16:37.2180876Z /dev/root       146G   60G   87G  41% /
higress-wasmplugin-test (RUST)	UNKNOWN STEP	2026-09-21T12:16:37.2181980Z $ dh -a /
higress-wasmplugin-test (RUST)	UNKNOWN STEP	2026-09-21T12:16:37.2182126Z 
higress-wasmplugin-test (RUST)	UNKNOWN STEP	2026-09-21T12:16:37.2191920Z Filesystem     1K-blocks     Used Available Use% Mounted on
higress-wasmplugin-test (RUST)	UNKNOWN STEP	2026-09-21T12:16:37.2192258Z /dev/root      152243760 61888388  90338988  41% /
higress-wasmplugin-test (RUST)	UNKNOWN STEP	2026-09-21T12:16:37.2193321Z $ dh -a
higress-wasmplugin-test (RUST)	UNKNOWN STEP	2026-09-21T12:16:37.2193490Z 
higress-wasmplugin-test (RUST)	UNKNOWN STEP	2026-09-21T12:16:37.2207439Z Filesystem      1K-blocks     Used Available Use% Mounted on
higress-wasmplugin-test (RUST)	UNKNOWN STEP	2026-09-21T12:16:37.2207867Z /dev/root       152243760 61888388  90338988  41% /
higress-wasmplugin-test (RUST)	UNKNOWN STEP	2026-09-21T12:16:37.2208254Z devtmpfs          8172624        0   8172624   0% /dev
higress-wasmplugin-test (RUST)	UNKNOWN STEP	2026-09-21T12:16:37.2208674Z proc                    0        0         0    - /proc
higress-wasmplugin-test (RUST)	UNKNOWN STEP	2026-09-21T12:16:37.2209095Z sysfs                   0        0         0    - /sys
higress-wasmplugin-test (RUST)	UNKNOWN STEP	2026-09-21T12:16:37.2209549Z securityfs              0        0         0    - /sys/kernel/security
higress-wasmplugin-test (RUST)	UNKNOWN STEP	2026-09-21T12:16:37.2210039Z tmpfs             8186236      172   8186064   1% /dev/shm
higress-wasmplugin-test (RUST)	UNKNOWN STEP	2026-09-21T12:16:37.2210727Z devpts                  0        0         0    - /dev/pts
higress-wasmplugin-test (RUST)	UNKNOWN STEP	2026-09-21T12:16:37.2211138Z tmpfs             3274496     1020   3273476   1% /run
higress-wasmplugin-test (RUST)	UNKNOWN STEP	2026-09-21T12:16:37.2211546Z tmpfs                5120        0      5120   0% /run/lock
higress-wasmplugin-test (RUST)	UNKNOWN STEP	2026-09-21T12:16:37.2211986Z cgroup2                 0        0         0    - /sys/fs/cgroup
higress-wasmplugin-test (RUST)	UNKNOWN STEP	2026-09-21T12:16:37.2212439Z pstore                  0        0         0    - /sys/fs/pstore
higress-wasmplugin-test (RUST)	UNKNOWN STEP	2026-09-21T12:16:37.2212926Z efivarfs           131072       34    131034   1% /sys/firmware/efi/efivars
higress-wasmplugin-test (RUST)	UNKNOWN STEP	2026-09-21T12:16:37.2213411Z bpf                     0        0         0    - /sys/fs/bpf
higress-wasmplugin-test (RUST)	UNKNOWN STEP	2026-09-21T12:16:37.2213883Z systemd-1               -        -         -    - /proc/sys/fs/binfmt_misc
higress-wasmplugin-test (RUST)	UNKNOWN STEP	2026-09-21T12:16:37.2214383Z hugetlbfs               0        0         0    - /dev/hugepages
higress-wasmplugin-test (RUST)	UNKNOWN STEP	2026-09-21T12:16:37.2214832Z mqueue                  0        0         0    - /dev/mqueue
higress-wasmplugin-test (RUST)	UNKNOWN STEP	2026-09-21T12:16:37.2215285Z debugfs                 0        0         0    - /sys/kernel/debug
higress-wasmplugin-test (RUST)	UNKNOWN STEP	2026-09-21T12:16:37.2215761Z tracefs                 0        0         0    - /sys/kernel/tracing
higress-wasmplugin-test (RUST)	UNKNOWN STEP	2026-09-21T12:16:37.2216235Z fusectl                 0        0         0    - /sys/fs/fuse/connections
higress-wasmplugin-test (RUST)	UNKNOWN STEP	2026-09-21T12:16:37.2216705Z configfs                0        0         0    - /sys/kernel/config
higress-wasmplugin-test (RUST)	UNKNOWN STEP	2026-09-21T12:16:37.2217400Z ramfs                   0        0         0    - /run/credentials/systemd-sysusers.service
higress-wasmplugin-test (RUST)	UNKNOWN STEP	2026-09-21T12:16:37.2217865Z /dev/loop0          75776    75776         0 100% /snap/core22/2411
higress-wasmplugin-test (RUST)	UNKNOWN STEP	2026-09-21T12:16:37.2218200Z /dev/loop1         118144   118144         0 100% /snap/lxd/40338
higress-wasmplugin-test (RUST)	UNKNOWN STEP	2026-09-21T12:16:37.2218494Z /dev/loop2          51328    51328         0 100% /snap/snapd/27591
higress-wasmplugin-test (RUST)	UNKNOWN STEP	2026-09-21T12:16:37.2218786Z /dev/nvme0n1p15    106832     6194    100638   6% /boot/efi
higress-wasmplugin-test (RUST)	UNKNOWN STEP	2026-09-21T12:16:37.2219083Z binfmt_misc             0        0         0    - /proc/sys/fs/binfmt_misc
higress-wasmplugin-test (RUST)	UNKNOWN STEP	2026-09-21T12:16:37.2219536Z tmpfs             1637244       12   1637232   1% /run/user/1001
higress-wasmplugin-test (RUST)	UNKNOWN STEP	2026-09-21T12:16:37.2219823Z tmpfs             3274496     1020   3273476   1% /run/snapd/ns
higress-wasmplugin-test (RUST)	UNKNOWN STEP	2026-09-21T12:16:37.2220110Z nsfs                    0        0         0    - /run/snapd/ns/lxd.mnt
higress-wasmplugin-test (RUST)	UNKNOWN STEP	2026-09-21T12:16:37.2220390Z ================================================================================
higress-wasmplugin-test (RUST)	UNKNOWN STEP	2026-09-21T12:16:37.2220564Z 
higress-wasmplugin-test (RUST)	UNKNOWN STEP	2026-09-21T12:16:56.8080814Z 
higress-wasmplugin-test (RUST)	UNKNOWN STEP	2026-09-21T12:16:56.8107995Z ********************************************************************************
higress-wasmplugin-test (RUST)	UNKNOWN STEP	2026-09-21T12:16:56.8759411Z => Android library: Saved 11GiB
higress-wasmplugin-test (RUST)	UNKNOWN STEP	2026-09-21T12:16:56.8764227Z ********************************************************************************
higress-wasmplugin-test (RUST)	UNKNOWN STEP	2026-09-21T12:16:56.8764529Z 
higress-wasmplugin-test (RUST)	UNKNOWN STEP	2026-09-21T12:17:00.0043638Z 
higress-wasmplugin-test (RUST)	UNKNOWN STEP	2026-09-21T12:17:00.0048899Z ********************************************************************************
higress-wasmplugin-test (RUST)	UNKNOWN STEP	2026-09-21T12:17:00.0065671Z => .NET runtime: Saved 5.4GiB
higress-wasmplugin-test (RUST)	UNKNOWN STEP	2026-09-21T12:17:00.0072257Z ********************************************************************************
higress-wasmplugin-test (RUST)	UNKNOWN STEP	2026-09-21T12:17:00.0072559Z 
higress-wasmplugin-test (RUST)	UNKNOWN STEP	2026-09-21T12:17:01.2222035Z 
higress-wasmplugin-test (RUST)	UNKNOWN STEP	2026-09-21T12:17:01.2226884Z ********************************************************************************
higress-wasmplugin-test (RUST)	UNKNOWN STEP	2026-09-21T12:17:01.2243397Z => Haskell runtime: Saved 3.6GiB
higress-wasmplugin-test (RUST)	UNKNOWN STEP	2026-09-21T12:17:01.2248927Z ********************************************************************************
higress-wasmplugin-test (RUST)	UNKNOWN STEP	2026-09-21T12:17:01.2249229Z 
higress-wasmplugin-test (RUST)	UNKNOWN STEP	2026-09-21T12:17:04.4572181Z Reading package lists...
higress-wasmplugin-test (RUST)	UNKNOWN STEP	2026-09-21T12:17:04.6802279Z Building dependency tree...
higress-wasmplugin-test (RUST)	UNKNOWN STEP	2026-09-21T12:17:04.6816575Z Reading state information...
higress-wasmplugin-test (RUST)	UNKNOWN STEP	2026-09-21T12:17:04.9121408Z Package 'aspnetcore-targeting-pack-3.1' is not installed, so not removed
higress-wasmplugin-test (RUST)	UNKNOWN STEP	2026-09-21T12:17:04.9122089Z Package 'aspnetcore-runtime-6.0' is not installed, so not removed
higress-wasmplugin-test (RUST)	UNKNOWN STEP	2026-09-21T12:17:04.9122707Z Package 'aspnetcore-targeting-pack-6.0' is not installed, so not removed
higress-wasmplugin-test (RUST)	UNKNOWN STEP	2026-09-21T12:17:04.9123309Z Package 'aspnetcore-runtime-7.0' is not installed, so not removed
higress-wasmplugin-test (RUST)	UNKNOWN STEP	2026-09-21T12:17:04.9123897Z Package 'aspnetcore-runtime-dbg-8.0' is not installed, so not removed
higress-wasmplugin-test (RUST)	UNKNOWN STEP	2026-09-21T12:17:04.9124871Z Package 'aspnetcore-targeting-pack-7.0' is not installed, so not removed
higress-wasmplugin-test (RUST)	UNKNOWN STEP	2026-09-21T12:17:04.9125449Z Package 'aspnetcore-runtime-3.1' is not installed, so not removed
higress-wasmplugin-test (RUST)	UNKNOWN STEP	2026-09-21T12:17:04.9126021Z Package 'aspnetcore-targeting-pack-9.0' is not installed, so not removed
higress-wasmplugin-test (RUST)	UNKNOWN STEP	2026-09-21T12:17:04.9126627Z Package 'aspnetcore-targeting-pack-8.0' is not installed, so not removed
higress-wasmplugin-test (RUST)	UNKNOWN STEP	2026-09-21T12:17:04.9127372Z Package 'aspnetcore-runtime-9.0' is not installed, so not removed
higress-wasmplugin-test (RUST)	UNKNOWN STEP	2026-09-21T12:17:04.9127932Z Package 'aspnetcore-runtime-8.0' is not installed, so not removed
higress-wasmplugin-test (RUST)	UNKNOWN STEP	2026-09-21T12:17:04.9128473Z 0 upgraded, 0 newly installed, 0 to remove and 8 not upgraded.
higress-wasmplugin-test (RUST)	UNKNOWN STEP	2026-09-21T12:17:04.9583966Z Reading package lists...
higress-wasmplugin-test (RUST)	UNKNOWN STEP	2026-09-21T12:17:05.1638171Z Building dependency tree...
higress-wasmplugin-test (RUST)	UNKNOWN STEP	2026-09-21T12:17:05.1647503Z Reading state information...
higress-wasmplugin-test (RUST)	UNKNOWN STEP	2026-09-21T12:17:05.3924874Z Package 'dotnet-nightly' is not installed, so not removed
higress-wasmplugin-test (RUST)	UNKNOWN STEP	2026-09-21T12:17:05.3925423Z Package 'dotnet-targeting-pack-3.1' is not installed, so not removed
higress-wasmplugin-test (RUST)	UNKNOWN STEP	2026-09-21T12:17:05.3925946Z Package 'dotnet-apphost-pack-6.0' is not installed, so not removed
higress-wasmplugin-test (RUST)	UNKNOWN STEP	2026-09-21T12:17:05.3926409Z Package 'dotnet-host-8.0' is not installed, so not removed
higress-wasmplugin-test (RUST)	UNKNOWN STEP	2026-09-21T12:17:05.3926830Z Package 'dotnet-hostfxr-6.0' is not installed, so not removed
higress-wasmplugin-test (RUST)	UNKNOWN STEP	2026-09-21T12:17:05.3927460Z Package 'dotnet-runtime-6.0' is not installed, so not removed
higress-wasmplugin-test (RUST)	UNKNOWN STEP	2026-09-21T12:17:05.3927945Z Package 'dotnet-sdk-6.0-source-built-artifacts' is not installed, so not removed
higress-wasmplugin-test (RUST)	UNKNOWN STEP	2026-09-21T12:17:05.3928599Z Package 'dotnet-sdk-8.0-source-built-artifacts' is not installed, so not removed
higress-wasmplugin-test (RUST)	UNKNOWN STEP	2026-09-21T12:17:05.3929229Z Package 'dotnet-targeting-pack-6.0' is not installed, so not removed
higress-wasmplugin-test (RUST)	UNKNOWN STEP	2026-09-21T12:17:05.3929787Z Package 'dotnet-templates-6.0' is not installed, so not removed
higress-wasmplugin-test (RUST)	UNKNOWN STEP	2026-09-21T12:17:05.3930304Z Package 'dotnet-templates-8.0' is not installed, so not removed
higress-wasmplugin-test (RUST)	UNKNOWN STEP	2026-09-21T12:17:05.3930854Z Package 'dotnet-apphost-pack-7.0' is not installed, so not removed
higress-wasmplugin-test (RUST)	UNKNOWN STEP	2026-09-21T12:17:05.3931777Z Package 'dotnet-host-7.0' is not installed, so not removed
higress-wasmplugin-test (RUST)	UNKNOWN STEP	2026-09-21T12:17:05.3932108Z Package 'dotnet-hostfxr-7.0' is not installed, so not removed
higress-wasmplugin-test (RUST)	UNKNOWN STEP	2026-09-21T12:17:05.3932427Z Package 'dotnet-runtime-7.0' is not installed, so not removed
higress-wasmplugin-test (RUST)	UNKNOWN STEP	2026-09-21T12:17:05.3932862Z Package 'dotnet-runtime-dbg-8.0' is not installed, so not removed
higress-wasmplugin-test (RUST)	UNKNOWN STEP	2026-09-21T12:17:05.3933407Z Package 'dotnet-sdk-7.0-source-built-artifacts' is not installed, so not removed
higress-wasmplugin-test (RUST)	UNKNOWN STEP	2026-09-21T12:17:05.3933927Z Package 'dotnet-sdk-dbg-8.0' is not installed, so not removed
higress-wasmplugin-test (RUST)	UNKNOWN STEP	2026-09-21T12:17:05.3934407Z Package 'dotnet-targeting-pack-7.0' is not installed, so not removed
higress-wasmplugin-test (RUST)	UNKNOWN STEP	2026-09-21T12:17:05.3934769Z Package 'dotnet-templates-7.0' is not installed, so not removed
higress-wasmplugin-test (RUST)	UNKNOWN STEP	2026-09-21T12:17:05.3935074Z Package 'dotnet-sdk-8.0' is not installed, so not removed
higress-wasmplugin-test (RUST)	UNKNOWN STEP	2026-09-21T12:17:05.3935377Z Package 'dotnet-runtime-3.1' is not installed, so not removed
higress-wasmplugin-test (RUST)	UNKNOWN STEP	2026-09-21T12:17:05.3935679Z Package 'dotnet-sdk-6.0' is not installed, so not removed
higress-wasmplugin-test (RUST)	UNKNOWN STEP	2026-09-21T12:17:05.3935999Z Package 'dotnet-runtime-deps-6.0' is not installed, so not removed
higress-wasmplugin-test (RUST)	UNKNOWN STEP	2026-09-21T12:17:05.3936336Z Package 'dotnet-apphost-pack-8.0' is not installed, so not removed
higress-wasmplugin-test (RUST)	UNKNOWN STEP	2026-09-21T12:17:05.3936637Z Package 'dotnet-sdk-7.0' is not installed, so not removed
higress-wasmplugin-test (RUST)	UNKNOWN STEP	2026-09-21T12:17:05.3936931Z Package 'dotnet-runtime-deps-7.0' is not installed, so not removed
higress-wasmplugin-test (RUST)	UNKNOWN STEP	2026-09-21T12:17:05.3985118Z Package 'dotnet-apphost-pack-9.0' is not installed, so not removed
higress-wasmplugin-test (RUST)	UNKNOWN STEP	2026-09-21T12:17:05.3985699Z Package 'dotnet-targeting-pack-9.0' is not installed, so not removed
higress-wasmplugin-test (RUST)	UNKNOWN STEP	2026-09-21T12:17:05.3986037Z Package 'dotnet-host' is not installed, so not removed
higress-wasmplugin-test (RUST)	UNKNOWN STEP	2026-09-21T12:17:05.3986344Z Package 'dotnet-runtime-deps-8.0' is not installed, so not removed
higress-wasmplugin-test (RUST)	UNKNOWN STEP	2026-09-21T12:17:05.3986658Z Package 'dotnet-sdk-3.1' is not installed, so not removed
higress-wasmplugin-test (RUST)	UNKNOWN STEP	2026-09-21T12:17:05.3986970Z Package 'dotnet-targeting-pack-8.0' is not installed, so not removed
higress-wasmplugin-test (RUST)	UNKNOWN STEP	2026-09-21T12:17:05.3987463Z Package 'dotnet-runtime-deps-3.1' is not installed, so not removed
higress-wasmplugin-test (RUST)	UNKNOWN STEP	2026-09-21T12:17:05.3987777Z Package 'dotnet-sdk-9.0' is not installed, so not removed
higress-wasmplugin-test (RUST)	UNKNOWN STEP	2026-09-21T12:17:05.3988290Z Package 'dotnet-apphost-pack-3.1' is not installed, so not removed
higress-wasmplugin-test (RUST)	UNKNOWN STEP	2026-09-21T12:17:05.3988606Z Package 'dotnet-runtime-deps-9.0' is not installed, so not removed
higress-wasmplugin-test (RUST)	UNKNOWN STEP	2026-09-21T12:17:05.3988917Z Package 'dotnet-runtime-8.0' is not installed, so not removed
higress-wasmplugin-test (RUST)	UNKNOWN STEP	2026-09-21T12:17:05.3989213Z Package 'dotnet-hostfxr-8.0' is not installed, so not removed
higress-wasmplugin-test (RUST)	UNKNOWN STEP	2026-09-21T12:17:05.3989498Z Package 'dotnet-hostfxr-3.1' is not installed, so not removed
higress-wasmplugin-test (RUST)	UNKNOWN STEP	2026-09-21T12:17:05.3989783Z Package 'dotnet-runtime-9.0' is not installed, so not removed
higress-wasmplugin-test (RUST)	UNKNOWN STEP	2026-09-21T12:17:05.3990144Z Package 'dotnet-hostfxr-9.0' is not installed, so not removed
higress-wasmplugin-test (RUST)	UNKNOWN STEP	2026-09-21T12:17:05.3990588Z 0 upgraded, 0 newly installed, 0 to remove and 8 not upgraded.
higress-wasmplugin-test (RUST)	UNKNOWN STEP	2026-09-21T12:17:05.4378507Z Reading package lists...
higress-wasmplugin-test (RUST)	UNKNOWN STEP	2026-09-21T12:17:05.6406231Z Building dependency tree...
higress-wasmplugin-test (RUST)	UNKNOWN STEP	2026-09-21T12:17:05.6415198Z Reading state information...
higress-wasmplugin-test (RUST)	UNKNOWN STEP	2026-09-21T12:17:05.8652495Z Package 'llvm-17' is not installed, so not removed
higress-wasmplugin-test (RUST)	UNKNOWN STEP	2026-09-21T12:17:05.8652941Z Package 'llvm-18' is not installed, so not removed
higress-wasmplugin-test (RUST)	UNKNOWN STEP	2026-09-21T12:17:05.8653293Z Package 'llvm-19' is not installed, so not removed
higress-wasmplugin-test (RUST)	UNKNOWN STEP	2026-09-21T12:17:05.8653636Z Package 'llvm-21' is not installed, so not removed
higress-wasmplugin-test (RUST)	UNKNOWN STEP	2026-09-21T12:17:05.8654011Z Package 'llvm-11' is not installed, so not removed
higress-wasmplugin-test (RUST)	UNKNOWN STEP	2026-09-21T12:17:05.8654625Z Package 'llvm-11-dev' is not installed, so not removed
higress-wasmplugin-test (RUST)	UNKNOWN STEP	2026-09-21T12:17:05.8654934Z Package 'llvm-11-doc' is not installed, so not removed
higress-wasmplugin-test (RUST)	UNKNOWN STEP	2026-09-21T12:17:05.8655368Z Package 'llvm-11-examples' is not installed, so not removed
higress-wasmplugin-test (RUST)	UNKNOWN STEP	2026-09-21T12:17:05.8655702Z Package 'llvm-11-linker-tools' is not installed, so not removed
higress-wasmplugin-test (RUST)	UNKNOWN STEP	2026-09-21T12:17:05.8656024Z Package 'llvm-11-runtime' is not installed, so not removed
higress-wasmplugin-test (RUST)	UNKNOWN STEP	2026-09-21T12:17:05.8656333Z Package 'llvm-11-tools' is not installed, so not removed
higress-wasmplugin-test (RUST)	UNKNOWN STEP	2026-09-21T12:17:05.8656646Z Package 'llvm-12' is not installed, so not removed
higress-wasmplugin-test (RUST)	UNKNOWN STEP	2026-09-21T12:17:05.8657549Z Package 'llvm-12-dev' is not installed, so not removed
higress-wasmplugin-test (RUST)	UNKNOWN STEP	2026-09-21T12:17:05.8658004Z Package 'llvm-12-doc' is not installed, so not removed
higress-wasmplugin-test (RUST)	UNKNOWN STEP	2026-09-21T12:17:05.8658445Z Package 'llvm-12-examples' is not installed, so not removed
higress-wasmplugin-test (RUST)	UNKNOWN STEP	2026-09-21T12:17:05.8658930Z Package 'llvm-12-linker-tools' is not installed, so not removed
higress-wasmplugin-test (RUST)	UNKNOWN STEP	2026-09-21T12:17:05.8659305Z Package 'llvm-12-runtime' is not installed, so not removed
higress-wasmplugin-test (RUST)	UNKNOWN STEP	2026-09-21T12:17:05.8659610Z Package 'llvm-12-tools' is not installed, so not removed
higress-wasmplugin-test (RUST)	UNKNOWN STEP	2026-09-21T12:17:05.8659907Z Package 'llvm-dev' is not installed, so not removed
higress-wasmplugin-test (RUST)	UNKNOWN STEP	2026-09-21T12:17:05.8660204Z Package 'llvm-runtime' is not installed, so not removed
higress-wasmplugin-test (RUST)	UNKNOWN STEP	2026-09-21T12:17:05.8660514Z Package 'llvm-spirv' is not installed, so not removed
higress-wasmplugin-test (RUST)	UNKNOWN STEP	2026-09-21T12:17:05.8660824Z Package 'llvm-spirv-12' is not installed, so not removed
higress-wasmplugin-test (RUST)	UNKNOWN STEP	2026-09-21T12:17:05.8661103Z Package 'llvm-15-doc' is not installed, so not removed
higress-wasmplugin-test (RUST)	UNKNOWN STEP	2026-09-21T12:17:05.8661384Z Package 'llvm-15-examples' is not installed, so not removed
higress-wasmplugin-test (RUST)	UNKNOWN STEP	2026-09-21T12:17:05.8661677Z Package 'llvm-13-doc' is not installed, so not removed
higress-wasmplugin-test (RUST)	UNKNOWN STEP	2026-09-21T12:17:05.8661960Z Package 'llvm-13-examples' is not installed, so not removed
higress-wasmplugin-test (RUST)	UNKNOWN STEP	2026-09-21T12:17:05.8662238Z Package 'llvm-14-doc' is not installed, so not removed
higress-wasmplugin-test (RUST)	UNKNOWN STEP	2026-09-21T12:17:05.8662509Z Package 'llvm-14-examples' is not installed, so not removed
higress-wasmplugin-test (RUST)	UNKNOWN STEP	2026-09-21T12:17:05.8662793Z Package 'llvm-spirv-14' is not installed, so not removed
higress-wasmplugin-test (RUST)	UNKNOWN STEP	2026-09-21T12:17:05.8663094Z Package 'llvm-spirv-15' is not installed, so not removed
higress-wasmplugin-test (RUST)	UNKNOWN STEP	2026-09-21T12:17:05.8663373Z The following packages will be REMOVED:
higress-wasmplugin-test (RUST)	UNKNOWN STEP	2026-09-21T12:17:05.8663661Z   clang-13 clang-14 clang-15 clang-tidy-13 clang-tidy-14 clang-tidy-15
higress-wasmplugin-test (RUST)	UNKNOWN STEP	2026-09-21T12:17:05.8664025Z   clang-tools-13 clang-tools-14 clang-tools-15 lldb-14 llvm-13 llvm-13-dev
higress-wasmplugin-test (RUST)	UNKNOWN STEP	2026-09-21T12:17:05.8664392Z   llvm-13-linker-tools llvm-13-runtime llvm-13-tools llvm-14 llvm-14-dev
higress-wasmplugin-test (RUST)	UNKNOWN STEP	2026-09-21T12:17:05.8664748Z   llvm-14-linker-tools llvm-14-runtime llvm-14-tools llvm-15 llvm-15-dev
higress-wasmplugin-test (RUST)	UNKNOWN STEP	2026-09-21T12:17:05.8665058Z   llvm-15-linker-tools llvm-15-runtime llvm-15-tools
higress-wasmplugin-test (RUST)	UNKNOWN STEP	2026-09-21T12:17:06.1269268Z 0 upgraded, 0 newly installed, 25 to remove and 8 not upgraded.
higress-wasmplugin-test (RUST)	UNKNOWN STEP	2026-09-21T12:17:06.1270331Z After this operation, 1150 MB disk space will be freed.
higress-wasmplugin-test (RUST)	UNKNOWN STEP	2026-09-21T12:17:06.1643630Z (Reading database ... 
higress-wasmplugin-test (RUST)	UNKNOWN STEP	2026-09-21T12:17:06.1643896Z (Reading database ... 5%
higress-wasmplugin-test (RUST)	UNKNOWN STEP	2026-09-21T12:17:06.1644111Z (Reading database ... 10%
higress-wasmplugin-test (RUST)	UNKNOWN STEP	2026-09-21T12:17:06.1644294Z (Reading database ... 15%
higress-wasmplugin-test (RUST)	UNKNOWN STEP	2026-09-21T12:17:06.1644541Z (Reading database ... 20%
higress-wasmplugin-test (RUST)	UNKNOWN STEP	2026-09-21T12:17:06.1644811Z (Reading database ... 25%
higress-wasmplugin-test (RUST)	UNKNOWN STEP	2026-09-21T12:17:06.1645090Z (Reading database ... 30%
higress-wasmplugin-test (RUST)	UNKNOWN STEP	2026-09-21T12:17:06.1645292Z (Reading database ... 35%
higress-wasmplugin-test (RUST)	UNKNOWN STEP	2026-09-21T12:17:06.1645470Z (Reading database ... 40%
higress-wasmplugin-test (RUST)	UNKNOWN STEP	2026-09-21T12:17:06.1645641Z (Reading database ... 45%
higress-wasmplugin-test (RUST)	UNKNOWN STEP	2026-09-21T12:17:06.1645812Z (Reading database ... 50%
higress-wasmplugin-test (RUST)	UNKNOWN STEP	2026-09-21T12:17:06.1995813Z (Reading database ... 55%
higress-wasmplugin-test (RUST)	UNKNOWN STEP	2026-09-21T12:17:06.3889824Z (Reading database ... 60%
higress-wasmplugin-test (RUST)	UNKNOWN STEP	2026-09-21T12:17:06.6411055Z (Reading database ... 65%
higress-wasmplugin-test (RUST)	UNKNOWN STEP	2026-09-21T12:17:06.8537769Z (Reading database ... 70%
higress-wasmplugin-test (RUST)	UNKNOWN STEP	2026-09-21T12:17:07.0475107Z (Reading database ... 75%
higress-wasmplugin-test (RUST)	UNKNOWN STEP	2026-09-21T12:17:07.2457385Z (Reading database ... 80%
higress-wasmplugin-test (RUST)	UNKNOWN STEP	2026-09-21T12:17:07.4987379Z (Reading database ... 85%
higress-wasmplugin-test (RUST)	UNKNOWN STEP	2026-09-21T12:17:07.8186799Z (Reading database ... 90%
higress-wasmplugin-test (RUST)	UNKNOWN STEP	2026-09-21T12:17:08.0012754Z (Reading database ... 95%
higress-wasmplugin-test (RUST)	UNKNOWN STEP	2026-09-21T12:17:08.0013642Z (Reading database ... 100%
higress-wasmplugin-test (RUST)	UNKNOWN STEP	2026-09-21T12:17:08.0014041Z (Reading database ... 262147 files and directories currently installed.)
higress-wasmplugin-test (RUST)	UNKNOWN STEP	2026-09-21T12:17:08.0071498Z Removing clang-tidy-13 (1:13.0.1-2ubuntu2.2) ...
higress-wasmplugin-test (RUST)	UNKNOWN STEP	2026-09-21T12:17:08.1280752Z Removing clang-tools-13 (1:13.0.1-2ubuntu2.2) ...
higress-wasmplugin-test (RUST)	UNKNOWN STEP	2026-09-21T12:17:08.2292527Z Removing clang-13 (1:13.0.1-2ubuntu2.2) ...
higress-wasmplugin-test (RUST)	UNKNOWN STEP	2026-09-21T12:17:08.2824235Z Removing clang-tidy-14 (1:14.0.0-1ubuntu1.1) ...
higress-wasmplugin-test (RUST)	UNKNOWN STEP	2026-09-21T12:17:08.3185512Z Removing clang-tools-14 (1:14.0.0-1ubuntu1.1) ...
higress-wasmplugin-test (RUST)	UNKNOWN STEP	2026-09-21T12:17:08.3485142Z Removing clang-14 (1:14.0.0-1ubuntu1.1) ...
higress-wasmplugin-test (RUST)	UNKNOWN STEP	2026-09-21T12:17:08.3796023Z Removing clang-tidy-15 (1:15.0.7-0ubuntu0.22.04.3) ...
higress-wasmplugin-test (RUST)	UNKNOWN STEP	2026-09-21T12:17:08.4166389Z Removing clang-tools-15 (1:15.0.7-0ubuntu0.22.04.3) ...
higress-wasmplugin-test (RUST)	UNKNOWN STEP	2026-09-21T12:17:08.4377053Z Removing clang-15 (1:15.0.7-0ubuntu0.22.04.3) ...
higress-wasmplugin-test (RUST)	UNKNOWN STEP	2026-09-21T12:17:08.4584086Z Removing lldb-14 (1:14.0.0-1ubuntu1.1) ...
higress-wasmplugin-test (RUST)	UNKNOWN STEP	2026-09-21T12:17:08.4771975Z Removing llvm-13-dev (1:13.0.1-2ubuntu2.2) ...
higress-wasmplugin-test (RUST)	UNKNOWN STEP	2026-09-21T12:17:08.6940817Z Removing llvm-13 (1:13.0.1-2ubuntu2.2) ...
higress-wasmplugin-test (RUST)	UNKNOWN STEP	2026-09-21T12:17:08.7153550Z Removing llvm-13-linker-tools (1:13.0.1-2ubuntu2.2) ...
higress-wasmplugin-test (RUST)	UNKNOWN STEP	2026-09-21T12:17:08.7316145Z Removing llvm-13-runtime (1:13.0.1-2ubuntu2.2) ...
higress-wasmplugin-test (RUST)	UNKNOWN STEP	2026-09-21T12:17:08.7620886Z Removing llvm-13-tools (1:13.0.1-2ubuntu2.2) ...
higress-wasmplugin-test (RUST)	UNKNOWN STEP	2026-09-21T12:17:08.8680125Z Removing llvm-14-dev (1:14.0.0-1ubuntu1.1) ...
higress-wasmplugin-test (RUST)	UNKNOWN STEP	2026-09-21T12:17:09.0503658Z Removing llvm-14 (1:14.0.0-1ubuntu1.1) ...
higress-wasmplugin-test (RUST)	UNKNOWN STEP	2026-09-21T12:17:09.0718708Z Removing llvm-14-linker-tools (1:14.0.0-1ubuntu1.1) ...
higress-wasmplugin-test (RUST)	UNKNOWN STEP	2026-09-21T12:17:09.1074322Z Removing llvm-14-runtime (1:14.0.0-1ubuntu1.1) ...
higress-wasmplugin-test (RUST)	UNKNOWN STEP	2026-09-21T12:17:09.1574537Z Removing llvm-14-tools (1:14.0.0-1ubuntu1.1) ...
higress-wasmplugin-test (RUST)	UNKNOWN STEP	2026-09-21T12:17:09.2637761Z Removing llvm-15-dev (1:15.0.7-0ubuntu0.22.04.3) ...
higress-wasmplugin-test (RUST)	UNKNOWN STEP	2026-09-21T12:17:09.4943657Z Removing llvm-15 (1:15.0.7-0ubuntu0.22.04.3) ...
higress-wasmplugin-test (RUST)	UNKNOWN STEP	2026-09-21T12:17:09.5320062Z Removing llvm-15-linker-tools (1:15.0.7-0ubuntu0.22.04.3) ...
higress-wasmplugin-test (RUST)	UNKNOWN STEP	2026-09-21T12:17:09.5529331Z Removing llvm-15-runtime (1:15.0.7-0ubuntu0.22.04.3) ...
higress-wasmplugin-test (RUST)	UNKNOWN STEP	2026-09-21T12:17:09.5874893Z Removing llvm-15-tools (1:15.0.7-0ubuntu0.22.04.3) ...
higress-wasmplugin-test (RUST)	UNKNOWN STEP	2026-09-21T12:17:09.7306565Z Processing triggers for man-db (2.10.2-1) ...
higress-wasmplugin-test (RUST)	UNKNOWN STEP	2026-09-21T12:17:09.7352576Z Not building database; man-db/auto-update is not 'true'.
higress-wasmplugin-test (RUST)	UNKNOWN STEP	2026-09-21T12:17:09.7364602Z Processing triggers for libc-bin (2.35-0ubuntu3.14) ...
higress-wasmplugin-test (RUST)	UNKNOWN STEP	2026-09-21T12:17:23.8748616Z Reading package lists...
higress-wasmplugin-test (RUST)	UNKNOWN STEP	2026-09-21T12:17:24.0776844Z Building dependency tree...
higress-wasmplugin-test (RUST)	UNKNOWN STEP	2026-09-21T12:17:24.0786076Z Reading state information...
higress-wasmplugin-test (RUST)	UNKNOWN STEP	2026-09-21T12:17:24.1818981Z Package 'php-lua' is not installed, so not removed
higress-wasmplugin-test (RUST)	UNKNOWN STEP	2026-09-21T12:17:24.1819651Z Package 'php-mysqlnd-ms' is not installed, so not removed
higress-wasmplugin-test (RUST)	UNKNOWN STEP	2026-09-21T12:17:24.1820053Z Package 'php-radius' is not installed, so not removed
higress-wasmplugin-test (RUST)	UNKNOWN STEP	2026-09-21T12:17:24.1820445Z Package 'php-stomp' is not installed, so not removed
higress-wasmplugin-test (RUST)	UNKNOWN STEP	2026-09-21T12:17:24.1821198Z Package 'php5.6-common' is not installed, so not removed
higress-wasmplugin-test (RUST)	UNKNOWN STEP	2026-09-21T12:17:24.1821574Z Package 'php5.6-json' is not installed, so not removed
higress-wasmplugin-test (RUST)	UNKNOWN STEP	2026-09-21T12:17:24.1821969Z Package 'php7.0-common' is not installed, so not removed
higress-wasmplugin-test (RUST)	UNKNOWN STEP	2026-09-21T12:17:24.1822399Z Package 'php7.1-common' is not installed, so not removed
higress-wasmplugin-test (RUST)	UNKNOWN STEP	2026-09-21T12:17:24.1822803Z Package 'php7.2-common' is not installed, so not removed
higress-wasmplugin-test (RUST)	UNKNOWN STEP	2026-09-21T12:17:24.1823211Z Package 'php7.3-common' is not installed, so not removed
higress-wasmplugin-test (RUST)	UNKNOWN STEP	2026-09-21T12:17:24.1823627Z Package 'php7.4-common' is not installed, so not removed
higress-wasmplugin-test (RUST)	UNKNOWN STEP	2026-09-21T12:17:24.1824046Z Package 'php8.0-common' is not installed, so not removed
higress-wasmplugin-test (RUST)	UNKNOWN STEP	2026-09-21T12:17:24.1824522Z Package 'php-pear-frontend-gtk' is not installed, so not removed
higress-wasmplugin-test (RUST)	UNKNOWN STEP	2026-09-21T12:17:24.1825006Z Package 'php-pear-frontend-web' is not installed, so not removed
higress-wasmplugin-test (RUST)	UNKNOWN STEP	2026-09-21T12:17:24.1825438Z Package 'php7.0-curl' is not installed, so not removed
higress-wasmplugin-test (RUST)	UNKNOWN STEP	2026-09-21T12:17:24.1825731Z Package 'php7.2-sodium' is not installed, so not removed
higress-wasmplugin-test (RUST)	UNKNOWN STEP	2026-09-21T12:17:24.1826018Z Package 'php5-cli' is not installed, so not removed
higress-wasmplugin-test (RUST)	UNKNOWN STEP	2026-09-21T12:17:24.1826277Z Package 'php5-curl' is not installed, so not removed
higress-wasmplugin-test (RUST)	UNKNOWN STEP	2026-09-21T12:17:24.1826544Z Package 'php-mcrypt' is not installed, so not removed
higress-wasmplugin-test (RUST)	UNKNOWN STEP	2026-09-21T12:17:24.1826808Z Package 'php5-mysql' is not installed, so not removed
higress-wasmplugin-test (RUST)	UNKNOWN STEP	2026-09-21T12:17:24.1827257Z Package 'php5-pgsql' is not installed, so not removed
higress-wasmplugin-test (RUST)	UNKNOWN STEP	2026-09-21T12:17:24.1827681Z Package 'php5-sqlite' is not installed, so not removed
higress-wasmplugin-test (RUST)	UNKNOWN STEP	2026-09-21T12:17:24.1828109Z Package 'php5' is not installed, so not removed
higress-wasmplugin-test (RUST)	UNKNOWN STEP	2026-09-21T12:17:24.1828526Z Package 'php5-ldap' is not installed, so not removed
higress-wasmplugin-test (RUST)	UNKNOWN STEP	2026-09-21T12:17:24.1828966Z Package 'php-mapscript' is not installed, so not removed
higress-wasmplugin-test (RUST)	UNKNOWN STEP	2026-09-21T12:17:24.1829417Z Package 'php-apc' is not installed, so not removed
higress-wasmplugin-test (RUST)	UNKNOWN STEP	2026-09-21T12:17:24.1829851Z Package 'php-suhosin' is not installed, so not removed
higress-wasmplugin-test (RUST)	UNKNOWN STEP	2026-09-21T12:17:24.1830600Z Package 'libapache2-mod-php5' is not installed, so not removed
higress-wasmplugin-test (RUST)	UNKNOWN STEP	2026-09-21T12:17:24.1831093Z Package 'php5-fpm' is not installed, so not removed
higress-wasmplugin-test (RUST)	UNKNOWN STEP	2026-09-21T12:17:24.1831575Z Package 'libapache2-mod-suphp' is not installed, so not removed
higress-wasmplugin-test (RUST)	UNKNOWN STEP	2026-09-21T12:17:24.1832068Z Package 'libgv-php5' is not installed, so not removed
higress-wasmplugin-test (RUST)	UNKNOWN STEP	2026-09-21T12:17:24.1832504Z Package 'libow-php5' is not installed, so not removed
higress-wasmplugin-test (RUST)	UNKNOWN STEP	2026-09-21T12:17:24.1833009Z Package 'php-hayageek-oauth2-yahoo' is not installed, so not removed
higress-wasmplugin-test (RUST)	UNKNOWN STEP	2026-09-21T12:17:24.1833587Z Package 'php-league-oauth2-google' is not installed, so not removed
higress-wasmplugin-test (RUST)	UNKNOWN STEP	2026-09-21T12:17:24.1834114Z Package 'php-stevenmaguire-oauth2-microsoft' is not installed, so not removed
higress-wasmplugin-test (RUST)	UNKNOWN STEP	2026-09-21T12:17:24.1834472Z Package 'phpphylotree' is not installed, so not removed
higress-wasmplugin-test (RUST)	UNKNOWN STEP	2026-09-21T12:17:24.1834753Z Package 'php-xcache' is not installed, so not removed
higress-wasmplugin-test (RUST)	UNKNOWN STEP	2026-09-21T12:17:24.1835041Z Package 'php-async-aws-s3' is not installed, so not removed
higress-wasmplugin-test (RUST)	UNKNOWN STEP	2026-09-21T12:17:24.1835362Z Package 'php-console-color2' is not installed, so not removed
higress-wasmplugin-test (RUST)	UNKNOWN STEP	2026-09-21T12:17:24.1835713Z Package 'php-alcaeus-mongo-php-adapter' is not installed, so not removed
higress-wasmplugin-test (RUST)	UNKNOWN STEP	2026-09-21T12:17:24.1836072Z Package 'php-doctrine-phpcr-odm' is not installed, so not removed
higress-wasmplugin-test (RUST)	UNKNOWN STEP	2026-09-21T12:17:24.1836414Z Package 'php-doctrine-mongodb-odm' is not installed, so not removed
higress-wasmplugin-test (RUST)	UNKNOWN STEP	2026-09-21T12:17:24.1836729Z Package 'php-ml-json-ld' is not installed, so not removed
higress-wasmplugin-test (RUST)	UNKNOWN STEP	2026-09-21T12:17:24.1837029Z Package 'php-semsol-arc2' is not installed, so not removed
higress-wasmplugin-test (RUST)	UNKNOWN STEP	2026-09-21T12:17:24.1837500Z Package 'php-com-dotnet' is not installed, so not removed
higress-wasmplugin-test (RUST)	UNKNOWN STEP	2026-09-21T12:17:24.1837779Z Package 'php-rar' is not installed, so not removed
higress-wasmplugin-test (RUST)	UNKNOWN STEP	2026-09-21T12:17:24.1838098Z Package 'php-laminas-httphandlerrunner' is not installed, so not removed
higress-wasmplugin-test (RUST)	UNKNOWN STEP	2026-09-21T12:17:24.1838469Z Package 'php-cordoval-hamcrest-php' is not installed, so not removed
higress-wasmplugin-test (RUST)	UNKNOWN STEP	2026-09-21T12:17:24.1838851Z Package 'php-davedevelopment-hamcrest-php' is not installed, so not removed
higress-wasmplugin-test (RUST)	UNKNOWN STEP	2026-09-21T12:17:24.1839232Z Package 'php-kodova-hamcrest-php' is not installed, so not removed
higress-wasmplugin-test (RUST)	UNKNOWN STEP	2026-09-21T12:17:24.1839697Z Package 'php-scrutinizer-ocular' is not installed, so not removed
higress-wasmplugin-test (RUST)	UNKNOWN STEP	2026-09-21T12:17:24.1840041Z Package 'php-league-flysystem-sftp' is not installed, so not removed
higress-wasmplugin-test (RUST)	UNKNOWN STEP	2026-09-21T12:17:24.1840444Z Package 'php-league-flysystem-eventable-filesystem' is not installed, so not removed
higress-wasmplugin-test (RUST)	UNKNOWN STEP	2026-09-21T12:17:24.1840864Z Package 'php-league-flysystem-rackspace' is not installed, so not removed
higress-wasmplugin-test (RUST)	UNKNOWN STEP	2026-09-21T12:17:24.1841235Z Package 'php-league-flysystem-azure' is not installed, so not removed
higress-wasmplugin-test (RUST)	UNKNOWN STEP	2026-09-21T12:17:24.1841595Z Package 'php-league-flysystem-webdav' is not installed, so not removed
higress-wasmplugin-test (RUST)	UNKNOWN STEP	2026-09-21T12:17:24.1841965Z Package 'php-league-flysystem-aws-s3-v2' is not installed, so not removed
higress-wasmplugin-test (RUST)	UNKNOWN STEP	2026-09-21T12:17:24.1842341Z Package 'php-league-flysystem-aws-s3-v3' is not installed, so not removed
higress-wasmplugin-test (RUST)	UNKNOWN STEP	2026-09-21T12:17:24.1842709Z Package 'php-spatie-flysystem-dropbox' is not installed, so not removed
higress-wasmplugin-test (RUST)	UNKNOWN STEP	2026-09-21T12:17:24.1843113Z Package 'php-srmklive-flysystem-dropbox-v2' is not installed, so not removed
higress-wasmplugin-test (RUST)	UNKNOWN STEP	2026-09-21T12:17:24.1843538Z Package 'php-league-flysystem-cached-adapter' is not installed, so not removed
higress-wasmplugin-test (RUST)	UNKNOWN STEP	2026-09-21T12:17:24.1843947Z Package 'php-league-flysystem-ziparchive' is not installed, so not removed
higress-wasmplugin-test (RUST)	UNKNOWN STEP	2026-09-21T12:17:24.1844281Z Package 'php-sqlite' is not installed, so not removed
higress-wasmplugin-test (RUST)	UNKNOWN STEP	2026-09-21T12:17:24.1844546Z Package 'php-lzf' is not installed, so not removed
higress-wasmplugin-test (RUST)	UNKNOWN STEP	2026-09-21T12:17:24.1844816Z Package 'php-pnctl' is not installed, so not removed
higress-wasmplugin-test (RUST)	UNKNOWN STEP	2026-09-21T12:17:24.1845118Z Package 'php-mdb2-driver-fbsql' is not installed, so not removed
higress-wasmplugin-test (RUST)	UNKNOWN STEP	2026-09-21T12:17:24.1845519Z Package 'php-mdb2-driver-ibase' is not installed, so not removed
higress-wasmplugin-test (RUST)	UNKNOWN STEP	2026-09-21T12:17:24.1845838Z Package 'php-mdb2-driver-mssql' is not installed, so not removed
higress-wasmplugin-test (RUST)	UNKNOWN STEP	2026-09-21T12:17:24.1846153Z Package 'php-mdb2-driver-mysqli' is not installed, so not removed
higress-wasmplugin-test (RUST)	UNKNOWN STEP	2026-09-21T12:17:24.1846479Z Package 'php-mdb2-driver-oci8' is not installed, so not removed
higress-wasmplugin-test (RUST)	UNKNOWN STEP	2026-09-21T12:17:24.1846916Z Package 'php-mdb2-driver-odbc' is not installed, so not removed
higress-wasmplugin-test (RUST)	UNKNOWN STEP	2026-09-21T12:17:24.1847497Z Package 'php-mdb2-driver-querysim' is not installed, so not removed
higress-wasmplugin-test (RUST)	UNKNOWN STEP	2026-09-21T12:17:24.1847845Z Package 'php-mdb2-driver-sqlite' is not installed, so not removed
higress-wasmplugin-test (RUST)	UNKNOWN STEP	2026-09-21T12:17:24.1848166Z Package 'php-mdb2-driver-sqlsrv' is not installed, so not removed
higress-wasmplugin-test (RUST)	UNKNOWN STEP	2026-09-21T12:17:24.1848516Z Package 'php-barnabywalters-mf-cleaner' is not installed, so not removed
higress-wasmplugin-test (RUST)	UNKNOWN STEP	2026-09-21T12:17:24.1848874Z Package 'php-php-mock-phpunit' is not installed, so not removed
higress-wasmplugin-test (RUST)	UNKNOWN STEP	2026-09-21T12:17:24.1849191Z Package 'php-graylog2-gelf-php' is not installed, so not removed
higress-wasmplugin-test (RUST)	UNKNOWN STEP	2026-09-21T12:17:24.1849506Z Package 'php-doctrine-couchdb' is not installed, so not removed
higress-wasmplugin-test (RUST)	UNKNOWN STEP	2026-09-21T12:17:24.1849821Z Package 'php-ruflin-elastica' is not installed, so not removed
higress-wasmplugin-test (RUST)	UNKNOWN STEP	2026-09-21T12:17:24.1850135Z Package 'php-elasticsearch' is not installed, so not removed
higress-wasmplugin-test (RUST)	UNKNOWN STEP	2026-09-21T12:17:24.1850426Z Package 'php-aws-sdk' is not installed, so not removed
higress-wasmplugin-test (RUST)	UNKNOWN STEP	2026-09-21T12:17:24.1850702Z Package 'php-rollbar' is not installed, so not removed
higress-wasmplugin-test (RUST)	UNKNOWN STEP	2026-09-21T12:17:24.1850965Z Package 'php-console' is not installed, so not removed
higress-wasmplugin-test (RUST)	UNKNOWN STEP	2026-09-21T12:17:24.1851225Z Package 'php-wfio' is not installed, so not removed
higress-wasmplugin-test (RUST)	UNKNOWN STEP	2026-09-21T12:17:24.1851492Z Package 'php-dbase' is not installed, so not removed
higress-wasmplugin-test (RUST)	UNKNOWN STEP	2026-09-21T12:17:24.1851767Z Package 'php-libsodium' is not installed, so not removed
higress-wasmplugin-test (RUST)	UNKNOWN STEP	2026-09-21T12:17:24.1852049Z Package 'libphp-predis' is not installed, so not removed
higress-wasmplugin-test (RUST)	UNKNOWN STEP	2026-09-21T12:17:24.1852329Z Package 'php-phpiredis' is not installed, so not removed
higress-wasmplugin-test (RUST)	UNKNOWN STEP	2026-09-21T12:17:24.1852647Z Package 'php-ocramius-proxy-manager' is not installed, so not removed
higress-wasmplugin-test (RUST)	UNKNOWN STEP	2026-09-21T12:17:24.1853015Z Package 'php-zendframework-zend-stdlib' is not installed, so not removed
higress-wasmplugin-test (RUST)	UNKNOWN STEP	2026-09-21T12:17:24.1853356Z Package 'php-rhumsaa-uuid' is not installed, so not removed
higress-wasmplugin-test (RUST)	UNKNOWN STEP	2026-09-21T12:17:24.1853666Z Package 'php-moontoast-math' is not installed, so not removed
higress-wasmplugin-test (RUST)	UNKNOWN STEP	2026-09-21T12:17:24.1853993Z Package 'php-ramsey-uuid-console' is not installed, so not removed
higress-wasmplugin-test (RUST)	UNKNOWN STEP	2026-09-21T12:17:24.1854345Z Package 'php-ramsey-uuid-doctrine' is not installed, so not removed
higress-wasmplugin-test (RUST)	UNKNOWN STEP	2026-09-21T12:17:24.1854815Z Package 'php-paragonie-random-lib' is not installed, so not removed
higress-wasmplugin-test (RUST)	UNKNOWN STEP	2026-09-21T12:17:24.1855136Z Package 'php-crypt-blowfish' is not installed, so not removed
higress-wasmplugin-test (RUST)	UNKNOWN STEP	2026-09-21T12:17:24.1855430Z Package 'php-compat' is not installed, so not removed
higress-wasmplugin-test (RUST)	UNKNOWN STEP	2026-09-21T12:17:24.1855699Z Package 'php-cache' is not installed, so not removed
higress-wasmplugin-test (RUST)	UNKNOWN STEP	2026-09-21T12:17:24.1855974Z Package 'php-xml-serializer' is not installed, so not removed
higress-wasmplugin-test (RUST)	UNKNOWN STEP	2026-09-21T12:17:24.1856258Z Package 'libssh2-php' is not installed, so not removed
higress-wasmplugin-test (RUST)	UNKNOWN STEP	2026-09-21T12:17:24.1856578Z Package 'php-enqueue-messenger-adapter' is not installed, so not removed
higress-wasmplugin-test (RUST)	UNKNOWN STEP	2026-09-21T12:17:24.1856910Z Package 'php-numbers-words' is not installed, so not removed
higress-wasmplugin-test (RUST)	UNKNOWN STEP	2026-09-21T12:17:24.1857392Z Package 'php7.0-thrift' is not installed, so not removed
higress-wasmplugin-test (RUST)	UNKNOWN STEP	2026-09-21T12:17:24.1857669Z Package 'php7.2-thrift' is not installed, so not removed
higress-wasmplugin-test (RUST)	UNKNOWN STEP	2026-09-21T12:17:24.1857948Z Package 'php-net-idna' is not installed, so not removed
higress-wasmplugin-test (RUST)	UNKNOWN STEP	2026-09-21T12:17:24.1858226Z Package 'php-phpstan' is not installed, so not removed
higress-wasmplugin-test (RUST)	UNKNOWN STEP	2026-09-21T12:17:24.1858512Z Package 'php-vimeo-psalm' is not installed, so not removed
higress-wasmplugin-test (RUST)	UNKNOWN STEP	2026-09-21T12:17:24.1858869Z Package 'php-zendframework-zend-eventmanager' is not installed, so not removed
higress-wasmplugin-test (RUST)	UNKNOWN STEP	2026-09-21T12:17:24.1859242Z Package 'php-container-interop' is not installed, so not removed
higress-wasmplugin-test (RUST)	UNKNOWN STEP	2026-09-21T12:17:24.1859535Z Package 'php-recode' is not installed, so not removed
higress-wasmplugin-test (RUST)	UNKNOWN STEP	2026-09-21T12:17:24.1859801Z Package 'php-gd2' is not installed, so not removed
higress-wasmplugin-test (RUST)	UNKNOWN STEP	2026-09-21T12:17:24.1860119Z Package 'php-pragmarx-google2fa-qrcode' is not installed, so not removed
higress-wasmplugin-test (RUST)	UNKNOWN STEP	2026-09-21T12:17:24.1860482Z Package 'php-samyoul-u2f-php-server' is not installed, so not removed
higress-wasmplugin-test (RUST)	UNKNOWN STEP	2026-09-21T12:17:24.1860794Z Package 'php5-xsl' is not installed, so not removed
higress-wasmplugin-test (RUST)	UNKNOWN STEP	2026-09-21T12:17:24.1861065Z Package 'php5-imagick' is not installed, so not removed
higress-wasmplugin-test (RUST)	UNKNOWN STEP	2026-09-21T12:17:24.1861359Z Package 'php-endroid-qr-code' is not installed, so not removed
higress-wasmplugin-test (RUST)	UNKNOWN STEP	2026-09-21T12:17:24.1861817Z Package 'php-guzzlehttp-guzzle' is not installed, so not removed
higress-wasmplugin-test (RUST)	UNKNOWN STEP	2026-09-21T12:17:24.1862153Z Package 'php-bjeavons-zxcvbn-php' is not installed, so not removed
higress-wasmplugin-test (RUST)	UNKNOWN STEP	2026-09-21T12:17:24.1862459Z Package 'php7.4-fpm' is not installed, so not removed
higress-wasmplugin-test (RUST)	UNKNOWN STEP	2026-09-21T12:17:24.1862745Z Package 'libapache2-mod-php' is not installed, so not removed
higress-wasmplugin-test (RUST)	UNKNOWN STEP	2026-09-21T12:17:24.1863033Z Package 'php' is not installed, so not removed
higress-wasmplugin-test (RUST)	UNKNOWN STEP	2026-09-21T12:17:24.1863283Z Package 'php-all-dev' is not installed, so not removed
higress-wasmplugin-test (RUST)	UNKNOWN STEP	2026-09-21T12:17:24.1863543Z Package 'php-cgi' is not installed, so not removed
higress-wasmplugin-test (RUST)	UNKNOWN STEP	2026-09-21T12:17:24.1863791Z Package 'php-cli' is not installed, so not removed
higress-wasmplugin-test (RUST)	UNKNOWN STEP	2026-09-21T12:17:24.1864041Z Package 'php-curl' is not installed, so not removed
higress-wasmplugin-test (RUST)	UNKNOWN STEP	2026-09-21T12:17:24.1864288Z Package 'php-dev' is not installed, so not removed
higress-wasmplugin-test (RUST)	UNKNOWN STEP	2026-09-21T12:17:24.1864533Z Package 'php-gd' is not installed, so not removed
higress-wasmplugin-test (RUST)	UNKNOWN STEP	2026-09-21T12:17:24.1864784Z Package 'php-gmp' is not installed, so not removed
higress-wasmplugin-test (RUST)	UNKNOWN STEP	2026-09-21T12:17:24.1865041Z Package 'php-json' is not installed, so not removed
higress-wasmplugin-test (RUST)	UNKNOWN STEP	2026-09-21T12:17:24.1865302Z Package 'php-ldap' is not installed, so not removed
higress-wasmplugin-test (RUST)	UNKNOWN STEP	2026-09-21T12:17:24.1865558Z Package 'php-mysql' is not installed, so not removed
higress-wasmplugin-test (RUST)	UNKNOWN STEP	2026-09-21T12:17:24.1865844Z Package 'php-odbc' is not installed, so not removed
higress-wasmplugin-test (RUST)	UNKNOWN STEP	2026-09-21T12:17:24.1866104Z Package 'php-pgsql' is not installed, so not removed
higress-wasmplugin-test (RUST)	UNKNOWN STEP	2026-09-21T12:17:24.1866369Z Package 'php-pspell' is not installed, so not removed
higress-wasmplugin-test (RUST)	UNKNOWN STEP	2026-09-21T12:17:24.1866625Z Package 'php-snmp' is not installed, so not removed
higress-wasmplugin-test (RUST)	UNKNOWN STEP	2026-09-21T12:17:24.1866882Z Package 'php-sqlite3' is not installed, so not removed
higress-wasmplugin-test (RUST)	UNKNOWN STEP	2026-09-21T12:17:24.1867349Z Package 'php-tidy' is not installed, so not removed
higress-wasmplugin-test (RUST)	UNKNOWN STEP	2026-09-21T12:17:24.1867613Z Package 'php-xml' is not installed, so not removed
higress-wasmplugin-test (RUST)	UNKNOWN STEP	2026-09-21T12:17:24.1867890Z Package 'pkg-php-tools' is not installed, so not removed
higress-wasmplugin-test (RUST)	UNKNOWN STEP	2026-09-21T12:17:24.1868156Z Package 'cakephp' is not installed, so not removed
higress-wasmplugin-test (RUST)	UNKNOWN STEP	2026-09-21T12:17:24.1868432Z Package 'cakephp-scripts' is not installed, so not removed
higress-wasmplugin-test (RUST)	UNKNOWN STEP	2026-09-21T12:17:24.1868826Z Package 'dh-php' is not installed, so not removed
higress-wasmplugin-test (RUST)	UNKNOWN STEP	2026-09-21T12:17:24.1869093Z Package 'elpa-php-mode' is not installed, so not removed
higress-wasmplugin-test (RUST)	UNKNOWN STEP	2026-09-21T12:17:24.1869442Z Package 'golang-github-phpdave11-gofpdi-dev' is not installed, so not removed
higress-wasmplugin-test (RUST)	UNKNOWN STEP	2026-09-21T12:17:24.1869805Z Package 'gosa-plugin-phpgw' is not installed, so not removed
higress-wasmplugin-test (RUST)	UNKNOWN STEP	2026-09-21T12:17:24.1870126Z Package 'gosa-plugin-phpgw-schema' is not installed, so not removed
higress-wasmplugin-test (RUST)	UNKNOWN STEP	2026-09-21T12:17:24.1870469Z Package 'gosa-plugin-phpscheduleit' is not installed, so not removed
higress-wasmplugin-test (RUST)	UNKNOWN STEP	2026-09-21T12:17:24.1870845Z Package 'gosa-plugin-phpscheduleit-schema' is not installed, so not removed
higress-wasmplugin-test (RUST)	UNKNOWN STEP	2026-09-21T12:17:24.1871197Z Package 'icinga-php-library' is not installed, so not removed
higress-wasmplugin-test (RUST)	UNKNOWN STEP	2026-09-21T12:17:24.1871515Z Package 'icinga-php-thirdparty' is not installed, so not removed
higress-wasmplugin-test (RUST)	UNKNOWN STEP	2026-09-21T12:17:24.1871817Z Package 'kdevelop-php' is not installed, so not removed
higress-wasmplugin-test (RUST)	UNKNOWN STEP	2026-09-21T12:17:24.1872107Z Package 'kdevelop-php-l10n' is not installed, so not removed
higress-wasmplugin-test (RUST)	UNKNOWN STEP	2026-09-21T12:17:24.1872394Z Package 'libawl-php' is not installed, so not removed
higress-wasmplugin-test (RUST)	UNKNOWN STEP	2026-09-21T12:17:24.1872736Z Package 'libhtml-wikiconverter-phpwiki-perl' is not installed, so not removed
higress-wasmplugin-test (RUST)	UNKNOWN STEP	2026-09-21T12:17:24.1873116Z Package 'libjs-php-date-formatter' is not installed, so not removed
higress-wasmplugin-test (RUST)	UNKNOWN STEP	2026-09-21T12:17:24.1873437Z Package 'libmarkdown-php' is not installed, so not removed
higress-wasmplugin-test (RUST)	UNKNOWN STEP	2026-09-21T12:17:24.1873738Z Package 'libnusoap-php' is not installed, so not removed
higress-wasmplugin-test (RUST)	UNKNOWN STEP	2026-09-21T12:17:24.1874009Z Package 'libow-php7' is not installed, so not removed
higress-wasmplugin-test (RUST)	UNKNOWN STEP	2026-09-21T12:17:24.1874277Z Package 'libownet-php' is not installed, so not removed
higress-wasmplugin-test (RUST)	UNKNOWN STEP	2026-09-21T12:17:24.1874546Z Package 'libphp-embed' is not installed, so not removed
higress-wasmplugin-test (RUST)	UNKNOWN STEP	2026-09-21T12:17:24.1874820Z Package 'libphp-jabber' is not installed, so not removed
higress-wasmplugin-test (RUST)	UNKNOWN STEP	2026-09-21T12:17:24.1875102Z Package 'libphp-jpgraph' is not installed, so not removed
higress-wasmplugin-test (RUST)	UNKNOWN STEP	2026-09-21T12:17:24.1875415Z Package 'libphp-jpgraph-examples' is not installed, so not removed
higress-wasmplugin-test (RUST)	UNKNOWN STEP	2026-09-21T12:17:24.1875847Z Package 'libphp-phpmailer' is not installed, so not removed
higress-wasmplugin-test (RUST)	UNKNOWN STEP	2026-09-21T12:17:24.1876183Z Package 'libphp-serialization-perl' is not installed, so not removed
higress-wasmplugin-test (RUST)	UNKNOWN STEP	2026-09-21T12:17:24.1876512Z Package 'libphp-simplepie' is not installed, so not removed
higress-wasmplugin-test (RUST)	UNKNOWN STEP	2026-09-21T12:17:24.1876800Z Package 'libphp-snoopy' is not installed, so not removed
higress-wasmplugin-test (RUST)	UNKNOWN STEP	2026-09-21T12:17:24.1877200Z Package 'libphpy-dev' is not installed, so not removed
higress-wasmplugin-test (RUST)	UNKNOWN STEP	2026-09-21T12:17:24.1877509Z Package 'libphpy1' is not installed, so not removed
higress-wasmplugin-test (RUST)	UNKNOWN STEP	2026-09-21T12:17:24.1877789Z Package 'libsparkline-php' is not installed, so not removed
higress-wasmplugin-test (RUST)	UNKNOWN STEP	2026-09-21T12:17:24.1878084Z Package 'libxrdcephposix0' is not installed, so not removed
higress-wasmplugin-test (RUST)	UNKNOWN STEP	2026-09-21T12:17:24.1878375Z Package 'mlmmj-php-web' is not installed, so not removed
higress-wasmplugin-test (RUST)	UNKNOWN STEP	2026-09-21T12:17:24.1878673Z Package 'mlmmj-php-web-admin' is not installed, so not removed
higress-wasmplugin-test (RUST)	UNKNOWN STEP	2026-09-21T12:17:24.1878965Z Package 'php-amqp' is not installed, so not removed
higress-wasmplugin-test (RUST)	UNKNOWN STEP	2026-09-21T12:17:24.1879252Z Package 'php-amqp-all-dev' is not installed, so not removed
higress-wasmplugin-test (RUST)	UNKNOWN STEP	2026-09-21T12:17:24.1879536Z Package 'php-amqplib' is not installed, so not removed
higress-wasmplugin-test (RUST)	UNKNOWN STEP	2026-09-21T12:17:24.1879797Z Package 'php-apcu' is not installed, so not removed
higress-wasmplugin-test (RUST)	UNKNOWN STEP	2026-09-21T12:17:24.1880067Z Package 'php-apcu-all-dev' is not installed, so not removed
higress-wasmplugin-test (RUST)	UNKNOWN STEP	2026-09-21T12:17:24.1880413Z Package 'php-arthurhoaro-web-thumbnailer' is not installed, so not removed
higress-wasmplugin-test (RUST)	UNKNOWN STEP	2026-09-21T12:17:24.1880739Z Package 'php-ast' is not installed, so not removed
higress-wasmplugin-test (RUST)	UNKNOWN STEP	2026-09-21T12:17:24.1881013Z Package 'php-ast-all-dev' is not installed, so not removed
higress-wasmplugin-test (RUST)	UNKNOWN STEP	2026-09-21T12:17:24.1881314Z Package 'php-async-aws-core' is not installed, so not removed
higress-wasmplugin-test (RUST)	UNKNOWN STEP	2026-09-21T12:17:24.1881616Z Package 'php-async-aws-ses' is not installed, so not removed
higress-wasmplugin-test (RUST)	UNKNOWN STEP	2026-09-21T12:17:24.1881926Z Package 'php-async-aws-sns' is not installed, so not removed
higress-wasmplugin-test (RUST)	UNKNOWN STEP	2026-09-21T12:17:24.1882219Z Package 'php-async-aws-sqs' is not installed, so not removed
higress-wasmplugin-test (RUST)	UNKNOWN STEP	2026-09-21T12:17:24.1882510Z Package 'php-auth-sasl' is not installed, so not removed
higress-wasmplugin-test (RUST)	UNKNOWN STEP	2026-09-21T12:17:24.1882798Z Package 'php-bacon-qr-code' is not installed, so not removed
higress-wasmplugin-test (RUST)	UNKNOWN STEP	2026-09-21T12:17:24.1883201Z Package 'php-bcmath' is not installed, so not removed
higress-wasmplugin-test (RUST)	UNKNOWN STEP	2026-09-21T12:17:24.1883478Z Package 'php-bz2' is not installed, so not removed
higress-wasmplugin-test (RUST)	UNKNOWN STEP	2026-09-21T12:17:24.1883783Z Package 'php-cache-integration-tests' is not installed, so not removed
higress-wasmplugin-test (RUST)	UNKNOWN STEP	2026-09-21T12:17:24.1884108Z Package 'php-cache-lite' is not installed, so not removed
higress-wasmplugin-test (RUST)	UNKNOWN STEP	2026-09-21T12:17:24.1884412Z Package 'php-cache-tag-interop' is not installed, so not removed
higress-wasmplugin-test (RUST)	UNKNOWN STEP	2026-09-21T12:17:24.1884722Z Package 'php-codecoverage' is not installed, so not removed
higress-wasmplugin-test (RUST)	UNKNOWN STEP	2026-09-21T12:17:24.1885016Z Package 'php-codesniffer' is not installed, so not removed
higress-wasmplugin-test (RUST)	UNKNOWN STEP	2026-09-21T12:17:24.1885325Z Package 'php-composer-ca-bundle' is not installed, so not removed
higress-wasmplugin-test (RUST)	UNKNOWN STEP	2026-09-21T12:17:24.1885681Z Package 'php-composer-metadata-minifier' is not installed, so not removed
higress-wasmplugin-test (RUST)	UNKNOWN STEP	2026-09-21T12:17:24.1886222Z Package 'php-composer-pcre' is not installed, so not removed
higress-wasmplugin-test (RUST)	UNKNOWN STEP	2026-09-21T12:17:24.1886678Z Package 'php-composer-semver' is not installed, so not removed
higress-wasmplugin-test (RUST)	UNKNOWN STEP	2026-09-21T12:17:24.1887291Z Package 'php-composer-spdx-licenses' is not installed, so not removed
higress-wasmplugin-test (RUST)	UNKNOWN STEP	2026-09-21T12:17:24.1887859Z Package 'php-composer-xdebug-handler' is not installed, so not removed
higress-wasmplugin-test (RUST)	UNKNOWN STEP	2026-09-21T12:17:24.1888415Z Package 'php-console-commandline' is not installed, so not removed
higress-wasmplugin-test (RUST)	UNKNOWN STEP	2026-09-21T12:17:24.1888919Z Package 'php-console-table' is not installed, so not removed
higress-wasmplugin-test (RUST)	UNKNOWN STEP	2026-09-21T12:17:24.1889404Z Package 'php-constant-time' is not installed, so not removed
higress-wasmplugin-test (RUST)	UNKNOWN STEP	2026-09-21T12:17:24.1889873Z Package 'php-crypt-gpg' is not installed, so not removed
higress-wasmplugin-test (RUST)	UNKNOWN STEP	2026-09-21T12:17:24.1890333Z Package 'php-dapphp-radius' is not installed, so not removed
higress-wasmplugin-test (RUST)	UNKNOWN STEP	2026-09-21T12:17:24.1890826Z Package 'php-dasprid-enum' is not installed, so not removed
higress-wasmplugin-test (RUST)	UNKNOWN STEP	2026-09-21T12:17:24.1891247Z Package 'php-date' is not installed, so not removed
higress-wasmplugin-test (RUST)	UNKNOWN STEP	2026-09-21T12:17:24.1891646Z Package 'php-db' is not installed, so not removed
higress-wasmplugin-test (RUST)	UNKNOWN STEP	2026-09-21T12:17:24.1892064Z Package 'php-deepcopy' is not installed, so not removed
higress-wasmplugin-test (RUST)	UNKNOWN STEP	2026-09-21T12:17:24.1892757Z Package 'php-directory-scanner' is not installed, so not removed
higress-wasmplugin-test (RUST)	UNKNOWN STEP	2026-09-21T12:17:24.1893310Z Package 'php-doctrine-annotations' is not installed, so not removed
higress-wasmplugin-test (RUST)	UNKNOWN STEP	2026-09-21T12:17:24.1893860Z Package 'php-doctrine-cache' is not installed, so not removed
higress-wasmplugin-test (RUST)	UNKNOWN STEP	2026-09-21T12:17:24.1894408Z Package 'php-doctrine-collections' is not installed, so not removed
higress-wasmplugin-test (RUST)	UNKNOWN STEP	2026-09-21T12:17:24.1894955Z Package 'php-doctrine-common' is not installed, so not removed
higress-wasmplugin-test (RUST)	UNKNOWN STEP	2026-09-21T12:17:24.1895522Z Package 'php-doctrine-data-fixtures' is not installed, so not removed
higress-wasmplugin-test (RUST)	UNKNOWN STEP	2026-09-21T12:17:24.1895927Z Package 'php-doctrine-dbal' is not installed, so not removed
higress-wasmplugin-test (RUST)	UNKNOWN STEP	2026-09-21T12:17:24.1896265Z Package 'php-doctrine-deprecations' is not installed, so not removed
higress-wasmplugin-test (RUST)	UNKNOWN STEP	2026-09-21T12:17:24.1896622Z Package 'php-doctrine-event-manager' is not installed, so not removed
higress-wasmplugin-test (RUST)	UNKNOWN STEP	2026-09-21T12:17:24.1896965Z Package 'php-doctrine-inflector' is not installed, so not removed
higress-wasmplugin-test (RUST)	UNKNOWN STEP	2026-09-21T12:17:24.1897515Z Package 'php-doctrine-instantiator' is not installed, so not removed
higress-wasmplugin-test (RUST)	UNKNOWN STEP	2026-09-21T12:17:24.1897846Z Package 'php-doctrine-lexer' is not installed, so not removed
higress-wasmplugin-test (RUST)	UNKNOWN STEP	2026-09-21T12:17:24.1898155Z Package 'php-doctrine-orm' is not installed, so not removed
higress-wasmplugin-test (RUST)	UNKNOWN STEP	2026-09-21T12:17:24.1898485Z Package 'php-doctrine-persistence' is not installed, so not removed
higress-wasmplugin-test (RUST)	UNKNOWN STEP	2026-09-21T12:17:24.1898827Z Package 'php-doctrine-reflection' is not installed, so not removed
higress-wasmplugin-test (RUST)	UNKNOWN STEP	2026-09-21T12:17:24.1899195Z Package 'php-dragonmantank-cron-expression' is not installed, so not removed
higress-wasmplugin-test (RUST)	UNKNOWN STEP	2026-09-21T12:17:24.1899528Z Package 'php-ds' is not installed, so not removed
higress-wasmplugin-test (RUST)	UNKNOWN STEP	2026-09-21T12:17:24.1899804Z Package 'php-ds-all-dev' is not installed, so not removed
higress-wasmplugin-test (RUST)	UNKNOWN STEP	2026-09-21T12:17:24.1900087Z Package 'php-easyrdf' is not installed, so not removed
higress-wasmplugin-test (RUST)	UNKNOWN STEP	2026-09-21T12:17:24.1900378Z Package 'php-email-validator' is not installed, so not removed
higress-wasmplugin-test (RUST)	UNKNOWN STEP	2026-09-21T12:17:24.1900669Z Package 'php-enchant' is not installed, so not removed
higress-wasmplugin-test (RUST)	UNKNOWN STEP	2026-09-21T12:17:24.1900934Z Package 'php-excimer' is not installed, so not removed
higress-wasmplugin-test (RUST)	UNKNOWN STEP	2026-09-21T12:17:24.1901218Z Package 'php-facedetect' is not installed, so not removed
higress-wasmplugin-test (RUST)	UNKNOWN STEP	2026-09-21T12:17:24.1901689Z Package 'php-fdomdocument' is not installed, so not removed
higress-wasmplugin-test (RUST)	UNKNOWN STEP	2026-09-21T12:17:24.1901987Z Package 'php-fig-link-util' is not installed, so not removed
higress-wasmplugin-test (RUST)	UNKNOWN STEP	2026-09-21T12:17:24.1902288Z Package 'php-file-iterator' is not installed, so not removed
higress-wasmplugin-test (RUST)	UNKNOWN STEP	2026-09-21T12:17:24.1902585Z Package 'php-finder-facade' is not installed, so not removed
higress-wasmplugin-test (RUST)	UNKNOWN STEP	2026-09-21T12:17:24.1902892Z Package 'php-finder-facade-doc' is not installed, so not removed
higress-wasmplugin-test (RUST)	UNKNOWN STEP	2026-09-21T12:17:24.1903198Z Package 'php-font-lib' is not installed, so not removed
higress-wasmplugin-test (RUST)	UNKNOWN STEP	2026-09-21T12:17:24.1903465Z Package 'php-fpdf' is not installed, so not removed
higress-wasmplugin-test (RUST)	UNKNOWN STEP	2026-09-21T12:17:24.1903727Z Package 'php-fpm' is not installed, so not removed
higress-wasmplugin-test (RUST)	UNKNOWN STEP	2026-09-21T12:17:24.1903996Z Package 'php-fxsl' is not installed, so not removed
higress-wasmplugin-test (RUST)	UNKNOWN STEP	2026-09-21T12:17:24.1904265Z Package 'php-gearman' is not installed, so not removed
higress-wasmplugin-test (RUST)	UNKNOWN STEP	2026-09-21T12:17:24.1904561Z Package 'php-gearman-all-dev' is not installed, so not removed
higress-wasmplugin-test (RUST)	UNKNOWN STEP	2026-09-21T12:17:24.1904854Z Package 'php-geos' is not installed, so not removed
higress-wasmplugin-test (RUST)	UNKNOWN STEP	2026-09-21T12:17:24.1905121Z Package 'php-geshi' is not installed, so not removed
higress-wasmplugin-test (RUST)	UNKNOWN STEP	2026-09-21T12:17:24.1905403Z Package 'php-getallheaders' is not installed, so not removed
higress-wasmplugin-test (RUST)	UNKNOWN STEP	2026-09-21T12:17:24.1905691Z Package 'php-getid3' is not installed, so not removed
higress-wasmplugin-test (RUST)	UNKNOWN STEP	2026-09-21T12:17:24.1905986Z Package 'php-gettext-languages' is not installed, so not removed
higress-wasmplugin-test (RUST)	UNKNOWN STEP	2026-09-21T12:17:24.1906295Z Package 'php-gmagick' is not installed, so not removed
higress-wasmplugin-test (RUST)	UNKNOWN STEP	2026-09-21T12:17:24.1906615Z Package 'php-gmagick-all-dev' is not installed, so not removed
higress-wasmplugin-test (RUST)	UNKNOWN STEP	2026-09-21T12:17:24.1906905Z Package 'php-gnupg' is not installed, so not removed
higress-wasmplugin-test (RUST)	UNKNOWN STEP	2026-09-21T12:17:24.1907358Z Package 'php-gnupg-all-dev' is not installed, so not removed
higress-wasmplugin-test (RUST)	UNKNOWN STEP	2026-09-21T12:17:24.1907675Z Package 'php-google-recaptcha' is not installed, so not removed
higress-wasmplugin-test (RUST)	UNKNOWN STEP	2026-09-21T12:17:24.1907973Z Package 'php-guestfs' is not installed, so not removed
higress-wasmplugin-test (RUST)	UNKNOWN STEP	2026-09-21T12:17:24.1908401Z Package 'php-guzzlehttp-promises' is not installed, so not removed
higress-wasmplugin-test (RUST)	UNKNOWN STEP	2026-09-21T12:17:24.1908751Z Package 'php-guzzlehttp-psr7' is not installed, so not removed
higress-wasmplugin-test (RUST)	UNKNOWN STEP	2026-09-21T12:17:24.1909055Z Package 'php-hamcrest' is not installed, so not removed
higress-wasmplugin-test (RUST)	UNKNOWN STEP	2026-09-21T12:17:24.1909416Z Package 'php-htmlawed' is not installed, so not removed
higress-wasmplugin-test (RUST)	UNKNOWN STEP	2026-09-21T12:17:24.1909706Z Package 'php-htmlpurifier' is not installed, so not removed
higress-wasmplugin-test (RUST)	UNKNOWN STEP	2026-09-21T12:17:24.1909990Z Package 'php-http' is not installed, so not removed
higress-wasmplugin-test (RUST)	UNKNOWN STEP	2026-09-21T12:17:24.1910270Z Package 'php-http-all-dev' is not installed, so not removed
higress-wasmplugin-test (RUST)	UNKNOWN STEP	2026-09-21T12:17:24.1910561Z Package 'php-http-httplug' is not installed, so not removed
higress-wasmplugin-test (RUST)	UNKNOWN STEP	2026-09-21T12:17:24.1910915Z Package 'php-http-interop-http-factory-tests' is not installed, so not removed
higress-wasmplugin-test (RUST)	UNKNOWN STEP	2026-09-21T12:17:24.1911299Z Package 'php-http-message-factory' is not installed, so not removed
higress-wasmplugin-test (RUST)	UNKNOWN STEP	2026-09-21T12:17:24.1911613Z Package 'php-http-promise' is not installed, so not removed
higress-wasmplugin-test (RUST)	UNKNOWN STEP	2026-09-21T12:17:24.1911957Z Package 'php-http-psr7-integration-tests' is not installed, so not removed
higress-wasmplugin-test (RUST)	UNKNOWN STEP	2026-09-21T12:17:24.1912300Z Package 'php-http-request' is not installed, so not removed
higress-wasmplugin-test (RUST)	UNKNOWN STEP	2026-09-21T12:17:24.1912614Z Package 'php-http-request2' is not installed, so not removed
higress-wasmplugin-test (RUST)	UNKNOWN STEP	2026-09-21T12:17:24.1912929Z Package 'php-http-webdav-server' is not installed, so not removed
higress-wasmplugin-test (RUST)	UNKNOWN STEP	2026-09-21T12:17:24.1913234Z Package 'php-httpful' is not installed, so not removed
higress-wasmplugin-test (RUST)	UNKNOWN STEP	2026-09-21T12:17:24.1913507Z Package 'php-icinga' is not installed, so not removed
higress-wasmplugin-test (RUST)	UNKNOWN STEP	2026-09-21T12:17:24.1913776Z Package 'php-igbinary' is not installed, so not removed
higress-wasmplugin-test (RUST)	UNKNOWN STEP	2026-09-21T12:17:24.1914078Z Package 'php-igbinary-all-dev' is not installed, so not removed
higress-wasmplugin-test (RUST)	UNKNOWN STEP	2026-09-21T12:17:24.1914392Z Package 'php-image-text' is not installed, so not removed
higress-wasmplugin-test (RUST)	UNKNOWN STEP	2026-09-21T12:17:24.1914675Z Package 'php-imagick' is not installed, so not removed
higress-wasmplugin-test (RUST)	UNKNOWN STEP	2026-09-21T12:17:24.1914970Z Package 'php-imagick-all-dev' is not installed, so not removed
higress-wasmplugin-test (RUST)	UNKNOWN STEP	2026-09-21T12:17:24.1915255Z Package 'php-imap' is not installed, so not removed
higress-wasmplugin-test (RUST)	UNKNOWN STEP	2026-09-21T12:17:24.1915533Z Package 'php-interbase' is not installed, so not removed
higress-wasmplugin-test (RUST)	UNKNOWN STEP	2026-09-21T12:17:24.1916226Z Package 'php-intl' is not installed, so not removed
higress-wasmplugin-test (RUST)	UNKNOWN STEP	2026-09-21T12:17:24.1916641Z Package 'php-invoker' is not installed, so not removed
higress-wasmplugin-test (RUST)	UNKNOWN STEP	2026-09-21T12:17:24.1917226Z Package 'php-json-schema' is not installed, so not removed
higress-wasmplugin-test (RUST)	UNKNOWN STEP	2026-09-21T12:17:24.1917696Z Package 'php-klogger' is not installed, so not removed
higress-wasmplugin-test (RUST)	UNKNOWN STEP	2026-09-21T12:17:24.1918194Z Package 'php-league-commonmark' is not installed, so not removed
higress-wasmplugin-test (RUST)	UNKNOWN STEP	2026-09-21T12:17:24.1918722Z Package 'php-league-flysystem' is not installed, so not removed
higress-wasmplugin-test (RUST)	UNKNOWN STEP	2026-09-21T12:17:24.1919146Z Package 'php-league-html-to-markdown' is not installed, so not removed
higress-wasmplugin-test (RUST)	UNKNOWN STEP	2026-09-21T12:17:24.1919522Z Package 'php-league-mime-type-detection' is not installed, so not removed
higress-wasmplugin-test (RUST)	UNKNOWN STEP	2026-09-21T12:17:24.1919873Z Package 'php-letodms-core' is not installed, so not removed
higress-wasmplugin-test (RUST)	UNKNOWN STEP	2026-09-21T12:17:24.1920178Z Package 'php-libvirt-php' is not installed, so not removed
higress-wasmplugin-test (RUST)	UNKNOWN STEP	2026-09-21T12:17:24.1920462Z Package 'php-log' is not installed, so not removed
higress-wasmplugin-test (RUST)	UNKNOWN STEP	2026-09-21T12:17:24.1920753Z Package 'php-lorenzo-pinky' is not installed, so not removed
higress-wasmplugin-test (RUST)	UNKNOWN STEP	2026-09-21T12:17:24.1921063Z Package 'php-luasandbox' is not installed, so not removed
higress-wasmplugin-test (RUST)	UNKNOWN STEP	2026-09-21T12:17:24.1921339Z Package 'php-mail' is not installed, so not removed
higress-wasmplugin-test (RUST)	UNKNOWN STEP	2026-09-21T12:17:24.1921618Z Package 'php-mail-mime' is not installed, so not removed
higress-wasmplugin-test (RUST)	UNKNOWN STEP	2026-09-21T12:17:24.1921913Z Package 'php-mailparse' is not installed, so not removed
higress-wasmplugin-test (RUST)	UNKNOWN STEP	2026-09-21T12:17:24.1922211Z Package 'php-mailparse-all-dev' is not installed, so not removed
higress-wasmplugin-test (RUST)	UNKNOWN STEP	2026-09-21T12:17:24.1922527Z Package 'php-malkusch-lock' is not installed, so not removed
higress-wasmplugin-test (RUST)	UNKNOWN STEP	2026-09-21T12:17:24.1922835Z Package 'php-mariadb-mysql-kbs' is not installed, so not removed
higress-wasmplugin-test (RUST)	UNKNOWN STEP	2026-09-21T12:17:24.1923155Z Package 'php-masterminds-html5' is not installed, so not removed
higress-wasmplugin-test (RUST)	UNKNOWN STEP	2026-09-21T12:17:24.1923451Z Package 'php-mbstring' is not installed, so not removed
higress-wasmplugin-test (RUST)	UNKNOWN STEP	2026-09-21T12:17:24.1923720Z Package 'php-mdb2' is not installed, so not removed
higress-wasmplugin-test (RUST)	UNKNOWN STEP	2026-09-21T12:17:24.1924205Z Package 'php-mdb2-driver-mysql' is not installed, so not removed
higress-wasmplugin-test (RUST)	UNKNOWN STEP	2026-09-21T12:17:24.1924541Z Package 'php-mdb2-driver-pgsql' is not installed, so not removed
higress-wasmplugin-test (RUST)	UNKNOWN STEP	2026-09-21T12:17:24.1924852Z Package 'php-memcache' is not installed, so not removed
higress-wasmplugin-test (RUST)	UNKNOWN STEP	2026-09-21T12:17:24.1925149Z Package 'php-memcache-all-dev' is not installed, so not removed
higress-wasmplugin-test (RUST)	UNKNOWN STEP	2026-09-21T12:17:24.1925453Z Package 'php-memcached' is not installed, so not removed
higress-wasmplugin-test (RUST)	UNKNOWN STEP	2026-09-21T12:17:24.1925749Z Package 'php-memcached-all-dev' is not installed, so not removed
higress-wasmplugin-test (RUST)	UNKNOWN STEP	2026-09-21T12:17:24.1926034Z Package 'php-mf2' is not installed, so not removed
higress-wasmplugin-test (RUST)	UNKNOWN STEP	2026-09-21T12:17:24.1926321Z Package 'php-mikey179-vfsstream' is not installed, so not removed
higress-wasmplugin-test (RUST)	UNKNOWN STEP	2026-09-21T12:17:24.1926624Z Package 'php-mime-type' is not installed, so not removed
higress-wasmplugin-test (RUST)	UNKNOWN STEP	2026-09-21T12:17:24.1926887Z Package 'php-mock' is not installed, so not removed
higress-wasmplugin-test (RUST)	UNKNOWN STEP	2026-09-21T12:17:24.1927389Z Package 'php-mock-integration' is not installed, so not removed
higress-wasmplugin-test (RUST)	UNKNOWN STEP	2026-09-21T12:17:24.1927722Z Package 'php-mock-phpunit' is not installed, so not removed
higress-wasmplugin-test (RUST)	UNKNOWN STEP	2026-09-21T12:17:24.1928016Z Package 'php-mockery' is not installed, so not removed
higress-wasmplugin-test (RUST)	UNKNOWN STEP	2026-09-21T12:17:24.1928302Z Package 'php-mockery-doc' is not installed, so not removed
higress-wasmplugin-test (RUST)	UNKNOWN STEP	2026-09-21T12:17:24.1928587Z Package 'php-mongodb' is not installed, so not removed
higress-wasmplugin-test (RUST)	UNKNOWN STEP	2026-09-21T12:17:24.1928880Z Package 'php-mongodb-all-dev' is not installed, so not removed
higress-wasmplugin-test (RUST)	UNKNOWN STEP	2026-09-21T12:17:24.1929168Z Package 'php-monolog' is not installed, so not removed
higress-wasmplugin-test (RUST)	UNKNOWN STEP	2026-09-21T12:17:24.1929434Z Package 'php-msgpack' is not installed, so not removed
higress-wasmplugin-test (RUST)	UNKNOWN STEP	2026-09-21T12:17:24.1929718Z Package 'php-msgpack-all-dev' is not installed, so not removed
higress-wasmplugin-test (RUST)	UNKNOWN STEP	2026-09-21T12:17:24.1930012Z Package 'php-net-dime' is not installed, so not removed
higress-wasmplugin-test (RUST)	UNKNOWN STEP	2026-09-21T12:17:24.1930291Z Package 'php-net-dns2' is not installed, so not removed
higress-wasmplugin-test (RUST)	UNKNOWN STEP	2026-09-21T12:17:24.1930567Z Package 'php-net-ftp' is not installed, so not removed
higress-wasmplugin-test (RUST)	UNKNOWN STEP	2026-09-21T12:17:24.1930845Z Package 'php-net-imap' is not installed, so not removed
higress-wasmplugin-test (RUST)	UNKNOWN STEP	2026-09-21T12:17:24.1931121Z Package 'php-net-ipv6' is not installed, so not removed
higress-wasmplugin-test (RUST)	UNKNOWN STEP	2026-09-21T12:17:24.1931404Z Package 'php-net-ldap2' is not installed, so not removed
higress-wasmplugin-test (RUST)	UNKNOWN STEP	2026-09-21T12:17:24.1931881Z Package 'php-net-ldap3' is not installed, so not removed
higress-wasmplugin-test (RUST)	UNKNOWN STEP	2026-09-21T12:17:24.1932153Z Package 'php-net-nntp' is not installed, so not removed
higress-wasmplugin-test (RUST)	UNKNOWN STEP	2026-09-21T12:17:24.1932447Z Package 'php-net-publicsuffix' is not installed, so not removed
higress-wasmplugin-test (RUST)	UNKNOWN STEP	2026-09-21T12:17:24.1932749Z Package 'php-net-sieve' is not installed, so not removed
higress-wasmplugin-test (RUST)	UNKNOWN STEP	2026-09-21T12:17:24.1933031Z Package 'php-net-smtp' is not installed, so not removed
higress-wasmplugin-test (RUST)	UNKNOWN STEP	2026-09-21T12:17:24.1933310Z Package 'php-net-socket' is not installed, so not removed
higress-wasmplugin-test (RUST)	UNKNOWN STEP	2026-09-21T12:17:24.1933592Z Package 'php-net-url' is not installed, so not removed
higress-wasmplugin-test (RUST)	UNKNOWN STEP	2026-09-21T12:17:24.1933859Z Package 'php-net-url2' is not installed, so not removed
higress-wasmplugin-test (RUST)	UNKNOWN STEP	2026-09-21T12:17:24.1934128Z Package 'php-net-whois' is not installed, so not removed
higress-wasmplugin-test (RUST)	UNKNOWN STEP	2026-09-21T12:17:24.1934451Z Package 'php-netscape-bookmark-parser' is not installed, so not removed
higress-wasmplugin-test (RUST)	UNKNOWN STEP	2026-09-21T12:17:24.1934808Z Package 'php-nikic-fast-route' is not installed, so not removed
higress-wasmplugin-test (RUST)	UNKNOWN STEP	2026-09-21T12:17:24.1935115Z Package 'php-nrk-predis' is not installed, so not removed
higress-wasmplugin-test (RUST)	UNKNOWN STEP	2026-09-21T12:17:24.1935407Z Package 'php-nyholm-psr7' is not installed, so not removed
higress-wasmplugin-test (RUST)	UNKNOWN STEP	2026-09-21T12:17:24.1935694Z Package 'php-oauth' is not installed, so not removed
higress-wasmplugin-test (RUST)	UNKNOWN STEP	2026-09-21T12:17:24.1935982Z Package 'php-oauth-all-dev' is not installed, so not removed
higress-wasmplugin-test (RUST)	UNKNOWN STEP	2026-09-21T12:17:24.1936284Z Package 'php-opis-closure' is not installed, so not removed
higress-wasmplugin-test (RUST)	UNKNOWN STEP	2026-09-21T12:17:24.1936576Z Package 'php-parsedown' is not installed, so not removed
higress-wasmplugin-test (RUST)	UNKNOWN STEP	2026-09-21T12:17:24.1936874Z Package 'php-parsedown-extra' is not installed, so not removed
higress-wasmplugin-test (RUST)	UNKNOWN STEP	2026-09-21T12:17:24.1937360Z Package 'php-parser' is not installed, so not removed
higress-wasmplugin-test (RUST)	UNKNOWN STEP	2026-09-21T12:17:24.1937652Z Package 'php-patchwork-utf8' is not installed, so not removed
higress-wasmplugin-test (RUST)	UNKNOWN STEP	2026-09-21T12:17:24.1937936Z Package 'php-pclzip' is not installed, so not removed
higress-wasmplugin-test (RUST)	UNKNOWN STEP	2026-09-21T12:17:24.1938200Z Package 'php-pcov' is not installed, so not removed
higress-wasmplugin-test (RUST)	UNKNOWN STEP	2026-09-21T12:17:24.1938605Z Package 'php-pcov-all-dev' is not installed, so not removed
higress-wasmplugin-test (RUST)	UNKNOWN STEP	2026-09-21T12:17:24.1938917Z Package 'php-pda-pheanstalk' is not installed, so not removed
higress-wasmplugin-test (RUST)	UNKNOWN STEP	2026-09-21T12:17:24.1939226Z Package 'php-phar-io-manifest' is not installed, so not removed
higress-wasmplugin-test (RUST)	UNKNOWN STEP	2026-09-21T12:17:24.1939537Z Package 'php-phar-io-version' is not installed, so not removed
higress-wasmplugin-test (RUST)	UNKNOWN STEP	2026-09-21T12:17:24.1939835Z Package 'php-php-gettext' is not installed, so not removed
higress-wasmplugin-test (RUST)	UNKNOWN STEP	2026-09-21T12:17:24.1940122Z Package 'php-phpdbg' is not installed, so not removed
higress-wasmplugin-test (RUST)	UNKNOWN STEP	2026-09-21T12:17:24.1940466Z Package 'php-phpdocumentor-reflection-common' is not installed, so not removed
higress-wasmplugin-test (RUST)	UNKNOWN STEP	2026-09-21T12:17:24.1940895Z Package 'php-phpdocumentor-reflection-docblock' is not installed, so not removed
higress-wasmplugin-test (RUST)	UNKNOWN STEP	2026-09-21T12:17:24.1941303Z Package 'php-phpdocumentor-type-resolver' is not installed, so not removed
higress-wasmplugin-test (RUST)	UNKNOWN STEP	2026-09-21T12:17:24.1941693Z Package 'php-phpmyadmin-motranslator' is not installed, so not removed
higress-wasmplugin-test (RUST)	UNKNOWN STEP	2026-09-21T12:17:24.1942049Z Package 'php-phpmyadmin-shapefile' is not installed, so not removed
higress-wasmplugin-test (RUST)	UNKNOWN STEP	2026-09-21T12:17:24.1942404Z Package 'php-phpmyadmin-sql-parser' is not installed, so not removed
higress-wasmplugin-test (RUST)	UNKNOWN STEP	2026-09-21T12:17:24.1942727Z Package 'php-phpoption' is not installed, so not removed
higress-wasmplugin-test (RUST)	UNKNOWN STEP	2026-09-21T12:17:24.1943010Z Package 'php-phpseclib' is not installed, so not removed
higress-wasmplugin-test (RUST)	UNKNOWN STEP	2026-09-21T12:17:24.1943295Z Package 'php-phpseclib3' is not installed, so not removed
higress-wasmplugin-test (RUST)	UNKNOWN STEP	2026-09-21T12:17:24.1943598Z Package 'php-phpspec-prophecy' is not installed, so not removed
higress-wasmplugin-test (RUST)	UNKNOWN STEP	2026-09-21T12:17:24.1943946Z Package 'php-phpspec-prophecy-phpunit' is not installed, so not removed
higress-wasmplugin-test (RUST)	UNKNOWN STEP	2026-09-21T12:17:24.1944310Z Package 'php-phpstan-phpdoc-parser' is not installed, so not removed
higress-wasmplugin-test (RUST)	UNKNOWN STEP	2026-09-21T12:17:24.1944621Z Package 'php-predis' is not installed, so not removed
higress-wasmplugin-test (RUST)	UNKNOWN STEP	2026-09-21T12:17:24.1944908Z Package 'php-proxy-manager' is not installed, so not removed
higress-wasmplugin-test (RUST)	UNKNOWN STEP	2026-09-21T12:17:24.1945188Z Package 'php-ps' is not installed, so not removed
higress-wasmplugin-test (RUST)	UNKNOWN STEP	2026-09-21T12:17:24.1945457Z Package 'php-ps-all-dev' is not installed, so not removed
higress-wasmplugin-test (RUST)	UNKNOWN STEP	2026-09-21T12:17:24.1945729Z Package 'php-psr' is not installed, so not removed
higress-wasmplugin-test (RUST)	UNKNOWN STEP	2026-09-21T12:17:24.1946128Z Package 'php-psr-all-dev' is not installed, so not removed
higress-wasmplugin-test (RUST)	UNKNOWN STEP	2026-09-21T12:17:24.1946415Z Package 'php-psr-cache' is not installed, so not removed
higress-wasmplugin-test (RUST)	UNKNOWN STEP	2026-09-21T12:17:24.1946701Z Package 'php-psr-container' is not installed, so not removed
higress-wasmplugin-test (RUST)	UNKNOWN STEP	2026-09-21T12:17:24.1947022Z Package 'php-psr-event-dispatcher' is not installed, so not removed
higress-wasmplugin-test (RUST)	UNKNOWN STEP	2026-09-21T12:17:24.1947545Z Package 'php-psr-http-client' is not installed, so not removed
higress-wasmplugin-test (RUST)	UNKNOWN STEP	2026-09-21T12:17:24.1947855Z Package 'php-psr-http-factory' is not installed, so not removed
higress-wasmplugin-test (RUST)	UNKNOWN STEP	2026-09-21T12:17:24.1948170Z Package 'php-psr-http-message' is not installed, so not removed
higress-wasmplugin-test (RUST)	UNKNOWN STEP	2026-09-21T12:17:24.1948465Z Package 'php-psr-link' is not installed, so not removed
higress-wasmplugin-test (RUST)	UNKNOWN STEP	2026-09-21T12:17:24.1948743Z Package 'php-psr-log' is not installed, so not removed
higress-wasmplugin-test (RUST)	UNKNOWN STEP	2026-09-21T12:17:24.1949034Z Package 'php-psr-simple-cache' is not installed, so not removed
higress-wasmplugin-test (RUST)	UNKNOWN STEP	2026-09-21T12:17:24.1949368Z Package 'php-pubsubhubbub-publisher' is not installed, so not removed
higress-wasmplugin-test (RUST)	UNKNOWN STEP	2026-09-21T12:17:24.1949706Z Package 'php-ramsey-uuid' is not installed, so not removed
higress-wasmplugin-test (RUST)	UNKNOWN STEP	2026-09-21T12:17:24.1950021Z Package 'php-random-compat' is not installed, so not removed
higress-wasmplugin-test (RUST)	UNKNOWN STEP	2026-09-21T12:17:24.1950304Z Package 'php-raphf' is not installed, so not removed
higress-wasmplugin-test (RUST)	UNKNOWN STEP	2026-09-21T12:17:24.1950590Z Package 'php-raphf-all-dev' is not installed, so not removed
higress-wasmplugin-test (RUST)	UNKNOWN STEP	2026-09-21T12:17:24.1950885Z Package 'php-react-promise' is not installed, so not removed
higress-wasmplugin-test (RUST)	UNKNOWN STEP	2026-09-21T12:17:24.1951173Z Package 'php-readline' is not installed, so not removed
higress-wasmplugin-test (RUST)	UNKNOWN STEP	2026-09-21T12:17:24.1951437Z Package 'php-redis' is not installed, so not removed
higress-wasmplugin-test (RUST)	UNKNOWN STEP	2026-09-21T12:17:24.1951722Z Package 'php-redis-all-dev' is not installed, so not removed
higress-wasmplugin-test (RUST)	UNKNOWN STEP	2026-09-21T12:17:24.1952003Z Package 'php-remctl' is not installed, so not removed
higress-wasmplugin-test (RUST)	UNKNOWN STEP	2026-09-21T12:17:24.1952313Z Package 'php-roundcube-rtf-html-php' is not installed, so not removed
higress-wasmplugin-test (RUST)	UNKNOWN STEP	2026-09-21T12:17:24.1952621Z Package 'php-rrd' is not installed, so not removed
higress-wasmplugin-test (RUST)	UNKNOWN STEP	2026-09-21T12:17:24.1953008Z Package 'php-rrd-all-dev' is not installed, so not removed
higress-wasmplugin-test (RUST)	UNKNOWN STEP	2026-09-21T12:17:24.1953301Z Package 'php-sabre-dav' is not installed, so not removed
higress-wasmplugin-test (RUST)	UNKNOWN STEP	2026-09-21T12:17:24.1953587Z Package 'php-sabre-vobject' is not installed, so not removed
higress-wasmplugin-test (RUST)	UNKNOWN STEP	2026-09-21T12:17:24.1953863Z Package 'php-sass' is not installed, so not removed
higress-wasmplugin-test (RUST)	UNKNOWN STEP	2026-09-21T12:17:24.1954125Z Package 'php-seclib' is not installed, so not removed
higress-wasmplugin-test (RUST)	UNKNOWN STEP	2026-09-21T12:17:24.1954403Z Package 'php-services-json' is not installed, so not removed
higress-wasmplugin-test (RUST)	UNKNOWN STEP	2026-09-21T12:17:24.1954706Z Package 'php-services-weather' is not installed, so not removed
higress-wasmplugin-test (RUST)	UNKNOWN STEP	2026-09-21T12:17:24.1955011Z Package 'php-shellcommand' is not installed, so not removed
higress-wasmplugin-test (RUST)	UNKNOWN STEP	2026-09-21T12:17:24.1955310Z Package 'php-smbclient' is not installed, so not removed
higress-wasmplugin-test (RUST)	UNKNOWN STEP	2026-09-21T12:17:24.1955608Z Package 'php-smbclient-all-dev' is not installed, so not removed
higress-wasmplugin-test (RUST)	UNKNOWN STEP	2026-09-21T12:17:24.1955902Z Package 'php-soap' is not installed, so not removed
higress-wasmplugin-test (RUST)	UNKNOWN STEP	2026-09-21T12:17:24.1956155Z Package 'php-solr' is not installed, so not removed
higress-wasmplugin-test (RUST)	UNKNOWN STEP	2026-09-21T12:17:24.1956433Z Package 'php-solr-all-dev' is not installed, so not removed
higress-wasmplugin-test (RUST)	UNKNOWN STEP	2026-09-21T12:17:24.1956725Z Package 'php-sql-formatter' is not installed, so not removed
higress-wasmplugin-test (RUST)	UNKNOWN STEP	2026-09-21T12:17:24.1956997Z Package 'php-ssh2' is not installed, so not removed
higress-wasmplugin-test (RUST)	UNKNOWN STEP	2026-09-21T12:17:24.1957356Z Package 'php-ssh2-all-dev' is not installed, so not removed
higress-wasmplugin-test (RUST)	UNKNOWN STEP	2026-09-21T12:17:24.1957647Z Package 'php-swiftmailer' is not installed, so not removed
higress-wasmplugin-test (RUST)	UNKNOWN STEP	2026-09-21T12:17:24.1957927Z Package 'php-sybase' is not installed, so not removed
higress-wasmplugin-test (RUST)	UNKNOWN STEP	2026-09-21T12:17:24.1958195Z Package 'php-symfony' is not installed, so not removed
higress-wasmplugin-test (RUST)	UNKNOWN STEP	2026-09-21T12:17:24.1958518Z Package 'php-symfony-all-my-sms-notifier' is not installed, so not removed
higress-wasmplugin-test (RUST)	UNKNOWN STEP	2026-09-21T12:17:24.1958883Z Package 'php-symfony-amazon-mailer' is not installed, so not removed
higress-wasmplugin-test (RUST)	UNKNOWN STEP	2026-09-21T12:17:24.1959246Z Package 'php-symfony-amazon-sns-notifier' is not installed, so not removed
higress-wasmplugin-test (RUST)	UNKNOWN STEP	2026-09-21T12:17:24.1959630Z Package 'php-symfony-amazon-sqs-messenger' is not installed, so not removed
higress-wasmplugin-test (RUST)	UNKNOWN STEP	2026-09-21T12:17:24.1960005Z Package 'php-symfony-amqp-messenger' is not installed, so not removed
higress-wasmplugin-test (RUST)	UNKNOWN STEP	2026-09-21T12:17:24.1960448Z Package 'php-symfony-asset' is not installed, so not removed
higress-wasmplugin-test (RUST)	UNKNOWN STEP	2026-09-21T12:17:24.1960791Z Package 'php-symfony-beanstalkd-messenger' is not installed, so not removed
higress-wasmplugin-test (RUST)	UNKNOWN STEP	2026-09-21T12:17:24.1961161Z Package 'php-symfony-browser-kit' is not installed, so not removed
higress-wasmplugin-test (RUST)	UNKNOWN STEP	2026-09-21T12:17:24.1961479Z Package 'php-symfony-cache' is not installed, so not removed
higress-wasmplugin-test (RUST)	UNKNOWN STEP	2026-09-21T12:17:24.1961805Z Package 'php-symfony-cache-contracts' is not installed, so not removed
higress-wasmplugin-test (RUST)	UNKNOWN STEP	2026-09-21T12:17:24.1962172Z Package 'php-symfony-clickatell-notifier' is not installed, so not removed
higress-wasmplugin-test (RUST)	UNKNOWN STEP	2026-09-21T12:17:24.1962517Z Package 'php-symfony-config' is not installed, so not removed
higress-wasmplugin-test (RUST)	UNKNOWN STEP	2026-09-21T12:17:24.1962824Z Package 'php-symfony-console' is not installed, so not removed
higress-wasmplugin-test (RUST)	UNKNOWN STEP	2026-09-21T12:17:24.1963160Z Package 'php-symfony-contracts' is not installed, so not removed
higress-wasmplugin-test (RUST)	UNKNOWN STEP	2026-09-21T12:17:24.1963589Z Package 'php-symfony-crowdin-translation-provider' is not installed, so not removed
higress-wasmplugin-test (RUST)	UNKNOWN STEP	2026-09-21T12:17:24.1964008Z Package 'php-symfony-css-selector' is not installed, so not removed
higress-wasmplugin-test (RUST)	UNKNOWN STEP	2026-09-21T12:17:24.1964346Z Package 'php-symfony-debug-bundle' is not installed, so not removed
higress-wasmplugin-test (RUST)	UNKNOWN STEP	2026-09-21T12:17:24.1964708Z Package 'php-symfony-dependency-injection' is not installed, so not removed
higress-wasmplugin-test (RUST)	UNKNOWN STEP	2026-09-21T12:17:24.1965105Z Package 'php-symfony-deprecation-contracts' is not installed, so not removed
higress-wasmplugin-test (RUST)	UNKNOWN STEP	2026-09-21T12:17:24.1965501Z Package 'php-symfony-discord-notifier' is not installed, so not removed
higress-wasmplugin-test (RUST)	UNKNOWN STEP	2026-09-21T12:17:24.1965904Z Package 'php-symfony-doctrine-bridge' is not installed, so not removed
higress-wasmplugin-test (RUST)	UNKNOWN STEP	2026-09-21T12:17:24.1966281Z Package 'php-symfony-doctrine-messenger' is not installed, so not removed
higress-wasmplugin-test (RUST)	UNKNOWN STEP	2026-09-21T12:17:24.1966646Z Package 'php-symfony-dom-crawler' is not installed, so not removed
higress-wasmplugin-test (RUST)	UNKNOWN STEP	2026-09-21T12:17:24.1966974Z Package 'php-symfony-dotenv' is not installed, so not removed
higress-wasmplugin-test (RUST)	UNKNOWN STEP	2026-09-21T12:17:24.1967548Z Package 'php-symfony-error-handler' is not installed, so not removed
higress-wasmplugin-test (RUST)	UNKNOWN STEP	2026-09-21T12:17:24.1968028Z Package 'php-symfony-esendex-notifier' is not installed, so not removed
higress-wasmplugin-test (RUST)	UNKNOWN STEP	2026-09-21T12:17:24.1968414Z Package 'php-symfony-event-dispatcher' is not installed, so not removed
higress-wasmplugin-test (RUST)	UNKNOWN STEP	2026-09-21T12:17:24.1968814Z Package 'php-symfony-event-dispatcher-contracts' is not installed, so not removed
higress-wasmplugin-test (RUST)	UNKNOWN STEP	2026-09-21T12:17:24.1969209Z Package 'php-symfony-expo-notifier' is not installed, so not removed
higress-wasmplugin-test (RUST)	UNKNOWN STEP	2026-09-21T12:17:24.1969581Z Package 'php-symfony-expression-language' is not installed, so not removed
higress-wasmplugin-test (RUST)	UNKNOWN STEP	2026-09-21T12:17:24.1969961Z Package 'php-symfony-fake-chat-notifier' is not installed, so not removed
higress-wasmplugin-test (RUST)	UNKNOWN STEP	2026-09-21T12:17:24.1970332Z Package 'php-symfony-fake-sms-notifier' is not installed, so not removed
higress-wasmplugin-test (RUST)	UNKNOWN STEP	2026-09-21T12:17:24.1970695Z Package 'php-symfony-filesystem' is not installed, so not removed
higress-wasmplugin-test (RUST)	UNKNOWN STEP	2026-09-21T12:17:24.1971037Z Package 'php-symfony-finder' is not installed, so not removed
higress-wasmplugin-test (RUST)	UNKNOWN STEP	2026-09-21T12:17:24.1971375Z Package 'php-symfony-firebase-notifier' is not installed, so not removed
higress-wasmplugin-test (RUST)	UNKNOWN STEP	2026-09-21T12:17:24.1971715Z Package 'php-symfony-form' is not installed, so not removed
higress-wasmplugin-test (RUST)	UNKNOWN STEP	2026-09-21T12:17:24.1972048Z Package 'php-symfony-framework-bundle' is not installed, so not removed
higress-wasmplugin-test (RUST)	UNKNOWN STEP	2026-09-21T12:17:24.1972419Z Package 'php-symfony-free-mobile-notifier' is not installed, so not removed
higress-wasmplugin-test (RUST)	UNKNOWN STEP	2026-09-21T12:17:24.1972801Z Package 'php-symfony-gateway-api-notifier' is not installed, so not removed
higress-wasmplugin-test (RUST)	UNKNOWN STEP	2026-09-21T12:17:24.1973171Z Package 'php-symfony-gitter-notifier' is not installed, so not removed
higress-wasmplugin-test (RUST)	UNKNOWN STEP	2026-09-21T12:17:24.1973544Z Package 'php-symfony-google-chat-notifier' is not installed, so not removed
higress-wasmplugin-test (RUST)	UNKNOWN STEP	2026-09-21T12:17:24.1973903Z Package 'php-symfony-google-mailer' is not installed, so not removed
higress-wasmplugin-test (RUST)	UNKNOWN STEP	2026-09-21T12:17:24.1974242Z Package 'php-symfony-http-client' is not installed, so not removed
higress-wasmplugin-test (RUST)	UNKNOWN STEP	2026-09-21T12:17:24.1974607Z Package 'php-symfony-http-client-contracts' is not installed, so not removed
higress-wasmplugin-test (RUST)	UNKNOWN STEP	2026-09-21T12:17:24.1974983Z Package 'php-symfony-http-foundation' is not installed, so not removed
higress-wasmplugin-test (RUST)	UNKNOWN STEP	2026-09-21T12:17:24.1975329Z Package 'php-symfony-http-kernel' is not installed, so not removed
higress-wasmplugin-test (RUST)	UNKNOWN STEP	2026-09-21T12:17:24.1975782Z Package 'php-symfony-inflector' is not installed, so not removed
higress-wasmplugin-test (RUST)	UNKNOWN STEP	2026-09-21T12:17:24.1976124Z Package 'php-symfony-infobip-notifier' is not installed, so not removed
higress-wasmplugin-test (RUST)	UNKNOWN STEP	2026-09-21T12:17:24.1976455Z Package 'php-symfony-intl' is not installed, so not removed
higress-wasmplugin-test (RUST)	UNKNOWN STEP	2026-09-21T12:17:24.1976789Z Package 'php-symfony-iqsms-notifier' is not installed, so not removed
higress-wasmplugin-test (RUST)	UNKNOWN STEP	2026-09-21T12:17:24.1977214Z Package 'php-symfony-ldap' is not installed, so not removed
higress-wasmplugin-test (RUST)	UNKNOWN STEP	2026-09-21T12:17:24.1977558Z Package 'php-symfony-light-sms-notifier' is not installed, so not removed
higress-wasmplugin-test (RUST)	UNKNOWN STEP	2026-09-21T12:17:24.1977932Z Package 'php-symfony-linked-in-notifier' is not installed, so not removed
higress-wasmplugin-test (RUST)	UNKNOWN STEP	2026-09-21T12:17:24.1978263Z Package 'php-symfony-lock' is not installed, so not removed
higress-wasmplugin-test (RUST)	UNKNOWN STEP	2026-09-21T12:17:24.1978626Z Package 'php-symfony-loco-translation-provider' is not installed, so not removed
higress-wasmplugin-test (RUST)	UNKNOWN STEP	2026-09-21T12:17:24.1979066Z Package 'php-symfony-lokalise-translation-provider' is not installed, so not removed
higress-wasmplugin-test (RUST)	UNKNOWN STEP	2026-09-21T12:17:24.1979487Z Package 'php-symfony-mailchimp-mailer' is not installed, so not removed
higress-wasmplugin-test (RUST)	UNKNOWN STEP	2026-09-21T12:17:24.1979835Z Package 'php-symfony-mailer' is not installed, so not removed
higress-wasmplugin-test (RUST)	UNKNOWN STEP	2026-09-21T12:17:24.1980169Z Package 'php-symfony-mailgun-mailer' is not installed, so not removed
higress-wasmplugin-test (RUST)	UNKNOWN STEP	2026-09-21T12:17:24.1980516Z Package 'php-symfony-mailjet-mailer' is not installed, so not removed
higress-wasmplugin-test (RUST)	UNKNOWN STEP	2026-09-21T12:17:24.1980864Z Package 'php-symfony-mailjet-notifier' is not installed, so not removed
higress-wasmplugin-test (RUST)	UNKNOWN STEP	2026-09-21T12:17:24.1981235Z Package 'php-symfony-mattermost-notifier' is not installed, so not removed
higress-wasmplugin-test (RUST)	UNKNOWN STEP	2026-09-21T12:17:24.1981580Z Package 'php-symfony-mercure' is not installed, so not removed
higress-wasmplugin-test (RUST)	UNKNOWN STEP	2026-09-21T12:17:24.1981914Z Package 'php-symfony-mercure-notifier' is not installed, so not removed
higress-wasmplugin-test (RUST)	UNKNOWN STEP	2026-09-21T12:17:24.1982290Z Package 'php-symfony-message-bird-notifier' is not installed, so not removed
higress-wasmplugin-test (RUST)	UNKNOWN STEP	2026-09-21T12:17:24.1982696Z Package 'php-symfony-message-media-notifier' is not installed, so not removed
higress-wasmplugin-test (RUST)	UNKNOWN STEP	2026-09-21T12:17:24.1983177Z Package 'php-symfony-messenger' is not installed, so not removed
higress-wasmplugin-test (RUST)	UNKNOWN STEP	2026-09-21T12:17:24.1983558Z Package 'php-symfony-microsoft-teams-notifier' is not installed, so not removed
higress-wasmplugin-test (RUST)	UNKNOWN STEP	2026-09-21T12:17:24.1983917Z Package 'php-symfony-mime' is not installed, so not removed
higress-wasmplugin-test (RUST)	UNKNOWN STEP	2026-09-21T12:17:24.1984240Z Package 'php-symfony-mobyt-notifier' is not installed, so not removed
higress-wasmplugin-test (RUST)	UNKNOWN STEP	2026-09-21T12:17:24.1984587Z Package 'php-symfony-monolog-bridge' is not installed, so not removed
higress-wasmplugin-test (RUST)	UNKNOWN STEP	2026-09-21T12:17:24.1984930Z Package 'php-symfony-nexmo-notifier' is not installed, so not removed
higress-wasmplugin-test (RUST)	UNKNOWN STEP	2026-09-21T12:17:24.1985262Z Package 'php-symfony-notifier' is not installed, so not removed
higress-wasmplugin-test (RUST)	UNKNOWN STEP	2026-09-21T12:17:24.1985607Z Package 'php-symfony-octopush-notifier' is not installed, so not removed
higress-wasmplugin-test (RUST)	UNKNOWN STEP	2026-09-21T12:17:24.1985976Z Package 'php-symfony-oh-my-smtp-mailer' is not installed, so not removed
higress-wasmplugin-test (RUST)	UNKNOWN STEP	2026-09-21T12:17:24.1986343Z Package 'php-symfony-one-signal-notifier' is not installed, so not removed
higress-wasmplugin-test (RUST)	UNKNOWN STEP	2026-09-21T12:17:24.1986716Z Package 'php-symfony-options-resolver' is not installed, so not removed
higress-wasmplugin-test (RUST)	UNKNOWN STEP	2026-09-21T12:17:24.1987231Z Package 'php-symfony-ovh-cloud-notifier' is not installed, so not removed
higress-wasmplugin-test (RUST)	UNKNOWN STEP	2026-09-21T12:17:24.1987652Z Package 'php-symfony-password-hasher' is not installed, so not removed
higress-wasmplugin-test (RUST)	UNKNOWN STEP	2026-09-21T12:17:24.1988004Z Package 'php-symfony-phpunit-bridge' is not installed, so not removed
higress-wasmplugin-test (RUST)	UNKNOWN STEP	2026-09-21T12:17:24.1988335Z Package 'php-symfony-polyfill' is not installed, so not removed
higress-wasmplugin-test (RUST)	UNKNOWN STEP	2026-09-21T12:17:24.1988669Z Package 'php-symfony-polyfill-apcu' is not installed, so not removed
higress-wasmplugin-test (RUST)	UNKNOWN STEP	2026-09-21T12:17:24.1989022Z Package 'php-symfony-polyfill-ctype' is not installed, so not removed
higress-wasmplugin-test (RUST)	UNKNOWN STEP	2026-09-21T12:17:24.1989383Z Package 'php-symfony-polyfill-iconv' is not installed, so not removed
higress-wasmplugin-test (RUST)	UNKNOWN STEP	2026-09-21T12:17:24.1989772Z Package 'php-symfony-polyfill-intl-grapheme' is not installed, so not removed
higress-wasmplugin-test (RUST)	UNKNOWN STEP	2026-09-21T12:17:24.1990172Z Package 'php-symfony-polyfill-intl-icu' is not installed, so not removed
higress-wasmplugin-test (RUST)	UNKNOWN STEP	2026-09-21T12:17:24.1990546Z Package 'php-symfony-polyfill-intl-idn' is not installed, so not removed
higress-wasmplugin-test (RUST)	UNKNOWN STEP	2026-09-21T12:17:24.1991084Z Package 'php-symfony-polyfill-intl-messageformatter' is not installed, so not removed
higress-wasmplugin-test (RUST)	UNKNOWN STEP	2026-09-21T12:17:24.1991526Z Package 'php-symfony-polyfill-intl-normalizer' is not installed, so not removed
higress-wasmplugin-test (RUST)	UNKNOWN STEP	2026-09-21T12:17:24.1991921Z Package 'php-symfony-polyfill-mbstring' is not installed, so not removed
higress-wasmplugin-test (RUST)	UNKNOWN STEP	2026-09-21T12:17:24.1992290Z Package 'php-symfony-polyfill-php72' is not installed, so not removed
higress-wasmplugin-test (RUST)	UNKNOWN STEP	2026-09-21T12:17:24.1992647Z Package 'php-symfony-polyfill-php73' is not installed, so not removed
higress-wasmplugin-test (RUST)	UNKNOWN STEP	2026-09-21T12:17:24.1992992Z Package 'php-symfony-polyfill-php74' is not installed, so not removed
higress-wasmplugin-test (RUST)	UNKNOWN STEP	2026-09-21T12:17:24.1993335Z Package 'php-symfony-polyfill-php80' is not installed, so not removed
higress-wasmplugin-test (RUST)	UNKNOWN STEP	2026-09-21T12:17:24.1993675Z Package 'php-symfony-polyfill-php81' is not installed, so not removed
higress-wasmplugin-test (RUST)	UNKNOWN STEP	2026-09-21T12:17:24.1994019Z Package 'php-symfony-polyfill-util' is not installed, so not removed
higress-wasmplugin-test (RUST)	UNKNOWN STEP	2026-09-21T12:17:24.1994369Z Package 'php-symfony-polyfill-uuid' is not installed, so not removed
higress-wasmplugin-test (RUST)	UNKNOWN STEP	2026-09-21T12:17:24.1994711Z Package 'php-symfony-polyfill-xml' is not installed, so not removed
higress-wasmplugin-test (RUST)	UNKNOWN STEP	2026-09-21T12:17:24.1995078Z Package 'php-symfony-postmark-mailer' is not installed, so not removed
higress-wasmplugin-test (RUST)	UNKNOWN STEP	2026-09-21T12:17:24.1995426Z Package 'php-symfony-process' is not installed, so not removed
higress-wasmplugin-test (RUST)	UNKNOWN STEP	2026-09-21T12:17:24.1995770Z Package 'php-symfony-property-access' is not installed, so not removed
higress-wasmplugin-test (RUST)	UNKNOWN STEP	2026-09-21T12:17:24.1996117Z Package 'php-symfony-property-info' is not installed, so not removed
higress-wasmplugin-test (RUST)	UNKNOWN STEP	2026-09-21T12:17:24.1996489Z Package 'php-symfony-proxy-manager-bridge' is not installed, so not removed
higress-wasmplugin-test (RUST)	UNKNOWN STEP	2026-09-21T12:17:24.1996862Z Package 'php-symfony-rate-limiter' is not installed, so not removed
higress-wasmplugin-test (RUST)	UNKNOWN STEP	2026-09-21T12:17:24.1997384Z Package 'php-symfony-redis-messenger' is not installed, so not removed
higress-wasmplugin-test (RUST)	UNKNOWN STEP	2026-09-21T12:17:24.2013800Z Package 'php-symfony-rocket-chat-notifier' is not installed, so not removed
higress-wasmplugin-test (RUST)	UNKNOWN STEP	2026-09-21T12:17:24.2014229Z Package 'php-symfony-routing' is not installed, so not removed
higress-wasmplugin-test (RUST)	UNKNOWN STEP	2026-09-21T12:17:24.2014769Z Package 'php-symfony-runtime' is not installed, so not removed
higress-wasmplugin-test (RUST)	UNKNOWN STEP	2026-09-21T12:17:24.2015124Z Package 'php-symfony-security-acl' is not installed, so not removed
higress-wasmplugin-test (RUST)	UNKNOWN STEP	2026-09-21T12:17:24.2015485Z Package 'php-symfony-security-bundle' is not installed, so not removed
higress-wasmplugin-test (RUST)	UNKNOWN STEP	2026-09-21T12:17:24.2015841Z Package 'php-symfony-security-core' is not installed, so not removed
higress-wasmplugin-test (RUST)	UNKNOWN STEP	2026-09-21T12:17:24.2016183Z Package 'php-symfony-security-csrf' is not installed, so not removed
higress-wasmplugin-test (RUST)	UNKNOWN STEP	2026-09-21T12:17:24.2016530Z Package 'php-symfony-security-guard' is not installed, so not removed
higress-wasmplugin-test (RUST)	UNKNOWN STEP	2026-09-21T12:17:24.2016876Z Package 'php-symfony-security-http' is not installed, so not removed
higress-wasmplugin-test (RUST)	UNKNOWN STEP	2026-09-21T12:17:24.2017385Z Package 'php-symfony-semaphore' is not installed, so not removed
higress-wasmplugin-test (RUST)	UNKNOWN STEP	2026-09-21T12:17:24.2017736Z Package 'php-symfony-sendgrid-mailer' is not installed, so not removed
higress-wasmplugin-test (RUST)	UNKNOWN STEP	2026-09-21T12:17:24.2018109Z Package 'php-symfony-sendinblue-mailer' is not installed, so not removed
higress-wasmplugin-test (RUST)	UNKNOWN STEP	2026-09-21T12:17:24.2018504Z Package 'php-symfony-sendinblue-notifier' is not installed, so not removed
higress-wasmplugin-test (RUST)	UNKNOWN STEP	2026-09-21T12:17:24.2018875Z Package 'php-symfony-serializer' is not installed, so not removed
higress-wasmplugin-test (RUST)	UNKNOWN STEP	2026-09-21T12:17:24.2019229Z Package 'php-symfony-service-contracts' is not installed, so not removed
higress-wasmplugin-test (RUST)	UNKNOWN STEP	2026-09-21T12:17:24.2019602Z Package 'php-symfony-sinch-notifier' is not installed, so not removed
higress-wasmplugin-test (RUST)	UNKNOWN STEP	2026-09-21T12:17:24.2019952Z Package 'php-symfony-slack-notifier' is not installed, so not removed
higress-wasmplugin-test (RUST)	UNKNOWN STEP	2026-09-21T12:17:24.2020323Z Package 'php-symfony-sms-biuras-notifier' is not installed, so not removed
higress-wasmplugin-test (RUST)	UNKNOWN STEP	2026-09-21T12:17:24.2020694Z Package 'php-symfony-sms77-notifier' is not installed, so not removed
higress-wasmplugin-test (RUST)	UNKNOWN STEP	2026-09-21T12:17:24.2021059Z Package 'php-symfony-smsapi-notifier' is not installed, so not removed
higress-wasmplugin-test (RUST)	UNKNOWN STEP	2026-09-21T12:17:24.2021414Z Package 'php-symfony-smsc-notifier' is not installed, so not removed
higress-wasmplugin-test (RUST)	UNKNOWN STEP	2026-09-21T12:17:24.2021772Z Package 'php-symfony-spot-hit-notifier' is not installed, so not removed
higress-wasmplugin-test (RUST)	UNKNOWN STEP	2026-09-21T12:17:24.2022121Z Package 'php-symfony-stopwatch' is not installed, so not removed
higress-wasmplugin-test (RUST)	UNKNOWN STEP	2026-09-21T12:17:24.2022450Z Package 'php-symfony-string' is not installed, so not removed
higress-wasmplugin-test (RUST)	UNKNOWN STEP	2026-09-21T12:17:24.2022922Z Package 'php-symfony-telegram-notifier' is not installed, so not removed
higress-wasmplugin-test (RUST)	UNKNOWN STEP	2026-09-21T12:17:24.2023284Z Package 'php-symfony-telnyx-notifier' is not installed, so not removed
higress-wasmplugin-test (RUST)	UNKNOWN STEP	2026-09-21T12:17:24.2023624Z Package 'php-symfony-templating' is not installed, so not removed
higress-wasmplugin-test (RUST)	UNKNOWN STEP	2026-09-21T12:17:24.2023961Z Package 'php-symfony-translation' is not installed, so not removed
higress-wasmplugin-test (RUST)	UNKNOWN STEP	2026-09-21T12:17:24.2024345Z Package 'php-symfony-translation-contracts' is not installed, so not removed
higress-wasmplugin-test (RUST)	UNKNOWN STEP	2026-09-21T12:17:24.2024746Z Package 'php-symfony-turbo-sms-notifier' is not installed, so not removed
higress-wasmplugin-test (RUST)	UNKNOWN STEP	2026-09-21T12:17:24.2025108Z Package 'php-symfony-twig-bridge' is not installed, so not removed
higress-wasmplugin-test (RUST)	UNKNOWN STEP	2026-09-21T12:17:24.2025444Z Package 'php-symfony-twig-bundle' is not installed, so not removed
higress-wasmplugin-test (RUST)	UNKNOWN STEP	2026-09-21T12:17:24.2025792Z Package 'php-symfony-twilio-notifier' is not installed, so not removed
higress-wasmplugin-test (RUST)	UNKNOWN STEP	2026-09-21T12:17:24.2026132Z Package 'php-symfony-uid' is not installed, so not removed
higress-wasmplugin-test (RUST)	UNKNOWN STEP	2026-09-21T12:17:24.2026451Z Package 'php-symfony-validator' is not installed, so not removed
higress-wasmplugin-test (RUST)	UNKNOWN STEP	2026-09-21T12:17:24.2026781Z Package 'php-symfony-var-dumper' is not installed, so not removed
higress-wasmplugin-test (RUST)	UNKNOWN STEP	2026-09-21T12:17:24.2027259Z Package 'php-symfony-var-exporter' is not installed, so not removed
higress-wasmplugin-test (RUST)	UNKNOWN STEP	2026-09-21T12:17:24.2027648Z Package 'php-symfony-vonage-notifier' is not installed, so not removed
higress-wasmplugin-test (RUST)	UNKNOWN STEP	2026-09-21T12:17:24.2027989Z Package 'php-symfony-web-link' is not installed, so not removed
higress-wasmplugin-test (RUST)	UNKNOWN STEP	2026-09-21T12:17:24.2028346Z Package 'php-symfony-web-profiler-bundle' is not installed, so not removed
higress-wasmplugin-test (RUST)	UNKNOWN STEP	2026-09-21T12:17:24.2028700Z Package 'php-symfony-workflow' is not installed, so not removed
higress-wasmplugin-test (RUST)	UNKNOWN STEP	2026-09-21T12:17:24.2029010Z Package 'php-symfony-yaml' is not installed, so not removed
higress-wasmplugin-test (RUST)	UNKNOWN STEP	2026-09-21T12:17:24.2029351Z Package 'php-symfony-yunpian-notifier' is not installed, so not removed
higress-wasmplugin-test (RUST)	UNKNOWN STEP	2026-09-21T12:17:24.2029716Z Package 'php-symfony-zulip-notifier' is not installed, so not removed
higress-wasmplugin-test (RUST)	UNKNOWN STEP	2026-09-21T12:17:24.2030145Z Package 'php-tcpdf' is not installed, so not removed
higress-wasmplugin-test (RUST)	UNKNOWN STEP	2026-09-21T12:17:24.2030444Z Package 'php-text-captcha' is not installed, so not removed
higress-wasmplugin-test (RUST)	UNKNOWN STEP	2026-09-21T12:17:24.2030736Z Package 'php-text-figlet' is not installed, so not removed
higress-wasmplugin-test (RUST)	UNKNOWN STEP	2026-09-21T12:17:24.2031050Z Package 'php-text-languagedetect' is not installed, so not removed
higress-wasmplugin-test (RUST)	UNKNOWN STEP	2026-09-21T12:17:24.2031383Z Package 'php-text-password' is not installed, so not removed
higress-wasmplugin-test (RUST)	UNKNOWN STEP	2026-09-21T12:17:24.2031708Z Package 'php-text-template' is not installed, so not removed
higress-wasmplugin-test (RUST)	UNKNOWN STEP	2026-09-21T12:17:24.2032003Z Package 'php-text-wiki' is not installed, so not removed
higress-wasmplugin-test (RUST)	UNKNOWN STEP	2026-09-21T12:17:24.2032281Z Package 'php-thrift' is not installed, so not removed
higress-wasmplugin-test (RUST)	UNKNOWN STEP	2026-09-21T12:17:24.2032557Z Package 'php-tideways' is not installed, so not removed
higress-wasmplugin-test (RUST)	UNKNOWN STEP	2026-09-21T12:17:24.2032910Z Package 'php-tijsverkoyen-css-to-inline-styles' is not installed, so not removed
higress-wasmplugin-test (RUST)	UNKNOWN STEP	2026-09-21T12:17:24.2033257Z Package 'php-timer' is not installed, so not removed
higress-wasmplugin-test (RUST)	UNKNOWN STEP	2026-09-21T12:17:24.2033539Z Package 'php-token-stream' is not installed, so not removed
higress-wasmplugin-test (RUST)	UNKNOWN STEP	2026-09-21T12:17:24.2033828Z Package 'php-tokenizer' is not installed, so not removed
higress-wasmplugin-test (RUST)	UNKNOWN STEP	2026-09-21T12:17:24.2034095Z Package 'php-twig' is not installed, so not removed
higress-wasmplugin-test (RUST)	UNKNOWN STEP	2026-09-21T12:17:24.2034388Z Package 'php-twig-cache-extra' is not installed, so not removed
higress-wasmplugin-test (RUST)	UNKNOWN STEP	2026-09-21T12:17:24.2034721Z Package 'php-twig-cssinliner-extra' is not installed, so not removed
higress-wasmplugin-test (RUST)	UNKNOWN STEP	2026-09-21T12:17:24.2035033Z Package 'php-twig-doc' is not installed, so not removed
higress-wasmplugin-test (RUST)	UNKNOWN STEP	2026-09-21T12:17:24.2035327Z Package 'php-twig-extra-bundle' is not installed, so not removed
higress-wasmplugin-test (RUST)	UNKNOWN STEP	2026-09-21T12:17:24.2035645Z Package 'php-twig-html-extra' is not installed, so not removed
higress-wasmplugin-test (RUST)	UNKNOWN STEP	2026-09-21T12:17:24.2035963Z Package 'php-twig-i18n-extension' is not installed, so not removed
higress-wasmplugin-test (RUST)	UNKNOWN STEP	2026-09-21T12:17:24.2036277Z Package 'php-twig-inky-extra' is not installed, so not removed
higress-wasmplugin-test (RUST)	UNKNOWN STEP	2026-09-21T12:17:24.2036578Z Package 'php-twig-intl-extra' is not installed, so not removed
higress-wasmplugin-test (RUST)	UNKNOWN STEP	2026-09-21T12:17:24.2036895Z Package 'php-twig-markdown-extra' is not installed, so not removed
higress-wasmplugin-test (RUST)	UNKNOWN STEP	2026-09-21T12:17:24.2037436Z Package 'php-twig-string-extra' is not installed, so not removed
higress-wasmplugin-test (RUST)	UNKNOWN STEP	2026-09-21T12:17:24.2037724Z Package 'php-uopz' is not installed, so not removed
higress-wasmplugin-test (RUST)	UNKNOWN STEP	2026-09-21T12:17:24.2038000Z Package 'php-uopz-all-dev' is not installed, so not removed
higress-wasmplugin-test (RUST)	UNKNOWN STEP	2026-09-21T12:17:24.2038303Z Package 'php-uploadprogress' is not installed, so not removed
higress-wasmplugin-test (RUST)	UNKNOWN STEP	2026-09-21T12:17:24.2038634Z Package 'php-uploadprogress-all-dev' is not installed, so not removed
higress-wasmplugin-test (RUST)	UNKNOWN STEP	2026-09-21T12:17:24.2038936Z Package 'php-uuid' is not installed, so not removed
higress-wasmplugin-test (RUST)	UNKNOWN STEP	2026-09-21T12:17:24.2039207Z Package 'php-uuid-all-dev' is not installed, so not removed
higress-wasmplugin-test (RUST)	UNKNOWN STEP	2026-09-21T12:17:24.2039495Z Package 'php-validate' is not installed, so not removed
higress-wasmplugin-test (RUST)	UNKNOWN STEP	2026-09-21T12:17:24.2039785Z Package 'php-vlucas-phpdotenv' is not installed, so not removed
higress-wasmplugin-test (RUST)	UNKNOWN STEP	2026-09-21T12:17:24.2040104Z Package 'php-webmozart-assert' is not installed, so not removed
higress-wasmplugin-test (RUST)	UNKNOWN STEP	2026-09-21T12:17:24.2040400Z Package 'php-wikidiff2' is not installed, so not removed
higress-wasmplugin-test (RUST)	UNKNOWN STEP	2026-09-21T12:17:24.2040675Z Package 'php-xajax' is not installed, so not removed
higress-wasmplugin-test (RUST)	UNKNOWN STEP	2026-09-21T12:17:24.2040945Z Package 'php-xdebug' is not installed, so not removed
higress-wasmplugin-test (RUST)	UNKNOWN STEP	2026-09-21T12:17:24.2041231Z Package 'php-xdebug-all-dev' is not installed, so not removed
higress-wasmplugin-test (RUST)	UNKNOWN STEP	2026-09-21T12:17:24.2041530Z Package 'php-xml-htmlsax3' is not installed, so not removed
higress-wasmplugin-test (RUST)	UNKNOWN STEP	2026-09-21T12:17:24.2041811Z Package 'php-xml-rpc2' is not installed, so not removed
higress-wasmplugin-test (RUST)	UNKNOWN STEP	2026-09-21T12:17:24.2042085Z Package 'php-xml-svg' is not installed, so not removed
higress-wasmplugin-test (RUST)	UNKNOWN STEP	2026-09-21T12:17:24.2042352Z Package 'php-xmlrpc' is not installed, so not removed
higress-wasmplugin-test (RUST)	UNKNOWN STEP	2026-09-21T12:17:24.2042643Z Package 'php-xmlrpc-all-dev' is not installed, so not removed
higress-wasmplugin-test (RUST)	UNKNOWN STEP	2026-09-21T12:17:24.2042920Z Package 'php-yac' is not installed, so not removed
higress-wasmplugin-test (RUST)	UNKNOWN STEP	2026-09-21T12:17:24.2043198Z Package 'php-yac-all-dev' is not installed, so not removed
higress-wasmplugin-test (RUST)	UNKNOWN STEP	2026-09-21T12:17:24.2043473Z Package 'php-yaml' is not installed, so not removed
higress-wasmplugin-test (RUST)	UNKNOWN STEP	2026-09-21T12:17:24.2043748Z Package 'php-yaml-all-dev' is not installed, so not removed
higress-wasmplugin-test (RUST)	UNKNOWN STEP	2026-09-21T12:17:24.2044155Z Package 'php-zend-code' is not installed, so not removed
higress-wasmplugin-test (RUST)	UNKNOWN STEP	2026-09-21T12:17:24.2044463Z Package 'php-zend-eventmanager' is not installed, so not removed
higress-wasmplugin-test (RUST)	UNKNOWN STEP	2026-09-21T12:17:24.2044788Z Package 'php-zend-stdlib' is not installed, so not removed
higress-wasmplugin-test (RUST)	UNKNOWN STEP	2026-09-21T12:17:24.2045085Z Package 'php-zeroc-ice' is not installed, so not removed
higress-wasmplugin-test (RUST)	UNKNOWN STEP	2026-09-21T12:17:24.2045373Z Package 'php-zeta-base' is not installed, so not removed
higress-wasmplugin-test (RUST)	UNKNOWN STEP	2026-09-21T12:17:24.2045681Z Package 'php-zeta-console-tools' is not installed, so not removed
higress-wasmplugin-test (RUST)	UNKNOWN STEP	2026-09-21T12:17:24.2046006Z Package 'php-zeta-unit-test' is not installed, so not removed
higress-wasmplugin-test (RUST)	UNKNOWN STEP	2026-09-21T12:17:24.2046293Z Package 'php-zip' is not installed, so not removed
higress-wasmplugin-test (RUST)	UNKNOWN STEP	2026-09-21T12:17:24.2046551Z Package 'php-zmq' is not installed, so not removed
higress-wasmplugin-test (RUST)	UNKNOWN STEP	2026-09-21T12:17:24.2046854Z Package 'php-zmq-all-dev' is not installed, so not removed
higress-wasmplugin-test (RUST)	UNKNOWN STEP	2026-09-21T12:17:24.2047332Z Package 'php8.1-ast' is not installed, so not removed
higress-wasmplugin-test (RUST)	UNKNOWN STEP	2026-09-21T12:17:24.2047689Z Package 'php8.1-ds' is not installed, so not removed
higress-wasmplugin-test (RUST)	UNKNOWN STEP	2026-09-21T12:17:24.2047974Z Package 'php8.1-gearman' is not installed, so not removed
higress-wasmplugin-test (RUST)	UNKNOWN STEP	2026-09-21T12:17:24.2048267Z Package 'php8.1-gmagick' is not installed, so not removed
higress-wasmplugin-test (RUST)	UNKNOWN STEP	2026-09-21T12:17:24.2048545Z Package 'php8.1-gnupg' is not installed, so not removed
higress-wasmplugin-test (RUST)	UNKNOWN STEP	2026-09-21T12:17:24.2048820Z Package 'php8.1-http' is not installed, so not removed
higress-wasmplugin-test (RUST)	UNKNOWN STEP	2026-09-21T12:17:24.2049105Z Package 'php8.1-mailparse' is not installed, so not removed
higress-wasmplugin-test (RUST)	UNKNOWN STEP	2026-09-21T12:17:24.2049387Z Package 'php8.1-oauth' is not installed, so not removed
higress-wasmplugin-test (RUST)	UNKNOWN STEP	2026-09-21T12:17:24.2049652Z Package 'php8.1-ps' is not installed, so not removed
higress-wasmplugin-test (RUST)	UNKNOWN STEP	2026-09-21T12:17:24.2049913Z Package 'php8.1-psr' is not installed, so not removed
higress-wasmplugin-test (RUST)	UNKNOWN STEP	2026-09-21T12:17:24.2050176Z Package 'php8.1-raphf' is not installed, so not removed
higress-wasmplugin-test (RUST)	UNKNOWN STEP	2026-09-21T12:17:24.2050436Z Package 'php8.1-rrd' is not installed, so not removed
higress-wasmplugin-test (RUST)	UNKNOWN STEP	2026-09-21T12:17:24.2050716Z Package 'php8.1-smbclient' is not installed, so not removed
higress-wasmplugin-test (RUST)	UNKNOWN STEP	2026-09-21T12:17:24.2050995Z Package 'php8.1-solr' is not installed, so not removed
higress-wasmplugin-test (RUST)	UNKNOWN STEP	2026-09-21T12:17:24.2051264Z Package 'php8.1-ssh2' is not installed, so not removed
higress-wasmplugin-test (RUST)	UNKNOWN STEP	2026-09-21T12:17:24.2051655Z Package 'php8.1-uopz' is not installed, so not removed
higress-wasmplugin-test (RUST)	UNKNOWN STEP	2026-09-21T12:17:24.2051946Z Package 'php8.1-uploadprogress' is not installed, so not removed
higress-wasmplugin-test (RUST)	UNKNOWN STEP	2026-09-21T12:17:24.2052240Z Package 'php8.1-uuid' is not installed, so not removed
higress-wasmplugin-test (RUST)	UNKNOWN STEP	2026-09-21T12:17:24.2052506Z Package 'php8.1-xmlrpc' is not installed, so not removed
higress-wasmplugin-test (RUST)	UNKNOWN STEP	2026-09-21T12:17:24.2052770Z Package 'php8.1-yac' is not installed, so not removed
higress-wasmplugin-test (RUST)	UNKNOWN STEP	2026-09-21T12:17:24.2053028Z Package 'phpab' is not installed, so not removed
higress-wasmplugin-test (RUST)	UNKNOWN STEP	2026-09-21T12:17:24.2053287Z Package 'phpcpd' is not installed, so not removed
higress-wasmplugin-test (RUST)	UNKNOWN STEP	2026-09-21T12:17:24.2053536Z Package 'phpdox' is not installed, so not removed
higress-wasmplugin-test (RUST)	UNKNOWN STEP	2026-09-21T12:17:24.2053796Z Package 'phpldapadmin' is not installed, so not removed
higress-wasmplugin-test (RUST)	UNKNOWN STEP	2026-09-21T12:17:24.2054066Z Package 'phpliteadmin' is not installed, so not removed
higress-wasmplugin-test (RUST)	UNKNOWN STEP	2026-09-21T12:17:24.2054359Z Package 'phpliteadmin-themes' is not installed, so not removed
higress-wasmplugin-test (RUST)	UNKNOWN STEP	2026-09-21T12:17:24.2054647Z Package 'phploc' is not installed, so not removed
higress-wasmplugin-test (RUST)	UNKNOWN STEP	2026-09-21T12:17:24.2054894Z Package 'phpmd' is not installed, so not removed
higress-wasmplugin-test (RUST)	UNKNOWN STEP	2026-09-21T12:17:24.2055148Z Package 'phpmyadmin' is not installed, so not removed
higress-wasmplugin-test (RUST)	UNKNOWN STEP	2026-09-21T12:17:24.2055405Z Package 'phppgadmin' is not installed, so not removed
higress-wasmplugin-test (RUST)	UNKNOWN STEP	2026-09-21T12:17:24.2055671Z Package 'phpqrcode' is not installed, so not removed
higress-wasmplugin-test (RUST)	UNKNOWN STEP	2026-09-21T12:17:24.2055927Z Package 'phpsysinfo' is not installed, so not removed
higress-wasmplugin-test (RUST)	UNKNOWN STEP	2026-09-21T12:17:24.2056180Z Package 'phpunit' is not installed, so not removed
higress-wasmplugin-test (RUST)	UNKNOWN STEP	2026-09-21T12:17:24.2056461Z Package 'phpunit-cli-parser' is not installed, so not removed
higress-wasmplugin-test (RUST)	UNKNOWN STEP	2026-09-21T12:17:24.2056774Z Package 'phpunit-code-unit' is not installed, so not removed
higress-wasmplugin-test (RUST)	UNKNOWN STEP	2026-09-21T12:17:24.2057208Z Package 'phpunit-code-unit-reverse-lookup' is not installed, so not removed
higress-wasmplugin-test (RUST)	UNKNOWN STEP	2026-09-21T12:17:24.2057564Z Package 'phpunit-comparator' is not installed, so not removed
higress-wasmplugin-test (RUST)	UNKNOWN STEP	2026-09-21T12:17:24.2057867Z Package 'phpunit-complexity' is not installed, so not removed
higress-wasmplugin-test (RUST)	UNKNOWN STEP	2026-09-21T12:17:24.2058269Z Package 'phpunit-diff' is not installed, so not removed
higress-wasmplugin-test (RUST)	UNKNOWN STEP	2026-09-21T12:17:24.2058570Z Package 'phpunit-environment' is not installed, so not removed
higress-wasmplugin-test (RUST)	UNKNOWN STEP	2026-09-21T12:17:24.2058876Z Package 'phpunit-exporter' is not installed, so not removed
higress-wasmplugin-test (RUST)	UNKNOWN STEP	2026-09-21T12:17:24.2059159Z Package 'phpunit-git' is not installed, so not removed
higress-wasmplugin-test (RUST)	UNKNOWN STEP	2026-09-21T12:17:24.3235793Z Package 'phpunit-global-state' is not installed, so not removed
higress-wasmplugin-test (RUST)	UNKNOWN STEP	2026-09-21T12:17:24.3236426Z Package 'phpunit-lines-of-code' is not installed, so not removed
higress-wasmplugin-test (RUST)	UNKNOWN STEP	2026-09-21T12:17:24.3236839Z Package 'phpunit-object-enumerator' is not installed, so not removed
higress-wasmplugin-test (RUST)	UNKNOWN STEP	2026-09-21T12:17:24.3237470Z Package 'phpunit-object-reflector' is not installed, so not removed
higress-wasmplugin-test (RUST)	UNKNOWN STEP	2026-09-21T12:17:24.3237971Z Package 'phpunit-recursion-context' is not installed, so not removed
higress-wasmplugin-test (RUST)	UNKNOWN STEP	2026-09-21T12:17:24.3238518Z Package 'phpunit-resource-operations' is not installed, so not removed
higress-wasmplugin-test (RUST)	UNKNOWN STEP	2026-09-21T12:17:24.3238985Z Package 'phpunit-type' is not installed, so not removed
higress-wasmplugin-test (RUST)	UNKNOWN STEP	2026-09-21T12:17:24.3239445Z Package 'phpunit-version' is not installed, so not removed
higress-wasmplugin-test (RUST)	UNKNOWN STEP	2026-09-21T12:17:24.3239896Z Package 'phpwebcounter' is not installed, so not removed
higress-wasmplugin-test (RUST)	UNKNOWN STEP	2026-09-21T12:17:24.3240341Z Package 'phpwebcounter-extra' is not installed, so not removed
higress-wasmplugin-test (RUST)	UNKNOWN STEP	2026-09-21T12:17:24.3240818Z Package 'python3-phply' is not installed, so not removed
higress-wasmplugin-test (RUST)	UNKNOWN STEP	2026-09-21T12:17:24.3241276Z Package 'python3-phpserialize' is not installed, so not removed
higress-wasmplugin-test (RUST)	UNKNOWN STEP	2026-09-21T12:17:24.3241704Z Package 'simplesamlphp' is not installed, so not removed
higress-wasmplugin-test (RUST)	UNKNOWN STEP	2026-09-21T12:17:24.3242106Z Package 'slbackup-php' is not installed, so not removed
higress-wasmplugin-test (RUST)	UNKNOWN STEP	2026-09-21T12:17:24.3242385Z Package 'uphpmvault' is not installed, so not removed
higress-wasmplugin-test (RUST)	UNKNOWN STEP	2026-09-21T12:17:24.3242662Z Package 'weechat-php' is not installed, so not removed
higress-wasmplugin-test (RUST)	UNKNOWN STEP	2026-09-21T12:17:24.3242958Z Package 'zabbix-frontend-php' is not installed, so not removed
higress-wasmplugin-test (RUST)	UNKNOWN STEP	2026-09-21T12:17:24.3243261Z Package 'php-mythtv' is not installed, so not removed
higress-wasmplugin-test (RUST)	UNKNOWN STEP	2026-09-21T12:17:24.3243570Z Package 'libapache2-mod-php8.1' is not installed, so not removed
higress-wasmplugin-test (RUST)	UNKNOWN STEP	2026-09-21T12:17:24.3243922Z Package 'libapache2-mod-php7.4' is not installed, so not removed
higress-wasmplugin-test (RUST)	UNKNOWN STEP	2026-09-21T12:17:24.3244657Z Package 'libapache2-mod-php8.0' is not installed, so not removed
higress-wasmplugin-test (RUST)	UNKNOWN STEP	2026-09-21T12:17:24.3244975Z Package 'libphp-adodb' is not installed, so not removed
higress-wasmplugin-test (RUST)	UNKNOWN STEP	2026-09-21T12:17:24.3245270Z Package 'libphp8.1-embed' is not installed, so not removed
higress-wasmplugin-test (RUST)	UNKNOWN STEP	2026-09-21T12:17:24.3245549Z Package 'php-cas' is not installed, so not removed
higress-wasmplugin-test (RUST)	UNKNOWN STEP	2026-09-21T12:17:24.3245838Z Package 'php-dompdf' is not installed, so not removed
higress-wasmplugin-test (RUST)	UNKNOWN STEP	2026-09-21T12:17:24.3246124Z Package 'php-mapi' is not installed, so not removed
higress-wasmplugin-test (RUST)	UNKNOWN STEP	2026-09-21T12:17:24.3246376Z The following packages will be REMOVED:
higress-wasmplugin-test (RUST)	UNKNOWN STEP	2026-09-21T12:17:24.3246702Z   php-common php-pear php8.1 php8.1-amqp php8.1-apcu php8.1-bcmath php8.1-bz2
higress-wasmplugin-test (RUST)	UNKNOWN STEP	2026-09-21T12:17:24.3247248Z   php8.1-cgi php8.1-cli php8.1-common php8.1-curl php8.1-dba php8.1-dev
higress-wasmplugin-test (RUST)	UNKNOWN STEP	2026-09-21T12:17:24.3247679Z   php8.1-enchant php8.1-fpm php8.1-gd php8.1-gmp php8.1-igbinary
higress-wasmplugin-test (RUST)	UNKNOWN STEP	2026-09-21T12:17:24.3248055Z   php8.1-imagick php8.1-imap php8.1-interbase php8.1-intl php8.1-ldap
higress-wasmplugin-test (RUST)	UNKNOWN STEP	2026-09-21T12:17:24.3248435Z   php8.1-mbstring php8.1-memcache php8.1-memcached php8.1-mongodb
higress-wasmplugin-test (RUST)	UNKNOWN STEP	2026-09-21T12:17:24.3248770Z   php8.1-msgpack php8.1-mysql php8.1-odbc php8.1-opcache php8.1-pcov
higress-wasmplugin-test (RUST)	UNKNOWN STEP	2026-09-21T12:17:24.3249115Z   php8.1-pgsql php8.1-phpdbg php8.1-pspell php8.1-readline php8.1-redis
higress-wasmplugin-test (RUST)	UNKNOWN STEP	2026-09-21T12:17:24.3249452Z   php8.1-snmp php8.1-soap php8.1-sqlite3 php8.1-sybase php8.1-tidy
higress-wasmplugin-test (RUST)	UNKNOWN STEP	2026-09-21T12:17:24.3249791Z   php8.1-xdebug php8.1-xml php8.1-xsl php8.1-yaml php8.1-zip php8.1-zmq
higress-wasmplugin-test (RUST)	UNKNOWN STEP	2026-09-21T12:17:24.5603894Z 0 upgraded, 0 newly installed, 48 to remove and 8 not upgraded.
higress-wasmplugin-test (RUST)	UNKNOWN STEP	2026-09-21T12:17:24.5604788Z After this operation, 56.7 MB disk space will be freed.
higress-wasmplugin-test (RUST)	UNKNOWN STEP	2026-09-21T12:17:24.5808603Z (Reading database ... 
higress-wasmplugin-test (RUST)	UNKNOWN STEP	2026-09-21T12:17:24.5809062Z (Reading database ... 5%
higress-wasmplugin-test (RUST)	UNKNOWN STEP	2026-09-21T12:17:24.5809523Z (Reading database ... 10%
higress-wasmplugin-test (RUST)	UNKNOWN STEP	2026-09-21T12:17:24.5809949Z (Reading database ... 15%
higress-wasmplugin-test (RUST)	UNKNOWN STEP	2026-09-21T12:17:24.5810410Z (Reading database ... 20%
higress-wasmplugin-test (RUST)	UNKNOWN STEP	2026-09-21T12:17:24.5811112Z (Reading database ... 25%
higress-wasmplugin-test (RUST)	UNKNOWN STEP	2026-09-21T12:17:24.5811543Z (Reading database ... 30%
higress-wasmplugin-test (RUST)	UNKNOWN STEP	2026-09-21T12:17:24.5811947Z (Reading database ... 35%
higress-wasmplugin-test (RUST)	UNKNOWN STEP	2026-09-21T12:17:24.5812351Z (Reading database ... 40%
higress-wasmplugin-test (RUST)	UNKNOWN STEP	2026-09-21T12:17:24.5812758Z (Reading database ... 45%
higress-wasmplugin-test (RUST)	UNKNOWN STEP	2026-09-21T12:17:24.5813161Z (Reading database ... 50%
higress-wasmplugin-test (RUST)	UNKNOWN STEP	2026-09-21T12:17:24.5834267Z (Reading database ... 55%
higress-wasmplugin-test (RUST)	UNKNOWN STEP	2026-09-21T12:17:24.5861230Z (Reading database ... 60%
higress-wasmplugin-test (RUST)	UNKNOWN STEP	2026-09-21T12:17:24.5884553Z (Reading database ... 65%
higress-wasmplugin-test (RUST)	UNKNOWN STEP	2026-09-21T12:17:24.5905148Z (Reading database ... 70%
higress-wasmplugin-test (RUST)	UNKNOWN STEP	2026-09-21T12:17:24.6003931Z (Reading database ... 75%
higress-wasmplugin-test (RUST)	UNKNOWN STEP	2026-09-21T12:17:24.6160881Z (Reading database ... 80%
higress-wasmplugin-test (RUST)	UNKNOWN STEP	2026-09-21T12:17:24.6309920Z (Reading database ... 85%
higress-wasmplugin-test (RUST)	UNKNOWN STEP	2026-09-21T12:17:24.6514714Z (Reading database ... 90%
higress-wasmplugin-test (RUST)	UNKNOWN STEP	2026-09-21T12:17:24.6608337Z (Reading database ... 95%
higress-wasmplugin-test (RUST)	UNKNOWN STEP	2026-09-21T12:17:24.6608634Z (Reading database ... 100%
higress-wasmplugin-test (RUST)	UNKNOWN STEP	2026-09-21T12:17:24.6609039Z (Reading database ... 253085 files and directories currently installed.)
higress-wasmplugin-test (RUST)	UNKNOWN STEP	2026-09-21T12:17:24.6658140Z Removing php8.1-zip (8.1.2-1ubuntu2.25) ...
higress-wasmplugin-test (RUST)	UNKNOWN STEP	2026-09-21T12:17:24.8620240Z Removing php8.1-sybase (8.1.2-1ubuntu2.25) ...
higress-wasmplugin-test (RUST)	UNKNOWN STEP	2026-09-21T12:17:25.0106523Z Removing php-pear (1:1.10.12+submodules+notgz+20210212-1ubuntu3) ...
higress-wasmplugin-test (RUST)	UNKNOWN STEP	2026-09-21T12:17:25.4000550Z Removing php8.1 (8.1.2-1ubuntu2.25) ...
higress-wasmplugin-test (RUST)	UNKNOWN STEP	2026-09-21T12:17:25.4181809Z Removing php8.1-amqp (1.11.0-4) ...
higress-wasmplugin-test (RUST)	UNKNOWN STEP	2026-09-21T12:17:25.5568773Z Removing php8.1-apcu (5.1.21+4.0.11-7ubuntu1) ...
higress-wasmplugin-test (RUST)	UNKNOWN STEP	2026-09-21T12:17:25.6837827Z Removing php8.1-bcmath (8.1.2-1ubuntu2.25) ...
higress-wasmplugin-test (RUST)	UNKNOWN STEP	2026-09-21T12:17:25.8043656Z Removing php8.1-bz2 (8.1.2-1ubuntu2.25) ...
higress-wasmplugin-test (RUST)	UNKNOWN STEP	2026-09-21T12:17:25.9247337Z Removing php8.1-zmq (1.1.3-23) ...
higress-wasmplugin-test (RUST)	UNKNOWN STEP	2026-09-21T12:17:26.0918628Z Removing php8.1-yaml (2.2.2+2.1.0+2.0.4+1.3.2-5) ...
higress-wasmplugin-test (RUST)	UNKNOWN STEP	2026-09-21T12:17:26.2371975Z Removing php8.1-cgi (8.1.2-1ubuntu2.25) ...
higress-wasmplugin-test (RUST)	UNKNOWN STEP	2026-09-21T12:17:27.9797695Z apache2_invoke php8.1-cgi prerm: No action required
higress-wasmplugin-test (RUST)	UNKNOWN STEP	2026-09-21T12:17:28.0097772Z Removing php8.1-dev (8.1.2-1ubuntu2.25) ...
higress-wasmplugin-test (RUST)	UNKNOWN STEP	2026-09-21T12:17:28.1869810Z Removing php8.1-xdebug (3.1.2+2.9.8+2.8.1+2.5.5-4) ...
higress-wasmplugin-test (RUST)	UNKNOWN STEP	2026-09-21T12:17:28.3206922Z Removing php8.1-phpdbg (8.1.2-1ubuntu2.25) ...
higress-wasmplugin-test (RUST)	UNKNOWN STEP	2026-09-21T12:17:30.0235039Z Removing php8.1-redis (5.3.5+4.3.0-5.1) ...
higress-wasmplugin-test (RUST)	UNKNOWN STEP	2026-09-21T12:17:30.1143016Z Removing php8.1-xsl (8.1.2-1ubuntu2.25) ...
higress-wasmplugin-test (RUST)	UNKNOWN STEP	2026-09-21T12:17:30.2226040Z Removing php8.1-soap (8.1.2-1ubuntu2.25) ...
higress-wasmplugin-test (RUST)	UNKNOWN STEP	2026-09-21T12:17:30.3603656Z Removing php8.1-curl (8.1.2-1ubuntu2.25) ...
higress-wasmplugin-test (RUST)	UNKNOWN STEP	2026-09-21T12:17:30.4450550Z Removing php8.1-dba (8.1.2-1ubuntu2.25) ...
higress-wasmplugin-test (RUST)	UNKNOWN STEP	2026-09-21T12:17:30.5264617Z Removing php8.1-enchant (8.1.2-1ubuntu2.25) ...
higress-wasmplugin-test (RUST)	UNKNOWN STEP	2026-09-21T12:17:30.6252789Z Removing php8.1-pcov (1.0.11-4) ...
higress-wasmplugin-test (RUST)	UNKNOWN STEP	2026-09-21T12:17:30.6895218Z Removing php8.1-fpm (8.1.2-1ubuntu2.25) ...
higress-wasmplugin-test (RUST)	UNKNOWN STEP	2026-09-21T12:17:32.2130076Z apache2_invoke php8.1-fpm prerm: No action required
higress-wasmplugin-test (RUST)	UNKNOWN STEP	2026-09-21T12:17:32.5778401Z Removing php8.1-gd (8.1.2-1ubuntu2.25) ...
higress-wasmplugin-test (RUST)	UNKNOWN STEP	2026-09-21T12:17:32.7401559Z Removing php8.1-gmp (8.1.2-1ubuntu2.25) ...
higress-wasmplugin-test (RUST)	UNKNOWN STEP	2026-09-21T12:17:33.0285529Z Removing php8.1-memcached (3.1.5+2.2.0-14.1) ...
higress-wasmplugin-test (RUST)	UNKNOWN STEP	2026-09-21T12:17:33.1257767Z Removing php8.1-igbinary (3.2.6+2.0.8-7ubuntu1) ...
higress-wasmplugin-test (RUST)	UNKNOWN STEP	2026-09-21T12:17:33.2093295Z Removing php8.1-imagick (3.6.0-4ubuntu1) ...
higress-wasmplugin-test (RUST)	UNKNOWN STEP	2026-09-21T12:17:33.2937700Z Removing php8.1-imap (8.1.2-1ubuntu2.25) ...
higress-wasmplugin-test (RUST)	UNKNOWN STEP	2026-09-21T12:17:33.3549611Z Removing php8.1-interbase (8.1.2-1ubuntu2.25) ...
higress-wasmplugin-test (RUST)	UNKNOWN STEP	2026-09-21T12:17:33.4521221Z Removing php8.1-intl (8.1.2-1ubuntu2.25) ...
higress-wasmplugin-test (RUST)	UNKNOWN STEP	2026-09-21T12:17:33.5322982Z Removing php8.1-ldap (8.1.2-1ubuntu2.25) ...
higress-wasmplugin-test (RUST)	UNKNOWN STEP	2026-09-21T12:17:33.6942538Z Removing php8.1-mbstring (8.1.2-1ubuntu2.25) ...
higress-wasmplugin-test (RUST)	UNKNOWN STEP	2026-09-21T12:17:33.8891013Z Removing php8.1-memcache (8.0+4.0.5.2+3.0.9~20170802.e702b5f9+-7) ...
higress-wasmplugin-test (RUST)	UNKNOWN STEP	2026-09-21T12:17:34.1334365Z Removing php8.1-mongodb (1.12.0+1.9.2+1.7.5-4) ...
higress-wasmplugin-test (RUST)	UNKNOWN STEP	2026-09-21T12:17:34.3925746Z Removing php8.1-msgpack (2.2.0~rc1+2.1.2+0.5.7-6) ...
higress-wasmplugin-test (RUST)	UNKNOWN STEP	2026-09-21T12:17:34.5777514Z Removing php8.1-mysql (8.1.2-1ubuntu2.25) ...
higress-wasmplugin-test (RUST)	UNKNOWN STEP	2026-09-21T12:17:34.7034211Z Removing php8.1-odbc (8.1.2-1ubuntu2.25) ...
higress-wasmplugin-test (RUST)	UNKNOWN STEP	2026-09-21T12:17:34.9625611Z Removing php8.1-pgsql (8.1.2-1ubuntu2.25) ...
higress-wasmplugin-test (RUST)	UNKNOWN STEP	2026-09-21T12:17:35.0717607Z Removing php8.1-pspell (8.1.2-1ubuntu2.25) ...
higress-wasmplugin-test (RUST)	UNKNOWN STEP	2026-09-21T12:17:35.2369059Z Removing php8.1-snmp (8.1.2-1ubuntu2.25) ...
higress-wasmplugin-test (RUST)	UNKNOWN STEP	2026-09-21T12:17:35.3209129Z Removing php8.1-sqlite3 (8.1.2-1ubuntu2.25) ...
higress-wasmplugin-test (RUST)	UNKNOWN STEP	2026-09-21T12:17:35.4251697Z Removing php8.1-tidy (8.1.2-1ubuntu2.25) ...
higress-wasmplugin-test (RUST)	UNKNOWN STEP	2026-09-21T12:17:35.5414882Z Removing php8.1-xml (8.1.2-1ubuntu2.25) ...
higress-wasmplugin-test (RUST)	UNKNOWN STEP	2026-09-21T12:17:35.7548957Z Removing php8.1-cli (8.1.2-1ubuntu2.25) ...
higress-wasmplugin-test (RUST)	UNKNOWN STEP	2026-09-21T12:17:36.6004506Z Removing php8.1-opcache (8.1.2-1ubuntu2.25) ...
higress-wasmplugin-test (RUST)	UNKNOWN STEP	2026-09-21T12:17:36.6440818Z Removing php8.1-readline (8.1.2-1ubuntu2.25) ...
higress-wasmplugin-test (RUST)	UNKNOWN STEP	2026-09-21T12:17:36.7006425Z Removing php8.1-common (8.1.2-1ubuntu2.25) ...
higress-wasmplugin-test (RUST)	UNKNOWN STEP	2026-09-21T12:17:36.8824884Z Removing php-common (2:92ubuntu1) ...
higress-wasmplugin-test (RUST)	UNKNOWN STEP	2026-09-21T12:17:36.9078477Z Warning: Stopping phpsessionclean.service, but it can still be activated by:
higress-wasmplugin-test (RUST)	UNKNOWN STEP	2026-09-21T12:17:36.9079238Z   phpsessionclean.timer
higress-wasmplugin-test (RUST)	UNKNOWN STEP	2026-09-21T12:17:37.5446817Z Processing triggers for man-db (2.10.2-1) ...
higress-wasmplugin-test (RUST)	UNKNOWN STEP	2026-09-21T12:17:37.5463104Z Not building database; man-db/auto-update is not 'true'.
higress-wasmplugin-test (RUST)	UNKNOWN STEP	2026-09-21T12:17:38.7925250Z Reading package lists...
higress-wasmplugin-test (RUST)	UNKNOWN STEP	2026-09-21T12:17:38.9956167Z Building dependency tree...
higress-wasmplugin-test (RUST)	UNKNOWN STEP	2026-09-21T12:17:38.9965121Z Reading state information...
higress-wasmplugin-test (RUST)	UNKNOWN STEP	2026-09-21T12:17:39.2271576Z Package 'mongodb-dev' is not installed, so not removed
higress-wasmplugin-test (RUST)	UNKNOWN STEP	2026-09-21T12:17:39.2272078Z Package 'mongodb-server' is not installed, so not removed
higress-wasmplugin-test (RUST)	UNKNOWN STEP	2026-09-21T12:17:39.2272569Z 0 upgraded, 0 newly installed, 0 to remove and 8 not upgraded.
higress-wasmplugin-test (RUST)	UNKNOWN STEP	2026-09-21T12:17:39.2717962Z Reading package lists...
higress-wasmplugin-test (RUST)	UNKNOWN STEP	2026-09-21T12:17:39.4797953Z Building dependency tree...
higress-wasmplugin-test (RUST)	UNKNOWN STEP	2026-09-21T12:17:39.4807266Z Reading state information...
higress-wasmplugin-test (RUST)	UNKNOWN STEP	2026-09-21T12:17:39.7024623Z Package 'mysql-client-5.7' is not installed, so not removed
higress-wasmplugin-test (RUST)	UNKNOWN STEP	2026-09-21T12:17:39.7025360Z Package 'mysql-client-core-5.7' is not installed, so not removed
higress-wasmplugin-test (RUST)	UNKNOWN STEP	2026-09-21T12:17:39.7025935Z Package 'mysql-server-5.5' is not installed, so not removed
higress-wasmplugin-test (RUST)	UNKNOWN STEP	2026-09-21T12:17:39.7026432Z Package 'mysql-server-5.7' is not installed, so not removed
higress-wasmplugin-test (RUST)	UNKNOWN STEP	2026-09-21T12:17:39.7026964Z Package 'mysql-server-core-5.7' is not installed, so not removed
higress-wasmplugin-test (RUST)	UNKNOWN STEP	2026-09-21T12:17:39.7027708Z Package 'mysql-client-core-5.5' is not installed, so not removed
higress-wasmplugin-test (RUST)	UNKNOWN STEP	2026-09-21T12:17:39.7028689Z Package 'mysql-client-core-5.6' is not installed, so not removed
higress-wasmplugin-test (RUST)	UNKNOWN STEP	2026-09-21T12:17:39.7029268Z Package 'mysql-client-5.5' is not installed, so not removed
higress-wasmplugin-test (RUST)	UNKNOWN STEP	2026-09-21T12:17:39.7029811Z Package 'mysql-client-5.6' is not installed, so not removed
higress-wasmplugin-test (RUST)	UNKNOWN STEP	2026-09-21T12:17:39.7030384Z Package 'mysql-server-core-5.5' is not installed, so not removed
higress-wasmplugin-test (RUST)	UNKNOWN STEP	2026-09-21T12:17:39.7031007Z Package 'mysql-server-core-5.6' is not installed, so not removed
higress-wasmplugin-test (RUST)	UNKNOWN STEP	2026-09-21T12:17:39.7031627Z Package 'mysql-server-5.6' is not installed, so not removed
higress-wasmplugin-test (RUST)	UNKNOWN STEP	2026-09-21T12:17:39.7032188Z Package 'mysql-testsuite-5.5' is not installed, so not removed
higress-wasmplugin-test (RUST)	UNKNOWN STEP	2026-09-21T12:17:39.7032739Z Package 'mysql-testsuite-5.6' is not installed, so not removed
higress-wasmplugin-test (RUST)	UNKNOWN STEP	2026-09-21T12:17:39.7033277Z Package 'mysql-testsuite-5.7' is not installed, so not removed
higress-wasmplugin-test (RUST)	UNKNOWN STEP	2026-09-21T12:17:39.7033807Z Package 'mysql-sandbox' is not installed, so not removed
higress-wasmplugin-test (RUST)	UNKNOWN STEP	2026-09-21T12:17:39.7034317Z Package 'mysql-router' is not installed, so not removed
higress-wasmplugin-test (RUST)	UNKNOWN STEP	2026-09-21T12:17:39.7034826Z Package 'mysql-source-8.0' is not installed, so not removed
higress-wasmplugin-test (RUST)	UNKNOWN STEP	2026-09-21T12:17:39.7035377Z Package 'mysql-testsuite' is not installed, so not removed
higress-wasmplugin-test (RUST)	UNKNOWN STEP	2026-09-21T12:17:39.7035891Z Package 'mysql-testsuite-8.0' is not installed, so not removed
higress-wasmplugin-test (RUST)	UNKNOWN STEP	2026-09-21T12:17:39.7036365Z The following packages will be REMOVED:
higress-wasmplugin-test (RUST)	UNKNOWN STEP	2026-09-21T12:17:39.7036902Z   libmysqlclient-dev libmysqlclient21 mysql-client mysql-client-8.0
higress-wasmplugin-test (RUST)	UNKNOWN STEP	2026-09-21T12:17:39.7037714Z   mysql-client-core-8.0 mysql-common mysql-server mysql-server-8.0
higress-wasmplugin-test (RUST)	UNKNOWN STEP	2026-09-21T12:17:39.7038225Z   mysql-server-core-8.0 sphinxsearch
higress-wasmplugin-test (RUST)	UNKNOWN STEP	2026-09-21T12:17:39.9360401Z 0 upgraded, 0 newly installed, 10 to remove and 8 not upgraded.
higress-wasmplugin-test (RUST)	UNKNOWN STEP	2026-09-21T12:17:39.9360956Z After this operation, 210 MB disk space will be freed.
higress-wasmplugin-test (RUST)	UNKNOWN STEP	2026-09-21T12:17:39.9563540Z (Reading database ... 
higress-wasmplugin-test (RUST)	UNKNOWN STEP	2026-09-21T12:17:39.9563905Z (Reading database ... 5%
higress-wasmplugin-test (RUST)	UNKNOWN STEP	2026-09-21T12:17:39.9564205Z (Reading database ... 10%
higress-wasmplugin-test (RUST)	UNKNOWN STEP	2026-09-21T12:17:39.9564782Z (Reading database ... 15%
higress-wasmplugin-test (RUST)	UNKNOWN STEP	2026-09-21T12:17:39.9565086Z (Reading database ... 20%
higress-wasmplugin-test (RUST)	UNKNOWN STEP	2026-09-21T12:17:39.9565359Z (Reading database ... 25%
higress-wasmplugin-test (RUST)	UNKNOWN STEP	2026-09-21T12:17:39.9565652Z (Reading database ... 30%
higress-wasmplugin-test (RUST)	UNKNOWN STEP	2026-09-21T12:17:39.9565947Z (Reading database ... 35%
higress-wasmplugin-test (RUST)	UNKNOWN STEP	2026-09-21T12:17:39.9566217Z (Reading database ... 40%
higress-wasmplugin-test (RUST)	UNKNOWN STEP	2026-09-21T12:17:39.9566491Z (Reading database ... 45%
higress-wasmplugin-test (RUST)	UNKNOWN STEP	2026-09-21T12:17:39.9566767Z (Reading database ... 50%
higress-wasmplugin-test (RUST)	UNKNOWN STEP	2026-09-21T12:17:39.9586743Z (Reading database ... 55%
higress-wasmplugin-test (RUST)	UNKNOWN STEP	2026-09-21T12:17:39.9612744Z (Reading database ... 60%
higress-wasmplugin-test (RUST)	UNKNOWN STEP	2026-09-21T12:17:39.9637565Z (Reading database ... 65%
higress-wasmplugin-test (RUST)	UNKNOWN STEP	2026-09-21T12:17:39.9657057Z (Reading database ... 70%
higress-wasmplugin-test (RUST)	UNKNOWN STEP	2026-09-21T12:17:39.9745552Z (Reading database ... 75%
higress-wasmplugin-test (RUST)	UNKNOWN STEP	2026-09-21T12:17:39.9908403Z (Reading database ... 80%
higress-wasmplugin-test (RUST)	UNKNOWN STEP	2026-09-21T12:17:40.0062358Z (Reading database ... 85%
higress-wasmplugin-test (RUST)	UNKNOWN STEP	2026-09-21T12:17:40.0267233Z (Reading database ... 90%
higress-wasmplugin-test (RUST)	UNKNOWN STEP	2026-09-21T12:17:40.0359854Z (Reading database ... 95%
higress-wasmplugin-test (RUST)	UNKNOWN STEP	2026-09-21T12:17:40.0360138Z (Reading database ... 100%
higress-wasmplugin-test (RUST)	UNKNOWN STEP	2026-09-21T12:17:40.0360450Z (Reading database ... 252098 files and directories currently installed.)
higress-wasmplugin-test (RUST)	UNKNOWN STEP	2026-09-21T12:17:40.0408126Z Removing libmysqlclient-dev (8.0.46-0ubuntu0.22.04.4) ...
higress-wasmplugin-test (RUST)	UNKNOWN STEP	2026-09-21T12:17:40.1392572Z Removing sphinxsearch (2.2.11-8) ...
higress-wasmplugin-test (RUST)	UNKNOWN STEP	2026-09-21T12:17:40.2215401Z Removing libmysqlclient21:amd64 (8.0.46-0ubuntu0.22.04.4) ...
higress-wasmplugin-test (RUST)	UNKNOWN STEP	2026-09-21T12:17:40.2471427Z Removing mysql-client (8.0.46-0ubuntu0.22.04.4) ...
higress-wasmplugin-test (RUST)	UNKNOWN STEP	2026-09-21T12:17:40.2620878Z Removing mysql-server (8.0.46-0ubuntu0.22.04.4) ...
higress-wasmplugin-test (RUST)	UNKNOWN STEP	2026-09-21T12:17:40.2756134Z Removing mysql-server-8.0 (8.0.46-0ubuntu0.22.04.4) ...
higress-wasmplugin-test (RUST)	UNKNOWN STEP	2026-09-21T12:17:40.7398959Z update-alternatives: using /etc/mysql/my.cnf.fallback to provide /etc/mysql/my.cnf (my.cnf) in auto mode
higress-wasmplugin-test (RUST)	UNKNOWN STEP	2026-09-21T12:17:41.0044758Z Removing mysql-client-8.0 (8.0.46-0ubuntu0.22.04.4) ...
higress-wasmplugin-test (RUST)	UNKNOWN STEP	2026-09-21T12:17:41.0196456Z Removing mysql-client-core-8.0 (8.0.46-0ubuntu0.22.04.4) ...
higress-wasmplugin-test (RUST)	UNKNOWN STEP	2026-09-21T12:17:41.0452774Z Removing mysql-common (5.8+1.0.8) ...
higress-wasmplugin-test (RUST)	UNKNOWN STEP	2026-09-21T12:17:41.0913448Z Removing mysql-server-core-8.0 (8.0.46-0ubuntu0.22.04.4) ...
higress-wasmplugin-test (RUST)	UNKNOWN STEP	2026-09-21T12:17:41.2395497Z Processing triggers for man-db (2.10.2-1) ...
higress-wasmplugin-test (RUST)	UNKNOWN STEP	2026-09-21T12:17:41.2410629Z Not building database; man-db/auto-update is not 'true'.
higress-wasmplugin-test (RUST)	UNKNOWN STEP	2026-09-21T12:17:41.2421431Z Processing triggers for libc-bin (2.35-0ubuntu3.14) ...
higress-wasmplugin-test (RUST)	UNKNOWN STEP	2026-09-21T12:17:42.4972722Z Reading package lists...
higress-wasmplugin-test (RUST)	UNKNOWN STEP	2026-09-21T12:17:42.7014147Z Building dependency tree...
higress-wasmplugin-test (RUST)	UNKNOWN STEP	2026-09-21T12:17:42.7024669Z Reading state information...
higress-wasmplugin-test (RUST)	UNKNOWN STEP	2026-09-21T12:17:42.8612199Z The following packages will be REMOVED:
higress-wasmplugin-test (RUST)	UNKNOWN STEP	2026-09-21T12:17:42.8612724Z   azure-cli firefox google-chrome-stable libgl1 libgl1-mesa-dri libglx-mesa0
higress-wasmplugin-test (RUST)	UNKNOWN STEP	2026-09-21T12:17:42.8615768Z   libglx0 mono-complete mono-devel mono-roslyn mono-xsp4 mono-xsp4-base
higress-wasmplugin-test (RUST)	UNKNOWN STEP	2026-09-21T12:17:42.8617337Z   monodoc-http monodoc-manual powershell xvfb
higress-wasmplugin-test (RUST)	UNKNOWN STEP	2026-09-21T12:17:43.0891539Z 0 upgraded, 0 newly installed, 16 to remove and 7 not upgraded.
higress-wasmplugin-test (RUST)	UNKNOWN STEP	2026-09-21T12:17:43.0892117Z After this operation, 1755 MB disk space will be freed.
higress-wasmplugin-test (RUST)	UNKNOWN STEP	2026-09-21T12:17:43.1079253Z (Reading database ... 
higress-wasmplugin-test (RUST)	UNKNOWN STEP	2026-09-21T12:17:43.1079589Z (Reading database ... 5%
higress-wasmplugin-test (RUST)	UNKNOWN STEP	2026-09-21T12:17:43.1079844Z (Reading database ... 10%
higress-wasmplugin-test (RUST)	UNKNOWN STEP	2026-09-21T12:17:43.1080046Z (Reading database ... 15%
higress-wasmplugin-test (RUST)	UNKNOWN STEP	2026-09-21T12:17:43.1080220Z (Reading database ... 20%
higress-wasmplugin-test (RUST)	UNKNOWN STEP	2026-09-21T12:17:43.1080392Z (Reading database ... 25%
higress-wasmplugin-test (RUST)	UNKNOWN STEP	2026-09-21T12:17:43.1080572Z (Reading database ... 30%
higress-wasmplugin-test (RUST)	UNKNOWN STEP	2026-09-21T12:17:43.1080744Z (Reading database ... 35%
higress-wasmplugin-test (RUST)	UNKNOWN STEP	2026-09-21T12:17:43.1081314Z (Reading database ... 40%
higress-wasmplugin-test (RUST)	UNKNOWN STEP	2026-09-21T12:17:43.1081503Z (Reading database ... 45%
higress-wasmplugin-test (RUST)	UNKNOWN STEP	2026-09-21T12:17:43.1081673Z (Reading database ... 50%
higress-wasmplugin-test (RUST)	UNKNOWN STEP	2026-09-21T12:17:43.1099909Z (Reading database ... 55%
higress-wasmplugin-test (RUST)	UNKNOWN STEP	2026-09-21T12:17:43.1126866Z (Reading database ... 60%
higress-wasmplugin-test (RUST)	UNKNOWN STEP	2026-09-21T12:17:43.1151206Z (Reading database ... 65%
higress-wasmplugin-test (RUST)	UNKNOWN STEP	2026-09-21T12:17:43.1170075Z (Reading database ... 70%
higress-wasmplugin-test (RUST)	UNKNOWN STEP	2026-09-21T12:17:43.1259041Z (Reading database ... 75%
higress-wasmplugin-test (RUST)	UNKNOWN STEP	2026-09-21T12:17:43.1423942Z (Reading database ... 80%
higress-wasmplugin-test (RUST)	UNKNOWN STEP	2026-09-21T12:17:43.1579736Z (Reading database ... 85%
higress-wasmplugin-test (RUST)	UNKNOWN STEP	2026-09-21T12:17:43.1780404Z (Reading database ... 90%
higress-wasmplugin-test (RUST)	UNKNOWN STEP	2026-09-21T12:17:43.1871233Z (Reading database ... 95%
higress-wasmplugin-test (RUST)	UNKNOWN STEP	2026-09-21T12:17:43.1871815Z (Reading database ... 100%
higress-wasmplugin-test (RUST)	UNKNOWN STEP	2026-09-21T12:17:43.1872108Z (Reading database ... 251831 files and directories currently installed.)
higress-wasmplugin-test (RUST)	UNKNOWN STEP	2026-09-21T12:17:43.1918222Z Removing azure-cli (2.90.0-1~jammy) ...
higress-wasmplugin-test (RUST)	UNKNOWN STEP	2026-09-21T12:17:53.4455765Z Removing firefox (155.0+build1-0ubuntu0.22.04.1~mt1) ...
higress-wasmplugin-test (RUST)	UNKNOWN STEP	2026-09-21T12:17:53.6918785Z Removing google-chrome-stable (152.0.7977.82-1) ...
higress-wasmplugin-test (RUST)	UNKNOWN STEP	2026-09-21T12:17:53.9433093Z Removing xvfb (2:21.1.4-2ubuntu1.7~22.04.16) ...
higress-wasmplugin-test (RUST)	UNKNOWN STEP	2026-09-21T12:17:53.9990557Z Removing libgl1:amd64 (1.4.0-1) ...
higress-wasmplugin-test (RUST)	UNKNOWN STEP	2026-09-21T12:17:54.0348577Z Removing libglx0:amd64 (1.4.0-1) ...
higress-wasmplugin-test (RUST)	UNKNOWN STEP	2026-09-21T12:17:54.0562125Z Removing libglx-mesa0:amd64 (23.2.1-1ubuntu3.1~22.04.4) ...
higress-wasmplugin-test (RUST)	UNKNOWN STEP	2026-09-21T12:17:54.0995006Z Removing libgl1-mesa-dri:amd64 (23.2.1-1ubuntu3.1~22.04.4) ...
higress-wasmplugin-test (RUST)	UNKNOWN STEP	2026-09-21T12:17:54.2031654Z Removing mono-complete (6.12.0.200-0xamarin2+ubuntu2004b1) ...
higress-wasmplugin-test (RUST)	UNKNOWN STEP	2026-09-21T12:17:54.2615100Z Removing powershell (7.6.5-1.deb) ...
higress-wasmplugin-test (RUST)	UNKNOWN STEP	2026-09-21T12:17:54.3910596Z Removing monodoc-http (4.2-3.1) ...
higress-wasmplugin-test (RUST)	UNKNOWN STEP	2026-09-21T12:17:54.6158898Z Restarting mono-xsp4 (via systemctl): mono-xsp4.service.
higress-wasmplugin-test (RUST)	UNKNOWN STEP	2026-09-21T12:17:54.6415319Z Removing monodoc-manual (6.12.0.200-0xamarin2+ubuntu2004b1) ...
higress-wasmplugin-test (RUST)	UNKNOWN STEP	2026-09-21T12:17:54.6626406Z Removing mono-xsp4 (4.7.1-0xamarin3+ubuntu2004b1) ...
higress-wasmplugin-test (RUST)	UNKNOWN STEP	2026-09-21T12:17:54.7358958Z Removing mono-xsp4-base (4.7.1-0xamarin3+ubuntu2004b1) ...
higress-wasmplugin-test (RUST)	UNKNOWN STEP	2026-09-21T12:17:54.7806759Z Removing mono-roslyn (6.12.0.200-0xamarin2+ubuntu2004b1) ...
higress-wasmplugin-test (RUST)	UNKNOWN STEP	2026-09-21T12:17:54.9506462Z Removing mono-devel (6.12.0.200-0xamarin2+ubuntu2004b1) ...
higress-wasmplugin-test (RUST)	UNKNOWN STEP	2026-09-21T12:17:55.4068783Z Processing triggers for libc-bin (2.35-0ubuntu3.14) ...
higress-wasmplugin-test (RUST)	UNKNOWN STEP	2026-09-21T12:17:55.4585627Z Processing triggers for man-db (2.10.2-1) ...
higress-wasmplugin-test (RUST)	UNKNOWN STEP	2026-09-21T12:17:55.4600232Z Not building database; man-db/auto-update is not 'true'.
higress-wasmplugin-test (RUST)	UNKNOWN STEP	2026-09-21T12:17:55.4613250Z Processing triggers for mailcap (3.70+nmu1ubuntu1.22.04.1) ...
higress-wasmplugin-test (RUST)	UNKNOWN STEP	2026-09-21T12:17:55.6349833Z Processing triggers for hicolor-icon-theme (0.17-2) ...
higress-wasmplugin-test (RUST)	UNKNOWN STEP	2026-09-21T12:17:57.0102873Z Reading package lists...
higress-wasmplugin-test (RUST)	UNKNOWN STEP	2026-09-21T12:17:57.2140250Z Building dependency tree...
higress-wasmplugin-test (RUST)	UNKNOWN STEP	2026-09-21T12:17:57.2149659Z Reading state information...
higress-wasmplugin-test (RUST)	UNKNOWN STEP	2026-09-21T12:17:57.3722557Z Package 'google-cloud-sdk' is not installed, so not removed
higress-wasmplugin-test (RUST)	UNKNOWN STEP	2026-09-21T12:17:57.3723093Z 0 upgraded, 0 newly installed, 0 to remove and 7 not upgraded.
higress-wasmplugin-test (RUST)	UNKNOWN STEP	2026-09-21T12:17:57.4173616Z Reading package lists...
higress-wasmplugin-test (RUST)	UNKNOWN STEP	2026-09-21T12:17:57.6266402Z Building dependency tree...
higress-wasmplugin-test (RUST)	UNKNOWN STEP	2026-09-21T12:17:57.6275540Z Reading state information...
higress-wasmplugin-test (RUST)	UNKNOWN STEP	2026-09-21T12:17:57.7794536Z The following packages will be REMOVED:
higress-wasmplugin-test (RUST)	UNKNOWN STEP	2026-09-21T12:17:57.7798658Z   google-cloud-cli
higress-wasmplugin-test (RUST)	UNKNOWN STEP	2026-09-21T12:17:58.0433692Z 0 upgraded, 0 newly installed, 1 to remove and 7 not upgraded.
higress-wasmplugin-test (RUST)	UNKNOWN STEP	2026-09-21T12:17:58.0434192Z After this operation, 423 MB disk space will be freed.
higress-wasmplugin-test (RUST)	UNKNOWN STEP	2026-09-21T12:17:58.0619736Z (Reading database ... 
higress-wasmplugin-test (RUST)	UNKNOWN STEP	2026-09-21T12:17:58.0620091Z (Reading database ... 5%
higress-wasmplugin-test (RUST)	UNKNOWN STEP	2026-09-21T12:17:58.0621508Z (Reading database ... 10%
higress-wasmplugin-test (RUST)	UNKNOWN STEP	2026-09-21T12:17:58.0622149Z (Reading database ... 15%
higress-wasmplugin-test (RUST)	UNKNOWN STEP	2026-09-21T12:17:58.0622446Z (Reading database ... 20%
higress-wasmplugin-test (RUST)	UNKNOWN STEP	2026-09-21T12:17:58.0622639Z (Reading database ... 25%
higress-wasmplugin-test (RUST)	UNKNOWN STEP	2026-09-21T12:17:58.0622835Z (Reading database ... 30%
higress-wasmplugin-test (RUST)	UNKNOWN STEP	2026-09-21T12:17:58.0623034Z (Reading database ... 35%
higress-wasmplugin-test (RUST)	UNKNOWN STEP	2026-09-21T12:17:58.0637937Z (Reading database ... 40%
higress-wasmplugin-test (RUST)	UNKNOWN STEP	2026-09-21T12:17:58.0638185Z (Reading database ... 45%
higress-wasmplugin-test (RUST)	UNKNOWN STEP	2026-09-21T12:17:58.0638364Z (Reading database ... 50%
higress-wasmplugin-test (RUST)	UNKNOWN STEP	2026-09-21T12:17:58.0642644Z (Reading database ... 55%
higress-wasmplugin-test (RUST)	UNKNOWN STEP	2026-09-21T12:17:58.0669139Z (Reading database ... 60%
higress-wasmplugin-test (RUST)	UNKNOWN STEP	2026-09-21T12:17:58.0694080Z (Reading database ... 65%
higress-wasmplugin-test (RUST)	UNKNOWN STEP	2026-09-21T12:17:58.0713003Z (Reading database ... 70%
higress-wasmplugin-test (RUST)	UNKNOWN STEP	2026-09-21T12:17:58.0808874Z (Reading database ... 75%
higress-wasmplugin-test (RUST)	UNKNOWN STEP	2026-09-21T12:17:58.0873100Z (Reading database ... 80%
higress-wasmplugin-test (RUST)	UNKNOWN STEP	2026-09-21T12:17:58.1018402Z (Reading database ... 85%
higress-wasmplugin-test (RUST)	UNKNOWN STEP	2026-09-21T12:17:58.1210529Z (Reading database ... 90%
higress-wasmplugin-test (RUST)	UNKNOWN STEP	2026-09-21T12:17:58.1288963Z (Reading database ... 95%
higress-wasmplugin-test (RUST)	UNKNOWN STEP	2026-09-21T12:17:58.1289228Z (Reading database ... 100%
higress-wasmplugin-test (RUST)	UNKNOWN STEP	2026-09-21T12:17:58.1289523Z (Reading database ... 218174 files and directories currently installed.)
higress-wasmplugin-test (RUST)	UNKNOWN STEP	2026-09-21T12:17:58.1327588Z Removing google-cloud-cli (583.0.0-0) ...
higress-wasmplugin-test (RUST)	UNKNOWN STEP	2026-09-21T12:18:08.4167271Z Processing triggers for libc-bin (2.35-0ubuntu3.14) ...
higress-wasmplugin-test (RUST)	UNKNOWN STEP	2026-09-21T12:18:09.6295803Z Reading package lists...
higress-wasmplugin-test (RUST)	UNKNOWN STEP	2026-09-21T12:18:09.8311397Z Building dependency tree...
higress-wasmplugin-test (RUST)	UNKNOWN STEP	2026-09-21T12:18:09.8320620Z Reading state information...
higress-wasmplugin-test (RUST)	UNKNOWN STEP	2026-09-21T12:18:09.9839190Z The following packages will be REMOVED:
higress-wasmplugin-test (RUST)	UNKNOWN STEP	2026-09-21T12:18:09.9839796Z   apport-symptoms bc dictionaries-common emacsen-common firebird3.0-common
higress-wasmplugin-test (RUST)	UNKNOWN STEP	2026-09-21T12:18:09.9840465Z   firebird3.0-common-doc freetds-common hunspell-en-us landscape-common
higress-wasmplugin-test (RUST)	UNKNOWN STEP	2026-09-21T12:18:09.9841061Z   lib32gcc-s1 lib32stdc++6 libaspell15 libc-client2007e libcanberra0
higress-wasmplugin-test (RUST)	UNKNOWN STEP	2026-09-21T12:18:09.9841598Z   libcgi-fast-perl libcgi-pm-perl libclang-common-13-dev
higress-wasmplugin-test (RUST)	UNKNOWN STEP	2026-09-21T12:18:09.9842156Z   libclang-common-14-dev libclang-common-15-dev libclang1-13 libclang1-14
higress-wasmplugin-test (RUST)	UNKNOWN STEP	2026-09-21T12:18:09.9842766Z   libclang1-15 libclone-perl libdbusmenu-glib4 libdbusmenu-gtk3-4
higress-wasmplugin-test (RUST)	UNKNOWN STEP	2026-09-21T12:18:09.9843400Z   libdrm-amdgpu1 libdrm-intel1 libdrm-nouveau2 libdrm-radeon1 libenchant-2-2
higress-wasmplugin-test (RUST)	UNKNOWN STEP	2026-09-21T12:18:09.9844158Z   libencode-locale-perl libevent-pthreads-2.1-7 libfbclient2 libfcgi-bin
higress-wasmplugin-test (RUST)	UNKNOWN STEP	2026-09-21T12:18:09.9844907Z   libfcgi-perl libfcgi0ldbl libfontenc1 libgc1 libglapi-mesa libglvnd0
higress-wasmplugin-test (RUST)	UNKNOWN STEP	2026-09-21T12:18:09.9845473Z   libhtml-parser-perl libhtml-tagset-perl libhtml-template-perl
higress-wasmplugin-test (RUST)	UNKNOWN STEP	2026-09-21T12:18:09.9846060Z   libhttp-date-perl libhttp-message-perl libhunspell-1.7-0 libintl-perl
higress-wasmplugin-test (RUST)	UNKNOWN STEP	2026-09-21T12:18:09.9846649Z   libintl-xs-perl libio-html-perl libisns0 libjs-xmlextras liblldb-13
higress-wasmplugin-test (RUST)	UNKNOWN STEP	2026-09-21T12:18:09.9847379Z   liblldb-14 liblldb-15 liblwp-mediatypes-perl libmecab2 libmemcached11
higress-wasmplugin-test (RUST)	UNKNOWN STEP	2026-09-21T12:18:09.9848007Z   libmodule-find-perl libmodule-scandeps-perl libmono-2.0-1 libmono-2.0-dev
higress-wasmplugin-test (RUST)	UNKNOWN STEP	2026-09-21T12:18:09.9848673Z   libmono-cairo4.0-cil libmono-cecil-private-cil libmono-cil-dev
higress-wasmplugin-test (RUST)	UNKNOWN STEP	2026-09-21T12:18:09.9849342Z   libmono-codecontracts4.0-cil libmono-compilerservices-symbolwriter4.0-cil
higress-wasmplugin-test (RUST)	UNKNOWN STEP	2026-09-21T12:18:09.9849953Z   libmono-cscompmgd0.0-cil libmono-csharp4.0c-cil
higress-wasmplugin-test (RUST)	UNKNOWN STEP	2026-09-21T12:18:09.9850557Z   libmono-custommarshalers4.0-cil libmono-data-tds4.0-cil libmono-db2-1.0-cil
higress-wasmplugin-test (RUST)	UNKNOWN STEP	2026-09-21T12:18:09.9851354Z   libmono-debugger-soft4.0a-cil libmono-http4.0-cil libmono-management4.0-cil
higress-wasmplugin-test (RUST)	UNKNOWN STEP	2026-09-21T12:18:09.9852526Z   libmono-messaging-rabbitmq4.0-cil libmono-microsoft-build-engine4.0-cil
higress-wasmplugin-test (RUST)	UNKNOWN STEP	2026-09-21T12:18:09.9853235Z   libmono-microsoft-build-tasks-v4.0-4.0-cil libmono-microsoft-build4.0-cil
higress-wasmplugin-test (RUST)	UNKNOWN STEP	2026-09-21T12:18:09.9853801Z   libmono-microsoft-visualc10.0-cil
higress-wasmplugin-test (RUST)	UNKNOWN STEP	2026-09-21T12:18:09.9854298Z   libmono-microsoft-web-infrastructure1.0-cil libmono-oracle4.0-cil
higress-wasmplugin-test (RUST)	UNKNOWN STEP	2026-09-21T12:18:09.9854916Z   libmono-parallel4.0-cil libmono-peapi4.0a-cil libmono-profiler
higress-wasmplugin-test (RUST)	UNKNOWN STEP	2026-09-21T12:18:09.9855544Z   libmono-rabbitmq4.0-cil libmono-relaxng4.0-cil libmono-sharpzip4.84-cil
higress-wasmplugin-test (RUST)	UNKNOWN STEP	2026-09-21T12:18:09.9856143Z   libmono-simd4.0-cil libmono-smdiagnostics0.0-cil
higress-wasmplugin-test (RUST)	UNKNOWN STEP	2026-09-21T12:18:09.9856592Z   libmono-system-data-datasetextensions4.0-cil
higress-wasmplugin-test (RUST)	UNKNOWN STEP	2026-09-21T12:18:09.9857282Z   libmono-system-data-entity4.0-cil libmono-system-data-linq4.0-cil
higress-wasmplugin-test (RUST)	UNKNOWN STEP	2026-09-21T12:18:09.9857968Z   libmono-system-data-services4.0-cil libmono-system-deployment4.0-cil
higress-wasmplugin-test (RUST)	UNKNOWN STEP	2026-09-21T12:18:09.9858648Z   libmono-system-drawing-design4.0-cil libmono-system-dynamic4.0-cil
higress-wasmplugin-test (RUST)	UNKNOWN STEP	2026-09-21T12:18:09.9859231Z   libmono-system-io-compression-filesystem4.0-cil
higress-wasmplugin-test (RUST)	UNKNOWN STEP	2026-09-21T12:18:09.9859846Z   libmono-system-json-microsoft4.0-cil libmono-system-json4.0-cil
higress-wasmplugin-test (RUST)	UNKNOWN STEP	2026-09-21T12:18:09.9860548Z   libmono-system-ldap-protocols4.0-cil libmono-system-management4.0-cil
higress-wasmplugin-test (RUST)	UNKNOWN STEP	2026-09-21T12:18:09.9861209Z   libmono-system-net-http-formatting4.0-cil
higress-wasmplugin-test (RUST)	UNKNOWN STEP	2026-09-21T12:18:09.9861877Z   libmono-system-net-http-webrequest4.0-cil libmono-system-net4.0-cil
higress-wasmplugin-test (RUST)	UNKNOWN STEP	2026-09-21T12:18:09.9862576Z   libmono-system-numerics-vectors4.0-cil libmono-system-reactive-core2.2-cil
higress-wasmplugin-test (RUST)	UNKNOWN STEP	2026-09-21T12:18:09.9863160Z   libmono-system-reactive-debugger2.2-cil
higress-wasmplugin-test (RUST)	UNKNOWN STEP	2026-09-21T12:18:09.9863603Z   libmono-system-reactive-experimental2.2-cil
higress-wasmplugin-test (RUST)	UNKNOWN STEP	2026-09-21T12:18:09.9864056Z   libmono-system-reactive-interfaces2.2-cil
higress-wasmplugin-test (RUST)	UNKNOWN STEP	2026-09-21T12:18:09.9864474Z   libmono-system-reactive-linq2.2-cil
higress-wasmplugin-test (RUST)	UNKNOWN STEP	2026-09-21T12:18:09.9864922Z   libmono-system-reactive-observable-aliases0.0-cil
higress-wasmplugin-test (RUST)	UNKNOWN STEP	2026-09-21T12:18:09.9865710Z   libmono-system-reactive-platformservices2.2-cil
higress-wasmplugin-test (RUST)	UNKNOWN STEP	2026-09-21T12:18:09.9866209Z   libmono-system-reactive-providers2.2-cil
higress-wasmplugin-test (RUST)	UNKNOWN STEP	2026-09-21T12:18:09.9866679Z   libmono-system-reactive-runtime-remoting2.2-cil
higress-wasmplugin-test (RUST)	UNKNOWN STEP	2026-09-21T12:18:09.9867358Z   libmono-system-reactive-windows-forms2.2-cil
higress-wasmplugin-test (RUST)	UNKNOWN STEP	2026-09-21T12:18:09.9867916Z   libmono-system-reactive-windows-threading2.2-cil
higress-wasmplugin-test (RUST)	UNKNOWN STEP	2026-09-21T12:18:09.9868423Z   libmono-system-reflection-context4.0-cil
higress-wasmplugin-test (RUST)	UNKNOWN STEP	2026-09-21T12:18:09.9868837Z   libmono-system-runtime-caching4.0-cil
higress-wasmplugin-test (RUST)	UNKNOWN STEP	2026-09-21T12:18:09.9869276Z   libmono-system-runtime-durableinstancing4.0-cil
higress-wasmplugin-test (RUST)	UNKNOWN STEP	2026-09-21T12:18:09.9869873Z   libmono-system-runtime4.0-cil libmono-system-servicemodel-discovery4.0-cil
higress-wasmplugin-test (RUST)	UNKNOWN STEP	2026-09-21T12:18:09.9870474Z   libmono-system-servicemodel-routing4.0-cil
higress-wasmplugin-test (RUST)	UNKNOWN STEP	2026-09-21T12:18:09.9871067Z   libmono-system-servicemodel-web4.0-cil libmono-system-serviceprocess4.0-cil
higress-wasmplugin-test (RUST)	UNKNOWN STEP	2026-09-21T12:18:09.9871718Z   libmono-system-threading-tasks-dataflow4.0-cil
higress-wasmplugin-test (RUST)	UNKNOWN STEP	2026-09-21T12:18:09.9872354Z   libmono-system-web-abstractions4.0-cil libmono-system-web-dynamicdata4.0-cil
higress-wasmplugin-test (RUST)	UNKNOWN STEP	2026-09-21T12:18:09.9873010Z   libmono-system-web-extensions-design4.0-cil
higress-wasmplugin-test (RUST)	UNKNOWN STEP	2026-09-21T12:18:09.9873556Z   libmono-system-web-extensions4.0-cil libmono-system-web-http-selfhost4.0-cil
higress-wasmplugin-test (RUST)	UNKNOWN STEP	2026-09-21T12:18:09.9874248Z   libmono-system-web-http-webhost4.0-cil libmono-system-web-http4.0-cil
higress-wasmplugin-test (RUST)	UNKNOWN STEP	2026-09-21T12:18:09.9874852Z   libmono-system-web-mobile4.0-cil libmono-system-web-mvc3.0-cil
higress-wasmplugin-test (RUST)	UNKNOWN STEP	2026-09-21T12:18:09.9875480Z   libmono-system-web-razor2.0-cil libmono-system-web-regularexpressions4.0-cil
higress-wasmplugin-test (RUST)	UNKNOWN STEP	2026-09-21T12:18:09.9876026Z   libmono-system-web-routing4.0-cil
higress-wasmplugin-test (RUST)	UNKNOWN STEP	2026-09-21T12:18:09.9876408Z   libmono-system-web-webpages-deployment2.0-cil
higress-wasmplugin-test (RUST)	UNKNOWN STEP	2026-09-21T12:18:09.9876975Z   libmono-system-web-webpages-razor2.0-cil libmono-system-web-webpages2.0-cil
higress-wasmplugin-test (RUST)	UNKNOWN STEP	2026-09-21T12:18:09.9877749Z   libmono-system-windows-forms-datavisualization4.0a-cil
higress-wasmplugin-test (RUST)	UNKNOWN STEP	2026-09-21T12:18:09.9878347Z   libmono-system-windows4.0-cil libmono-system-workflow-activities4.0-cil
higress-wasmplugin-test (RUST)	UNKNOWN STEP	2026-09-21T12:18:09.9878919Z   libmono-system-workflow-componentmodel4.0-cil
higress-wasmplugin-test (RUST)	UNKNOWN STEP	2026-09-21T12:18:09.9879509Z   libmono-system-workflow-runtime4.0-cil
higress-wasmplugin-test (RUST)	UNKNOWN STEP	2026-09-21T12:18:09.9879983Z   libmono-system-xml-serialization4.0-cil libmono-tasklets4.0-cil
higress-wasmplugin-test (RUST)	UNKNOWN STEP	2026-09-21T12:18:09.9880610Z   libmono-webmatrix-data4.0-cil libmono-xbuild-tasks4.0-cil libmonoboehm-2.0-1
higress-wasmplugin-test (RUST)	UNKNOWN STEP	2026-09-21T12:18:09.9881269Z   libmonosgen-2.0-1 libmonosgen-2.0-dev libmspack0 libnorm1 libobjc-11-dev
higress-wasmplugin-test (RUST)	UNKNOWN STEP	2026-09-21T12:18:09.9881864Z   libobjc4 libogg0 libopeniscsiusr libpciaccess0 libpfm4 libpgm-5.3-0
higress-wasmplugin-test (RUST)	UNKNOWN STEP	2026-09-21T12:18:09.9882490Z   libproc-processtable-perl libprotobuf-lite23 libqdbm14 librabbitmq4 libre2-9
higress-wasmplugin-test (RUST)	UNKNOWN STEP	2026-09-21T12:18:09.9883153Z   libsnappy1v5 libsort-naturally-perl libsybdb5 libtdb1 libterm-readkey-perl
higress-wasmplugin-test (RUST)	UNKNOWN STEP	2026-09-21T12:18:09.9883763Z   libtidy5deb1 libtimedate-perl libtinfo-dev libtommath1 liburi-perl
higress-wasmplugin-test (RUST)	UNKNOWN STEP	2026-09-21T12:18:09.9884369Z   libvorbis0a libvorbisfile3 libx11-xcb1 libxaw7 libxcb-dri2-0 libxcb-dri3-0
higress-wasmplugin-test (RUST)	UNKNOWN STEP	2026-09-21T12:18:09.9885023Z   libxcb-glx0 libxcb-present0 libxcb-sync1 libxcb-xfixes0 libxfont2 libxmlsec1
higress-wasmplugin-test (RUST)	UNKNOWN STEP	2026-09-21T12:18:09.9885664Z   libxmlsec1-openssl libxmu6 libxshmfence1 libxxf86vm1 libz3-4 libz3-dev
higress-wasmplugin-test (RUST)	UNKNOWN STEP	2026-09-21T12:18:09.9886298Z   libzip4 libzmq5 lxd-agent-loader mecab-ipadic mecab-ipadic-utf8 mecab-utils
higress-wasmplugin-test (RUST)	UNKNOWN STEP	2026-09-21T12:18:09.9886907Z   mlock mono-4.0-service mono-csharp-shell mono-mcs mono-utils mono-xbuild
higress-wasmplugin-test (RUST)	UNKNOWN STEP	2026-09-21T12:18:09.9887667Z   monodoc-base msbuild msbuild-libhostfxr msbuild-sdkresolver needrestart
higress-wasmplugin-test (RUST)	UNKNOWN STEP	2026-09-21T12:18:09.9888276Z   open-iscsi open-vm-tools python3-apport python3-automat python3-bcrypt
higress-wasmplugin-test (RUST)	UNKNOWN STEP	2026-09-21T12:18:09.9888864Z   python3-click python3-colorama python3-constantly python3-hamcrest
higress-wasmplugin-test (RUST)	UNKNOWN STEP	2026-09-21T12:18:09.9889482Z   python3-hyperlink python3-incremental python3-lldb-14 python3-problem-report
higress-wasmplugin-test (RUST)	UNKNOWN STEP	2026-09-21T12:18:09.9890099Z   python3-pyasn1 python3-pyasn1-modules python3-service-identity
higress-wasmplugin-test (RUST)	UNKNOWN STEP	2026-09-21T12:18:09.9890612Z   python3-systemd python3-twisted python3-zope.interface
higress-wasmplugin-test (RUST)	UNKNOWN STEP	2026-09-21T12:18:09.9891151Z   referenceassemblies-pcl shtool sound-theme-freedesktop x11-xkb-utils
higress-wasmplugin-test (RUST)	UNKNOWN STEP	2026-09-21T12:18:09.9891803Z   xserver-common xul-ext-ubufox zerofree
higress-wasmplugin-test (RUST)	UNKNOWN STEP	2026-09-21T12:18:10.2033766Z 0 upgraded, 0 newly installed, 237 to remove and 7 not upgraded.
higress-wasmplugin-test (RUST)	UNKNOWN STEP	2026-09-21T12:18:10.2034326Z After this operation, 649 MB disk space will be freed.
higress-wasmplugin-test (RUST)	UNKNOWN STEP	2026-09-21T12:18:10.2220632Z (Reading database ... 
higress-wasmplugin-test (RUST)	UNKNOWN STEP	2026-09-21T12:18:10.2221252Z (Reading database ... 5%
higress-wasmplugin-test (RUST)	UNKNOWN STEP	2026-09-21T12:18:10.2221576Z (Reading database ... 10%
higress-wasmplugin-test (RUST)	UNKNOWN STEP	2026-09-21T12:18:10.2221875Z (Reading database ... 15%
higress-wasmplugin-test (RUST)	UNKNOWN STEP	2026-09-21T12:18:10.2222146Z (Reading database ... 20%
higress-wasmplugin-test (RUST)	UNKNOWN STEP	2026-09-21T12:18:10.2222339Z (Reading database ... 25%
higress-wasmplugin-test (RUST)	UNKNOWN STEP	2026-09-21T12:18:10.2222510Z (Reading database ... 30%
higress-wasmplugin-test (RUST)	UNKNOWN STEP	2026-09-21T12:18:10.2222680Z (Reading database ... 35%
higress-wasmplugin-test (RUST)	UNKNOWN STEP	2026-09-21T12:18:10.2222859Z (Reading database ... 40%
higress-wasmplugin-test (RUST)	UNKNOWN STEP	2026-09-21T12:18:10.2223044Z (Reading database ... 45%
higress-wasmplugin-test (RUST)	UNKNOWN STEP	2026-09-21T12:18:10.2223222Z (Reading database ... 50%
higress-wasmplugin-test (RUST)	UNKNOWN STEP	2026-09-21T12:18:10.2242693Z (Reading database ... 55%
higress-wasmplugin-test (RUST)	UNKNOWN STEP	2026-09-21T12:18:10.2268247Z (Reading database ... 60%
higress-wasmplugin-test (RUST)	UNKNOWN STEP	2026-09-21T12:18:10.2292069Z (Reading database ... 65%
higress-wasmplugin-test (RUST)	UNKNOWN STEP	2026-09-21T12:18:10.2310752Z (Reading database ... 70%
higress-wasmplugin-test (RUST)	UNKNOWN STEP	2026-09-21T12:18:10.2405247Z (Reading database ... 75%
higress-wasmplugin-test (RUST)	UNKNOWN STEP	2026-09-21T12:18:10.2468741Z (Reading database ... 80%
higress-wasmplugin-test (RUST)	UNKNOWN STEP	2026-09-21T12:18:10.2498887Z (Reading database ... 85%
higress-wasmplugin-test (RUST)	UNKNOWN STEP	2026-09-21T12:18:10.2676807Z (Reading database ... 90%
higress-wasmplugin-test (RUST)	UNKNOWN STEP	2026-09-21T12:18:10.2753018Z (Reading database ... 95%
higress-wasmplugin-test (RUST)	UNKNOWN STEP	2026-09-21T12:18:10.2753255Z (Reading database ... 100%
higress-wasmplugin-test (RUST)	UNKNOWN STEP	2026-09-21T12:18:10.2753533Z (Reading database ... 180971 files and directories currently installed.)
higress-wasmplugin-test (RUST)	UNKNOWN STEP	2026-09-21T12:18:10.2788566Z Removing apport-symptoms (0.24) ...
higress-wasmplugin-test (RUST)	UNKNOWN STEP	2026-09-21T12:18:10.2922852Z Removing landscape-common (23.02-0ubuntu1~22.04.7) ...
higress-wasmplugin-test (RUST)	UNKNOWN STEP	2026-09-21T12:18:10.4073733Z Removing bc (1.07.1-3build1) ...
higress-wasmplugin-test (RUST)	UNKNOWN STEP	2026-09-21T12:18:10.4308213Z Removing libenchant-2-2:amd64 (2.3.2-1ubuntu2) ...
higress-wasmplugin-test (RUST)	UNKNOWN STEP	2026-09-21T12:18:10.4694387Z Removing hunspell-en-us (1:2020.12.07-2) ...
higress-wasmplugin-test (RUST)	UNKNOWN STEP	2026-09-21T12:18:10.6243489Z Removing dictionaries-common (1.28.14) ...
higress-wasmplugin-test (RUST)	UNKNOWN STEP	2026-09-21T12:18:10.6999352Z Removing 'diversion of /usr/share/dict/words to /usr/share/dict/words.pre-dictionaries-common by dictionaries-common'
higress-wasmplugin-test (RUST)	UNKNOWN STEP	2026-09-21T12:18:10.7202856Z Removing emacsen-common (3.0.4) ...
higress-wasmplugin-test (RUST)	UNKNOWN STEP	2026-09-21T12:18:10.7623762Z Removing libfbclient2:amd64 (3.0.8.33535.ds4-1ubuntu2) ...
higress-wasmplugin-test (RUST)	UNKNOWN STEP	2026-09-21T12:18:10.7754765Z Removing firebird3.0-common (3.0.8.33535.ds4-1ubuntu2) ...
higress-wasmplugin-test (RUST)	UNKNOWN STEP	2026-09-21T12:18:10.8368819Z Removing firebird3.0-common-doc (3.0.8.33535.ds4-1ubuntu2) ...
higress-wasmplugin-test (RUST)	UNKNOWN STEP	2026-09-21T12:18:10.8745303Z Removing libsybdb5:amd64 (1.3.6-1) ...
higress-wasmplugin-test (RUST)	UNKNOWN STEP	2026-09-21T12:18:10.8868880Z Removing freetds-common (1.3.6-1) ...
higress-wasmplugin-test (RUST)	UNKNOWN STEP	2026-09-21T12:18:10.9514781Z Removing libclang-common-14-dev (1:14.0.0-1ubuntu1.1) ...
higress-wasmplugin-test (RUST)	UNKNOWN STEP	2026-09-21T12:18:11.0072969Z Removing libclang-common-13-dev (1:13.0.1-2ubuntu2.2) ...
higress-wasmplugin-test (RUST)	UNKNOWN STEP	2026-09-21T12:18:11.0442477Z Removing libclang-common-15-dev (1:15.0.7-0ubuntu0.22.04.3) ...
higress-wasmplugin-test (RUST)	UNKNOWN STEP	2026-09-21T12:18:11.1081961Z Removing lib32stdc++6 (12.3.0-1ubuntu1~22.04.3) ...
higress-wasmplugin-test (RUST)	UNKNOWN STEP	2026-09-21T12:18:11.1240109Z Removing libaspell15:amd64 (0.60.8-4build1) ...
higress-wasmplugin-test (RUST)	UNKNOWN STEP	2026-09-21T12:18:11.1600407Z Removing libc-client2007e (8:2007f~dfsg-7build1) ...
higress-wasmplugin-test (RUST)	UNKNOWN STEP	2026-09-21T12:18:11.1748703Z Removing libcanberra0:amd64 (0.30-10ubuntu1.22.04.1) ...
higress-wasmplugin-test (RUST)	UNKNOWN STEP	2026-09-21T12:18:11.2134378Z Removing libcgi-fast-perl (1:2.15-1) ...
higress-wasmplugin-test (RUST)	UNKNOWN STEP	2026-09-21T12:18:11.2259592Z Removing libhtml-template-perl (2.97-1.1) ...
higress-wasmplugin-test (RUST)	UNKNOWN STEP	2026-09-21T12:18:11.2782828Z Removing libcgi-pm-perl (4.54-1) ...
higress-wasmplugin-test (RUST)	UNKNOWN STEP	2026-09-21T12:18:11.2927003Z Removing libclang1-13 (1:13.0.1-2ubuntu2.2) ...
higress-wasmplugin-test (RUST)	UNKNOWN STEP	2026-09-21T12:18:11.3122489Z Removing libclang1-14 (1:14.0.0-1ubuntu1.1) ...
higress-wasmplugin-test (RUST)	UNKNOWN STEP	2026-09-21T12:18:11.3476400Z Removing libclang1-15 (1:15.0.7-0ubuntu0.22.04.3) ...
higress-wasmplugin-test (RUST)	UNKNOWN STEP	2026-09-21T12:18:11.3814804Z Removing libclone-perl (0.45-1build3) ...
higress-wasmplugin-test (RUST)	UNKNOWN STEP	2026-09-21T12:18:11.3941621Z Removing libdbusmenu-gtk3-4:amd64 (16.04.1+18.10.20180917-0ubuntu8) ...
higress-wasmplugin-test (RUST)	UNKNOWN STEP	2026-09-21T12:18:11.4066972Z Removing libdbusmenu-glib4:amd64 (16.04.1+18.10.20180917-0ubuntu8) ...
higress-wasmplugin-test (RUST)	UNKNOWN STEP	2026-09-21T12:18:11.4800107Z Removing libdrm-amdgpu1:amd64 (2.4.113-2~ubuntu0.22.04.1) ...
higress-wasmplugin-test (RUST)	UNKNOWN STEP	2026-09-21T12:18:11.5199335Z Removing libdrm-intel1:amd64 (2.4.113-2~ubuntu0.22.04.1) ...
higress-wasmplugin-test (RUST)	UNKNOWN STEP	2026-09-21T12:18:11.5358681Z Removing libdrm-nouveau2:amd64 (2.4.113-2~ubuntu0.22.04.1) ...
higress-wasmplugin-test (RUST)	UNKNOWN STEP	2026-09-21T12:18:11.5477634Z Removing libdrm-radeon1:amd64 (2.4.113-2~ubuntu0.22.04.1) ...
higress-wasmplugin-test (RUST)	UNKNOWN STEP	2026-09-21T12:18:11.5598247Z Removing libhttp-message-perl (6.36-1) ...
higress-wasmplugin-test (RUST)	UNKNOWN STEP	2026-09-21T12:18:11.5747535Z Removing libencode-locale-perl (1.05-1.1) ...
higress-wasmplugin-test (RUST)	UNKNOWN STEP	2026-09-21T12:18:11.6346575Z Removing libevent-pthreads-2.1-7:amd64 (2.1.12-stable-1ubuntu0.1) ...
higress-wasmplugin-test (RUST)	UNKNOWN STEP	2026-09-21T12:18:11.7869712Z Removing libfcgi-bin (2.4.2-2ubuntu0.1) ...
higress-wasmplugin-test (RUST)	UNKNOWN STEP	2026-09-21T12:18:11.7989766Z Removing libfcgi-perl:amd64 (0.82+ds-1build1) ...
higress-wasmplugin-test (RUST)	UNKNOWN STEP	2026-09-21T12:18:11.8321686Z Removing libfcgi0ldbl:amd64 (2.4.2-2ubuntu0.1) ...
higress-wasmplugin-test (RUST)	UNKNOWN STEP	2026-09-21T12:18:11.8450450Z Removing libxfont2:amd64 (1:2.0.5-1ubuntu0.2) ...
higress-wasmplugin-test (RUST)	UNKNOWN STEP	2026-09-21T12:18:11.8609520Z Removing libfontenc1:amd64 (1:1.1.4-1build3) ...
higress-wasmplugin-test (RUST)	UNKNOWN STEP	2026-09-21T12:18:11.8741293Z Removing libobjc-11-dev:amd64 (11.4.0-1ubuntu1~22.04.3) ...
higress-wasmplugin-test (RUST)	UNKNOWN STEP	2026-09-21T12:18:11.8865149Z Removing libobjc4:amd64 (12.3.0-1ubuntu1~22.04.3) ...
higress-wasmplugin-test (RUST)	UNKNOWN STEP	2026-09-21T12:18:11.8980887Z Removing libgc1:amd64 (1:8.0.6-1.1build1) ...
higress-wasmplugin-test (RUST)	UNKNOWN STEP	2026-09-21T12:18:11.9220792Z Removing libglapi-mesa:amd64 (23.2.1-1ubuntu3.1~22.04.4) ...
higress-wasmplugin-test (RUST)	UNKNOWN STEP	2026-09-21T12:18:11.9355079Z Removing libglvnd0:amd64 (1.4.0-1) ...
higress-wasmplugin-test (RUST)	UNKNOWN STEP	2026-09-21T12:18:11.9475681Z Removing libhtml-parser-perl:amd64 (3.76-1ubuntu0.1) ...
higress-wasmplugin-test (RUST)	UNKNOWN STEP	2026-09-21T12:18:11.9611958Z Removing libhtml-tagset-perl (3.20-4) ...
higress-wasmplugin-test (RUST)	UNKNOWN STEP	2026-09-21T12:18:11.9728112Z Removing libhttp-date-perl (6.05-1ubuntu0.1) ...
higress-wasmplugin-test (RUST)	UNKNOWN STEP	2026-09-21T12:18:11.9895294Z Removing libhunspell-1.7-0:amd64 (1.7.0-4build1) ...
higress-wasmplugin-test (RUST)	UNKNOWN STEP	2026-09-21T12:18:12.0016719Z Removing libintl-xs-perl (1.26-3build2) ...
higress-wasmplugin-test (RUST)	UNKNOWN STEP	2026-09-21T12:18:12.0145552Z Removing needrestart (3.5-5ubuntu2.5) ...
higress-wasmplugin-test (RUST)	UNKNOWN STEP	2026-09-21T12:18:12.1887367Z Removing libintl-perl (1.26-3build2) ...
higress-wasmplugin-test (RUST)	UNKNOWN STEP	2026-09-21T12:18:12.2291517Z Removing libio-html-perl (1.004-2) ...
higress-wasmplugin-test (RUST)	UNKNOWN STEP	2026-09-21T12:18:12.2410645Z Removing open-iscsi (2.1.5-1ubuntu1.1) ...
higress-wasmplugin-test (RUST)	UNKNOWN STEP	2026-09-21T12:18:12.9092417Z Warning: Stopping iscsid.service, but it can still be activated by:
higress-wasmplugin-test (RUST)	UNKNOWN STEP	2026-09-21T12:18:12.9092934Z   iscsid.socket
higress-wasmplugin-test (RUST)	UNKNOWN STEP	2026-09-21T12:18:14.2946780Z Removing libisns0:amd64 (0.101-0ubuntu2) ...
higress-wasmplugin-test (RUST)	UNKNOWN STEP	2026-09-21T12:18:14.3079563Z Removing libjs-xmlextras (20060529-2) ...
higress-wasmplugin-test (RUST)	UNKNOWN STEP	2026-09-21T12:18:14.3248476Z Removing liblldb-13 (1:13.0.1-2ubuntu2.2) ...
higress-wasmplugin-test (RUST)	UNKNOWN STEP	2026-09-21T12:18:14.3389077Z Removing python3-lldb-14 (1:14.0.0-1ubuntu1.1) ...
higress-wasmplugin-test (RUST)	UNKNOWN STEP	2026-09-21T12:18:14.3565425Z Removing liblldb-14 (1:14.0.0-1ubuntu1.1) ...
higress-wasmplugin-test (RUST)	UNKNOWN STEP	2026-09-21T12:18:14.3700990Z Removing liblldb-15 (1:15.0.7-0ubuntu0.22.04.3) ...
higress-wasmplugin-test (RUST)	UNKNOWN STEP	2026-09-21T12:18:14.3831401Z Removing liblwp-mediatypes-perl (6.04-1) ...
higress-wasmplugin-test (RUST)	UNKNOWN STEP	2026-09-21T12:18:14.3987990Z Removing mecab-ipadic-utf8 (2.7.0-20070801+main-3) ...
higress-wasmplugin-test (RUST)	UNKNOWN STEP	2026-09-21T12:18:14.4034854Z update-alternatives: using /var/lib/mecab/dic/ipadic to provide /var/lib/mecab/dic/debian (mecab-dictionary) in auto mode
higress-wasmplugin-test (RUST)	UNKNOWN STEP	2026-09-21T12:18:14.4233999Z Removing mecab-ipadic (2.7.0-20070801+main-3) ...
higress-wasmplugin-test (RUST)	UNKNOWN STEP	2026-09-21T12:18:14.4490035Z Removing mecab-utils (0.996-14build9) ...
higress-wasmplugin-test (RUST)	UNKNOWN STEP	2026-09-21T12:18:14.4613190Z Removing libmecab2:amd64 (0.996-14build9) ...
higress-wasmplugin-test (RUST)	UNKNOWN STEP	2026-09-21T12:18:14.4717379Z Removing libmemcached11:amd64 (1.0.18-4.2ubuntu4) ...
higress-wasmplugin-test (RUST)	UNKNOWN STEP	2026-09-21T12:18:14.4842142Z Removing libmodule-find-perl (0.15-1) ...
higress-wasmplugin-test (RUST)	UNKNOWN STEP	2026-09-21T12:18:14.4966338Z Removing libmodule-scandeps-perl (1.31-1ubuntu0.1) ...
higress-wasmplugin-test (RUST)	UNKNOWN STEP	2026-09-21T12:18:14.5087714Z Removing libmono-2.0-1 (6.12.0.200-0xamarin2+ubuntu2004b1) ...
higress-wasmplugin-test (RUST)	UNKNOWN STEP	2026-09-21T12:18:14.5229925Z Removing libmono-2.0-dev (6.12.0.200-0xamarin2+ubuntu2004b1) ...
higress-wasmplugin-test (RUST)	UNKNOWN STEP	2026-09-21T12:18:14.5772385Z Removing libmono-cil-dev (6.12.0.200-0xamarin2+ubuntu2004b1) ...
higress-wasmplugin-test (RUST)	UNKNOWN STEP	2026-09-21T12:18:14.5934529Z Removing libmono-cairo4.0-cil (6.12.0.200-0xamarin2+ubuntu2004b1) ...
higress-wasmplugin-test (RUST)	UNKNOWN STEP	2026-09-21T12:18:14.6053436Z Removing libmono-codecontracts4.0-cil (6.12.0.200-0xamarin2+ubuntu2004b1) ...
higress-wasmplugin-test (RUST)	UNKNOWN STEP	2026-09-21T12:18:14.6256332Z Removing monodoc-base (6.12.0.200-0xamarin2+ubuntu2004b1) ...
higress-wasmplugin-test (RUST)	UNKNOWN STEP	2026-09-21T12:18:14.6548569Z Removing libmono-compilerservices-symbolwriter4.0-cil (6.12.0.200-0xamarin2+ubuntu2004b1) ...
higress-wasmplugin-test (RUST)	UNKNOWN STEP	2026-09-21T12:18:14.6666416Z Removing libmono-cscompmgd0.0-cil (6.12.0.200-0xamarin2+ubuntu2004b1) ...
higress-wasmplugin-test (RUST)	UNKNOWN STEP	2026-09-21T12:18:14.6783835Z Removing mono-csharp-shell (6.12.0.200-0xamarin2+ubuntu2004b1) ...
higress-wasmplugin-test (RUST)	UNKNOWN STEP	2026-09-21T12:18:14.6913019Z Removing libmono-csharp4.0c-cil (6.12.0.200-0xamarin2+ubuntu2004b1) ...
higress-wasmplugin-test (RUST)	UNKNOWN STEP	2026-09-21T12:18:14.7121622Z Removing libmono-custommarshalers4.0-cil (6.12.0.200-0xamarin2+ubuntu2004b1) ...
higress-wasmplugin-test (RUST)	UNKNOWN STEP	2026-09-21T12:18:14.7239169Z Removing libmono-data-tds4.0-cil (6.12.0.200-0xamarin2+ubuntu2004b1) ...
higress-wasmplugin-test (RUST)	UNKNOWN STEP	2026-09-21T12:18:14.7357861Z Removing libmono-db2-1.0-cil (6.12.0.200-0xamarin2+ubuntu2004b1) ...
higress-wasmplugin-test (RUST)	UNKNOWN STEP	2026-09-21T12:18:14.7968255Z Removing libmono-debugger-soft4.0a-cil (6.12.0.200-0xamarin2+ubuntu2004b1) ...
higress-wasmplugin-test (RUST)	UNKNOWN STEP	2026-09-21T12:18:14.8215227Z Removing libmono-http4.0-cil (6.12.0.200-0xamarin2+ubuntu2004b1) ...
higress-wasmplugin-test (RUST)	UNKNOWN STEP	2026-09-21T12:18:14.8480980Z Removing libmono-management4.0-cil (6.12.0.200-0xamarin2+ubuntu2004b1) ...
higress-wasmplugin-test (RUST)	UNKNOWN STEP	2026-09-21T12:18:14.8860136Z Removing libmono-messaging-rabbitmq4.0-cil (6.12.0.200-0xamarin2+ubuntu2004b1) ...
higress-wasmplugin-test (RUST)	UNKNOWN STEP	2026-09-21T12:18:14.9068281Z Removing referenceassemblies-pcl (2014.04.14-1xamarin7+ubuntu2004b1) ...
higress-wasmplugin-test (RUST)	UNKNOWN STEP	2026-09-21T12:18:15.4578097Z Removing mono-xbuild (6.12.0.200-0xamarin2+ubuntu2004b1) ...
higress-wasmplugin-test (RUST)	UNKNOWN STEP	2026-09-21T12:18:15.5669704Z Removing libmono-microsoft-build-tasks-v4.0-4.0-cil (6.12.0.200-0xamarin2+ubuntu2004b1) ...
higress-wasmplugin-test (RUST)	UNKNOWN STEP	2026-09-21T12:18:15.6050947Z Removing libmono-microsoft-build-engine4.0-cil (6.12.0.200-0xamarin2+ubuntu2004b1) ...
higress-wasmplugin-test (RUST)	UNKNOWN STEP	2026-09-21T12:18:15.6170094Z Removing libmono-microsoft-build4.0-cil (6.12.0.200-0xamarin2+ubuntu2004b1) ...
higress-wasmplugin-test (RUST)	UNKNOWN STEP	2026-09-21T12:18:15.6315811Z Removing libmono-microsoft-visualc10.0-cil (6.12.0.200-0xamarin2+ubuntu2004b1) ...
higress-wasmplugin-test (RUST)	UNKNOWN STEP	2026-09-21T12:18:15.6991570Z Removing libmono-system-web-http-webhost4.0-cil (6.12.0.200-0xamarin2+ubuntu2004b1) ...
higress-wasmplugin-test (RUST)	UNKNOWN STEP	2026-09-21T12:18:15.7260366Z Removing libmono-system-web-mvc3.0-cil (6.12.0.200-0xamarin2+ubuntu2004b1) ...
higress-wasmplugin-test (RUST)	UNKNOWN STEP	2026-09-21T12:18:15.7702787Z Removing msbuild (1:16.10.1+xamarinxplat.2021.05.26.14.00-0xamarin2+ubuntu2004b1) ...
higress-wasmplugin-test (RUST)	UNKNOWN STEP	2026-09-21T12:18:16.0286741Z Removing libmono-oracle4.0-cil (6.12.0.200-0xamarin2+ubuntu2004b1) ...
higress-wasmplugin-test (RUST)	UNKNOWN STEP	2026-09-21T12:18:16.0631155Z Removing libmono-parallel4.0-cil (6.12.0.200-0xamarin2+ubuntu2004b1) ...
higress-wasmplugin-test (RUST)	UNKNOWN STEP	2026-09-21T12:18:16.1167603Z Removing libmono-peapi4.0a-cil (6.12.0.200-0xamarin2+ubuntu2004b1) ...
higress-wasmplugin-test (RUST)	UNKNOWN STEP	2026-09-21T12:18:16.1420677Z Removing libmono-profiler (6.12.0.200-0xamarin2+ubuntu2004b1) ...
higress-wasmplugin-test (RUST)	UNKNOWN STEP	2026-09-21T12:18:16.1704029Z Removing libmono-rabbitmq4.0-cil (6.12.0.200-0xamarin2+ubuntu2004b1) ...
higress-wasmplugin-test (RUST)	UNKNOWN STEP	2026-09-21T12:18:16.1988428Z Removing libmono-relaxng4.0-cil (6.12.0.200-0xamarin2+ubuntu2004b1) ...
higress-wasmplugin-test (RUST)	UNKNOWN STEP	2026-09-21T12:18:16.2211234Z Removing libmono-sharpzip4.84-cil (6.12.0.200-0xamarin2+ubuntu2004b1) ...
higress-wasmplugin-test (RUST)	UNKNOWN STEP	2026-09-21T12:18:16.2372545Z Removing libmono-simd4.0-cil (6.12.0.200-0xamarin2+ubuntu2004b1) ...
higress-wasmplugin-test (RUST)	UNKNOWN STEP	2026-09-21T12:18:16.2502017Z Removing libmono-smdiagnostics0.0-cil (6.12.0.200-0xamarin2+ubuntu2004b1) ...
higress-wasmplugin-test (RUST)	UNKNOWN STEP	2026-09-21T12:18:16.2622342Z Removing libmono-system-data-datasetextensions4.0-cil (6.12.0.200-0xamarin2+ubuntu2004b1) ...
higress-wasmplugin-test (RUST)	UNKNOWN STEP	2026-09-21T12:18:16.2953731Z Removing libmono-system-data-entity4.0-cil (6.12.0.200-0xamarin2+ubuntu2004b1) ...
higress-wasmplugin-test (RUST)	UNKNOWN STEP	2026-09-21T12:18:16.3608245Z Removing libmono-system-web-dynamicdata4.0-cil (6.12.0.200-0xamarin2+ubuntu2004b1) ...
higress-wasmplugin-test (RUST)	UNKNOWN STEP	2026-09-21T12:18:16.4189829Z Removing libmono-system-web-http-selfhost4.0-cil (6.12.0.200-0xamarin2+ubuntu2004b1) ...
higress-wasmplugin-test (RUST)	UNKNOWN STEP	2026-09-21T12:18:16.4314350Z Removing libmono-system-web-http4.0-cil (6.12.0.200-0xamarin2+ubuntu2004b1) ...
higress-wasmplugin-test (RUST)	UNKNOWN STEP	2026-09-21T12:18:16.4448117Z Removing libmono-system-data-services4.0-cil (6.12.0.200-0xamarin2+ubuntu2004b1) ...
higress-wasmplugin-test (RUST)	UNKNOWN STEP	2026-09-21T12:18:16.5728975Z Removing libmono-system-deployment4.0-cil (6.12.0.200-0xamarin2+ubuntu2004b1) ...
higress-wasmplugin-test (RUST)	UNKNOWN STEP	2026-09-21T12:18:16.6182352Z Removing libmono-system-drawing-design4.0-cil (6.12.0.200-0xamarin2+ubuntu2004b1) ...
higress-wasmplugin-test (RUST)	UNKNOWN STEP	2026-09-21T12:18:16.6565721Z Removing libmono-system-dynamic4.0-cil (6.12.0.200-0xamarin2+ubuntu2004b1) ...
higress-wasmplugin-test (RUST)	UNKNOWN STEP	2026-09-21T12:18:16.7244398Z Removing libmono-system-io-compression-filesystem4.0-cil (6.12.0.200-0xamarin2+ubuntu2004b1) ...
higress-wasmplugin-test (RUST)	UNKNOWN STEP	2026-09-21T12:18:16.7379284Z Removing libmono-system-json-microsoft4.0-cil (6.12.0.200-0xamarin2+ubuntu2004b1) ...
higress-wasmplugin-test (RUST)	UNKNOWN STEP	2026-09-21T12:18:16.7740357Z Removing libmono-system-json4.0-cil (6.12.0.200-0xamarin2+ubuntu2004b1) ...
higress-wasmplugin-test (RUST)	UNKNOWN STEP	2026-09-21T12:18:16.8762593Z Removing libmono-system-ldap-protocols4.0-cil (6.12.0.200-0xamarin2+ubuntu2004b1) ...
higress-wasmplugin-test (RUST)	UNKNOWN STEP	2026-09-21T12:18:16.9277302Z Removing libmono-system-management4.0-cil (6.12.0.200-0xamarin2+ubuntu2004b1) ...
higress-wasmplugin-test (RUST)	UNKNOWN STEP	2026-09-21T12:18:16.9681070Z Removing libmono-system-net-http-formatting4.0-cil (6.12.0.200-0xamarin2+ubuntu2004b1) ...
higress-wasmplugin-test (RUST)	UNKNOWN STEP	2026-09-21T12:18:17.0023754Z Removing libmono-system-net-http-webrequest4.0-cil (6.12.0.200-0xamarin2+ubuntu2004b1) ...
higress-wasmplugin-test (RUST)	UNKNOWN STEP	2026-09-21T12:18:17.0291341Z Removing libmono-system-net4.0-cil (6.12.0.200-0xamarin2+ubuntu2004b1) ...
higress-wasmplugin-test (RUST)	UNKNOWN STEP	2026-09-21T12:18:17.0450429Z Removing libmono-system-numerics-vectors4.0-cil (6.12.0.200-0xamarin2+ubuntu2004b1) ...
higress-wasmplugin-test (RUST)	UNKNOWN STEP	2026-09-21T12:18:17.0581783Z Removing libmono-system-reactive-experimental2.2-cil (6.12.0.200-0xamarin2+ubuntu2004b1) ...
higress-wasmplugin-test (RUST)	UNKNOWN STEP	2026-09-21T12:18:17.0823500Z Removing libmono-system-reactive-windows-threading2.2-cil (6.12.0.200-0xamarin2+ubuntu2004b1) ...
higress-wasmplugin-test (RUST)	UNKNOWN STEP	2026-09-21T12:18:17.1509958Z Removing libmono-system-reactive-debugger2.2-cil (6.12.0.200-0xamarin2+ubuntu2004b1) ...
higress-wasmplugin-test (RUST)	UNKNOWN STEP	2026-09-21T12:18:17.1762148Z Removing libmono-system-reactive-windows-forms2.2-cil (6.12.0.200-0xamarin2+ubuntu2004b1) ...
higress-wasmplugin-test (RUST)	UNKNOWN STEP	2026-09-21T12:18:17.1905683Z Removing libmono-system-reactive-observable-aliases0.0-cil (6.12.0.200-0xamarin2+ubuntu2004b1) ...
higress-wasmplugin-test (RUST)	UNKNOWN STEP	2026-09-21T12:18:17.2031839Z Removing libmono-system-reactive-providers2.2-cil (6.12.0.200-0xamarin2+ubuntu2004b1) ...
higress-wasmplugin-test (RUST)	UNKNOWN STEP	2026-09-21T12:18:17.2255329Z Removing libmono-system-reactive-platformservices2.2-cil (6.12.0.200-0xamarin2+ubuntu2004b1) ...
higress-wasmplugin-test (RUST)	UNKNOWN STEP	2026-09-21T12:18:17.2421037Z Removing libmono-system-reactive-linq2.2-cil (6.12.0.200-0xamarin2+ubuntu2004b1) ...
higress-wasmplugin-test (RUST)	UNKNOWN STEP	2026-09-21T12:18:17.2590380Z Removing libmono-system-reactive-runtime-remoting2.2-cil (6.12.0.200-0xamarin2+ubuntu2004b1) ...
higress-wasmplugin-test (RUST)	UNKNOWN STEP	2026-09-21T12:18:17.2764672Z Removing libmono-system-reflection-context4.0-cil (6.12.0.200-0xamarin2+ubuntu2004b1) ...
higress-wasmplugin-test (RUST)	UNKNOWN STEP	2026-09-21T12:18:17.2886933Z Removing libmono-system-runtime-caching4.0-cil (6.12.0.200-0xamarin2+ubuntu2004b1) ...
higress-wasmplugin-test (RUST)	UNKNOWN STEP	2026-09-21T12:18:17.3009030Z Removing libmono-system-runtime-durableinstancing4.0-cil (6.12.0.200-0xamarin2+ubuntu2004b1) ...
higress-wasmplugin-test (RUST)	UNKNOWN STEP	2026-09-21T12:18:17.3303587Z Removing libmono-system-runtime4.0-cil (6.12.0.200-0xamarin2+ubuntu2004b1) ...
higress-wasmplugin-test (RUST)	UNKNOWN STEP	2026-09-21T12:18:17.3432464Z Removing libmono-system-servicemodel-discovery4.0-cil (6.12.0.200-0xamarin2+ubuntu2004b1) ...
higress-wasmplugin-test (RUST)	UNKNOWN STEP	2026-09-21T12:18:17.3560280Z Removing libmono-system-servicemodel-routing4.0-cil (6.12.0.200-0xamarin2+ubuntu2004b1) ...
higress-wasmplugin-test (RUST)	UNKNOWN STEP	2026-09-21T12:18:17.4087561Z Removing libmono-system-servicemodel-web4.0-cil (6.12.0.200-0xamarin2+ubuntu2004b1) ...
higress-wasmplugin-test (RUST)	UNKNOWN STEP	2026-09-21T12:18:17.4489723Z Removing mono-4.0-service (6.12.0.200-0xamarin2+ubuntu2004b1) ...
higress-wasmplugin-test (RUST)	UNKNOWN STEP	2026-09-21T12:18:17.4629060Z Removing libmono-system-serviceprocess4.0-cil (6.12.0.200-0xamarin2+ubuntu2004b1) ...
higress-wasmplugin-test (RUST)	UNKNOWN STEP	2026-09-21T12:18:17.4752476Z Removing libmono-system-threading-tasks-dataflow4.0-cil (6.12.0.200-0xamarin2+ubuntu2004b1) ...
higress-wasmplugin-test (RUST)	UNKNOWN STEP	2026-09-21T12:18:17.4874544Z Removing libmono-system-web-abstractions4.0-cil (6.12.0.200-0xamarin2+ubuntu2004b1) ...
higress-wasmplugin-test (RUST)	UNKNOWN STEP	2026-09-21T12:18:17.5001148Z Removing libmono-system-web-extensions-design4.0-cil (6.12.0.200-0xamarin2+ubuntu2004b1) ...
higress-wasmplugin-test (RUST)	UNKNOWN STEP	2026-09-21T12:18:17.5131226Z Removing libmono-system-web-extensions4.0-cil (6.12.0.200-0xamarin2+ubuntu2004b1) ...
higress-wasmplugin-test (RUST)	UNKNOWN STEP	2026-09-21T12:18:17.5316219Z Removing libmono-system-web-mobile4.0-cil (6.12.0.200-0xamarin2+ubuntu2004b1) ...
higress-wasmplugin-test (RUST)	UNKNOWN STEP	2026-09-21T12:18:17.5486064Z Removing libmono-system-web-webpages-razor2.0-cil (6.12.0.200-0xamarin2+ubuntu2004b1) ...
higress-wasmplugin-test (RUST)	UNKNOWN STEP	2026-09-21T12:18:17.5773689Z Removing libmono-system-web-regularexpressions4.0-cil (6.12.0.200-0xamarin2+ubuntu2004b1) ...
higress-wasmplugin-test (RUST)	UNKNOWN STEP	2026-09-21T12:18:17.5892569Z Removing libmono-system-web-routing4.0-cil (6.12.0.200-0xamarin2+ubuntu2004b1) ...
higress-wasmplugin-test (RUST)	UNKNOWN STEP	2026-09-21T12:18:17.6023157Z Removing libmono-system-windows-forms-datavisualization4.0a-cil (6.12.0.200-0xamarin2+ubuntu2004b1) ...
higress-wasmplugin-test (RUST)	UNKNOWN STEP	2026-09-21T12:18:17.6182289Z Removing libmono-system-windows4.0-cil (6.12.0.200-0xamarin2+ubuntu2004b1) ...
higress-wasmplugin-test (RUST)	UNKNOWN STEP	2026-09-21T12:18:17.6301741Z Removing libmono-system-workflow-activities4.0-cil (6.12.0.200-0xamarin2+ubuntu2004b1) ...
higress-wasmplugin-test (RUST)	UNKNOWN STEP	2026-09-21T12:18:17.6426475Z Removing libmono-system-workflow-componentmodel4.0-cil (6.12.0.200-0xamarin2+ubuntu2004b1) ...
higress-wasmplugin-test (RUST)	UNKNOWN STEP	2026-09-21T12:18:17.6546161Z Removing libmono-system-workflow-runtime4.0-cil (6.12.0.200-0xamarin2+ubuntu2004b1) ...
higress-wasmplugin-test (RUST)	UNKNOWN STEP	2026-09-21T12:18:17.6698862Z Removing libmono-system-xml-serialization4.0-cil (6.12.0.200-0xamarin2+ubuntu2004b1) ...
higress-wasmplugin-test (RUST)	UNKNOWN STEP	2026-09-21T12:18:17.6819630Z Removing libmono-tasklets4.0-cil (6.12.0.200-0xamarin2+ubuntu2004b1) ...
higress-wasmplugin-test (RUST)	UNKNOWN STEP	2026-09-21T12:18:17.6937897Z Removing libmono-webmatrix-data4.0-cil (6.12.0.200-0xamarin2+ubuntu2004b1) ...
higress-wasmplugin-test (RUST)	UNKNOWN STEP	2026-09-21T12:18:17.7053022Z Removing libmono-xbuild-tasks4.0-cil (6.12.0.200-0xamarin2+ubuntu2004b1) ...
higress-wasmplugin-test (RUST)	UNKNOWN STEP	2026-09-21T12:18:17.7217904Z Removing mono-utils (6.12.0.200-0xamarin2+ubuntu2004b1) ...
higress-wasmplugin-test (RUST)	UNKNOWN STEP	2026-09-21T12:18:17.7469057Z Removing libmonoboehm-2.0-1 (6.12.0.200-0xamarin2+ubuntu2004b1) ...
higress-wasmplugin-test (RUST)	UNKNOWN STEP	2026-09-21T12:18:17.7595361Z Removing libmonosgen-2.0-dev (6.12.0.200-0xamarin2+ubuntu2004b1) ...
higress-wasmplugin-test (RUST)	UNKNOWN STEP	2026-09-21T12:18:17.7713038Z Removing libmonosgen-2.0-1 (6.12.0.200-0xamarin2+ubuntu2004b1) ...
higress-wasmplugin-test (RUST)	UNKNOWN STEP	2026-09-21T12:18:17.8025702Z Removing open-vm-tools (2:12.3.5-3~ubuntu0.22.04.3) ...
higress-wasmplugin-test (RUST)	UNKNOWN STEP	2026-09-21T12:18:18.7393450Z Removing libmspack0:amd64 (0.10.1-2build2) ...
higress-wasmplugin-test (RUST)	UNKNOWN STEP	2026-09-21T12:18:18.7531498Z Removing libzmq5:amd64 (4.3.4-2) ...
higress-wasmplugin-test (RUST)	UNKNOWN STEP	2026-09-21T12:18:18.7824860Z Removing libnorm1:amd64 (1.5.9+dfsg-2) ...
higress-wasmplugin-test (RUST)	UNKNOWN STEP	2026-09-21T12:18:18.8020324Z Removing libvorbisfile3:amd64 (1.3.7-1build2) ...
higress-wasmplugin-test (RUST)	UNKNOWN STEP	2026-09-21T12:18:18.8150736Z Removing libvorbis0a:amd64 (1.3.7-1build2) ...
higress-wasmplugin-test (RUST)	UNKNOWN STEP	2026-09-21T12:18:18.8271810Z Removing libogg0:amd64 (1.3.5-0ubuntu3) ...
higress-wasmplugin-test (RUST)	UNKNOWN STEP	2026-09-21T12:18:18.8436853Z Removing libopeniscsiusr (2.1.5-1ubuntu1.1) ...
higress-wasmplugin-test (RUST)	UNKNOWN STEP	2026-09-21T12:18:18.8577623Z Removing libpciaccess0:amd64 (0.16-3) ...
higress-wasmplugin-test (RUST)	UNKNOWN STEP	2026-09-21T12:18:18.8716886Z Removing libpfm4:amd64 (4.11.1+git32-gd0b85fb-1ubuntu0.1) ...
higress-wasmplugin-test (RUST)	UNKNOWN STEP	2026-09-21T12:18:18.8842564Z Removing libpgm-5.3-0:amd64 (5.3.128~dfsg-2) ...
higress-wasmplugin-test (RUST)	UNKNOWN STEP	2026-09-21T12:18:18.9157900Z Removing libproc-processtable-perl:amd64 (0.634-1build1) ...
higress-wasmplugin-test (RUST)	UNKNOWN STEP	2026-09-21T12:18:18.9303546Z Removing libprotobuf-lite23:amd64 (3.12.4-1ubuntu7.22.04.6) ...
higress-wasmplugin-test (RUST)	UNKNOWN STEP	2026-09-21T12:18:18.9455519Z Removing libqdbm14 (1.8.78-11build3) ...
higress-wasmplugin-test (RUST)	UNKNOWN STEP	2026-09-21T12:18:18.9587840Z Removing librabbitmq4:amd64 (0.10.0-1ubuntu2.2) ...
higress-wasmplugin-test (RUST)	UNKNOWN STEP	2026-09-21T12:18:18.9719043Z Removing libre2-9:amd64 (20220201+dfsg-1) ...
higress-wasmplugin-test (RUST)	UNKNOWN STEP	2026-09-21T12:18:18.9881277Z Removing libsnappy1v5:amd64 (1.1.8-1build3) ...
higress-wasmplugin-test (RUST)	UNKNOWN STEP	2026-09-21T12:18:19.0122206Z Removing libsort-naturally-perl (1.03-2) ...
higress-wasmplugin-test (RUST)	UNKNOWN STEP	2026-09-21T12:18:19.0242338Z Removing libtdb1:amd64 (1.4.5-2build1) ...
higress-wasmplugin-test (RUST)	UNKNOWN STEP	2026-09-21T12:18:19.0715875Z Removing libterm-readkey-perl (2.38-1build4) ...
higress-wasmplugin-test (RUST)	UNKNOWN STEP	2026-09-21T12:18:19.0856142Z Removing libtidy5deb1:amd64 (2:5.6.0-11ubuntu0.22.04.1) ...
higress-wasmplugin-test (RUST)	UNKNOWN STEP	2026-09-21T12:18:19.1113037Z Removing libtimedate-perl (2.3300-2) ...
higress-wasmplugin-test (RUST)	UNKNOWN STEP	2026-09-21T12:18:19.1299195Z Removing libtinfo-dev:amd64 (6.3-2ubuntu0.3) ...
higress-wasmplugin-test (RUST)	UNKNOWN STEP	2026-09-21T12:18:19.1425222Z Removing libtommath1:amd64 (1.2.0-6ubuntu0.22.04.1) ...
higress-wasmplugin-test (RUST)	UNKNOWN STEP	2026-09-21T12:18:19.1550572Z Removing liburi-perl (5.10-1) ...
higress-wasmplugin-test (RUST)	UNKNOWN STEP	2026-09-21T12:18:19.1884508Z Removing libx11-xcb1:amd64 (2:1.7.5-1ubuntu0.3) ...
higress-wasmplugin-test (RUST)	UNKNOWN STEP	2026-09-21T12:18:19.2055265Z Removing xserver-common (2:21.1.4-2ubuntu1.7~22.04.16) ...
higress-wasmplugin-test (RUST)	UNKNOWN STEP	2026-09-21T12:18:19.2185708Z Removing x11-xkb-utils (7.7+5build4) ...
higress-wasmplugin-test (RUST)	UNKNOWN STEP	2026-09-21T12:18:19.2324038Z Removing libxaw7:amd64 (2:1.0.14-1) ...
higress-wasmplugin-test (RUST)	UNKNOWN STEP	2026-09-21T12:18:19.2445994Z Removing libxcb-dri2-0:amd64 (1.14-3ubuntu3) ...
higress-wasmplugin-test (RUST)	UNKNOWN STEP	2026-09-21T12:18:19.2632364Z Removing libxcb-dri3-0:amd64 (1.14-3ubuntu3) ...
higress-wasmplugin-test (RUST)	UNKNOWN STEP	2026-09-21T12:18:19.2764058Z Removing libxcb-glx0:amd64 (1.14-3ubuntu3) ...
higress-wasmplugin-test (RUST)	UNKNOWN STEP	2026-09-21T12:18:19.2886500Z Removing libxcb-present0:amd64 (1.14-3ubuntu3) ...
higress-wasmplugin-test (RUST)	UNKNOWN STEP	2026-09-21T12:18:19.3010562Z Removing libxcb-sync1:amd64 (1.14-3ubuntu3) ...
higress-wasmplugin-test (RUST)	UNKNOWN STEP	2026-09-21T12:18:19.3132436Z Removing libxcb-xfixes0:amd64 (1.14-3ubuntu3) ...
higress-wasmplugin-test (RUST)	UNKNOWN STEP	2026-09-21T12:18:19.3256673Z Removing libxmlsec1-openssl:amd64 (1.2.33-1build2) ...
higress-wasmplugin-test (RUST)	UNKNOWN STEP	2026-09-21T12:18:19.3381713Z Removing libxmlsec1:amd64 (1.2.33-1build2) ...
higress-wasmplugin-test (RUST)	UNKNOWN STEP	2026-09-21T12:18:19.3824926Z Removing libxmu6:amd64 (2:1.1.3-3) ...
higress-wasmplugin-test (RUST)	UNKNOWN STEP	2026-09-21T12:18:19.3949747Z Removing libxshmfence1:amd64 (1.3-1build4) ...
higress-wasmplugin-test (RUST)	UNKNOWN STEP	2026-09-21T12:18:19.4083347Z Removing libxxf86vm1:amd64 (1:1.1.4-1build3) ...
higress-wasmplugin-test (RUST)	UNKNOWN STEP	2026-09-21T12:18:19.4214298Z Removing libz3-dev:amd64 (4.8.12-1) ...
higress-wasmplugin-test (RUST)	UNKNOWN STEP	2026-09-21T12:18:19.4345979Z Removing libz3-4:amd64 (4.8.12-1) ...
higress-wasmplugin-test (RUST)	UNKNOWN STEP	2026-09-21T12:18:19.4474366Z Removing libzip4:amd64 (1.7.3-1ubuntu2) ...
higress-wasmplugin-test (RUST)	UNKNOWN STEP	2026-09-21T12:18:19.4602974Z Removing lxd-agent-loader (0.5) ...
higress-wasmplugin-test (RUST)	UNKNOWN STEP	2026-09-21T12:18:19.8951801Z Removing mlock (8:2007f~dfsg-7build1) ...
higress-wasmplugin-test (RUST)	UNKNOWN STEP	2026-09-21T12:18:19.9077361Z Removing mono-mcs (6.12.0.200-0xamarin2+ubuntu2004b1) ...
higress-wasmplugin-test (RUST)	UNKNOWN STEP	2026-09-21T12:18:19.9369505Z Removing python3-apport (2.20.11-0ubuntu82.10) ...
higress-wasmplugin-test (RUST)	UNKNOWN STEP	2026-09-21T12:18:20.0384631Z Removing python3-twisted (22.1.0-2ubuntu2.7) ...
higress-wasmplugin-test (RUST)	UNKNOWN STEP	2026-09-21T12:18:20.3528330Z Removing python3-automat (20.2.0-1) ...
higress-wasmplugin-test (RUST)	UNKNOWN STEP	2026-09-21T12:18:20.4274900Z Removing python3-bcrypt (3.2.0-1build1) ...
higress-wasmplugin-test (RUST)	UNKNOWN STEP	2026-09-21T12:18:20.4956255Z Removing python3-click (8.0.3-1) ...
higress-wasmplugin-test (RUST)	UNKNOWN STEP	2026-09-21T12:18:20.5703810Z Removing python3-colorama (0.4.4-1) ...
higress-wasmplugin-test (RUST)	UNKNOWN STEP	2026-09-21T12:18:20.6448736Z Removing python3-constantly (15.1.0-2) ...
higress-wasmplugin-test (RUST)	UNKNOWN STEP	2026-09-21T12:18:20.7132061Z Removing python3-hamcrest (2.0.2-2) ...
higress-wasmplugin-test (RUST)	UNKNOWN STEP	2026-09-21T12:18:20.7959599Z Removing python3-hyperlink (21.0.0-3) ...
higress-wasmplugin-test (RUST)	UNKNOWN STEP	2026-09-21T12:18:20.8675885Z Removing python3-incremental (21.3.0-1) ...
higress-wasmplugin-test (RUST)	UNKNOWN STEP	2026-09-21T12:18:20.9403225Z Removing python3-problem-report (2.20.11-0ubuntu82.10) ...
higress-wasmplugin-test (RUST)	UNKNOWN STEP	2026-09-21T12:18:21.0504894Z Removing python3-service-identity (18.1.0-6) ...
higress-wasmplugin-test (RUST)	UNKNOWN STEP	2026-09-21T12:18:21.1766394Z Removing python3-pyasn1-modules (0.2.1-1) ...
higress-wasmplugin-test (RUST)	UNKNOWN STEP	2026-09-21T12:18:21.2455954Z Removing python3-pyasn1 (0.4.8-1ubuntu0.3) ...
higress-wasmplugin-test (RUST)	UNKNOWN STEP	2026-09-21T12:18:21.3212645Z Removing python3-systemd (234-3ubuntu2) ...
higress-wasmplugin-test (RUST)	UNKNOWN STEP	2026-09-21T12:18:21.3987877Z Removing python3-zope.interface (5.4.0-1build1) ...
higress-wasmplugin-test (RUST)	UNKNOWN STEP	2026-09-21T12:18:21.4744013Z Removing shtool (2.0.8-10) ...
higress-wasmplugin-test (RUST)	UNKNOWN STEP	2026-09-21T12:18:21.4897255Z Removing sound-theme-freedesktop (0.8-2ubuntu1) ...
higress-wasmplugin-test (RUST)	UNKNOWN STEP	2026-09-21T12:18:21.5030305Z Removing xul-ext-ubufox (3.4-0ubuntu1.17.10.1) ...
higress-wasmplugin-test (RUST)	UNKNOWN STEP	2026-09-21T12:18:21.5512100Z Removing zerofree (1.1.1-1build3) ...
higress-wasmplugin-test (RUST)	UNKNOWN STEP	2026-09-21T12:18:21.5644414Z Removing lib32gcc-s1 (12.3.0-1ubuntu1~22.04.3) ...
higress-wasmplugin-test (RUST)	UNKNOWN STEP	2026-09-21T12:18:21.5817454Z Removing libmono-cecil-private-cil (6.12.0.200-0xamarin2+ubuntu2004b1) ...
higress-wasmplugin-test (RUST)	UNKNOWN STEP	2026-09-21T12:18:21.6191500Z Removing libmono-system-web-webpages2.0-cil (6.12.0.200-0xamarin2+ubuntu2004b1) ...
higress-wasmplugin-test (RUST)	UNKNOWN STEP	2026-09-21T12:18:21.6326124Z Removing libmono-system-data-linq4.0-cil (6.12.0.200-0xamarin2+ubuntu2004b1) ...
higress-wasmplugin-test (RUST)	UNKNOWN STEP	2026-09-21T12:18:21.6442191Z Removing libmono-system-reactive-core2.2-cil (6.12.0.200-0xamarin2+ubuntu2004b1) ...
higress-wasmplugin-test (RUST)	UNKNOWN STEP	2026-09-21T12:18:21.6563061Z Removing libmono-system-reactive-interfaces2.2-cil (6.12.0.200-0xamarin2+ubuntu2004b1) ...
higress-wasmplugin-test (RUST)	UNKNOWN STEP	2026-09-21T12:18:21.6678803Z Removing libmono-system-web-razor2.0-cil (6.12.0.200-0xamarin2+ubuntu2004b1) ...
higress-wasmplugin-test (RUST)	UNKNOWN STEP	2026-09-21T12:18:21.6800244Z Removing libmono-system-web-webpages-deployment2.0-cil (6.12.0.200-0xamarin2+ubuntu2004b1) ...
higress-wasmplugin-test (RUST)	UNKNOWN STEP	2026-09-21T12:18:21.6933965Z Removing libmono-microsoft-web-infrastructure1.0-cil (6.12.0.200-0xamarin2+ubuntu2004b1) ...
higress-wasmplugin-test (RUST)	UNKNOWN STEP	2026-09-21T12:18:21.7297542Z Removing msbuild-libhostfxr (3.0.0.2019.04.16.02.13-0xamarin4+ubuntu2004b1) ...
higress-wasmplugin-test (RUST)	UNKNOWN STEP	2026-09-21T12:18:21.7414783Z Removing msbuild-sdkresolver (1:16.10.1+xamarinxplat.2021.05.26.14.00-0xamarin2+ubuntu2004b1) ...
higress-wasmplugin-test (RUST)	UNKNOWN STEP	2026-09-21T12:18:21.8340463Z Processing triggers for libc-bin (2.35-0ubuntu3.14) ...
higress-wasmplugin-test (RUST)	UNKNOWN STEP	2026-09-21T12:18:21.8474561Z Processing triggers for man-db (2.10.2-1) ...
higress-wasmplugin-test (RUST)	UNKNOWN STEP	2026-09-21T12:18:21.8490259Z Not building database; man-db/auto-update is not 'true'.
higress-wasmplugin-test (RUST)	UNKNOWN STEP	2026-09-21T12:18:21.8504073Z Processing triggers for postgresql-common (293.pgdg22.04+1) ...
higress-wasmplugin-test (RUST)	UNKNOWN STEP	2026-09-21T12:18:21.9654660Z Building PostgreSQL dictionaries from installed myspell/hunspell packages...
higress-wasmplugin-test (RUST)	UNKNOWN STEP	2026-09-21T12:18:21.9655455Z Removing obsolete dictionary files:
higress-wasmplugin-test (RUST)	UNKNOWN STEP	2026-09-21T12:18:21.9657488Z   /var/cache/postgresql/dicts/en_us.affix
higress-wasmplugin-test (RUST)	UNKNOWN STEP	2026-09-21T12:18:21.9657803Z   /var/cache/postgresql/dicts/en_us.dict
higress-wasmplugin-test (RUST)	UNKNOWN STEP	2026-09-21T12:18:21.9931615Z   /usr/share/postgresql/14/tsearch_data/en_us.affix
higress-wasmplugin-test (RUST)	UNKNOWN STEP	2026-09-21T12:18:21.9932064Z   /usr/share/postgresql/14/tsearch_data/en_us.dict
higress-wasmplugin-test (RUST)	UNKNOWN STEP	2026-09-21T12:18:22.0217302Z Processing triggers for install-info (6.8-4build1) ...
higress-wasmplugin-test (RUST)	UNKNOWN STEP	2026-09-21T12:18:22.3728012Z Processing triggers for initramfs-tools (0.140ubuntu13.5) ...
higress-wasmplugin-test (RUST)	UNKNOWN STEP	2026-09-21T12:18:22.4148952Z update-initramfs: Generating /boot/initrd.img-6.8.0-1064-azure
higress-wasmplugin-test (RUST)	UNKNOWN STEP	2026-09-21T12:18:31.4435766Z 
higress-wasmplugin-test (RUST)	UNKNOWN STEP	2026-09-21T12:18:31.4441065Z ********************************************************************************
higress-wasmplugin-test (RUST)	UNKNOWN STEP	2026-09-21T12:18:31.4457442Z => Large misc. packages: Saved 4.6GiB
higress-wasmplugin-test (RUST)	UNKNOWN STEP	2026-09-21T12:18:31.4462686Z ********************************************************************************
higress-wasmplugin-test (RUST)	UNKNOWN STEP	2026-09-21T12:18:31.4462977Z 
higress-wasmplugin-test (RUST)	UNKNOWN STEP	2026-09-21T12:18:31.4661113Z Total reclaimed space: 0B
higress-wasmplugin-test (RUST)	UNKNOWN STEP	2026-09-21T12:18:31.4711713Z 
higress-wasmplugin-test (RUST)	UNKNOWN STEP	2026-09-21T12:18:31.4716428Z ********************************************************************************
higress-wasmplugin-test (RUST)	UNKNOWN STEP	2026-09-21T12:18:31.4733394Z => Docker images: Saved 0B
higress-wasmplugin-test (RUST)	UNKNOWN STEP	2026-09-21T12:18:31.4738843Z ********************************************************************************
higress-wasmplugin-test (RUST)	UNKNOWN STEP	2026-09-21T12:18:31.4739143Z 
higress-wasmplugin-test (RUST)	UNKNOWN STEP	2026-09-21T12:18:31.4981238Z                total        used        free      shared  buff/cache   available
higress-wasmplugin-test (RUST)	UNKNOWN STEP	2026-09-21T12:18:31.4981808Z Mem:            15Gi       564Mi        10Gi        44Mi       4.7Gi        14Gi
higress-wasmplugin-test (RUST)	UNKNOWN STEP	2026-09-21T12:18:31.4982195Z Swap:             0B          0B          0B
higress-wasmplugin-test (RUST)	UNKNOWN STEP	2026-09-21T12:18:31.5012548Z 
higress-wasmplugin-test (RUST)	UNKNOWN STEP	2026-09-21T12:18:31.5017901Z ********************************************************************************
higress-wasmplugin-test (RUST)	UNKNOWN STEP	2026-09-21T12:18:31.5034703Z => Swap storage: Saved 0B
higress-wasmplugin-test (RUST)	UNKNOWN STEP	2026-09-21T12:18:31.5040028Z ********************************************************************************
higress-wasmplugin-test (RUST)	UNKNOWN STEP	2026-09-21T12:18:31.5040315Z 
higress-wasmplugin-test (RUST)	UNKNOWN STEP	2026-09-21T12:18:31.5097389Z 
higress-wasmplugin-test (RUST)	UNKNOWN STEP	2026-09-21T12:18:31.5102674Z ================================================================================
higress-wasmplugin-test (RUST)	UNKNOWN STEP	2026-09-21T12:18:31.5103093Z AFTER CLEAN-UP:
higress-wasmplugin-test (RUST)	UNKNOWN STEP	2026-09-21T12:18:31.5103252Z 
higress-wasmplugin-test (RUST)	UNKNOWN STEP	2026-09-21T12:18:31.5103354Z $ dh -h /
higress-wasmplugin-test (RUST)	UNKNOWN STEP	2026-09-21T12:18:31.5103488Z 
higress-wasmplugin-test (RUST)	UNKNOWN STEP	2026-09-21T12:18:31.5112452Z Filesystem      Size  Used Avail Use% Mounted on
higress-wasmplugin-test (RUST)	UNKNOWN STEP	2026-09-21T12:18:31.5112707Z /dev/root       146G   35G  111G  24% /
higress-wasmplugin-test (RUST)	UNKNOWN STEP	2026-09-21T12:18:31.5114124Z $ dh -a /
higress-wasmplugin-test (RUST)	UNKNOWN STEP	2026-09-21T12:18:31.5114564Z 
higress-wasmplugin-test (RUST)	UNKNOWN STEP	2026-09-21T12:18:31.5123791Z Filesystem     1K-blocks     Used Available Use% Mounted on
higress-wasmplugin-test (RUST)	UNKNOWN STEP	2026-09-21T12:18:31.5124085Z /dev/root      152243760 35884976 116342400  24% /
higress-wasmplugin-test (RUST)	UNKNOWN STEP	2026-09-21T12:18:31.5125281Z $ dh -a
higress-wasmplugin-test (RUST)	UNKNOWN STEP	2026-09-21T12:18:31.5125421Z 
higress-wasmplugin-test (RUST)	UNKNOWN STEP	2026-09-21T12:18:31.5138518Z Filesystem      1K-blocks     Used Available Use% Mounted on
higress-wasmplugin-test (RUST)	UNKNOWN STEP	2026-09-21T12:18:31.5138976Z /dev/root       152243760 35884976 116342400  24% /
higress-wasmplugin-test (RUST)	UNKNOWN STEP	2026-09-21T12:18:31.5139346Z devtmpfs          8172624        0   8172624   0% /dev
higress-wasmplugin-test (RUST)	UNKNOWN STEP	2026-09-21T12:18:31.5139608Z proc                    0        0         0    - /proc
higress-wasmplugin-test (RUST)	UNKNOWN STEP	2026-09-21T12:18:31.5139853Z sysfs                   0        0         0    - /sys
higress-wasmplugin-test (RUST)	UNKNOWN STEP	2026-09-21T12:18:31.5140125Z securityfs              0        0         0    - /sys/kernel/security
higress-wasmplugin-test (RUST)	UNKNOWN STEP	2026-09-21T12:18:31.5140418Z tmpfs             8186236      172   8186064   1% /dev/shm
higress-wasmplugin-test (RUST)	UNKNOWN STEP	2026-09-21T12:18:31.5140682Z devpts                  0        0         0    - /dev/pts
higress-wasmplugin-test (RUST)	UNKNOWN STEP	2026-09-21T12:18:31.5140931Z tmpfs             3274496     1020   3273476   1% /run
higress-wasmplugin-test (RUST)	UNKNOWN STEP	2026-09-21T12:18:31.5141180Z tmpfs                5120        0      5120   0% /run/lock
higress-wasmplugin-test (RUST)	UNKNOWN STEP	2026-09-21T12:18:31.5141447Z cgroup2                 0        0         0    - /sys/fs/cgroup
higress-wasmplugin-test (RUST)	UNKNOWN STEP	2026-09-21T12:18:31.5141726Z pstore                  0        0         0    - /sys/fs/pstore
higress-wasmplugin-test (RUST)	UNKNOWN STEP	2026-09-21T12:18:31.5142021Z efivarfs           131072       34    131034   1% /sys/firmware/efi/efivars
higress-wasmplugin-test (RUST)	UNKNOWN STEP	2026-09-21T12:18:31.5142316Z bpf                     0        0         0    - /sys/fs/bpf
higress-wasmplugin-test (RUST)	UNKNOWN STEP	2026-09-21T12:18:31.5142606Z systemd-1               -        -         -    - /proc/sys/fs/binfmt_misc
higress-wasmplugin-test (RUST)	UNKNOWN STEP	2026-09-21T12:18:31.5142909Z hugetlbfs               0        0         0    - /dev/hugepages
higress-wasmplugin-test (RUST)	UNKNOWN STEP	2026-09-21T12:18:31.5143177Z mqueue                  0        0         0    - /dev/mqueue
higress-wasmplugin-test (RUST)	UNKNOWN STEP	2026-09-21T12:18:31.5143444Z debugfs                 0        0         0    - /sys/kernel/debug
higress-wasmplugin-test (RUST)	UNKNOWN STEP	2026-09-21T12:18:31.5143726Z tracefs                 0        0         0    - /sys/kernel/tracing
higress-wasmplugin-test (RUST)	UNKNOWN STEP	2026-09-21T12:18:31.5144272Z fusectl                 0        0         0    - /sys/fs/fuse/connections
higress-wasmplugin-test (RUST)	UNKNOWN STEP	2026-09-21T12:18:31.5144766Z configfs                0        0         0    - /sys/kernel/config
higress-wasmplugin-test (RUST)	UNKNOWN STEP	2026-09-21T12:18:31.5145102Z ramfs                   0        0         0    - /run/credentials/systemd-sysusers.service
higress-wasmplugin-test (RUST)	UNKNOWN STEP	2026-09-21T12:18:31.5145443Z /dev/loop0          75776    75776         0 100% /snap/core22/2411
higress-wasmplugin-test (RUST)	UNKNOWN STEP	2026-09-21T12:18:31.5145740Z /dev/loop1         118144   118144         0 100% /snap/lxd/40338
higress-wasmplugin-test (RUST)	UNKNOWN STEP	2026-09-21T12:18:31.5146029Z /dev/loop2          51328    51328         0 100% /snap/snapd/27591
higress-wasmplugin-test (RUST)	UNKNOWN STEP	2026-09-21T12:18:31.5146315Z /dev/nvme0n1p15    106832     6194    100638   6% /boot/efi
higress-wasmplugin-test (RUST)	UNKNOWN STEP	2026-09-21T12:18:31.5146613Z binfmt_misc             0        0         0    - /proc/sys/fs/binfmt_misc
higress-wasmplugin-test (RUST)	UNKNOWN STEP	2026-09-21T12:18:31.5146914Z tmpfs             1637244       12   1637232   1% /run/user/1001
higress-wasmplugin-test (RUST)	UNKNOWN STEP	2026-09-21T12:18:31.5147377Z tmpfs             3274496     1020   3273476   1% /run/snapd/ns
higress-wasmplugin-test (RUST)	UNKNOWN STEP	2026-09-21T12:18:31.5147654Z nsfs                    0        0         0    - /run/snapd/ns/lxd.mnt
higress-wasmplugin-test (RUST)	UNKNOWN STEP	2026-09-21T12:18:31.5147932Z ================================================================================
higress-wasmplugin-test (RUST)	UNKNOWN STEP	2026-09-21T12:18:31.5148101Z 
higress-wasmplugin-test (RUST)	UNKNOWN STEP	2026-09-21T12:18:31.5148104Z 
higress-wasmplugin-test (RUST)	UNKNOWN STEP	2026-09-21T12:18:31.5148173Z /dev/root:
higress-wasmplugin-test (RUST)	UNKNOWN STEP	2026-09-21T12:18:31.5148261Z 
higress-wasmplugin-test (RUST)	UNKNOWN STEP	2026-09-21T12:18:31.5150173Z ********************************************************************************
higress-wasmplugin-test (RUST)	UNKNOWN STEP	2026-09-21T12:18:31.5166853Z => Saved 25GiB
higress-wasmplugin-test (RUST)	UNKNOWN STEP	2026-09-21T12:18:31.5172100Z ********************************************************************************
higress-wasmplugin-test (RUST)	UNKNOWN STEP	2026-09-21T12:18:31.5172412Z 
higress-wasmplugin-test (RUST)	UNKNOWN STEP	2026-09-21T12:18:31.5172515Z overall:
higress-wasmplugin-test (RUST)	UNKNOWN STEP	2026-09-21T12:18:31.5172648Z 
higress-wasmplugin-test (RUST)	UNKNOWN STEP	2026-09-21T12:18:31.5177915Z ********************************************************************************
higress-wasmplugin-test (RUST)	UNKNOWN STEP	2026-09-21T12:18:31.5194291Z => Saved 25GiB
higress-wasmplugin-test (RUST)	UNKNOWN STEP	2026-09-21T12:18:31.5199614Z ********************************************************************************
higress-wasmplugin-test (RUST)	UNKNOWN STEP	2026-09-21T12:18:31.5199903Z 
higress-wasmplugin-test (RUST)	UNKNOWN STEP	2026-09-21T12:18:31.5213532Z ##[end-action id=__jlumbroso_free-disk-space.__run;outcome=success;conclusion=success;duration_ms=114339]
higress-wasmplugin-test (RUST)	UNKNOWN STEP	2026-09-21T12:18:31.5282368Z Node 20 is being deprecated. This workflow is running with Node 24 by default. If you need to temporarily use Node 20, you can set the ACTIONS_ALLOW_USE_UNSECURE_NODE_VERSION=true environment variable. For more information see: https://github.blog/changelog/2025-09-19-deprecation-of-node-20-on-github-actions-runners/
higress-wasmplugin-test (RUST)	UNKNOWN STEP	2026-09-21T12:18:31.5283622Z ##[group]Run actions/setup-go@v5
higress-wasmplugin-test (RUST)	UNKNOWN STEP	2026-09-21T12:18:31.5283817Z with:
higress-wasmplugin-test (RUST)	UNKNOWN STEP	2026-09-21T12:18:31.5283983Z   go-version: 1.24
higress-wasmplugin-test (RUST)	UNKNOWN STEP	2026-09-21T12:18:31.5284149Z   cache: true
higress-wasmplugin-test (RUST)	UNKNOWN STEP	2026-09-21T12:18:31.5284312Z   check-latest: false
higress-wasmplugin-test (RUST)	UNKNOWN STEP	2026-09-21T12:18:31.5286264Z   token: ***
higress-wasmplugin-test (RUST)	UNKNOWN STEP	2026-09-21T12:18:31.5286429Z ##[endgroup]
higress-wasmplugin-test (RUST)	UNKNOWN STEP	2026-09-21T12:18:31.6396457Z Setup go version spec 1.24
higress-wasmplugin-test (RUST)	UNKNOWN STEP	2026-09-21T12:18:31.6440527Z Found in cache @ /opt/hostedtoolcache/go/1.24.13/x64
higress-wasmplugin-test (RUST)	UNKNOWN STEP	2026-09-21T12:18:31.6442463Z (node:19987) [DEP0040] DeprecationWarning: The `punycode` module is deprecated. Please use a userland alternative instead.
higress-wasmplugin-test (RUST)	UNKNOWN STEP	2026-09-21T12:18:31.6443305Z (Use `node --trace-deprecation ...` to show where the warning was created)
higress-wasmplugin-test (RUST)	UNKNOWN STEP	2026-09-21T12:18:31.6445580Z Added go to the path
higress-wasmplugin-test (RUST)	UNKNOWN STEP	2026-09-21T12:18:31.6448453Z Successfully set up Go version 1.24
higress-wasmplugin-test (RUST)	UNKNOWN STEP	2026-09-21T12:18:35.1573588Z go: downloading go1.26.0 (linux/amd64)
higress-wasmplugin-test (RUST)	UNKNOWN STEP	2026-09-21T12:18:35.1702828Z [command]/opt/hostedtoolcache/go/1.24.13/x64/bin/go env GOMODCACHE
higress-wasmplugin-test (RUST)	UNKNOWN STEP	2026-09-21T12:18:35.1728774Z [command]/opt/hostedtoolcache/go/1.24.13/x64/bin/go env GOCACHE
higress-wasmplugin-test (RUST)	UNKNOWN STEP	2026-09-21T12:18:35.1805992Z /home/runner/go/pkg/mod
higress-wasmplugin-test (RUST)	UNKNOWN STEP	2026-09-21T12:18:35.1815696Z /home/runner/.cache/go-build
higress-wasmplugin-test (RUST)	UNKNOWN STEP	2026-09-21T12:18:35.3912024Z Cache is not found
higress-wasmplugin-test (RUST)	UNKNOWN STEP	2026-09-21T12:18:35.3934516Z go version go1.26.0 linux/amd64
higress-wasmplugin-test (RUST)	UNKNOWN STEP	2026-09-21T12:18:35.3934689Z 
higress-wasmplugin-test (RUST)	UNKNOWN STEP	2026-09-21T12:18:35.3934933Z ##[group]go env
higress-wasmplugin-test (RUST)	UNKNOWN STEP	2026-09-21T12:18:35.4903904Z AR='ar'
higress-wasmplugin-test (RUST)	UNKNOWN STEP	2026-09-21T12:18:35.4904184Z CC='gcc'
higress-wasmplugin-test (RUST)	UNKNOWN STEP	2026-09-21T12:18:35.4904429Z CGO_CFLAGS='-O2 -g'
higress-wasmplugin-test (RUST)	UNKNOWN STEP	2026-09-21T12:18:35.4904726Z CGO_CPPFLAGS=''
higress-wasmplugin-test (RUST)	UNKNOWN STEP	2026-09-21T12:18:35.4904991Z CGO_CXXFLAGS='-O2 -g'
higress-wasmplugin-test (RUST)	UNKNOWN STEP	2026-09-21T12:18:35.4905257Z CGO_ENABLED='1'
higress-wasmplugin-test (RUST)	UNKNOWN STEP	2026-09-21T12:18:35.4905532Z CGO_FFLAGS='-O2 -g'
higress-wasmplugin-test (RUST)	UNKNOWN STEP	2026-09-21T12:18:35.4905804Z CGO_LDFLAGS='-O2 -g'
higress-wasmplugin-test (RUST)	UNKNOWN STEP	2026-09-21T12:18:35.4906059Z CXX='g++'
higress-wasmplugin-test (RUST)	UNKNOWN STEP	2026-09-21T12:18:35.4906284Z GCCGO='gccgo'
higress-wasmplugin-test (RUST)	UNKNOWN STEP	2026-09-21T12:18:35.4906523Z GO111MODULE=''
higress-wasmplugin-test (RUST)	UNKNOWN STEP	2026-09-21T12:18:35.4906749Z GOAMD64='v1'
higress-wasmplugin-test (RUST)	UNKNOWN STEP	2026-09-21T12:18:35.4906968Z GOARCH='amd64'
higress-wasmplugin-test (RUST)	UNKNOWN STEP	2026-09-21T12:18:35.4907368Z GOAUTH='netrc'
higress-wasmplugin-test (RUST)	UNKNOWN STEP	2026-09-21T12:18:35.4907591Z GOBIN=''
higress-wasmplugin-test (RUST)	UNKNOWN STEP	2026-09-21T12:18:35.4907849Z GOCACHE='/home/runner/.cache/go-build'
higress-wasmplugin-test (RUST)	UNKNOWN STEP	2026-09-21T12:18:35.4908181Z GOCACHEPROG=''
higress-wasmplugin-test (RUST)	UNKNOWN STEP	2026-09-21T12:18:35.4908426Z GODEBUG=''
higress-wasmplugin-test (RUST)	UNKNOWN STEP	2026-09-21T12:18:35.4908741Z GOENV='/home/runner/.config/go/env'
higress-wasmplugin-test (RUST)	UNKNOWN STEP	2026-09-21T12:18:35.4909047Z GOEXE=''
higress-wasmplugin-test (RUST)	UNKNOWN STEP	2026-09-21T12:18:35.4909258Z GOEXPERIMENT=''
higress-wasmplugin-test (RUST)	UNKNOWN STEP	2026-09-21T12:18:35.4909513Z GOFIPS140='off'
higress-wasmplugin-test (RUST)	UNKNOWN STEP	2026-09-21T12:18:35.4909758Z GOFLAGS=''
higress-wasmplugin-test (RUST)	UNKNOWN STEP	2026-09-21T12:18:35.4910567Z GOGCCFLAGS='-fPIC -m64 -pthread -Wl,--no-gc-sections -fmessage-length=0 -ffile-prefix-map=/tmp/go-build427563309=/tmp/go-build -gno-record-gcc-switches'
higress-wasmplugin-test (RUST)	UNKNOWN STEP	2026-09-21T12:18:35.4911386Z GOHOSTARCH='amd64'
higress-wasmplugin-test (RUST)	UNKNOWN STEP	2026-09-21T12:18:35.4911625Z GOHOSTOS='linux'
higress-wasmplugin-test (RUST)	UNKNOWN STEP	2026-09-21T12:18:35.4911875Z GOINSECURE=''
higress-wasmplugin-test (RUST)	UNKNOWN STEP	2026-09-21T12:18:35.4912184Z GOMOD='/home/runner/work/higress/higress/go.mod'
higress-wasmplugin-test (RUST)	UNKNOWN STEP	2026-09-21T12:18:35.4912581Z GOMODCACHE='/home/runner/go/pkg/mod'
higress-wasmplugin-test (RUST)	UNKNOWN STEP	2026-09-21T12:18:35.4912877Z GONOPROXY=''
higress-wasmplugin-test (RUST)	UNKNOWN STEP	2026-09-21T12:18:35.4913105Z GONOSUMDB=''
higress-wasmplugin-test (RUST)	UNKNOWN STEP	2026-09-21T12:18:35.4913323Z GOOS='linux'
higress-wasmplugin-test (RUST)	UNKNOWN STEP	2026-09-21T12:18:35.4913559Z GOPATH='/home/runner/go'
higress-wasmplugin-test (RUST)	UNKNOWN STEP	2026-09-21T12:18:35.4913834Z GOPRIVATE=''
higress-wasmplugin-test (RUST)	UNKNOWN STEP	2026-09-21T12:18:35.4914138Z GOPROXY='https://proxy.golang.org,direct'
higress-wasmplugin-test (RUST)	UNKNOWN STEP	2026-09-21T12:18:35.4914682Z GOROOT='/home/runner/go/pkg/mod/golang.org/toolchain@v0.0.1-go1.26.0.linux-amd64'
higress-wasmplugin-test (RUST)	UNKNOWN STEP	2026-09-21T12:18:35.4915166Z GOSUMDB='sum.golang.org'
higress-wasmplugin-test (RUST)	UNKNOWN STEP	2026-09-21T12:18:35.4915450Z GOTELEMETRY='local'
higress-wasmplugin-test (RUST)	UNKNOWN STEP	2026-09-21T12:18:35.4915779Z GOTELEMETRYDIR='/home/runner/.config/go/telemetry'
higress-wasmplugin-test (RUST)	UNKNOWN STEP	2026-09-21T12:18:35.4916142Z GOTMPDIR=''
higress-wasmplugin-test (RUST)	UNKNOWN STEP	2026-09-21T12:18:35.4916372Z GOTOOLCHAIN='auto'
higress-wasmplugin-test (RUST)	UNKNOWN STEP	2026-09-21T12:18:35.4916918Z GOTOOLDIR='/home/runner/go/pkg/mod/golang.org/toolchain@v0.0.1-go1.26.0.linux-amd64/pkg/tool/linux_amd64'
higress-wasmplugin-test (RUST)	UNKNOWN STEP	2026-09-21T12:18:35.4918105Z GOVCS=''
higress-wasmplugin-test (RUST)	UNKNOWN STEP	2026-09-21T12:18:35.4918561Z GOVERSION='go1.26.0'
higress-wasmplugin-test (RUST)	UNKNOWN STEP	2026-09-21T12:18:35.4918815Z GOWORK=''
higress-wasmplugin-test (RUST)	UNKNOWN STEP	2026-09-21T12:18:35.4919061Z PKG_CONFIG='pkg-config'
higress-wasmplugin-test (RUST)	UNKNOWN STEP	2026-09-21T12:18:35.4919222Z 
higress-wasmplugin-test (RUST)	UNKNOWN STEP	2026-09-21T12:18:35.4919677Z ##[endgroup]
higress-wasmplugin-test (RUST)	UNKNOWN STEP	2026-09-21T12:18:35.5033873Z Node 20 is being deprecated. This workflow is running with Node 24 by default. If you need to temporarily use Node 20, you can set the ACTIONS_ALLOW_USE_UNSECURE_NODE_VERSION=true environment variable. For more information see: https://github.blog/changelog/2025-09-19-deprecation-of-node-20-on-github-actions-runners/
higress-wasmplugin-test (RUST)	UNKNOWN STEP	2026-09-21T12:18:35.5034818Z ##[group]Run actions-rs/toolchain@v1
higress-wasmplugin-test (RUST)	UNKNOWN STEP	2026-09-21T12:18:35.5035027Z with:
higress-wasmplugin-test (RUST)	UNKNOWN STEP	2026-09-21T12:18:35.5035183Z   toolchain: stable
higress-wasmplugin-test (RUST)	UNKNOWN STEP	2026-09-21T12:18:35.5035351Z   default: false
higress-wasmplugin-test (RUST)	UNKNOWN STEP	2026-09-21T12:18:35.5035508Z   override: false
higress-wasmplugin-test (RUST)	UNKNOWN STEP	2026-09-21T12:18:35.5035672Z ##[endgroup]
higress-wasmplugin-test (RUST)	UNKNOWN STEP	2026-09-21T12:18:35.5864495Z (node:20076) [DEP0040] DeprecationWarning: The `punycode` module is deprecated. Please use a userland alternative instead.
higress-wasmplugin-test (RUST)	UNKNOWN STEP	2026-09-21T12:18:35.5865275Z (Use `node --trace-deprecation ...` to show where the warning was created)
higress-wasmplugin-test (RUST)	UNKNOWN STEP	2026-09-21T12:18:35.5878335Z [command]/home/runner/.cargo/bin/rustup show
higress-wasmplugin-test (RUST)	UNKNOWN STEP	2026-09-21T12:18:35.6070356Z Default host: x86_64-unknown-linux-gnu
higress-wasmplugin-test (RUST)	UNKNOWN STEP	2026-09-21T12:18:35.6070788Z rustup home:  /home/runner/.rustup
higress-wasmplugin-test (RUST)	UNKNOWN STEP	2026-09-21T12:18:35.6071016Z 
higress-wasmplugin-test (RUST)	UNKNOWN STEP	2026-09-21T12:18:35.6071675Z installed toolchains
higress-wasmplugin-test (RUST)	UNKNOWN STEP	2026-09-21T12:18:35.6071860Z --------------------
higress-wasmplugin-test (RUST)	UNKNOWN STEP	2026-09-21T12:18:35.6072160Z stable-x86_64-unknown-linux-gnu (active, default)
higress-wasmplugin-test (RUST)	UNKNOWN STEP	2026-09-21T12:18:35.6072386Z 
higress-wasmplugin-test (RUST)	UNKNOWN STEP	2026-09-21T12:18:35.6072466Z active toolchain
higress-wasmplugin-test (RUST)	UNKNOWN STEP	2026-09-21T12:18:35.6072635Z ----------------
higress-wasmplugin-test (RUST)	UNKNOWN STEP	2026-09-21T12:18:35.6072819Z name: stable-x86_64-unknown-linux-gnu
higress-wasmplugin-test (RUST)	UNKNOWN STEP	2026-09-21T12:18:35.6073058Z active because: it's the default toolchain
higress-wasmplugin-test (RUST)	UNKNOWN STEP	2026-09-21T12:18:35.6073279Z installed targets:
higress-wasmplugin-test (RUST)	UNKNOWN STEP	2026-09-21T12:18:35.7205453Z   x86_64-unknown-linux-gnu
higress-wasmplugin-test (RUST)	UNKNOWN STEP	2026-09-21T12:18:35.7244895Z [command]/home/runner/.cargo/bin/rustup toolchain install stable
higress-wasmplugin-test (RUST)	UNKNOWN STEP	2026-09-21T12:18:36.3130119Z info: syncing channel updates for stable-x86_64-unknown-linux-gnu
higress-wasmplugin-test (RUST)	UNKNOWN STEP	2026-09-21T12:18:36.3923406Z 
higress-wasmplugin-test (RUST)	UNKNOWN STEP	2026-09-21T12:18:36.4010263Z   stable-x86_64-unknown-linux-gnu unchanged - rustc 1.98.1 (48a229cea 2026-09-01)
higress-wasmplugin-test (RUST)	UNKNOWN STEP	2026-09-21T12:18:36.4010781Z 
higress-wasmplugin-test (RUST)	UNKNOWN STEP	2026-09-21T12:18:36.4032994Z ##[group]Gathering installed versions
higress-wasmplugin-test (RUST)	UNKNOWN STEP	2026-09-21T12:18:36.4041747Z [command]/home/runner/.cargo/bin/rustc -V
higress-wasmplugin-test (RUST)	UNKNOWN STEP	2026-09-21T12:18:36.4168411Z rustc 1.98.1 (48a229cea 2026-09-01)
higress-wasmplugin-test (RUST)	UNKNOWN STEP	2026-09-21T12:18:36.4201670Z ##[warning]The `set-output` command is deprecated and will be disabled soon. Please upgrade to using Environment Files. For more information see: https://github.blog/changelog/2022-10-11-github-actions-deprecating-save-state-and-set-output-commands/
higress-wasmplugin-test (RUST)	UNKNOWN STEP	2026-09-21T12:18:36.4220332Z ##[warning]The `set-output` command is deprecated and will be disabled soon. Please upgrade to using Environment Files. For more information see: https://github.blog/changelog/2022-10-11-github-actions-deprecating-save-state-and-set-output-commands/
higress-wasmplugin-test (RUST)	UNKNOWN STEP	2026-09-21T12:18:36.4221655Z [command]/home/runner/.cargo/bin/cargo -V
higress-wasmplugin-test (RUST)	UNKNOWN STEP	2026-09-21T12:18:36.5566361Z cargo 1.98.1 (797e8a9bc 2026-08-05)
higress-wasmplugin-test (RUST)	UNKNOWN STEP	2026-09-21T12:18:36.5576241Z ##[warning]The `set-output` command is deprecated and will be disabled soon. Please upgrade to using Environment Files. For more information see: https://github.blog/changelog/2022-10-11-github-actions-deprecating-save-state-and-set-output-commands/
higress-wasmplugin-test (RUST)	UNKNOWN STEP	2026-09-21T12:18:36.5582642Z [command]/home/runner/.cargo/bin/rustup -V
higress-wasmplugin-test (RUST)	UNKNOWN STEP	2026-09-21T12:18:36.5623103Z rustup 1.29.1 (d95a37b6a 2026-08-13)
higress-wasmplugin-test (RUST)	UNKNOWN STEP	2026-09-21T12:18:36.5625121Z info: This is the version for the rustup toolchain manager, not the rustc compiler.
higress-wasmplugin-test (RUST)	UNKNOWN STEP	2026-09-21T12:18:36.5722112Z info: the currently active `rustc` version is `rustc 1.98.1 (48a229cea 2026-09-01)`
higress-wasmplugin-test (RUST)	UNKNOWN STEP	2026-09-21T12:18:36.5735496Z ##[warning]The `set-output` command is deprecated and will be disabled soon. Please upgrade to using Environment Files. For more information see: https://github.blog/changelog/2022-10-11-github-actions-deprecating-save-state-and-set-output-commands/
higress-wasmplugin-test (RUST)	UNKNOWN STEP	2026-09-21T12:18:36.5738241Z ##[endgroup]
higress-wasmplugin-test (RUST)	UNKNOWN STEP	2026-09-21T12:18:36.5830884Z ##[group]Run git stash
higress-wasmplugin-test (RUST)	UNKNOWN STEP	2026-09-21T12:18:36.5831082Z ^[[36;1mgit stash^[[0m
higress-wasmplugin-test (RUST)	UNKNOWN STEP	2026-09-21T12:18:36.5869473Z shell: /usr/bin/bash -e {0}
higress-wasmplugin-test (RUST)	UNKNOWN STEP	2026-09-21T12:18:36.5869691Z ##[endgroup]
higress-wasmplugin-test (RUST)	UNKNOWN STEP	2026-09-21T12:18:36.9022641Z No local changes to save
higress-wasmplugin-test (RUST)	UNKNOWN STEP	2026-09-21T12:18:36.9085316Z Node 20 is being deprecated. This workflow is running with Node 24 by default. If you need to temporarily use Node 20, you can set the ACTIONS_ALLOW_USE_UNSECURE_NODE_VERSION=true environment variable. For more information see: https://github.blog/changelog/2025-09-19-deprecation-of-node-20-on-github-actions-runners/
higress-wasmplugin-test (RUST)	UNKNOWN STEP	2026-09-21T12:18:36.9086291Z ##[group]Run nick-fields/retry@v3
higress-wasmplugin-test (RUST)	UNKNOWN STEP	2026-09-21T12:18:36.9086486Z with:
higress-wasmplugin-test (RUST)	UNKNOWN STEP	2026-09-21T12:18:36.9086642Z   timeout_minutes: 60
higress-wasmplugin-test (RUST)	UNKNOWN STEP	2026-09-21T12:18:36.9086814Z   max_attempts: 2
higress-wasmplugin-test (RUST)	UNKNOWN STEP	2026-09-21T12:18:36.9086976Z   retry_on: error
higress-wasmplugin-test (RUST)	UNKNOWN STEP	2026-09-21T12:18:36.9087886Z   command: sudo rm -rf -- "${GITHUB_WORKSPACE:?}/out" && mkdir -p -- "${GITHUB_WORKSPACE:?}/out" && GOPROXY="https://proxy.golang.org,direct" PLUGIN_TYPE=RUST PLUGIN_GO_BATCH_SCOPE=e2e make higress-wasmplugin-test
higress-wasmplugin-test (RUST)	UNKNOWN STEP	2026-09-21T12:18:36.9088498Z   retry_wait_seconds: 10
higress-wasmplugin-test (RUST)	UNKNOWN STEP	2026-09-21T12:18:36.9088702Z   polling_interval_seconds: 1
higress-wasmplugin-test (RUST)	UNKNOWN STEP	2026-09-21T12:18:36.9088897Z   warning_on_retry: true
higress-wasmplugin-test (RUST)	UNKNOWN STEP	2026-09-21T12:18:36.9089100Z   continue_on_error: false
higress-wasmplugin-test (RUST)	UNKNOWN STEP	2026-09-21T12:18:36.9089285Z ##[endgroup]
higress-wasmplugin-test (RUST)	UNKNOWN STEP	2026-09-21T12:18:36.9627571Z ##[group]Attempt 1
higress-wasmplugin-test (RUST)	UNKNOWN STEP	2026-09-21T12:18:37.0418984Z Makefile.core.mk:446: warning: overriding recipe for target 'build-test-pilot'
higress-wasmplugin-test (RUST)	UNKNOWN STEP	2026-09-21T12:18:37.0419489Z Makefile.core.mk:355: warning: ignoring old recipe for target 'build-test-pilot'
higress-wasmplugin-test (RUST)	UNKNOWN STEP	2026-09-21T12:18:37.0427620Z cd tools/src/kind && GOOS= GOARCH= go build -o /home/runner/work/higress/higress/tools/bin/kind $(sed -En 's,^import "(.*)".*,\1,p' pin.go)
higress-wasmplugin-test (RUST)	UNKNOWN STEP	2026-09-21T12:18:37.0743839Z go: downloading sigs.k8s.io/kind v0.17.0
higress-wasmplugin-test (RUST)	UNKNOWN STEP	2026-09-21T12:18:37.2649748Z go: downloading github.com/spf13/pflag v1.0.5
higress-wasmplugin-test (RUST)	UNKNOWN STEP	2026-09-21T12:18:37.2938188Z go: downloading github.com/spf13/cobra v1.4.0
higress-wasmplugin-test (RUST)	UNKNOWN STEP	2026-09-21T12:18:37.3019432Z go: downloading github.com/pkg/errors v0.9.1
higress-wasmplugin-test (RUST)	UNKNOWN STEP	2026-09-21T12:18:37.4043826Z go: downloading github.com/alessio/shellescape v1.4.1
higress-wasmplugin-test (RUST)	UNKNOWN STEP	2026-09-21T12:18:37.5630615Z go: downloading github.com/mattn/go-isatty v0.0.14
higress-wasmplugin-test (RUST)	UNKNOWN STEP	2026-09-21T12:18:38.2918233Z go: downloading golang.org/x/sys v0.0.0-20210630005230-0f9fa26af87c
higress-wasmplugin-test (RUST)	UNKNOWN STEP	2026-09-21T12:18:38.4571945Z go: downloading github.com/pelletier/go-toml v1.9.4
higress-wasmplugin-test (RUST)	UNKNOWN STEP	2026-09-21T12:18:38.5959497Z go: downloading github.com/BurntSushi/toml v1.0.0
higress-wasmplugin-test (RUST)	UNKNOWN STEP	2026-09-21T12:18:38.6120196Z go: downloading github.com/evanphx/json-patch/v5 v5.6.0
higress-wasmplugin-test (RUST)	UNKNOWN STEP	2026-09-21T12:18:38.6355242Z go: downloading gopkg.in/yaml.v3 v3.0.1
higress-wasmplugin-test (RUST)	UNKNOWN STEP	2026-09-21T12:18:38.6518048Z go: downloading sigs.k8s.io/yaml v1.3.0
higress-wasmplugin-test (RUST)	UNKNOWN STEP	2026-09-21T12:18:38.9034965Z go: downloading github.com/google/safetext v0.0.0-20220905092116-b49f7bc46da2
higress-wasmplugin-test (RUST)	UNKNOWN STEP	2026-09-21T12:18:38.9084723Z go: downloading gopkg.in/yaml.v2 v2.4.0
higress-wasmplugin-test (RUST)	UNKNOWN STEP	2026-09-21T12:18:50.4993931Z tools/bin/kind delete cluster --name higress
higress-wasmplugin-test (RUST)	UNKNOWN STEP	2026-09-21T12:18:50.5414269Z Deleting cluster "higress" ...
higress-wasmplugin-test (RUST)	UNKNOWN STEP	2026-09-21T12:18:50.5543214Z tools/hack/create-cluster.sh
higress-wasmplugin-test (RUST)	UNKNOWN STEP	2026-09-21T12:18:50.5821124Z v1.25.3
higress-wasmplugin-test (RUST)	UNKNOWN STEP	2026-09-21T12:18:50.5821397Z higress
higress-wasmplugin-test (RUST)	UNKNOWN STEP	2026-09-21T12:18:50.6508272Z Creating cluster "higress" ...
higress-wasmplugin-test (RUST)	UNKNOWN STEP	2026-09-21T12:18:50.6509094Z  • Ensuring node image (kindest/node:v1.25.3) 🖼  ...
higress-wasmplugin-test (RUST)	UNKNOWN STEP	2026-09-21T12:19:02.9454994Z  ✓ Ensuring node image (kindest/node:v1.25.3) 🖼
higress-wasmplugin-test (RUST)	UNKNOWN STEP	2026-09-21T12:19:02.9455622Z  • Preparing nodes 📦   ...
higress-wasmplugin-test (RUST)	UNKNOWN STEP	2026-09-21T12:19:09.2465919Z  ✓ Preparing nodes 📦 
higress-wasmplugin-test (RUST)	UNKNOWN STEP	2026-09-21T12:19:09.2803766Z  • Writing configuration 📜  ...
higress-wasmplugin-test (RUST)	UNKNOWN STEP	2026-09-21T12:19:09.4627234Z  ✓ Writing configuration 📜
higress-wasmplugin-test (RUST)	UNKNOWN STEP	2026-09-21T12:19:09.4627728Z  • Starting control-plane 🕹️  ...
higress-wasmplugin-test (RUST)	UNKNOWN STEP	2026-09-21T12:19:21.9866944Z  ✓ Starting control-plane 🕹️
higress-wasmplugin-test (RUST)	UNKNOWN STEP	2026-09-21T12:19:21.9868103Z  • Installing CNI 🔌  ...
higress-wasmplugin-test (RUST)	UNKNOWN STEP	2026-09-21T12:19:22.5292903Z  ✓ Installing CNI 🔌
higress-wasmplugin-test (RUST)	UNKNOWN STEP	2026-09-21T12:19:22.5293289Z  • Installing StorageClass 💾  ...
higress-wasmplugin-test (RUST)	UNKNOWN STEP	2026-09-21T12:19:22.7696381Z  ✓ Installing StorageClass 💾
higress-wasmplugin-test (RUST)	UNKNOWN STEP	2026-09-21T12:19:22.9323049Z Set kubectl context to "kind-higress"
higress-wasmplugin-test (RUST)	UNKNOWN STEP	2026-09-21T12:19:22.9323513Z You can now use your cluster with:
higress-wasmplugin-test (RUST)	UNKNOWN STEP	2026-09-21T12:19:22.9324038Z 
higress-wasmplugin-test (RUST)	UNKNOWN STEP	2026-09-21T12:19:22.9324215Z kubectl cluster-info --context kind-higress
higress-wasmplugin-test (RUST)	UNKNOWN STEP	2026-09-21T12:19:22.9324467Z 
higress-wasmplugin-test (RUST)	UNKNOWN STEP	2026-09-21T12:19:22.9324871Z Have a nice day! 👋
higress-wasmplugin-test (RUST)	UNKNOWN STEP	2026-09-21T12:19:22.9338984Z rm -rf /home/runner/work/higress/higress/out/linux_amd64 /home/runner/work/higress/higress/out/linux_amd64
higress-wasmplugin-test (RUST)	UNKNOWN STEP	2026-09-21T12:19:22.9630307Z git submodule update --init
higress-wasmplugin-test (RUST)	UNKNOWN STEP	2026-09-21T12:19:23.0118425Z Submodule 'envoy/envoy' (https://github.com/higress-group/envoy) registered for path 'envoy/envoy'
higress-wasmplugin-test (RUST)	UNKNOWN STEP	2026-09-21T12:19:23.0121415Z Submodule 'envoy/go-control-plane' (https://github.com/higress-group/go-control-plane) registered for path 'envoy/go-control-plane'
higress-wasmplugin-test (RUST)	UNKNOWN STEP	2026-09-21T12:19:23.0125671Z Submodule 'istio/api' (https://github.com/higress-group/api) registered for path 'istio/api'
higress-wasmplugin-test (RUST)	UNKNOWN STEP	2026-09-21T12:19:23.0130402Z Submodule 'istio/client-go' (https://github.com/higress-group/client-go) registered for path 'istio/client-go'
higress-wasmplugin-test (RUST)	UNKNOWN STEP	2026-09-21T12:19:23.0134086Z Submodule 'istio/istio' (https://github.com/higress-group/istio) registered for path 'istio/istio'
higress-wasmplugin-test (RUST)	UNKNOWN STEP	2026-09-21T12:19:23.0138268Z Submodule 'istio/pkg' (https://github.com/higress-group/pkg) registered for path 'istio/pkg'
higress-wasmplugin-test (RUST)	UNKNOWN STEP	2026-09-21T12:19:23.0142061Z Submodule 'istio/proxy' (https://github.com/higress-group/proxy) registered for path 'istio/proxy'
higress-wasmplugin-test (RUST)	UNKNOWN STEP	2026-09-21T12:19:23.0172558Z Cloning into '/home/runner/work/higress/higress/envoy/envoy'...
higress-wasmplugin-test (RUST)	UNKNOWN STEP	2026-09-21T12:19:27.6288462Z Cloning into '/home/runner/work/higress/higress/envoy/go-control-plane'...
higress-wasmplugin-test (RUST)	UNKNOWN STEP	2026-09-21T12:19:29.4164558Z Cloning into '/home/runner/work/higress/higress/istio/api'...
higress-wasmplugin-test (RUST)	UNKNOWN STEP	2026-09-21T12:19:30.5898214Z Cloning into '/home/runner/work/higress/higress/istio/client-go'...
higress-wasmplugin-test (RUST)	UNKNOWN STEP	2026-09-21T12:19:31.2893096Z Cloning into '/home/runner/work/higress/higress/istio/istio'...
higress-wasmplugin-test (RUST)	UNKNOWN STEP	2026-09-21T12:19:33.0568800Z Cloning into '/home/runner/work/higress/higress/istio/pkg'...
higress-wasmplugin-test (RUST)	UNKNOWN STEP	2026-09-21T12:19:33.7779569Z Cloning into '/home/runner/work/higress/higress/istio/proxy'...
higress-wasmplugin-test (RUST)	UNKNOWN STEP	2026-09-21T12:19:35.7686162Z Submodule path 'envoy/envoy': checked out '9bd2ded786073d115beb71d0f2ca0afc075e4f4d'
higress-wasmplugin-test (RUST)	UNKNOWN STEP	2026-09-21T12:19:37.5580579Z From https://github.com/higress-group/go-control-plane
higress-wasmplugin-test (RUST)	UNKNOWN STEP	2026-09-21T12:19:37.5581523Z  * branch            4f11f65d9bc54bb8b18f1cc7c25460d3f8afef75 -> FETCH_HEAD
higress-wasmplugin-test (RUST)	UNKNOWN STEP	2026-09-21T12:19:37.8124381Z Submodule path 'envoy/go-control-plane': checked out '4f11f65d9bc54bb8b18f1cc7c25460d3f8afef75'
higress-wasmplugin-test (RUST)	UNKNOWN STEP	2026-09-21T12:19:41.2398474Z From https://github.com/higress-group/api
higress-wasmplugin-test (RUST)	UNKNOWN STEP	2026-09-21T12:19:41.2398913Z  * branch              efc0fe428cccecc0285dbf51e2023f8e0422597c -> FETCH_HEAD
higress-wasmplugin-test (RUST)	UNKNOWN STEP	2026-09-21T12:19:41.2945246Z Submodule path 'istio/api': checked out 'efc0fe428cccecc0285dbf51e2023f8e0422597c'
higress-wasmplugin-test (RUST)	UNKNOWN STEP	2026-09-21T12:19:42.8091485Z From https://github.com/higress-group/client-go
higress-wasmplugin-test (RUST)	UNKNOWN STEP	2026-09-21T12:19:42.8092095Z  * branch            09ed8dc4e7484d303c931fa42df7f7c728296923 -> FETCH_HEAD
higress-wasmplugin-test (RUST)	UNKNOWN STEP	2026-09-21T12:19:42.8344037Z Submodule path 'istio/client-go': checked out '09ed8dc4e7484d303c931fa42df7f7c728296923'
higress-wasmplugin-test (RUST)	UNKNOWN STEP	2026-09-21T12:19:43.1517425Z Submodule path 'istio/istio': checked out '65133dd61c6c597fb301c53beaa777ca5c9e4ba2'
higress-wasmplugin-test (RUST)	UNKNOWN STEP	2026-09-21T12:19:43.1741943Z Submodule path 'istio/pkg': checked out '15c662994e6515201dc106a2ec3de85ed50e8078'
higress-wasmplugin-test (RUST)	UNKNOWN STEP	2026-09-21T12:19:44.0274048Z From https://github.com/higress-group/proxy
higress-wasmplugin-test (RUST)	UNKNOWN STEP	2026-09-21T12:19:44.0275729Z  * branch            919836551144ad42c41bbe25597d74c1b9cb8421 -> FETCH_HEAD
higress-wasmplugin-test (RUST)	UNKNOWN STEP	2026-09-21T12:19:44.0591091Z Submodule path 'istio/proxy': checked out '919836551144ad42c41bbe25597d74c1b9cb8421'
higress-wasmplugin-test (RUST)	UNKNOWN STEP	2026-09-21T12:19:44.0598577Z ./tools/hack/prebuild.sh
higress-wasmplugin-test (RUST)	UNKNOWN STEP	2026-09-21T12:19:45.5827009Z go: downloading k8s.io/apimachinery v0.34.1
higress-wasmplugin-test (RUST)	UNKNOWN STEP	2026-09-21T12:19:45.5840302Z go: downloading k8s.io/apiextensions-apiserver v0.34.1
higress-wasmplugin-test (RUST)	UNKNOWN STEP	2026-09-21T12:19:45.9453493Z go: downloading github.com/golang/protobuf v1.5.4
higress-wasmplugin-test (RUST)	UNKNOWN STEP	2026-09-21T12:19:45.9462859Z go: downloading google.golang.org/genproto/googleapis/api v0.0.0-20260226221140-a57be14db171
higress-wasmplugin-test (RUST)	UNKNOWN STEP	2026-09-21T12:19:45.9769640Z go: downloading google.golang.org/genproto v0.0.0-20250603155806-513f23925822
higress-wasmplugin-test (RUST)	UNKNOWN STEP	2026-09-21T12:19:45.9853459Z go: downloading google.golang.org/protobuf v1.36.12-0.20260120151049-f2248ac996af
higress-wasmplugin-test (RUST)	UNKNOWN STEP	2026-09-21T12:19:46.2004610Z go: downloading sigs.k8s.io/structured-merge-diff/v4 v4.7.0
higress-wasmplugin-test (RUST)	UNKNOWN STEP	2026-09-21T12:19:46.2005491Z go: downloading k8s.io/client-go v0.34.1
higress-wasmplugin-test (RUST)	UNKNOWN STEP	2026-09-21T12:19:46.6209996Z go: downloading github.com/spf13/pflag v1.0.10
higress-wasmplugin-test (RUST)	UNKNOWN STEP	2026-09-21T12:19:46.6216432Z go: downloading k8s.io/cli-runtime v0.33.3
higress-wasmplugin-test (RUST)	UNKNOWN STEP	2026-09-21T12:19:46.6227813Z go: downloading github.com/spf13/cobra v1.10.2
higress-wasmplugin-test (RUST)	UNKNOWN STEP	2026-09-21T12:19:46.6265098Z go: downloading sigs.k8s.io/yaml v1.6.0
higress-wasmplugin-test (RUST)	UNKNOWN STEP	2026-09-21T12:19:46.9245975Z go: downloading github.com/stretchr/testify v1.11.1
higress-wasmplugin-test (RUST)	UNKNOWN STEP	2026-09-21T12:19:46.9300385Z go: downloading github.com/2456868764/certmagic v1.0.2
higress-wasmplugin-test (RUST)	UNKNOWN STEP	2026-09-21T12:19:46.9426949Z go: downloading github.com/mholt/acmez v1.2.0
higress-wasmplugin-test (RUST)	UNKNOWN STEP	2026-09-21T12:19:46.9805174Z go: downloading go.uber.org/zap v1.28.0
higress-wasmplugin-test (RUST)	UNKNOWN STEP	2026-09-21T12:19:46.9807990Z go: downloading github.com/grpc-ecosystem/go-grpc-prometheus v1.2.0
higress-wasmplugin-test (RUST)	UNKNOWN STEP	2026-09-21T12:19:46.9808734Z go: downloading google.golang.org/grpc v1.81.1
higress-wasmplugin-test (RUST)	UNKNOWN STEP	2026-09-21T12:19:47.0167952Z go: downloading k8s.io/api v0.34.1
higress-wasmplugin-test (RUST)	UNKNOWN STEP	2026-09-21T12:19:47.2599811Z go: downloading github.com/gogo/protobuf v1.3.2
higress-wasmplugin-test (RUST)	UNKNOWN STEP	2026-09-21T12:19:47.2650192Z go: downloading github.com/agiledragon/gomonkey/v2 v2.11.0
higress-wasmplugin-test (RUST)	UNKNOWN STEP	2026-09-21T12:19:47.3775692Z go: downloading github.com/google/go-cmp v0.7.0
higress-wasmplugin-test (RUST)	UNKNOWN STEP	2026-09-21T12:19:47.4126541Z go: downloading github.com/hashicorp/go-multierror v1.1.1
higress-wasmplugin-test (RUST)	UNKNOWN STEP	2026-09-21T12:19:47.4127583Z go: downloading go.uber.org/atomic v1.11.0
higress-wasmplugin-test (RUST)	UNKNOWN STEP	2026-09-21T12:19:47.4366322Z go: downloading knative.dev/networking v0.0.0-20220302134042-e8b2eb995165
higress-wasmplugin-test (RUST)	UNKNOWN STEP	2026-09-21T12:19:47.4450703Z go: downloading knative.dev/pkg v0.0.0-20220301181942-2fdd5f232e77
higress-wasmplugin-test (RUST)	UNKNOWN STEP	2026-09-21T12:19:47.7008492Z go: downloading github.com/hashicorp/consul/api v1.32.0
higress-wasmplugin-test (RUST)	UNKNOWN STEP	2026-09-21T12:19:47.7012761Z go: downloading github.com/go-errors/errors v1.5.1
higress-wasmplugin-test (RUST)	UNKNOWN STEP	2026-09-21T12:19:47.7019359Z go: downloading github.com/hudl/fargo v1.4.0
higress-wasmplugin-test (RUST)	UNKNOWN STEP	2026-09-21T12:19:47.7262932Z go: downloading github.com/avast/retry-go/v4 v4.3.4
higress-wasmplugin-test (RUST)	UNKNOWN STEP	2026-09-21T12:19:47.7312118Z go: downloading sigs.k8s.io/gateway-api-inference-extension v1.1.0
higress-wasmplugin-test (RUST)	UNKNOWN STEP	2026-09-21T12:19:47.7408061Z go: downloading github.com/nacos-group/nacos-sdk-go v1.0.8
higress-wasmplugin-test (RUST)	UNKNOWN STEP	2026-09-21T12:19:47.7411795Z go: downloading sigs.k8s.io/gateway-api v1.6.0
higress-wasmplugin-test (RUST)	UNKNOWN STEP	2026-09-21T12:19:47.7504853Z go: downloading github.com/nacos-group/nacos-sdk-go/v2 v2.3.5
higress-wasmplugin-test (RUST)	UNKNOWN STEP	2026-09-21T12:19:47.9374621Z go: downloading github.com/dubbogo/go-zookeeper v1.0.4-0.20211212162352-f9d2183d89d5
higress-wasmplugin-test (RUST)	UNKNOWN STEP	2026-09-21T12:19:47.9401261Z go: downloading github.com/johnlanni/gost v1.11.23-0.20220713132522-0967a24036c6
higress-wasmplugin-test (RUST)	UNKNOWN STEP	2026-09-21T12:19:47.9433945Z go: downloading sigs.k8s.io/controller-runtime v0.22.3
higress-wasmplugin-test (RUST)	UNKNOWN STEP	2026-09-21T12:19:48.0711255Z go: downloading github.com/tidwall/gjson v1.17.0
higress-wasmplugin-test (RUST)	UNKNOWN STEP	2026-09-21T12:19:48.0724159Z go: downloading golang.org/x/net v0.55.0
higress-wasmplugin-test (RUST)	UNKNOWN STEP	2026-09-21T12:19:48.1198152Z go: downloading k8s.io/utils v0.0.0-20260319190234-28399d86e0b5
higress-wasmplugin-test (RUST)	UNKNOWN STEP	2026-09-21T12:19:48.1312551Z go: downloading github.com/fxamacker/cbor/v2 v2.9.1
higress-wasmplugin-test (RUST)	UNKNOWN STEP	2026-09-21T12:19:48.1704967Z go: downloading sigs.k8s.io/randfill v1.0.0
higress-wasmplugin-test (RUST)	UNKNOWN STEP	2026-09-21T12:19:48.1789116Z go: downloading k8s.io/klog/v2 v2.140.0
higress-wasmplugin-test (RUST)	UNKNOWN STEP	2026-09-21T12:19:48.1953418Z go: downloading sigs.k8s.io/structured-merge-diff/v6 v6.4.0
higress-wasmplugin-test (RUST)	UNKNOWN STEP	2026-09-21T12:19:48.6241703Z go: downloading github.com/google/gnostic-models v0.7.1
higress-wasmplugin-test (RUST)	UNKNOWN STEP	2026-09-21T12:19:48.6448908Z go: downloading k8s.io/kube-openapi v0.0.0-20260501160325-927ab1f70cd6
higress-wasmplugin-test (RUST)	UNKNOWN STEP	2026-09-21T12:19:48.6605781Z go: downloading gopkg.in/evanphx/json-patch.v4 v4.13.0
higress-wasmplugin-test (RUST)	UNKNOWN STEP	2026-09-21T12:19:48.6634633Z go: downloading github.com/munnerz/goautoneg v0.0.0-20191010083416-a7dc8b61c822
higress-wasmplugin-test (RUST)	UNKNOWN STEP	2026-09-21T12:19:48.6635416Z go: downloading golang.org/x/time v0.15.0
higress-wasmplugin-test (RUST)	UNKNOWN STEP	2026-09-21T12:19:48.6905638Z go: downloading github.com/go-logr/logr v1.4.3
higress-wasmplugin-test (RUST)	UNKNOWN STEP	2026-09-21T12:19:48.6906452Z go: downloading gopkg.in/natefinch/lumberjack.v2 v2.2.1
higress-wasmplugin-test (RUST)	UNKNOWN STEP	2026-09-21T12:19:48.7273284Z go: downloading go.yaml.in/yaml/v2 v2.4.4
higress-wasmplugin-test (RUST)	UNKNOWN STEP	2026-09-21T12:19:48.7286769Z go: downloading go.yaml.in/yaml/v3 v3.0.4
higress-wasmplugin-test (RUST)	UNKNOWN STEP	2026-09-21T12:19:48.7622193Z go: downloading github.com/inconshreveable/mousetrap v1.1.0
higress-wasmplugin-test (RUST)	UNKNOWN STEP	2026-09-21T12:19:48.7629789Z go: downloading github.com/davecgh/go-spew v1.1.2-0.20180830191138-d8f796af33cc
higress-wasmplugin-test (RUST)	UNKNOWN STEP	2026-09-21T12:19:48.7865256Z go: downloading github.com/pmezard/go-difflib v1.0.1-0.20181226105442-5d4384ee4fb2
higress-wasmplugin-test (RUST)	UNKNOWN STEP	2026-09-21T12:19:48.7952305Z go: downloading github.com/google/uuid v1.6.0
higress-wasmplugin-test (RUST)	UNKNOWN STEP	2026-09-21T12:19:48.8094245Z go: downloading github.com/klauspost/cpuid/v2 v2.2.7
higress-wasmplugin-test (RUST)	UNKNOWN STEP	2026-09-21T12:19:48.8100407Z go: downloading github.com/libdns/libdns v0.2.2
higress-wasmplugin-test (RUST)	UNKNOWN STEP	2026-09-21T12:19:48.8214056Z go: downloading github.com/miekg/dns v1.1.72
higress-wasmplugin-test (RUST)	UNKNOWN STEP	2026-09-21T12:19:48.8341742Z go: downloading github.com/zeebo/blake3 v0.2.3
higress-wasmplugin-test (RUST)	UNKNOWN STEP	2026-09-21T12:19:48.8370108Z go: downloading golang.org/x/crypto v0.51.0
higress-wasmplugin-test (RUST)	UNKNOWN STEP	2026-09-21T12:19:48.9864300Z go: downloading github.com/prometheus/client_golang v1.23.2
higress-wasmplugin-test (RUST)	UNKNOWN STEP	2026-09-21T12:19:48.9865335Z go: downloading github.com/cncf/xds/go v0.0.0-20260202195803-dba9d589def2
higress-wasmplugin-test (RUST)	UNKNOWN STEP	2026-09-21T12:19:48.9945082Z go: downloading github.com/hashicorp/golang-lru/v2 v2.0.7
higress-wasmplugin-test (RUST)	UNKNOWN STEP	2026-09-21T12:19:49.0114337Z go: downloading github.com/hashicorp/golang-lru v0.6.0
higress-wasmplugin-test (RUST)	UNKNOWN STEP	2026-09-21T12:19:49.0162749Z go: downloading go.opentelemetry.io/proto/otlp v1.9.0
higress-wasmplugin-test (RUST)	UNKNOWN STEP	2026-09-21T12:19:49.0555695Z go: downloading github.com/grpc-ecosystem/go-grpc-middleware v1.4.0
higress-wasmplugin-test (RUST)	UNKNOWN STEP	2026-09-21T12:19:49.0918382Z go: downloading go.uber.org/multierr v1.11.0
higress-wasmplugin-test (RUST)	UNKNOWN STEP	2026-09-21T12:19:49.1220331Z go: downloading github.com/yl2chen/cidranger v1.0.2
higress-wasmplugin-test (RUST)	UNKNOWN STEP	2026-09-21T12:19:49.1562583Z go: downloading sigs.k8s.io/mcs-api v0.1.1-0.20240624222831-d7001fe1d21c
higress-wasmplugin-test (RUST)	UNKNOWN STEP	2026-09-21T12:19:49.2595571Z go: downloading github.com/cespare/xxhash/v2 v2.3.0
higress-wasmplugin-test (RUST)	UNKNOWN STEP	2026-09-21T12:19:49.2782300Z go: downloading google.golang.org/genproto/googleapis/rpc v0.0.0-20260427160629-7cedc36a6bc4
higress-wasmplugin-test (RUST)	UNKNOWN STEP	2026-09-21T12:19:49.2967645Z go: downloading github.com/Masterminds/sprig/v3 v3.3.0
higress-wasmplugin-test (RUST)	UNKNOWN STEP	2026-09-21T12:19:49.3205241Z go: downloading golang.org/x/sync v0.20.0
higress-wasmplugin-test (RUST)	UNKNOWN STEP	2026-09-21T12:19:49.3365603Z go: downloading k8s.io/apiserver v0.34.1
higress-wasmplugin-test (RUST)	UNKNOWN STEP	2026-09-21T12:19:49.5694682Z go: downloading github.com/grpc-ecosystem/go-grpc-middleware/v2 v2.3.3
higress-wasmplugin-test (RUST)	UNKNOWN STEP	2026-09-21T12:19:49.5957788Z go: downloading github.com/alecholmes/xfccparser v0.4.0
higress-wasmplugin-test (RUST)	UNKNOWN STEP	2026-09-21T12:19:49.6085985Z go: downloading github.com/coreos/go-oidc/v3 v3.14.1
higress-wasmplugin-test (RUST)	UNKNOWN STEP	2026-09-21T12:19:49.6234979Z go: downloading github.com/go-jose/go-jose/v4 v4.1.4
higress-wasmplugin-test (RUST)	UNKNOWN STEP	2026-09-21T12:19:49.6554933Z go: downloading github.com/planetscale/vtprotobuf v0.6.1-0.20240409071808-615f978279ca
higress-wasmplugin-test (RUST)	UNKNOWN STEP	2026-09-21T12:19:49.6901578Z go: downloading github.com/envoyproxy/protoc-gen-validate v1.3.3
higress-wasmplugin-test (RUST)	UNKNOWN STEP	2026-09-21T12:19:49.7291778Z go: downloading go.opencensus.io v0.24.0
higress-wasmplugin-test (RUST)	UNKNOWN STEP	2026-09-21T12:19:49.7709733Z go: downloading github.com/evanphx/json-patch/v5 v5.9.11
higress-wasmplugin-test (RUST)	UNKNOWN STEP	2026-09-21T12:19:49.7912709Z go: downloading gomodules.xyz/jsonpatch/v2 v2.5.0
higress-wasmplugin-test (RUST)	UNKNOWN STEP	2026-09-21T12:19:49.8718983Z go: downloading github.com/hashicorp/errwrap v1.1.0
higress-wasmplugin-test (RUST)	UNKNOWN STEP	2026-09-21T12:19:49.8845087Z go: downloading golang.org/x/term v0.43.0
higress-wasmplugin-test (RUST)	UNKNOWN STEP	2026-09-21T12:19:49.8989166Z go: downloading github.com/Masterminds/semver/v3 v3.4.0
higress-wasmplugin-test (RUST)	UNKNOWN STEP	2026-09-21T12:19:49.9141778Z go: downloading github.com/cenkalti/backoff/v4 v4.3.0
higress-wasmplugin-test (RUST)	UNKNOWN STEP	2026-09-21T12:19:49.9274259Z go: downloading github.com/clbanning/mxj v1.8.4
higress-wasmplugin-test (RUST)	UNKNOWN STEP	2026-09-21T12:19:49.9705033Z go: downloading github.com/franela/goreq v0.0.0-20171204163338-bcd34c9993f8
higress-wasmplugin-test (RUST)	UNKNOWN STEP	2026-09-21T12:19:49.9839863Z go: downloading github.com/op/go-logging v0.0.0-20160315200505-970db520ece7
higress-wasmplugin-test (RUST)	UNKNOWN STEP	2026-09-21T12:19:49.9984932Z go: downloading gopkg.in/gcfg.v1 v1.2.3
higress-wasmplugin-test (RUST)	UNKNOWN STEP	2026-09-21T12:20:08.1938406Z go: downloading go.uber.org/goleak v1.3.0
higress-wasmplugin-test (RUST)	UNKNOWN STEP	2026-09-21T12:20:08.1938818Z go: downloading github.com/google/gofuzz v1.2.0
higress-wasmplugin-test (RUST)	UNKNOWN STEP	2026-09-21T12:20:08.1939109Z go: downloading github.com/onsi/gomega v1.40.0
higress-wasmplugin-test (RUST)	UNKNOWN STEP	2026-09-21T12:20:08.1939400Z go: downloading github.com/smartystreets/goconvey v1.6.4
higress-wasmplugin-test (RUST)	UNKNOWN STEP	2026-09-21T12:20:08.2103753Z go: downloading github.com/hashicorp/go-hclog v1.6.3
higress-wasmplugin-test (RUST)	UNKNOWN STEP	2026-09-21T12:20:08.2105452Z go: downloading github.com/hashicorp/go-cleanhttp v0.5.2
higress-wasmplugin-test (RUST)	UNKNOWN STEP	2026-09-21T12:20:08.2315631Z go: downloading github.com/hashicorp/go-rootcerts v1.0.2
higress-wasmplugin-test (RUST)	UNKNOWN STEP	2026-09-21T12:20:08.2320099Z go: downloading github.com/hashicorp/serf v0.10.1
higress-wasmplugin-test (RUST)	UNKNOWN STEP	2026-09-21T12:20:08.2417450Z go: downloading github.com/mitchellh/mapstructure v1.5.0
higress-wasmplugin-test (RUST)	UNKNOWN STEP	2026-09-21T12:20:08.2426035Z go: downloading golang.org/x/exp v0.0.0-20230713183714-613f0c0eb8a1
higress-wasmplugin-test (RUST)	UNKNOWN STEP	2026-09-21T12:20:08.2592566Z go: downloading github.com/hashicorp/consul/sdk v0.16.1
higress-wasmplugin-test (RUST)	UNKNOWN STEP	2026-09-21T12:20:08.2878092Z go: downloading github.com/hashicorp/go-uuid v1.0.3
higress-wasmplugin-test (RUST)	UNKNOWN STEP	2026-09-21T12:20:08.2908213Z go: downloading github.com/buger/jsonparser v1.1.1
higress-wasmplugin-test (RUST)	UNKNOWN STEP	2026-09-21T12:20:08.2914378Z go: downloading github.com/toolkits/concurrent v0.0.0-20150624120057-a4371d70e3e3
higress-wasmplugin-test (RUST)	UNKNOWN STEP	2026-09-21T12:20:08.3038295Z go: downloading github.com/golang/mock v1.7.0-rc.1
higress-wasmplugin-test (RUST)	UNKNOWN STEP	2026-09-21T12:20:08.3065144Z go: downloading github.com/stretchr/objx v0.5.2
higress-wasmplugin-test (RUST)	UNKNOWN STEP	2026-09-21T12:20:08.3144216Z go: downloading github.com/onsi/ginkgo/v2 v2.28.1
higress-wasmplugin-test (RUST)	UNKNOWN STEP	2026-09-21T12:20:08.3238737Z go: downloading github.com/tidwall/match v1.1.1
higress-wasmplugin-test (RUST)	UNKNOWN STEP	2026-09-21T12:20:08.3297685Z go: downloading github.com/tidwall/pretty v1.2.0
higress-wasmplugin-test (RUST)	UNKNOWN STEP	2026-09-21T12:20:08.3359440Z go: downloading sigs.k8s.io/json v0.0.0-20250730193827-2d320260d730
higress-wasmplugin-test (RUST)	UNKNOWN STEP	2026-09-21T12:20:08.3476626Z go: downloading github.com/x448/float16 v0.8.4
higress-wasmplugin-test (RUST)	UNKNOWN STEP	2026-09-21T12:20:08.3485370Z go: downloading gopkg.in/inf.v0 v0.9.1
higress-wasmplugin-test (RUST)	UNKNOWN STEP	2026-09-21T12:20:08.3638983Z go: downloading github.com/json-iterator/go v1.1.12
higress-wasmplugin-test (RUST)	UNKNOWN STEP	2026-09-21T12:20:08.3639577Z go: downloading golang.org/x/oauth2 v0.36.0
higress-wasmplugin-test (RUST)	UNKNOWN STEP	2026-09-21T12:20:08.3669366Z go: downloading gopkg.in/check.v1 v1.0.0-20201130134442-10cb98267c6c
higress-wasmplugin-test (RUST)	UNKNOWN STEP	2026-09-21T12:20:08.3945203Z go: downloading cloud.google.com/go/logging v1.13.0
higress-wasmplugin-test (RUST)	UNKNOWN STEP	2026-09-21T12:20:08.4007820Z go: downloading google.golang.org/api v0.250.0
higress-wasmplugin-test (RUST)	UNKNOWN STEP	2026-09-21T12:20:08.4032518Z go: downloading github.com/go-openapi/swag v0.26.0
higress-wasmplugin-test (RUST)	UNKNOWN STEP	2026-09-21T12:20:08.4151000Z go: downloading github.com/onsi/ginkgo v1.16.5
higress-wasmplugin-test (RUST)	UNKNOWN STEP	2026-09-21T12:20:08.4208611Z go: downloading github.com/liggitt/tabwriter v0.0.0-20181228230101-89fcab3d43de
higress-wasmplugin-test (RUST)	UNKNOWN STEP	2026-09-21T12:20:08.4223143Z go: downloading cloud.google.com/go v0.120.0
higress-wasmplugin-test (RUST)	UNKNOWN STEP	2026-09-21T12:20:08.4333331Z go: downloading github.com/moby/term v0.5.2
higress-wasmplugin-test (RUST)	UNKNOWN STEP	2026-09-21T12:20:08.4573584Z go: downloading golang.org/x/text v0.37.0
higress-wasmplugin-test (RUST)	UNKNOWN STEP	2026-09-21T12:20:08.4895609Z go: downloading sigs.k8s.io/kustomize/api v0.21.1
higress-wasmplugin-test (RUST)	UNKNOWN STEP	2026-09-21T12:20:08.5670864Z go: downloading sigs.k8s.io/kustomize/kyaml v0.21.1
higress-wasmplugin-test (RUST)	UNKNOWN STEP	2026-09-21T12:20:08.6745325Z go: downloading github.com/gregjones/httpcache v0.0.0-20190611155906-901d90724c79
higress-wasmplugin-test (RUST)	UNKNOWN STEP	2026-09-21T12:20:08.6891880Z go: downloading github.com/peterbourgon/diskv v2.0.1+incompatible
higress-wasmplugin-test (RUST)	UNKNOWN STEP	2026-09-21T12:20:08.7058127Z go: downloading golang.org/x/sys v0.45.0
higress-wasmplugin-test (RUST)	UNKNOWN STEP	2026-09-21T12:20:08.8756085Z go: downloading golang.org/x/tools v0.45.0
higress-wasmplugin-test (RUST)	UNKNOWN STEP	2026-09-21T12:20:08.9113662Z go: downloading github.com/zeebo/assert v1.3.0
higress-wasmplugin-test (RUST)	UNKNOWN STEP	2026-09-21T12:20:08.9120089Z go: downloading go.opentelemetry.io/otel v1.43.0
higress-wasmplugin-test (RUST)	UNKNOWN STEP	2026-09-21T12:20:09.2043957Z go: downloading go.opentelemetry.io/otel/exporters/prometheus v0.57.0
higress-wasmplugin-test (RUST)	UNKNOWN STEP	2026-09-21T12:20:09.2044679Z go: downloading go.opentelemetry.io/otel/metric v1.43.0
higress-wasmplugin-test (RUST)	UNKNOWN STEP	2026-09-21T12:20:09.2210286Z go: downloading go.opentelemetry.io/otel/sdk/metric v1.43.0
higress-wasmplugin-test (RUST)	UNKNOWN STEP	2026-09-21T12:20:09.2255869Z go: downloading github.com/beorn7/perks v1.0.1
higress-wasmplugin-test (RUST)	UNKNOWN STEP	2026-09-21T12:20:09.2390601Z go: downloading github.com/prometheus/client_model v0.6.2
higress-wasmplugin-test (RUST)	UNKNOWN STEP	2026-09-21T12:20:09.2500784Z go: downloading go.opentelemetry.io/otel/sdk v1.43.0
higress-wasmplugin-test (RUST)	UNKNOWN STEP	2026-09-21T12:20:09.2578985Z go: downloading github.com/prometheus/common v0.67.5
higress-wasmplugin-test (RUST)	UNKNOWN STEP	2026-09-21T12:20:09.2883719Z go: downloading github.com/prometheus/procfs v0.20.1
higress-wasmplugin-test (RUST)	UNKNOWN STEP	2026-09-21T12:20:09.2982726Z go: downloading github.com/gorilla/mux v1.8.1
higress-wasmplugin-test (RUST)	UNKNOWN STEP	2026-09-21T12:20:09.2998102Z go: downloading github.com/AdaLogics/go-fuzz-headers v0.0.0-20240806141605-e8a1dd7889d6
higress-wasmplugin-test (RUST)	UNKNOWN STEP	2026-09-21T12:20:09.3239264Z go: downloading github.com/mitchellh/copystructure v1.2.0
higress-wasmplugin-test (RUST)	UNKNOWN STEP	2026-09-21T12:20:09.3305759Z go: downloading github.com/fsnotify/fsnotify v1.9.0
higress-wasmplugin-test (RUST)	UNKNOWN STEP	2026-09-21T12:20:09.3381734Z go: downloading github.com/hashicorp/go-version v1.7.0
higress-wasmplugin-test (RUST)	UNKNOWN STEP	2026-09-21T12:20:09.3382321Z go: downloading github.com/openshift/api v0.0.0-20250507150912-7318813e48da
higress-wasmplugin-test (RUST)	UNKNOWN STEP	2026-09-21T12:20:09.3556566Z go: downloading github.com/prometheus/prometheus v0.307.1
higress-wasmplugin-test (RUST)	UNKNOWN STEP	2026-09-21T12:20:09.8168484Z go: downloading github.com/google/cel-go v0.26.0
higress-wasmplugin-test (RUST)	UNKNOWN STEP	2026-09-21T12:20:09.8169196Z go: downloading github.com/lestrrat-go/jwx v1.2.31
higress-wasmplugin-test (RUST)	UNKNOWN STEP	2026-09-21T12:20:09.8748252Z go: downloading dario.cat/mergo v1.0.2
higress-wasmplugin-test (RUST)	UNKNOWN STEP	2026-09-21T12:20:09.8866783Z go: downloading github.com/Masterminds/goutils v1.1.1
higress-wasmplugin-test (RUST)	UNKNOWN STEP	2026-09-21T12:20:09.8927744Z go: downloading github.com/huandu/xstrings v1.5.0
higress-wasmplugin-test (RUST)	UNKNOWN STEP	2026-09-21T12:20:09.9011303Z go: downloading github.com/shopspring/decimal v1.4.0
higress-wasmplugin-test (RUST)	UNKNOWN STEP	2026-09-21T12:20:09.9075928Z go: downloading github.com/spf13/cast v1.8.0
higress-wasmplugin-test (RUST)	UNKNOWN STEP	2026-09-21T12:20:09.9300510Z go: downloading github.com/moby/spdystream v0.5.1
higress-wasmplugin-test (RUST)	UNKNOWN STEP	2026-09-21T12:20:09.9301617Z go: downloading github.com/armon/go-socks5 v0.0.0-20160902184237-e75332964ef5
higress-wasmplugin-test (RUST)	UNKNOWN STEP	2026-09-21T12:20:09.9427954Z go: downloading github.com/gorilla/websocket v1.5.4-0.20250319132907-e064f32e3674
higress-wasmplugin-test (RUST)	UNKNOWN STEP	2026-09-21T12:20:09.9436838Z go: downloading github.com/alecthomas/participle/v2 v2.1.4
higress-wasmplugin-test (RUST)	UNKNOWN STEP	2026-09-21T12:20:09.9658261Z go: downloading github.com/evanphx/json-patch v5.9.11+incompatible
higress-wasmplugin-test (RUST)	UNKNOWN STEP	2026-09-21T12:20:09.9721264Z go: downloading github.com/franela/goblin v0.0.0-20210519012713-85d372ac71e2
higress-wasmplugin-test (RUST)	UNKNOWN STEP	2026-09-21T12:20:09.9738032Z go: downloading gopkg.in/warnings.v0 v0.1.2
higress-wasmplugin-test (RUST)	UNKNOWN STEP	2026-09-21T12:20:09.9855861Z go: downloading github.com/fatih/color v1.18.0
higress-wasmplugin-test (RUST)	UNKNOWN STEP	2026-09-21T12:20:09.9871300Z go: downloading github.com/mattn/go-colorable v0.1.14
higress-wasmplugin-test (RUST)	UNKNOWN STEP	2026-09-21T12:20:09.9896796Z go: downloading github.com/mattn/go-isatty v0.0.20
higress-wasmplugin-test (RUST)	UNKNOWN STEP	2026-09-21T12:20:10.0027940Z go: downloading github.com/mitchellh/go-homedir v1.1.0
higress-wasmplugin-test (RUST)	UNKNOWN STEP	2026-09-21T12:20:10.0031679Z go: downloading github.com/armon/go-metrics v0.4.1
higress-wasmplugin-test (RUST)	UNKNOWN STEP	2026-09-21T12:20:10.0033217Z go: downloading github.com/jtolds/gls v4.20.0+incompatible
higress-wasmplugin-test (RUST)	UNKNOWN STEP	2026-09-21T12:20:10.0129056Z go: downloading github.com/smartystreets/assertions v1.1.0
higress-wasmplugin-test (RUST)	UNKNOWN STEP	2026-09-21T12:20:10.0159179Z go: downloading github.com/hashicorp/go-msgpack v0.5.5
higress-wasmplugin-test (RUST)	UNKNOWN STEP	2026-09-21T12:20:10.0210159Z go: downloading github.com/hashicorp/memberlist v0.5.0
higress-wasmplugin-test (RUST)	UNKNOWN STEP	2026-09-21T12:20:10.0389109Z go: downloading github.com/aliyun/alibaba-cloud-sdk-go v1.61.1800
higress-wasmplugin-test (RUST)	UNKNOWN STEP	2026-09-21T12:20:10.0447817Z go: downloading github.com/lestrrat/go-file-rotatelogs v0.0.0-20180223000712-d3151e2a480f
higress-wasmplugin-test (RUST)	UNKNOWN STEP	2026-09-21T12:20:10.0475118Z go: downloading github.com/alibabacloud-go/darabonba-openapi/v2 v2.0.10
higress-wasmplugin-test (RUST)	UNKNOWN STEP	2026-09-21T12:20:10.0553444Z go: downloading github.com/alibabacloud-go/kms-20160120/v3 v3.2.3
higress-wasmplugin-test (RUST)	UNKNOWN STEP	2026-09-21T12:20:10.0591404Z go: downloading github.com/alibabacloud-go/tea-utils/v2 v2.0.7
higress-wasmplugin-test (RUST)	UNKNOWN STEP	2026-09-21T12:20:10.0713670Z go: downloading github.com/alibabacloud-go/tea v1.2.2
higress-wasmplugin-test (RUST)	UNKNOWN STEP	2026-09-21T12:20:10.0720910Z go: downloading github.com/alibabacloud-go/tea-utils v1.4.4
higress-wasmplugin-test (RUST)	UNKNOWN STEP	2026-09-21T12:20:10.0865490Z go: downloading github.com/aliyun/alibabacloud-dkms-gcs-go-sdk v0.5.1
higress-wasmplugin-test (RUST)	UNKNOWN STEP	2026-09-21T12:20:10.0890649Z go: downloading github.com/aliyun/alibabacloud-dkms-transfer-go-sdk v0.1.8
higress-wasmplugin-test (RUST)	UNKNOWN STEP	2026-09-21T12:20:10.1036298Z go: downloading github.com/aliyun/aliyun-secretsmanager-client-go v1.1.5
higress-wasmplugin-test (RUST)	UNKNOWN STEP	2026-09-21T12:20:10.1078728Z go: downloading github.com/aliyun/credentials-go v1.4.3
higress-wasmplugin-test (RUST)	UNKNOWN STEP	2026-09-21T12:20:10.1247876Z go: downloading k8s.io/component-base v0.34.1
higress-wasmplugin-test (RUST)	UNKNOWN STEP	2026-09-21T12:20:10.1821347Z go: downloading github.com/go-logr/zapr v1.3.0
higress-wasmplugin-test (RUST)	UNKNOWN STEP	2026-09-21T12:20:10.1821781Z go: downloading k8s.io/kubectl v0.33.3
higress-wasmplugin-test (RUST)	UNKNOWN STEP	2026-09-21T12:20:10.2090070Z go: downloading github.com/go-openapi/jsonreference v0.21.5
higress-wasmplugin-test (RUST)	UNKNOWN STEP	2026-09-21T12:20:10.2270302Z go: downloading github.com/kr/pretty v0.3.1
higress-wasmplugin-test (RUST)	UNKNOWN STEP	2026-09-21T12:20:10.2413960Z go: downloading github.com/modern-go/concurrent v0.0.0-20180306012644-bacd9c7ef1dd
higress-wasmplugin-test (RUST)	UNKNOWN STEP	2026-09-21T12:20:10.2543790Z go: downloading github.com/modern-go/reflect2 v1.0.3-0.20250322232337-35a7c28c31ee
higress-wasmplugin-test (RUST)	UNKNOWN STEP	2026-09-21T12:20:10.2700112Z go: downloading github.com/go-openapi/swag/cmdutils v0.26.0
higress-wasmplugin-test (RUST)	UNKNOWN STEP	2026-09-21T12:20:10.2881875Z go: downloading github.com/go-openapi/swag/conv v0.26.0
higress-wasmplugin-test (RUST)	UNKNOWN STEP	2026-09-21T12:20:10.3014943Z go: downloading github.com/go-openapi/swag/fileutils v0.26.0
higress-wasmplugin-test (RUST)	UNKNOWN STEP	2026-09-21T12:20:10.3140134Z go: downloading github.com/go-openapi/swag/jsonname v0.26.0
higress-wasmplugin-test (RUST)	UNKNOWN STEP	2026-09-21T12:20:10.3266837Z go: downloading github.com/go-openapi/swag/jsonutils v0.26.0
higress-wasmplugin-test (RUST)	UNKNOWN STEP	2026-09-21T12:20:10.3628447Z go: downloading github.com/go-openapi/swag/loading v0.26.0
higress-wasmplugin-test (RUST)	UNKNOWN STEP	2026-09-21T12:20:10.3747436Z go: downloading github.com/go-openapi/swag/mangling v0.26.0
higress-wasmplugin-test (RUST)	UNKNOWN STEP	2026-09-21T12:20:10.3912794Z go: downloading github.com/go-openapi/swag/netutils v0.26.0
higress-wasmplugin-test (RUST)	UNKNOWN STEP	2026-09-21T12:20:10.4038479Z go: downloading github.com/go-openapi/swag/stringutils v0.26.0
higress-wasmplugin-test (RUST)	UNKNOWN STEP	2026-09-21T12:20:10.4174680Z go: downloading github.com/go-openapi/swag/typeutils v0.26.0
higress-wasmplugin-test (RUST)	UNKNOWN STEP	2026-09-21T12:20:10.4320576Z go: downloading github.com/go-openapi/swag/yamlutils v0.26.0
higress-wasmplugin-test (RUST)	UNKNOWN STEP	2026-09-21T12:20:10.4469772Z go: downloading github.com/go-openapi/testify/v2 v2.4.2
higress-wasmplugin-test (RUST)	UNKNOWN STEP	2026-09-21T12:20:10.5250794Z go: downloading github.com/creack/pty v1.1.18
higress-wasmplugin-test (RUST)	UNKNOWN STEP	2026-09-21T12:20:10.5251341Z go: downloading github.com/googleapis/gax-go/v2 v2.15.0
higress-wasmplugin-test (RUST)	UNKNOWN STEP	2026-09-21T12:20:10.5528228Z go: downloading go.opentelemetry.io/otel/trace v1.43.0
higress-wasmplugin-test (RUST)	UNKNOWN STEP	2026-09-21T12:20:11.2403717Z go: downloading github.com/google/btree v1.1.3
higress-wasmplugin-test (RUST)	UNKNOWN STEP	2026-09-21T12:20:11.2404519Z go: downloading github.com/klauspost/compress v1.18.0
higress-wasmplugin-test (RUST)	UNKNOWN STEP	2026-09-21T12:20:11.2405120Z go: downloading github.com/go-logr/stdr v1.2.2
higress-wasmplugin-test (RUST)	UNKNOWN STEP	2026-09-21T12:20:11.2560015Z go: downloading github.com/mitchellh/reflectwalk v1.0.2
higress-wasmplugin-test (RUST)	UNKNOWN STEP	2026-09-21T12:20:11.2623341Z go: downloading github.com/decred/dcrd/dcrec/secp256k1/v4 v4.4.0
higress-wasmplugin-test (RUST)	UNKNOWN STEP	2026-09-21T12:20:11.2692443Z go: downloading github.com/lestrrat-go/backoff/v2 v2.0.8
higress-wasmplugin-test (RUST)	UNKNOWN STEP	2026-09-21T12:20:11.2822300Z go: downloading github.com/lestrrat-go/blackmagic v1.0.3
higress-wasmplugin-test (RUST)	UNKNOWN STEP	2026-09-21T12:20:11.2941720Z go: downloading github.com/lestrrat-go/httpcc v1.0.1
higress-wasmplugin-test (RUST)	UNKNOWN STEP	2026-09-21T12:20:11.3080717Z go: downloading github.com/lestrrat-go/iter v1.0.2
higress-wasmplugin-test (RUST)	UNKNOWN STEP	2026-09-21T12:20:11.3211851Z go: downloading github.com/lestrrat-go/option v1.0.1
higress-wasmplugin-test (RUST)	UNKNOWN STEP	2026-09-21T12:20:11.3212683Z go: downloading github.com/grafana/regexp v0.0.0-20250905093917-f7b3be9d1853
higress-wasmplugin-test (RUST)	UNKNOWN STEP	2026-09-21T12:20:11.3331100Z go: downloading cel.dev/expr v0.25.1
higress-wasmplugin-test (RUST)	UNKNOWN STEP	2026-09-21T12:20:11.3607978Z go: downloading github.com/frankban/quicktest v1.14.6
higress-wasmplugin-test (RUST)	UNKNOWN STEP	2026-09-21T12:20:11.3875290Z go: downloading github.com/mxk/go-flowrate v0.0.0-20140419014527-cca7078d478f
higress-wasmplugin-test (RUST)	UNKNOWN STEP	2026-09-21T12:20:11.3939697Z go: downloading github.com/golang/groupcache v0.0.0-20241129210726-2c02b8208cf8
higress-wasmplugin-test (RUST)	UNKNOWN STEP	2026-09-21T12:20:11.3999150Z go: downloading github.com/alecthomas/assert/v2 v2.11.0
higress-wasmplugin-test (RUST)	UNKNOWN STEP	2026-09-21T12:20:11.4166394Z go: downloading github.com/alecthomas/repr v0.4.0
higress-wasmplugin-test (RUST)	UNKNOWN STEP	2026-09-21T12:20:11.4268331Z go: downloading github.com/gopherjs/gopherjs v0.0.0-20200217142428-fce0ec30dd00
higress-wasmplugin-test (RUST)	UNKNOWN STEP	2026-09-21T12:20:11.4416632Z go: downloading github.com/hashicorp/go-immutable-radix v1.3.1
higress-wasmplugin-test (RUST)	UNKNOWN STEP	2026-09-21T12:20:11.4730033Z go: downloading github.com/pascaldekloe/goe v0.1.0
higress-wasmplugin-test (RUST)	UNKNOWN STEP	2026-09-21T12:20:11.4783952Z go: downloading github.com/hashicorp/go-sockaddr v1.0.2
higress-wasmplugin-test (RUST)	UNKNOWN STEP	2026-09-21T12:20:11.4880083Z go: downloading github.com/sean-/seed v0.0.0-20170313163322-e2103e2c3529
higress-wasmplugin-test (RUST)	UNKNOWN STEP	2026-09-21T12:20:11.5005799Z go: downloading github.com/lestrrat/go-strftime v0.0.0-20180220042222-ba3bf9c1d042
higress-wasmplugin-test (RUST)	UNKNOWN STEP	2026-09-21T12:20:11.5134029Z go: downloading github.com/jonboulle/clockwork v0.5.0
higress-wasmplugin-test (RUST)	UNKNOWN STEP	2026-09-21T12:20:11.5164832Z go: downloading github.com/alibabacloud-go/alibabacloud-gateway-spi v0.0.5
higress-wasmplugin-test (RUST)	UNKNOWN STEP	2026-09-21T12:20:11.5271979Z go: downloading github.com/alibabacloud-go/openapi-util v0.1.0
higress-wasmplugin-test (RUST)	UNKNOWN STEP	2026-09-21T12:20:11.5285187Z go: downloading github.com/alibabacloud-go/tea-xml v1.1.3
higress-wasmplugin-test (RUST)	UNKNOWN STEP	2026-09-21T12:20:11.5411669Z go: downloading github.com/alibabacloud-go/alibabacloud-gateway-pop v0.0.6
higress-wasmplugin-test (RUST)	UNKNOWN STEP	2026-09-21T12:20:11.5412361Z go: downloading github.com/alibabacloud-go/endpoint-util v1.1.0
higress-wasmplugin-test (RUST)	UNKNOWN STEP	2026-09-21T12:20:11.5593907Z go: downloading github.com/alibabacloud-go/debug v1.0.1
higress-wasmplugin-test (RUST)	UNKNOWN STEP	2026-09-21T12:20:11.5606007Z go: downloading github.com/alibabacloud-go/darabonba-array v0.1.0
higress-wasmplugin-test (RUST)	UNKNOWN STEP	2026-09-21T12:20:11.5718261Z go: downloading github.com/alibabacloud-go/darabonba-map v0.0.2
higress-wasmplugin-test (RUST)	UNKNOWN STEP	2026-09-21T12:20:11.5740239Z go: downloading github.com/alibabacloud-go/darabonba-string v1.0.2
higress-wasmplugin-test (RUST)	UNKNOWN STEP	2026-09-21T12:20:13.5785358Z go: downloading github.com/blang/semver/v4 v4.0.0
higress-wasmplugin-test (RUST)	UNKNOWN STEP	2026-09-21T12:20:13.5786993Z go: downloading gopkg.in/ini.v1 v1.67.0
higress-wasmplugin-test (RUST)	UNKNOWN STEP	2026-09-21T12:20:13.5787708Z go: downloading github.com/stoewer/go-strcase v1.3.0
higress-wasmplugin-test (RUST)	UNKNOWN STEP	2026-09-21T12:20:13.5788341Z go: downloading github.com/orcaman/concurrent-map v0.0.0-20210501183033-44dafcb38ecc
higress-wasmplugin-test (RUST)	UNKNOWN STEP	2026-09-21T12:20:13.5934251Z go: downloading github.com/docker/cli v28.1.1+incompatible
higress-wasmplugin-test (RUST)	UNKNOWN STEP	2026-09-21T12:20:13.5963462Z go: downloading github.com/google/go-containerregistry v0.20.3
higress-wasmplugin-test (RUST)	UNKNOWN STEP	2026-09-21T12:20:13.7301458Z go: downloading github.com/tetratelabs/wazero v1.9.0
higress-wasmplugin-test (RUST)	UNKNOWN STEP	2026-09-21T12:20:13.7326316Z go: downloading github.com/emicklei/go-restful/v3 v3.13.0
higress-wasmplugin-test (RUST)	UNKNOWN STEP	2026-09-21T12:20:13.7553634Z go: downloading github.com/go-openapi/jsonpointer v0.23.1
higress-wasmplugin-test (RUST)	UNKNOWN STEP	2026-09-21T12:20:13.7788018Z go: downloading github.com/kr/text v0.2.0
higress-wasmplugin-test (RUST)	UNKNOWN STEP	2026-09-21T12:20:13.7911018Z go: downloading github.com/rogpeppe/go-internal v1.14.1
higress-wasmplugin-test (RUST)	UNKNOWN STEP	2026-09-21T12:20:13.8127704Z go: downloading github.com/go-openapi/testify/enable/yaml/v2 v2.4.2
higress-wasmplugin-test (RUST)	UNKNOWN STEP	2026-09-21T12:20:13.8138104Z go: downloading github.com/go-openapi/swag/jsonutils/fixtures_test v0.26.0
higress-wasmplugin-test (RUST)	UNKNOWN STEP	2026-09-21T12:20:13.8328299Z go: downloading github.com/Azure/go-ansiterm v0.0.0-20250102033503-faa5f7b0171c
higress-wasmplugin-test (RUST)	UNKNOWN STEP	2026-09-21T12:20:13.8425246Z go: downloading cloud.google.com/go/longrunning v0.6.7
higress-wasmplugin-test (RUST)	UNKNOWN STEP	2026-09-21T12:20:13.8579823Z go: downloading cloud.google.com/go/compute/metadata v0.9.0
higress-wasmplugin-test (RUST)	UNKNOWN STEP	2026-09-21T12:20:13.8583044Z go: downloading cloud.google.com/go/auth v0.16.5
higress-wasmplugin-test (RUST)	UNKNOWN STEP	2026-09-21T12:20:13.8647796Z go: downloading github.com/sergi/go-diff v1.4.0
higress-wasmplugin-test (RUST)	UNKNOWN STEP	2026-09-21T12:20:13.8735015Z go: downloading github.com/kylelemons/godebug v1.1.0
higress-wasmplugin-test (RUST)	UNKNOWN STEP	2026-09-21T12:20:13.8895768Z go: downloading go.opentelemetry.io/auto/sdk v1.2.1
higress-wasmplugin-test (RUST)	UNKNOWN STEP	2026-09-21T12:20:13.9047914Z go: downloading golang.org/x/mod v0.36.0
higress-wasmplugin-test (RUST)	UNKNOWN STEP	2026-09-21T12:20:14.0186290Z go: downloading gonum.org/v1/gonum v0.17.0
higress-wasmplugin-test (RUST)	UNKNOWN STEP	2026-09-21T12:20:14.0186765Z go: downloading helm.sh/helm/v3 v3.18.5
higress-wasmplugin-test (RUST)	UNKNOWN STEP	2026-09-21T12:20:14.3674398Z go: downloading github.com/goccy/go-json v0.10.5
higress-wasmplugin-test (RUST)	UNKNOWN STEP	2026-09-21T12:20:14.3679338Z go: downloading github.com/antlr4-go/antlr/v4 v4.13.1
higress-wasmplugin-test (RUST)	UNKNOWN STEP	2026-09-21T12:20:14.4000754Z go: downloading github.com/hexops/gotextdiff v1.0.3
higress-wasmplugin-test (RUST)	UNKNOWN STEP	2026-09-21T12:20:14.4238985Z go: downloading github.com/fastly/go-utils v0.0.0-20180712184237-d95a45783239
higress-wasmplugin-test (RUST)	UNKNOWN STEP	2026-09-21T12:20:14.4264459Z go: downloading github.com/jehiah/go-strftime v0.0.0-20171201141054-1d33003b3869
higress-wasmplugin-test (RUST)	UNKNOWN STEP	2026-09-21T12:20:14.4410823Z go: downloading github.com/lestrrat/go-envload v0.0.0-20180220120943-6ed08b54a570
higress-wasmplugin-test (RUST)	UNKNOWN STEP	2026-09-21T12:20:14.4479430Z go: downloading github.com/tebeka/strftime v0.1.3
higress-wasmplugin-test (RUST)	UNKNOWN STEP	2026-09-21T12:20:14.4536221Z go: downloading github.com/tjfoc/gmsm v1.4.1
higress-wasmplugin-test (RUST)	UNKNOWN STEP	2026-09-21T12:20:14.4618579Z go: downloading github.com/clbanning/mxj/v2 v2.5.5
higress-wasmplugin-test (RUST)	UNKNOWN STEP	2026-09-21T12:20:14.4938152Z go: downloading github.com/alibabacloud-go/darabonba-encode-util v0.0.2
higress-wasmplugin-test (RUST)	UNKNOWN STEP	2026-09-21T12:20:14.5198314Z go: downloading github.com/alibabacloud-go/darabonba-signature-util v0.0.7
higress-wasmplugin-test (RUST)	UNKNOWN STEP	2026-09-21T12:20:14.5218002Z go: downloading github.com/jmespath/go-jmespath v0.4.0
higress-wasmplugin-test (RUST)	UNKNOWN STEP	2026-09-21T12:20:14.5316028Z go: downloading github.com/deckarep/golang-set v1.7.1
higress-wasmplugin-test (RUST)	UNKNOWN STEP	2026-09-21T12:20:14.5480927Z go: downloading sigs.k8s.io/apiserver-network-proxy/konnectivity-client v0.34.0
higress-wasmplugin-test (RUST)	UNKNOWN STEP	2026-09-21T12:20:14.5637821Z go: downloading go.opentelemetry.io/contrib/instrumentation/net/http/otelhttp v0.65.0
higress-wasmplugin-test (RUST)	UNKNOWN STEP	2026-09-21T12:20:14.5641155Z go: downloading go.opentelemetry.io/otel/exporters/otlp/otlptrace/otlptracegrpc v1.40.0
higress-wasmplugin-test (RUST)	UNKNOWN STEP	2026-09-21T12:20:14.5849501Z go: downloading github.com/opencontainers/go-digest v1.0.0
higress-wasmplugin-test (RUST)	UNKNOWN STEP	2026-09-21T12:20:14.6008798Z go: downloading go.opentelemetry.io/otel/exporters/otlp/otlptrace v1.40.0
higress-wasmplugin-test (RUST)	UNKNOWN STEP	2026-09-21T12:20:14.6022456Z go: downloading github.com/sirupsen/logrus v1.9.3
higress-wasmplugin-test (RUST)	UNKNOWN STEP	2026-09-21T12:20:14.6038069Z go: downloading gotest.tools/v3 v3.5.1
higress-wasmplugin-test (RUST)	UNKNOWN STEP	2026-09-21T12:20:14.6394258Z go: downloading cloud.google.com/go/auth/oauth2adapt v0.2.8
higress-wasmplugin-test (RUST)	UNKNOWN STEP	2026-09-21T12:20:14.6396458Z go: downloading go.opentelemetry.io/contrib/instrumentation/google.golang.org/grpc/otelgrpc v0.65.0
higress-wasmplugin-test (RUST)	UNKNOWN STEP	2026-09-21T12:20:14.6397796Z go: downloading github.com/google/s2a-go v0.1.9
higress-wasmplugin-test (RUST)	UNKNOWN STEP	2026-09-21T12:20:14.6524228Z go: downloading github.com/go-task/slim-sprig/v3 v3.0.0
higress-wasmplugin-test (RUST)	UNKNOWN STEP	2026-09-21T12:20:14.6598656Z go: downloading github.com/monochromegane/go-gitignore v0.0.0-20200626010858-205db1a8cc00
higress-wasmplugin-test (RUST)	UNKNOWN STEP	2026-09-21T12:20:14.6686286Z go: downloading github.com/go-task/slim-sprig v0.0.0-20230315185526-52ccab3ef572
higress-wasmplugin-test (RUST)	UNKNOWN STEP	2026-09-21T12:20:14.6727786Z go: downloading github.com/xlab/treeprint v1.2.0
higress-wasmplugin-test (RUST)	UNKNOWN STEP	2026-09-21T12:20:14.6897908Z go: downloading github.com/zeebo/pcg v1.0.1
higress-wasmplugin-test (RUST)	UNKNOWN STEP	2026-09-21T12:20:14.6938172Z go: downloading github.com/cyphar/filepath-securejoin v0.4.1
higress-wasmplugin-test (RUST)	UNKNOWN STEP	2026-09-21T12:20:14.6944761Z go: downloading github.com/santhosh-tekuri/jsonschema/v6 v6.0.2
higress-wasmplugin-test (RUST)	UNKNOWN STEP	2026-09-21T12:20:14.7020211Z go: downloading github.com/BurntSushi/toml v1.5.0
higress-wasmplugin-test (RUST)	UNKNOWN STEP	2026-09-21T12:20:14.7229742Z go: downloading github.com/gobwas/glob v0.2.3
higress-wasmplugin-test (RUST)	UNKNOWN STEP	2026-09-21T12:20:14.7364445Z go: downloading github.com/ryanuber/go-glob v1.0.0
higress-wasmplugin-test (RUST)	UNKNOWN STEP	2026-09-21T12:20:14.7595518Z go: downloading github.com/felixge/httpsnoop v1.0.4
higress-wasmplugin-test (RUST)	UNKNOWN STEP	2026-09-21T12:20:14.7734684Z go: downloading go.etcd.io/etcd/client/pkg/v3 v3.6.4
higress-wasmplugin-test (RUST)	UNKNOWN STEP	2026-09-21T12:20:14.8079370Z go: downloading go.etcd.io/etcd v0.0.0-20191023171146-3cf2f69b5738
higress-wasmplugin-test (RUST)	UNKNOWN STEP	2026-09-21T12:20:14.8234060Z go: downloading go.etcd.io/etcd/client/v3 v3.6.4
higress-wasmplugin-test (RUST)	UNKNOWN STEP	2026-09-21T12:20:15.3809145Z go: downloading github.com/docker/distribution v0.0.0-20191216044856-a8371794149d
higress-wasmplugin-test (RUST)	UNKNOWN STEP	2026-09-21T12:20:15.3810992Z go: downloading github.com/opencontainers/image-spec v1.1.1
higress-wasmplugin-test (RUST)	UNKNOWN STEP	2026-09-21T12:20:15.3811770Z go: downloading github.com/containerd/stargz-snapshotter/estargz v0.16.3
higress-wasmplugin-test (RUST)	UNKNOWN STEP	2026-09-21T12:20:15.3812672Z go: downloading github.com/docker/docker-credential-helpers v0.9.3
higress-wasmplugin-test (RUST)	UNKNOWN STEP	2026-09-21T12:20:15.4030763Z go: downloading github.com/jmespath/go-jmespath/internal/testify v1.5.1
higress-wasmplugin-test (RUST)	UNKNOWN STEP	2026-09-21T12:20:15.4038303Z go: downloading github.com/googleapis/enterprise-certificate-proxy v0.3.6
higress-wasmplugin-test (RUST)	UNKNOWN STEP	2026-09-21T12:20:15.4078027Z go: downloading cloud.google.com/go/iam v1.5.2
higress-wasmplugin-test (RUST)	UNKNOWN STEP	2026-09-21T12:20:15.4224453Z go: downloading github.com/google/pprof v0.0.0-20260115054156-294ebfa9ad83
higress-wasmplugin-test (RUST)	UNKNOWN STEP	2026-09-21T12:20:15.4305938Z go: downloading go.etcd.io/etcd/api/v3 v3.6.4
higress-wasmplugin-test (RUST)	UNKNOWN STEP	2026-09-21T12:20:15.4588191Z go: downloading github.com/coreos/go-systemd/v22 v22.6.0
higress-wasmplugin-test (RUST)	UNKNOWN STEP	2026-09-21T12:20:15.4627697Z go: downloading github.com/coreos/go-semver v0.3.1
higress-wasmplugin-test (RUST)	UNKNOWN STEP	2026-09-21T12:20:15.4648984Z go: downloading github.com/vbatts/tar-split v0.12.1
higress-wasmplugin-test (RUST)	UNKNOWN STEP	2026-09-21T12:20:15.4785410Z go: downloading github.com/cenkalti/backoff/v5 v5.0.3
higress-wasmplugin-test (RUST)	UNKNOWN STEP	2026-09-21T12:20:15.4877237Z go: downloading github.com/coreos/go-systemd v0.0.0-20180511133405-39ca1b05acc7
higress-wasmplugin-test (RUST)	UNKNOWN STEP	2026-09-21T12:20:15.4915003Z go: downloading github.com/grpc-ecosystem/grpc-gateway/v2 v2.27.7
higress-wasmplugin-test (RUST)	UNKNOWN STEP	2026-09-21T12:20:15.7879994Z GOPROXY="https://proxy.golang.org,direct" GOOS=linux GOARCH=amd64 LDFLAGS='-X github.com/alibaba/higress/v2/pkg/cmd/lversion.higressVersion=v2.2.4 -X github.com/alibaba/higress/v2/pkg/cmd/lversion.gitCommitID=a42482341eb199b2c1553a560c81137ebad14441 -extldflags -static -s -w' tools/hack/gobuild.sh /home/runner/work/higress/higress/out/linux_amd64/ ./cmd/higress
higress-wasmplugin-test (RUST)	UNKNOWN STEP	2026-09-21T12:20:16.8931576Z 
higress-wasmplugin-test (RUST)	UNKNOWN STEP	2026-09-21T12:20:16.8932578Z istio.io/pkg/version.buildVersion=a42482341eb199b2c1553a560c81137ebad14441
higress-wasmplugin-test (RUST)	UNKNOWN STEP	2026-09-21T12:20:16.8933056Z 
higress-wasmplugin-test (RUST)	UNKNOWN STEP	2026-09-21T12:20:16.8933556Z istio.io/pkg/version.buildGitRevision=a42482341eb199b2c1553a560c81137ebad14441
higress-wasmplugin-test (RUST)	UNKNOWN STEP	2026-09-21T12:20:16.8935288Z 
higress-wasmplugin-test (RUST)	UNKNOWN STEP	2026-09-21T12:20:16.8935587Z istio.io/pkg/version.buildStatus=Clean
higress-wasmplugin-test (RUST)	UNKNOWN STEP	2026-09-21T12:20:16.8935761Z 
higress-wasmplugin-test (RUST)	UNKNOWN STEP	2026-09-21T12:20:16.8935862Z istio.io/pkg/version.buildTag=v2.2.4
higress-wasmplugin-test (RUST)	UNKNOWN STEP	2026-09-21T12:20:16.8936012Z 
higress-wasmplugin-test (RUST)	UNKNOWN STEP	2026-09-21T12:20:16.8936224Z istio.io/pkg/version.buildHub=higress-registry.cn-hangzhou.cr.aliyuncs.com/higress
higress-wasmplugin-test (RUST)	UNKNOWN STEP	2026-09-21T12:20:16.8936624Z ~/work/higress/higress ~/work/higress/higress
higress-wasmplugin-test (RUST)	UNKNOWN STEP	2026-09-21T12:22:50.7553779Z 
higress-wasmplugin-test (RUST)	UNKNOWN STEP	2026-09-21T12:22:50.7554386Z real	2m33.862s
higress-wasmplugin-test (RUST)	UNKNOWN STEP	2026-09-21T12:22:50.7554780Z user	7m54.010s
higress-wasmplugin-test (RUST)	UNKNOWN STEP	2026-09-21T12:22:50.7555171Z sys	1m20.550s
higress-wasmplugin-test (RUST)	UNKNOWN STEP	2026-09-21T12:22:50.7555586Z ~/work/higress/higress
higress-wasmplugin-test (RUST)	UNKNOWN STEP	2026-09-21T12:22:50.7594679Z GOPROXY="https://proxy.golang.org,direct" GOOS=linux GOARCH=amd64 LDFLAGS='-X github.com/alibaba/higress/v2/pkg/cmd/lversion.higressVersion=v2.2.4 -X github.com/alibaba/higress/v2/pkg/cmd/lversion.gitCommitID=a42482341eb199b2c1553a560c81137ebad14441 -extldflags -static -s -w' tools/hack/gobuild.sh ./out/linux_amd64/ ./cmd/higress
higress-wasmplugin-test (RUST)	UNKNOWN STEP	2026-09-21T12:22:50.9820972Z 
higress-wasmplugin-test (RUST)	UNKNOWN STEP	2026-09-21T12:22:50.9821489Z istio.io/pkg/version.buildVersion=a42482341eb199b2c1553a560c81137ebad14441
higress-wasmplugin-test (RUST)	UNKNOWN STEP	2026-09-21T12:22:50.9821781Z 
higress-wasmplugin-test (RUST)	UNKNOWN STEP	2026-09-21T12:22:50.9821971Z istio.io/pkg/version.buildGitRevision=a42482341eb199b2c1553a560c81137ebad14441
higress-wasmplugin-test (RUST)	UNKNOWN STEP	2026-09-21T12:22:50.9822225Z 
higress-wasmplugin-test (RUST)	UNKNOWN STEP	2026-09-21T12:22:50.9822641Z istio.io/pkg/version.buildStatus=Clean
higress-wasmplugin-test (RUST)	UNKNOWN STEP	2026-09-21T12:22:50.9822800Z 
higress-wasmplugin-test (RUST)	UNKNOWN STEP	2026-09-21T12:22:50.9822896Z istio.io/pkg/version.buildTag=v2.2.4
higress-wasmplugin-test (RUST)	UNKNOWN STEP	2026-09-21T12:22:50.9823042Z 
higress-wasmplugin-test (RUST)	UNKNOWN STEP	2026-09-21T12:22:50.9823411Z istio.io/pkg/version.buildHub=higress-registry.cn-hangzhou.cr.aliyuncs.com/higress
higress-wasmplugin-test (RUST)	UNKNOWN STEP	2026-09-21T12:22:50.9823781Z ~/work/higress/higress ~/work/higress/higress
higress-wasmplugin-test (RUST)	UNKNOWN STEP	2026-09-21T12:22:51.5986781Z 
higress-wasmplugin-test (RUST)	UNKNOWN STEP	2026-09-21T12:22:51.5987465Z real	0m0.616s
higress-wasmplugin-test (RUST)	UNKNOWN STEP	2026-09-21T12:22:51.5987791Z user	0m0.938s
higress-wasmplugin-test (RUST)	UNKNOWN STEP	2026-09-21T12:22:51.5988042Z sys	0m0.574s
higress-wasmplugin-test (RUST)	UNKNOWN STEP	2026-09-21T12:22:51.5988318Z ~/work/higress/higress
higress-wasmplugin-test (RUST)	UNKNOWN STEP	2026-09-21T12:22:51.6021723Z time (mkdir -p /home/runner/work/higress/higress/out/linux_amd64/docker_build/docker.higress && TARGET_ARCH=amd64 ./docker/docker-copy.sh docker/Dockerfile.higress /home/runner/work/higress/higress/out/linux_amd64/higress /home/runner/work/higress/higress/out/linux_amd64/docker_build/docker.higress && cd /home/runner/work/higress/higress/out/linux_amd64/docker_build/docker.higress  && docker build --build-arg BASE_VERSION=2023-07-20T20-50-43 --build-arg HUB=higress-registry.cn-hangzhou.cr.aliyuncs.com/higress --build-arg BASE_DISTRIBUTION= -t higress-registry.cn-hangzhou.cr.aliyuncs.com/higress/higress:a42482341eb199b2c1553a560c81137ebad14441 -f Dockerfile.higress . ); 
higress-wasmplugin-test (RUST)	UNKNOWN STEP	2026-09-21T12:22:51.7948159Z Dockerfile.higress
higress-wasmplugin-test (RUST)	UNKNOWN STEP	2026-09-21T12:22:51.7948481Z amd64
higress-wasmplugin-test (RUST)	UNKNOWN STEP	2026-09-21T12:22:52.1348907Z #0 building with "default" instance using docker driver
higress-wasmplugin-test (RUST)	UNKNOWN STEP	2026-09-21T12:22:52.1349160Z 
higress-wasmplugin-test (RUST)	UNKNOWN STEP	2026-09-21T12:22:52.1349310Z #1 [internal] load build definition from Dockerfile.higress
higress-wasmplugin-test (RUST)	UNKNOWN STEP	2026-09-21T12:22:52.1349601Z #1 transferring dockerfile: 688B done
higress-wasmplugin-test (RUST)	UNKNOWN STEP	2026-09-21T12:22:52.1349818Z #1 DONE 0.0s
higress-wasmplugin-test (RUST)	UNKNOWN STEP	2026-09-21T12:22:52.1349923Z 
higress-wasmplugin-test (RUST)	UNKNOWN STEP	2026-09-21T12:22:52.1350231Z #2 [internal] load metadata for higress-registry.cn-hangzhou.cr.aliyuncs.com/higress/base:2023-07-20T20-50-43-amd64
higress-wasmplugin-test (RUST)	UNKNOWN STEP	2026-09-21T12:23:01.6660767Z #2 DONE 9.7s
higress-wasmplugin-test (RUST)	UNKNOWN STEP	2026-09-21T12:23:01.7791551Z 
higress-wasmplugin-test (RUST)	UNKNOWN STEP	2026-09-21T12:23:01.7792267Z #3 [internal] load .dockerignore
higress-wasmplugin-test (RUST)	UNKNOWN STEP	2026-09-21T12:23:01.7792980Z #3 transferring context: 2B done
higress-wasmplugin-test (RUST)	UNKNOWN STEP	2026-09-21T12:23:01.7802746Z #3 DONE 0.0s
higress-wasmplugin-test (RUST)	UNKNOWN STEP	2026-09-21T12:23:01.7803142Z 
higress-wasmplugin-test (RUST)	UNKNOWN STEP	2026-09-21T12:23:01.7803955Z #4 [1/2] FROM higress-registry.cn-hangzhou.cr.aliyuncs.com/higress/base:2023-07-20T20-50-43-amd64@sha256:acab9dfbea20850ff641df718ae3c561d66c0b99f6144066ed314cd2ddfb6366
higress-wasmplugin-test (RUST)	UNKNOWN STEP	2026-09-21T12:23:01.7805529Z #4 resolve higress-registry.cn-hangzhou.cr.aliyuncs.com/higress/base:2023-07-20T20-50-43-amd64@sha256:acab9dfbea20850ff641df718ae3c561d66c0b99f6144066ed314cd2ddfb6366 done
higress-wasmplugin-test (RUST)	UNKNOWN STEP	2026-09-21T12:23:01.8793458Z #4 sha256:acab9dfbea20850ff641df718ae3c561d66c0b99f6144066ed314cd2ddfb6366 948B / 948B done
higress-wasmplugin-test (RUST)	UNKNOWN STEP	2026-09-21T12:23:01.8796267Z #4 sha256:4d11bff12ac70ce1c4a962fdeec912ee6a75fa2f179f0e80cd1463c3e7976429 2.78kB / 2.78kB done
higress-wasmplugin-test (RUST)	UNKNOWN STEP	2026-09-21T12:23:01.8797438Z #4 sha256:3153aa388d026c26a2235e1ed0163e350e451f41a8a313e1804d7e1afb857ab4 0B / 29.53MB 0.1s
higress-wasmplugin-test (RUST)	UNKNOWN STEP	2026-09-21T12:23:01.8799371Z #4 sha256:54caf5b3a5e2c7216eaee588e14f0315ef93c33856fc70b82e0b62f3fb2d2929 0B / 7.32MB 0.1s
higress-wasmplugin-test (RUST)	UNKNOWN STEP	2026-09-21T12:23:01.8800237Z #4 sha256:7b5da41100362b3241a917c0a4d9e62b54a1170b1fec76f93e336308e937ce9f 0B / 4.28kB 0.1s
higress-wasmplugin-test (RUST)	UNKNOWN STEP	2026-09-21T12:23:02.0868508Z #4 ...
higress-wasmplugin-test (RUST)	UNKNOWN STEP	2026-09-21T12:23:02.0868723Z 
higress-wasmplugin-test (RUST)	UNKNOWN STEP	2026-09-21T12:23:02.0868950Z #5 [internal] load build context
higress-wasmplugin-test (RUST)	UNKNOWN STEP	2026-09-21T12:23:02.0869340Z #5 transferring context: 119.22MB 0.3s done
higress-wasmplugin-test (RUST)	UNKNOWN STEP	2026-09-21T12:23:02.0869731Z #5 DONE 0.3s
higress-wasmplugin-test (RUST)	UNKNOWN STEP	2026-09-21T12:23:02.0869888Z 
higress-wasmplugin-test (RUST)	UNKNOWN STEP	2026-09-21T12:23:02.0870645Z #4 [1/2] FROM higress-registry.cn-hangzhou.cr.aliyuncs.com/higress/base:2023-07-20T20-50-43-amd64@sha256:acab9dfbea20850ff641df718ae3c561d66c0b99f6144066ed314cd2ddfb6366
higress-wasmplugin-test (RUST)	UNKNOWN STEP	2026-09-21T12:23:03.4863121Z #4 sha256:3153aa388d026c26a2235e1ed0163e350e451f41a8a313e1804d7e1afb857ab4 2.10MB / 29.53MB 1.8s
higress-wasmplugin-test (RUST)	UNKNOWN STEP	2026-09-21T12:23:03.6866801Z #4 sha256:3153aa388d026c26a2235e1ed0163e350e451f41a8a313e1804d7e1afb857ab4 5.24MB / 29.53MB 2.0s
higress-wasmplugin-test (RUST)	UNKNOWN STEP	2026-09-21T12:23:03.8866847Z #4 sha256:3153aa388d026c26a2235e1ed0163e350e451f41a8a313e1804d7e1afb857ab4 8.39MB / 29.53MB 2.2s
higress-wasmplugin-test (RUST)	UNKNOWN STEP	2026-09-21T12:23:04.0867771Z #4 sha256:3153aa388d026c26a2235e1ed0163e350e451f41a8a313e1804d7e1afb857ab4 12.58MB / 29.53MB 2.4s
higress-wasmplugin-test (RUST)	UNKNOWN STEP	2026-09-21T12:23:04.2866918Z #4 sha256:3153aa388d026c26a2235e1ed0163e350e451f41a8a313e1804d7e1afb857ab4 16.78MB / 29.53MB 2.6s
higress-wasmplugin-test (RUST)	UNKNOWN STEP	2026-09-21T12:23:04.3869484Z #4 sha256:3153aa388d026c26a2235e1ed0163e350e451f41a8a313e1804d7e1afb857ab4 18.87MB / 29.53MB 2.7s
higress-wasmplugin-test (RUST)	UNKNOWN STEP	2026-09-21T12:23:04.5863224Z #4 sha256:3153aa388d026c26a2235e1ed0163e350e451f41a8a313e1804d7e1afb857ab4 22.02MB / 29.53MB 2.9s
higress-wasmplugin-test (RUST)	UNKNOWN STEP	2026-09-21T12:23:04.6865938Z #4 sha256:3153aa388d026c26a2235e1ed0163e350e451f41a8a313e1804d7e1afb857ab4 24.12MB / 29.53MB 3.0s
higress-wasmplugin-test (RUST)	UNKNOWN STEP	2026-09-21T12:23:04.6866519Z #4 sha256:7b5da41100362b3241a917c0a4d9e62b54a1170b1fec76f93e336308e937ce9f 4.28kB / 4.28kB 2.9s done
higress-wasmplugin-test (RUST)	UNKNOWN STEP	2026-09-21T12:23:04.8863836Z #4 sha256:3153aa388d026c26a2235e1ed0163e350e451f41a8a313e1804d7e1afb857ab4 28.31MB / 29.53MB 3.2s
higress-wasmplugin-test (RUST)	UNKNOWN STEP	2026-09-21T12:23:05.1808836Z #4 sha256:3153aa388d026c26a2235e1ed0163e350e451f41a8a313e1804d7e1afb857ab4 29.53MB / 29.53MB 3.4s done
higress-wasmplugin-test (RUST)	UNKNOWN STEP	2026-09-21T12:23:05.1809780Z #4 extracting sha256:3153aa388d026c26a2235e1ed0163e350e451f41a8a313e1804d7e1afb857ab4 0.1s
higress-wasmplugin-test (RUST)	UNKNOWN STEP	2026-09-21T12:23:05.2850586Z #4 sha256:54caf5b3a5e2c7216eaee588e14f0315ef93c33856fc70b82e0b62f3fb2d2929 1.05MB / 7.32MB 3.5s
higress-wasmplugin-test (RUST)	UNKNOWN STEP	2026-09-21T12:23:05.4863554Z #4 sha256:54caf5b3a5e2c7216eaee588e14f0315ef93c33856fc70b82e0b62f3fb2d2929 3.15MB / 7.32MB 3.8s
higress-wasmplugin-test (RUST)	UNKNOWN STEP	2026-09-21T12:23:05.5888001Z #4 sha256:54caf5b3a5e2c7216eaee588e14f0315ef93c33856fc70b82e0b62f3fb2d2929 4.19MB / 7.32MB 3.9s
higress-wasmplugin-test (RUST)	UNKNOWN STEP	2026-09-21T12:23:05.7341732Z #4 sha256:54caf5b3a5e2c7216eaee588e14f0315ef93c33856fc70b82e0b62f3fb2d2929 6.29MB / 7.32MB 4.0s
higress-wasmplugin-test (RUST)	UNKNOWN STEP	2026-09-21T12:23:05.9380806Z #4 sha256:54caf5b3a5e2c7216eaee588e14f0315ef93c33856fc70b82e0b62f3fb2d2929 7.32MB / 7.32MB 4.0s done
higress-wasmplugin-test (RUST)	UNKNOWN STEP	2026-09-21T12:23:05.9381766Z #4 extracting sha256:3153aa388d026c26a2235e1ed0163e350e451f41a8a313e1804d7e1afb857ab4 0.7s done
higress-wasmplugin-test (RUST)	UNKNOWN STEP	2026-09-21T12:23:05.9382673Z #4 extracting sha256:54caf5b3a5e2c7216eaee588e14f0315ef93c33856fc70b82e0b62f3fb2d2929 0.1s
higress-wasmplugin-test (RUST)	UNKNOWN STEP	2026-09-21T12:23:06.1911988Z #4 extracting sha256:54caf5b3a5e2c7216eaee588e14f0315ef93c33856fc70b82e0b62f3fb2d2929 0.2s done
higress-wasmplugin-test (RUST)	UNKNOWN STEP	2026-09-21T12:23:09.6628041Z #4 extracting sha256:7b5da41100362b3241a917c0a4d9e62b54a1170b1fec76f93e336308e937ce9f
higress-wasmplugin-test (RUST)	UNKNOWN STEP	2026-09-21T12:23:09.8329869Z #4 extracting sha256:7b5da41100362b3241a917c0a4d9e62b54a1170b1fec76f93e336308e937ce9f done
higress-wasmplugin-test (RUST)	UNKNOWN STEP	2026-09-21T12:23:09.8330276Z #4 DONE 8.0s
higress-wasmplugin-test (RUST)	UNKNOWN STEP	2026-09-21T12:23:09.8330410Z 
higress-wasmplugin-test (RUST)	UNKNOWN STEP	2026-09-21T12:23:09.8330540Z #6 [2/2] COPY amd64/higress /usr/local/bin/higress
higress-wasmplugin-test (RUST)	UNKNOWN STEP	2026-09-21T12:23:10.3589419Z #6 DONE 0.7s
higress-wasmplugin-test (RUST)	UNKNOWN STEP	2026-09-21T12:23:10.5110919Z 
higress-wasmplugin-test (RUST)	UNKNOWN STEP	2026-09-21T12:23:10.5111289Z #7 exporting to image
higress-wasmplugin-test (RUST)	UNKNOWN STEP	2026-09-21T12:23:10.5111678Z #7 exporting layers
higress-wasmplugin-test (RUST)	UNKNOWN STEP	2026-09-21T12:23:11.0046378Z #7 exporting layers 0.6s done
higress-wasmplugin-test (RUST)	UNKNOWN STEP	2026-09-21T12:23:11.0210588Z #7 writing image sha256:7d33afd2d7dbe9286722b4044674b46218d7df686a583dec82e4d74e1a3d69cb done
higress-wasmplugin-test (RUST)	UNKNOWN STEP	2026-09-21T12:23:11.0211639Z #7 naming to higress-registry.cn-hangzhou.cr.aliyuncs.com/higress/higress:a42482341eb199b2c1553a560c81137ebad14441 done
higress-wasmplugin-test (RUST)	UNKNOWN STEP	2026-09-21T12:23:11.0212335Z #7 DONE 0.6s
higress-wasmplugin-test (RUST)	UNKNOWN STEP	2026-09-21T12:23:11.0266053Z 
higress-wasmplugin-test (RUST)	UNKNOWN STEP	2026-09-21T12:23:11.0266231Z real	0m19.396s
higress-wasmplugin-test (RUST)	UNKNOWN STEP	2026-09-21T12:23:11.0266546Z user	0m0.319s
higress-wasmplugin-test (RUST)	UNKNOWN STEP	2026-09-21T12:23:11.0266804Z sys	0m0.349s
higress-wasmplugin-test (RUST)	UNKNOWN STEP	2026-09-21T12:23:11.0302701Z TARGET_ARCH=amd64 DOCKER_TARGETS='docker.pilot' IMG_URL='higress-registry.cn-hangzhou.cr.aliyuncs.com/higress/pilot:a42482341eb199b2c1553a560c81137ebad14441' ./tools/hack/build-istio-image.sh docker
higress-wasmplugin-test (RUST)	UNKNOWN STEP	2026-09-21T12:23:11.0648971Z IMG_URL=higress-registry.cn-hangzhou.cr.aliyuncs.com/higress/pilot:a42482341eb199b2c1553a560c81137ebad14441
higress-wasmplugin-test (RUST)	UNKNOWN STEP	2026-09-21T12:23:11.0649479Z HUB=higress-registry.cn-hangzhou.cr.aliyuncs.com/higress
higress-wasmplugin-test (RUST)	UNKNOWN STEP	2026-09-21T12:23:11.0649768Z TAG=a42482341eb199b2c1553a560c81137ebad14441
higress-wasmplugin-test (RUST)	UNKNOWN STEP	2026-09-21T12:23:11.0667805Z make[1]: Entering directory '/home/runner/work/higress/higress/external/istio'
higress-wasmplugin-test (RUST)	UNKNOWN STEP	2026-09-21T12:23:11.1530323Z Unable to find image 'higress-registry.cn-hangzhou.cr.aliyuncs.com/higress/build-tools:release-1.19-ef344298e65eeb2d9e2d07b87eb4e715c2def613' locally
higress-wasmplugin-test (RUST)	UNKNOWN STEP	2026-09-21T12:23:18.1693168Z release-1.19-ef344298e65eeb2d9e2d07b87eb4e715c2def613: Pulling from higress/build-tools
higress-wasmplugin-test (RUST)	UNKNOWN STEP	2026-09-21T12:23:21.9727621Z 9bd0e4bcc849: Pulling fs layer
higress-wasmplugin-test (RUST)	UNKNOWN STEP	2026-09-21T12:23:21.9728185Z dbbe22aac0fb: Pulling fs layer
higress-wasmplugin-test (RUST)	UNKNOWN STEP	2026-09-21T12:23:21.9728419Z 6eff59fed1b4: Pulling fs layer
higress-wasmplugin-test (RUST)	UNKNOWN STEP	2026-09-21T12:23:21.9728625Z ee8339ca80c4: Pulling fs layer
higress-wasmplugin-test (RUST)	UNKNOWN STEP	2026-09-21T12:23:21.9728812Z 45789ea04dec: Pulling fs layer
higress-wasmplugin-test (RUST)	UNKNOWN STEP	2026-09-21T12:23:21.9729170Z 6f832f3040af: Pulling fs layer
higress-wasmplugin-test (RUST)	UNKNOWN STEP	2026-09-21T12:23:21.9729361Z b85ab6d7258b: Pulling fs layer
higress-wasmplugin-test (RUST)	UNKNOWN STEP	2026-09-21T12:23:21.9729547Z 44121ad9d775: Pulling fs layer
higress-wasmplugin-test (RUST)	UNKNOWN STEP	2026-09-21T12:23:21.9731113Z 8f8de24e8289: Pulling fs layer
higress-wasmplugin-test (RUST)	UNKNOWN STEP	2026-09-21T12:23:21.9731342Z f3301e9fde16: Pulling fs layer
higress-wasmplugin-test (RUST)	UNKNOWN STEP	2026-09-21T12:23:21.9731543Z 7f4264031dda: Pulling fs layer
higress-wasmplugin-test (RUST)	UNKNOWN STEP	2026-09-21T12:23:21.9731748Z 65b5fe86026c: Pulling fs layer
higress-wasmplugin-test (RUST)	UNKNOWN STEP	2026-09-21T12:23:21.9731939Z 79fa08f43e6b: Pulling fs layer
higress-wasmplugin-test (RUST)	UNKNOWN STEP	2026-09-21T12:23:21.9732128Z aa75b754dc18: Pulling fs layer
higress-wasmplugin-test (RUST)	UNKNOWN STEP	2026-09-21T12:23:21.9732328Z ef60b6f59ee0: Pulling fs layer
higress-wasmplugin-test (RUST)	UNKNOWN STEP	2026-09-21T12:23:21.9732523Z 0bbba021f207: Pulling fs layer
higress-wasmplugin-test (RUST)	UNKNOWN STEP	2026-09-21T12:23:21.9732715Z c74424bf836e: Pulling fs layer
higress-wasmplugin-test (RUST)	UNKNOWN STEP	2026-09-21T12:23:21.9732896Z 45789ea04dec: Waiting
higress-wasmplugin-test (RUST)	UNKNOWN STEP	2026-09-21T12:23:21.9733074Z 6f832f3040af: Waiting
higress-wasmplugin-test (RUST)	UNKNOWN STEP	2026-09-21T12:23:21.9733238Z b85ab6d7258b: Waiting
higress-wasmplugin-test (RUST)	UNKNOWN STEP	2026-09-21T12:23:21.9733398Z 44121ad9d775: Waiting
higress-wasmplugin-test (RUST)	UNKNOWN STEP	2026-09-21T12:23:21.9733568Z 8f8de24e8289: Waiting
higress-wasmplugin-test (RUST)	UNKNOWN STEP	2026-09-21T12:23:21.9733743Z f3301e9fde16: Waiting
higress-wasmplugin-test (RUST)	UNKNOWN STEP	2026-09-21T12:23:21.9733907Z 7f4264031dda: Waiting
higress-wasmplugin-test (RUST)	UNKNOWN STEP	2026-09-21T12:23:21.9734070Z 65b5fe86026c: Waiting
higress-wasmplugin-test (RUST)	UNKNOWN STEP	2026-09-21T12:23:21.9734228Z 79fa08f43e6b: Waiting
higress-wasmplugin-test (RUST)	UNKNOWN STEP	2026-09-21T12:23:21.9734390Z aa75b754dc18: Waiting
higress-wasmplugin-test (RUST)	UNKNOWN STEP	2026-09-21T12:23:21.9734660Z ef60b6f59ee0: Waiting
higress-wasmplugin-test (RUST)	UNKNOWN STEP	2026-09-21T12:23:21.9734845Z 0bbba021f207: Waiting
higress-wasmplugin-test (RUST)	UNKNOWN STEP	2026-09-21T12:23:21.9735057Z c74424bf836e: Waiting
higress-wasmplugin-test (RUST)	UNKNOWN STEP	2026-09-21T12:23:21.9735228Z ee8339ca80c4: Waiting
higress-wasmplugin-test (RUST)	UNKNOWN STEP	2026-09-21T12:23:30.7119087Z 6eff59fed1b4: Verifying Checksum
higress-wasmplugin-test (RUST)	UNKNOWN STEP	2026-09-21T12:23:30.7119522Z 6eff59fed1b4: Download complete
higress-wasmplugin-test (RUST)	UNKNOWN STEP	2026-09-21T12:23:39.1489815Z ee8339ca80c4: Verifying Checksum
higress-wasmplugin-test (RUST)	UNKNOWN STEP	2026-09-21T12:23:39.1490188Z ee8339ca80c4: Download complete
higress-wasmplugin-test (RUST)	UNKNOWN STEP	2026-09-21T12:23:44.4703814Z 45789ea04dec: Verifying Checksum
higress-wasmplugin-test (RUST)	UNKNOWN STEP	2026-09-21T12:23:44.4704352Z 45789ea04dec: Download complete
higress-wasmplugin-test (RUST)	UNKNOWN STEP	2026-09-21T12:23:50.2081335Z 6f832f3040af: Verifying Checksum
higress-wasmplugin-test (RUST)	UNKNOWN STEP	2026-09-21T12:23:50.2081739Z 6f832f3040af: Download complete
higress-wasmplugin-test (RUST)	UNKNOWN STEP	2026-09-21T12:23:54.2050060Z dbbe22aac0fb: Verifying Checksum
higress-wasmplugin-test (RUST)	UNKNOWN STEP	2026-09-21T12:23:54.2050782Z dbbe22aac0fb: Download complete
higress-wasmplugin-test (RUST)	UNKNOWN STEP	2026-09-21T12:23:57.5087614Z b85ab6d7258b: Verifying Checksum
higress-wasmplugin-test (RUST)	UNKNOWN STEP	2026-09-21T12:23:57.5088021Z b85ab6d7258b: Download complete
higress-wasmplugin-test (RUST)	UNKNOWN STEP	2026-09-21T12:24:04.2744093Z 9bd0e4bcc849: Verifying Checksum
higress-wasmplugin-test (RUST)	UNKNOWN STEP	2026-09-21T12:24:04.2744656Z 9bd0e4bcc849: Download complete
higress-wasmplugin-test (RUST)	UNKNOWN STEP	2026-09-21T12:24:05.1759220Z 8f8de24e8289: Verifying Checksum
higress-wasmplugin-test (RUST)	UNKNOWN STEP	2026-09-21T12:24:05.1759928Z 8f8de24e8289: Download complete
higress-wasmplugin-test (RUST)	UNKNOWN STEP	2026-09-21T12:24:05.4046276Z 44121ad9d775: Verifying Checksum
higress-wasmplugin-test (RUST)	UNKNOWN STEP	2026-09-21T12:24:05.4047061Z 44121ad9d775: Download complete
higress-wasmplugin-test (RUST)	UNKNOWN STEP	2026-09-21T12:24:07.1578591Z 65b5fe86026c: Verifying Checksum
higress-wasmplugin-test (RUST)	UNKNOWN STEP	2026-09-21T12:24:07.1580398Z 65b5fe86026c: Download complete
higress-wasmplugin-test (RUST)	UNKNOWN STEP	2026-09-21T12:24:08.3180701Z 7f4264031dda: Verifying Checksum
higress-wasmplugin-test (RUST)	UNKNOWN STEP	2026-09-21T12:24:08.3183516Z 7f4264031dda: Download complete
higress-wasmplugin-test (RUST)	UNKNOWN STEP	2026-09-21T12:24:10.3073121Z f3301e9fde16: Verifying Checksum
higress-wasmplugin-test (RUST)	UNKNOWN STEP	2026-09-21T12:24:10.3073543Z f3301e9fde16: Download complete
higress-wasmplugin-test (RUST)	UNKNOWN STEP	2026-09-21T12:24:11.6266416Z aa75b754dc18: Verifying Checksum
higress-wasmplugin-test (RUST)	UNKNOWN STEP	2026-09-21T12:24:11.6268757Z aa75b754dc18: Download complete
higress-wasmplugin-test (RUST)	UNKNOWN STEP	2026-09-21T12:24:12.8932896Z 79fa08f43e6b: Verifying Checksum
higress-wasmplugin-test (RUST)	UNKNOWN STEP	2026-09-21T12:24:12.8933316Z 79fa08f43e6b: Download complete
higress-wasmplugin-test (RUST)	UNKNOWN STEP	2026-09-21T12:24:15.8392868Z 9bd0e4bcc849: Pull complete
higress-wasmplugin-test (RUST)	UNKNOWN STEP	2026-09-21T12:24:16.7524331Z ef60b6f59ee0: Verifying Checksum
higress-wasmplugin-test (RUST)	UNKNOWN STEP	2026-09-21T12:24:16.7524999Z ef60b6f59ee0: Download complete
higress-wasmplugin-test (RUST)	UNKNOWN STEP	2026-09-21T12:24:16.8159702Z 0bbba021f207: Verifying Checksum
higress-wasmplugin-test (RUST)	UNKNOWN STEP	2026-09-21T12:24:16.8160713Z 0bbba021f207: Download complete
higress-wasmplugin-test (RUST)	UNKNOWN STEP	2026-09-21T12:24:18.3354852Z c74424bf836e: Verifying Checksum
higress-wasmplugin-test (RUST)	UNKNOWN STEP	2026-09-21T12:24:18.3355142Z c74424bf836e: Download complete
higress-wasmplugin-test (RUST)	UNKNOWN STEP	2026-09-21T12:24:36.7489922Z dbbe22aac0fb: Pull complete
higress-wasmplugin-test (RUST)	UNKNOWN STEP	2026-09-21T12:24:41.1023994Z 6eff59fed1b4: Pull complete
higress-wasmplugin-test (RUST)	UNKNOWN STEP	2026-09-21T12:24:41.9475135Z ee8339ca80c4: Pull complete
higress-wasmplugin-test (RUST)	UNKNOWN STEP	2026-09-21T12:24:47.8068457Z 45789ea04dec: Pull complete
higress-wasmplugin-test (RUST)	UNKNOWN STEP	2026-09-21T12:24:48.3902609Z 6f832f3040af: Pull complete
higress-wasmplugin-test (RUST)	UNKNOWN STEP	2026-09-21T12:24:49.3459734Z b85ab6d7258b: Pull complete
higress-wasmplugin-test (RUST)	UNKNOWN STEP	2026-09-21T12:24:53.9771496Z 44121ad9d775: Pull complete
higress-wasmplugin-test (RUST)	UNKNOWN STEP	2026-09-21T12:24:53.9891981Z 8f8de24e8289: Pull complete
higress-wasmplugin-test (RUST)	UNKNOWN STEP	2026-09-21T12:24:56.4344135Z f3301e9fde16: Pull complete
higress-wasmplugin-test (RUST)	UNKNOWN STEP	2026-09-21T12:24:56.4452632Z 7f4264031dda: Pull complete
higress-wasmplugin-test (RUST)	UNKNOWN STEP	2026-09-21T12:24:56.5204061Z 65b5fe86026c: Pull complete
higress-wasmplugin-test (RUST)	UNKNOWN STEP	2026-09-21T12:24:57.6032233Z 79fa08f43e6b: Pull complete
higress-wasmplugin-test (RUST)	UNKNOWN STEP	2026-09-21T12:24:57.7148518Z aa75b754dc18: Pull complete
higress-wasmplugin-test (RUST)	UNKNOWN STEP	2026-09-21T12:24:57.7250833Z ef60b6f59ee0: Pull complete
higress-wasmplugin-test (RUST)	UNKNOWN STEP	2026-09-21T12:24:57.7416950Z 0bbba021f207: Pull complete
higress-wasmplugin-test (RUST)	UNKNOWN STEP	2026-09-21T12:24:57.7527931Z c74424bf836e: Pull complete
higress-wasmplugin-test (RUST)	UNKNOWN STEP	2026-09-21T12:24:57.8095062Z Digest: sha256:cea58a7535da6a0fdccb1953fba5018b7a0a835d6901a65f5c2efed010d843e2
higress-wasmplugin-test (RUST)	UNKNOWN STEP	2026-09-21T12:24:57.8108902Z Status: Downloaded newer image for higress-registry.cn-hangzhou.cr.aliyuncs.com/higress/build-tools:release-1.19-ef344298e65eeb2d9e2d07b87eb4e715c2def613
higress-wasmplugin-test (RUST)	UNKNOWN STEP	2026-09-21T12:24:58.1229197Z fatal: detected dubious ownership in repository at '/work'
higress-wasmplugin-test (RUST)	UNKNOWN STEP	2026-09-21T12:24:58.1229882Z To add an exception for this directory, call:
higress-wasmplugin-test (RUST)	UNKNOWN STEP	2026-09-21T12:24:58.1230155Z 
higress-wasmplugin-test (RUST)	UNKNOWN STEP	2026-09-21T12:24:58.1230361Z 	git config --global --add safe.directory /work
higress-wasmplugin-test (RUST)	UNKNOWN STEP	2026-09-21T12:24:58.2227349Z ./tools/docker
higress-wasmplugin-test (RUST)	UNKNOWN STEP	2026-09-21T12:24:58.3062369Z fatal: detected dubious ownership in repository at '/work'
higress-wasmplugin-test (RUST)	UNKNOWN STEP	2026-09-21T12:24:58.3062917Z To add an exception for this directory, call:
higress-wasmplugin-test (RUST)	UNKNOWN STEP	2026-09-21T12:24:58.3063202Z 
higress-wasmplugin-test (RUST)	UNKNOWN STEP	2026-09-21T12:24:58.3063932Z 	git config --global --add safe.directory /work
higress-wasmplugin-test (RUST)	UNKNOWN STEP	2026-09-21T12:24:58.3074878Z fatal: detected dubious ownership in repository at '/work'
higress-wasmplugin-test (RUST)	UNKNOWN STEP	2026-09-21T12:24:58.3075394Z To add an exception for this directory, call:
higress-wasmplugin-test (RUST)	UNKNOWN STEP	2026-09-21T12:24:58.3075668Z 
higress-wasmplugin-test (RUST)	UNKNOWN STEP	2026-09-21T12:24:58.3075873Z 	git config --global --add safe.directory /work
higress-wasmplugin-test (RUST)	UNKNOWN STEP	2026-09-21T12:24:58.3115936Z go: downloading go1.26.0 (linux/amd64)
higress-wasmplugin-test (RUST)	UNKNOWN STEP	2026-09-21T12:25:01.8634260Z go: downloading github.com/spf13/cobra v1.10.2
higress-wasmplugin-test (RUST)	UNKNOWN STEP	2026-09-21T12:25:01.8634647Z go: downloading golang.org/x/sync v0.20.0
higress-wasmplugin-test (RUST)	UNKNOWN STEP	2026-09-21T12:25:01.8722110Z go: downloading sigs.k8s.io/yaml v1.6.0
higress-wasmplugin-test (RUST)	UNKNOWN STEP	2026-09-21T12:25:01.8872997Z go: downloading github.com/go-logr/logr v1.4.3
higress-wasmplugin-test (RUST)	UNKNOWN STEP	2026-09-21T12:25:01.9569576Z go: downloading github.com/spf13/pflag v1.0.10
higress-wasmplugin-test (RUST)	UNKNOWN STEP	2026-09-21T12:25:01.9593783Z go: downloading go.uber.org/zap v1.28.0
higress-wasmplugin-test (RUST)	UNKNOWN STEP	2026-09-21T12:25:02.0087349Z go: downloading google.golang.org/grpc v1.64.0
higress-wasmplugin-test (RUST)	UNKNOWN STEP	2026-09-21T12:25:02.0087901Z go: downloading gopkg.in/natefinch/lumberjack.v2 v2.2.1
higress-wasmplugin-test (RUST)	UNKNOWN STEP	2026-09-21T12:25:02.0088347Z go: downloading k8s.io/klog/v2 v2.140.0
higress-wasmplugin-test (RUST)	UNKNOWN STEP	2026-09-21T12:25:02.0137540Z go: downloading go.opentelemetry.io/otel v1.41.0
higress-wasmplugin-test (RUST)	UNKNOWN STEP	2026-09-21T12:25:02.0493254Z go: downloading go.opentelemetry.io/otel/exporters/otlp/otlptrace v1.40.0
higress-wasmplugin-test (RUST)	UNKNOWN STEP	2026-09-21T12:25:02.0557663Z go: downloading go.opentelemetry.io/otel/exporters/otlp/otlptrace/otlptracegrpc v1.40.0
higress-wasmplugin-test (RUST)	UNKNOWN STEP	2026-09-21T12:25:02.2671750Z go: downloading go.opentelemetry.io/otel/exporters/otlp/otlptrace/otlptracehttp v1.38.0
higress-wasmplugin-test (RUST)	UNKNOWN STEP	2026-09-21T12:25:02.2859330Z go: downloading go.opentelemetry.io/otel/sdk v1.40.0
higress-wasmplugin-test (RUST)	UNKNOWN STEP	2026-09-21T12:25:02.2866875Z go: downloading go.opentelemetry.io/otel/trace v1.41.0
higress-wasmplugin-test (RUST)	UNKNOWN STEP	2026-09-21T12:25:02.2929715Z go: downloading github.com/google/go-containerregistry v0.20.3
higress-wasmplugin-test (RUST)	UNKNOWN STEP	2026-09-21T12:25:02.4150553Z go: downloading github.com/moby/buildkit v0.21.1
higress-wasmplugin-test (RUST)	UNKNOWN STEP	2026-09-21T12:25:02.4208401Z go: downloading go.yaml.in/yaml/v2 v2.4.4
higress-wasmplugin-test (RUST)	UNKNOWN STEP	2026-09-21T12:25:02.4221596Z go: downloading go.uber.org/multierr v1.11.0
higress-wasmplugin-test (RUST)	UNKNOWN STEP	2026-09-21T12:25:02.4505994Z go: downloading go.opentelemetry.io/otel/metric v1.41.0
higress-wasmplugin-test (RUST)	UNKNOWN STEP	2026-09-21T12:25:02.4527282Z go: downloading go.opentelemetry.io/proto/otlp v1.9.0
higress-wasmplugin-test (RUST)	UNKNOWN STEP	2026-09-21T12:25:02.4803209Z go: downloading google.golang.org/genproto/googleapis/rpc v0.0.0-20260427160629-7cedc36a6bc4
higress-wasmplugin-test (RUST)	UNKNOWN STEP	2026-09-21T12:25:02.4804935Z go: downloading google.golang.org/protobuf v1.36.12-0.20260120151049-f2248ac996af
higress-wasmplugin-test (RUST)	UNKNOWN STEP	2026-09-21T12:25:02.4946142Z go: downloading google.golang.org/genproto v0.0.0-20250603155806-513f23925822
higress-wasmplugin-test (RUST)	UNKNOWN STEP	2026-09-21T12:25:02.7899786Z go: downloading github.com/google/uuid v1.6.0
higress-wasmplugin-test (RUST)	UNKNOWN STEP	2026-09-21T12:25:02.8179639Z go: downloading golang.org/x/sys v0.45.0
higress-wasmplugin-test (RUST)	UNKNOWN STEP	2026-09-21T12:25:02.8558428Z go: downloading github.com/docker/cli v28.1.1+incompatible
higress-wasmplugin-test (RUST)	UNKNOWN STEP	2026-09-21T12:25:03.1068812Z go: downloading github.com/mitchellh/go-homedir v1.1.0
higress-wasmplugin-test (RUST)	UNKNOWN STEP	2026-09-21T12:25:03.1079000Z go: downloading github.com/opencontainers/go-digest v1.0.0
higress-wasmplugin-test (RUST)	UNKNOWN STEP	2026-09-21T12:25:03.1084271Z go: downloading github.com/docker/distribution v2.8.3+incompatible
higress-wasmplugin-test (RUST)	UNKNOWN STEP	2026-09-21T12:25:03.1084715Z go: downloading github.com/containerd/stargz-snapshotter/estargz v0.16.3
higress-wasmplugin-test (RUST)	UNKNOWN STEP	2026-09-21T12:25:03.1287697Z go: downloading github.com/prometheus/client_golang v1.23.2
higress-wasmplugin-test (RUST)	UNKNOWN STEP	2026-09-21T12:25:03.1357844Z go: downloading go.opentelemetry.io/otel/exporters/prometheus v0.57.0
higress-wasmplugin-test (RUST)	UNKNOWN STEP	2026-09-21T12:25:03.1638135Z go: downloading go.opentelemetry.io/otel/sdk/metric v1.40.0
higress-wasmplugin-test (RUST)	UNKNOWN STEP	2026-09-21T12:25:03.2084936Z go: downloading github.com/go-logr/stdr v1.2.2
higress-wasmplugin-test (RUST)	UNKNOWN STEP	2026-09-21T12:25:03.2085436Z go: downloading go.opentelemetry.io/auto/sdk v1.2.1
higress-wasmplugin-test (RUST)	UNKNOWN STEP	2026-09-21T12:25:03.2085849Z go: downloading github.com/cenkalti/backoff/v5 v5.0.3
higress-wasmplugin-test (RUST)	UNKNOWN STEP	2026-09-21T12:25:03.2091706Z go: downloading github.com/grpc-ecosystem/grpc-gateway/v2 v2.27.7
higress-wasmplugin-test (RUST)	UNKNOWN STEP	2026-09-21T12:25:03.2335075Z go: downloading golang.org/x/net v0.55.0
higress-wasmplugin-test (RUST)	UNKNOWN STEP	2026-09-21T12:25:03.2388400Z go: downloading github.com/pkg/errors v0.9.1
higress-wasmplugin-test (RUST)	UNKNOWN STEP	2026-09-21T12:25:03.2639105Z go: downloading github.com/sirupsen/logrus v1.9.3
higress-wasmplugin-test (RUST)	UNKNOWN STEP	2026-09-21T12:25:03.3010660Z go: downloading github.com/opencontainers/image-spec v1.1.1
higress-wasmplugin-test (RUST)	UNKNOWN STEP	2026-09-21T12:25:03.3468131Z go: downloading github.com/klauspost/compress v1.18.0
higress-wasmplugin-test (RUST)	UNKNOWN STEP	2026-09-21T12:25:03.3468723Z go: downloading github.com/vbatts/tar-split v0.12.1
higress-wasmplugin-test (RUST)	UNKNOWN STEP	2026-09-21T12:25:03.3469269Z go: downloading github.com/prometheus/client_model v0.6.2
higress-wasmplugin-test (RUST)	UNKNOWN STEP	2026-09-21T12:25:03.3876607Z go: downloading github.com/prometheus/common v0.67.5
higress-wasmplugin-test (RUST)	UNKNOWN STEP	2026-09-21T12:25:03.4035980Z go: downloading github.com/beorn7/perks v1.0.1
higress-wasmplugin-test (RUST)	UNKNOWN STEP	2026-09-21T12:25:03.4090838Z go: downloading github.com/cespare/xxhash/v2 v2.3.0
higress-wasmplugin-test (RUST)	UNKNOWN STEP	2026-09-21T12:25:03.4386140Z go: downloading github.com/prometheus/procfs v0.20.1
higress-wasmplugin-test (RUST)	UNKNOWN STEP	2026-09-21T12:25:03.4782171Z go: downloading github.com/containerd/typeurl/v2 v2.2.3
higress-wasmplugin-test (RUST)	UNKNOWN STEP	2026-09-21T12:25:03.4784781Z go: downloading github.com/planetscale/vtprotobuf v0.6.1-0.20240409071808-615f978279ca
higress-wasmplugin-test (RUST)	UNKNOWN STEP	2026-09-21T12:25:03.5170499Z go: downloading github.com/docker/docker-credential-helpers v0.9.3
higress-wasmplugin-test (RUST)	UNKNOWN STEP	2026-09-21T12:25:03.5405036Z go: downloading google.golang.org/genproto/googleapis/api v0.0.0-20260128011058-8636f8732409
higress-wasmplugin-test (RUST)	UNKNOWN STEP	2026-09-21T12:25:03.5468202Z go: downloading github.com/munnerz/goautoneg v0.0.0-20191010083416-a7dc8b61c822
higress-wasmplugin-test (RUST)	UNKNOWN STEP	2026-09-21T12:25:03.5497582Z go: downloading github.com/gogo/protobuf v1.3.2
higress-wasmplugin-test (RUST)	UNKNOWN STEP	2026-09-21T12:25:03.5708439Z go: downloading golang.org/x/text v0.37.0
higress-wasmplugin-test (RUST)	UNKNOWN STEP	2026-09-21T12:25:25.9249531Z 
higress-wasmplugin-test (RUST)	UNKNOWN STEP	2026-09-21T12:25:25.9252617Z real	0m27.616s
higress-wasmplugin-test (RUST)	UNKNOWN STEP	2026-09-21T12:25:25.9253290Z user	1m9.858s
higress-wasmplugin-test (RUST)	UNKNOWN STEP	2026-09-21T12:25:25.9253699Z sys	0m13.875s
higress-wasmplugin-test (RUST)	UNKNOWN STEP	2026-09-21T12:25:25.9371487Z 2026-09-21T12:25:25.936808Z	info	Args: Push:              false
higress-wasmplugin-test (RUST)	UNKNOWN STEP	2026-09-21T12:25:25.9372134Z Save:              false
higress-wasmplugin-test (RUST)	UNKNOWN STEP	2026-09-21T12:25:25.9372482Z NoClobber:         false
higress-wasmplugin-test (RUST)	UNKNOWN STEP	2026-09-21T12:25:25.9372789Z NoCache:           false
higress-wasmplugin-test (RUST)	UNKNOWN STEP	2026-09-21T12:25:25.9373085Z Targets:           [pilot]
higress-wasmplugin-test (RUST)	UNKNOWN STEP	2026-09-21T12:25:25.9373420Z Variants:          [default]
higress-wasmplugin-test (RUST)	UNKNOWN STEP	2026-09-21T12:25:25.9373744Z Architectures:     [linux/amd64]
higress-wasmplugin-test (RUST)	UNKNOWN STEP	2026-09-21T12:25:25.9374084Z BaseVersion:       2023-07-20T20-50-43
higress-wasmplugin-test (RUST)	UNKNOWN STEP	2026-09-21T12:25:25.9374611Z BaseImageRegistry: higress-registry.cn-hangzhou.cr.aliyuncs.com/higress
higress-wasmplugin-test (RUST)	UNKNOWN STEP	2026-09-21T12:25:25.9375206Z ProxyVersion:      1a53bf14a57976dd0f509752b748caf3b1125d54
higress-wasmplugin-test (RUST)	UNKNOWN STEP	2026-09-21T12:25:25.9375667Z ZtunnelVersion:    75376478762decb918ea884603b2852b1568b015
higress-wasmplugin-test (RUST)	UNKNOWN STEP	2026-09-21T12:25:25.9376070Z IstioVersion:      1.27-dev
higress-wasmplugin-test (RUST)	UNKNOWN STEP	2026-09-21T12:25:25.9376445Z Tags:              [a42482341eb199b2c1553a560c81137ebad14441]
higress-wasmplugin-test (RUST)	UNKNOWN STEP	2026-09-21T12:25:25.9376939Z Hubs:              [higress-registry.cn-hangzhou.cr.aliyuncs.com/higress]
higress-wasmplugin-test (RUST)	UNKNOWN STEP	2026-09-21T12:25:25.9377544Z Builder:           docker
higress-wasmplugin-test (RUST)	UNKNOWN STEP	2026-09-21T12:25:25.9377716Z 
higress-wasmplugin-test (RUST)	UNKNOWN STEP	2026-09-21T12:25:25.9378333Z 2026-09-21T12:25:25.937398Z	info	building for architectures: [linux/amd64]
higress-wasmplugin-test (RUST)	UNKNOWN STEP	2026-09-21T12:25:25.9385452Z 2026-09-21T12:25:25.937620Z	info	Running make for linux/amd64: pilot-discovery init
higress-wasmplugin-test (RUST)	UNKNOWN STEP	2026-09-21T12:25:25.9386768Z 2026-09-21T12:25:25.937692Z	info	env: [TARGET_OUT_LINUX=/work/out/linux_amd64 TARGET_OS=linux TARGET_ARCH=amd64 TARGET_OUT=/work/out/linux_amd64]
higress-wasmplugin-test (RUST)	UNKNOWN STEP	2026-09-21T12:25:25.9748633Z fatal: detected dubious ownership in repository at '/work'
higress-wasmplugin-test (RUST)	UNKNOWN STEP	2026-09-21T12:25:25.9749159Z To add an exception for this directory, call:
higress-wasmplugin-test (RUST)	UNKNOWN STEP	2026-09-21T12:25:25.9749425Z 
higress-wasmplugin-test (RUST)	UNKNOWN STEP	2026-09-21T12:25:25.9749635Z 	git config --global --add safe.directory /work
higress-wasmplugin-test (RUST)	UNKNOWN STEP	2026-09-21T12:25:26.0740366Z GOOS=linux GOARCH=amd64 LDFLAGS='-X github.com/alibaba/higress/v2/pkg/cmd/lversion.higressVersion=v2.2.4 -X github.com/alibaba/higress/v2/pkg/cmd/lversion.gitCommitID=a42482341eb199b2c1553a560c81137ebad14441 -extldflags -static -s -w' common/scripts/gobuild.sh /work/out/linux_amd64/ -tags=vtprotobuf,disable_pgv ./pilot/cmd/pilot-discovery
higress-wasmplugin-test (RUST)	UNKNOWN STEP	2026-09-21T12:25:26.0948959Z fatal: detected dubious ownership in repository at '/work'
higress-wasmplugin-test (RUST)	UNKNOWN STEP	2026-09-21T12:25:26.0949484Z To add an exception for this directory, call:
higress-wasmplugin-test (RUST)	UNKNOWN STEP	2026-09-21T12:25:26.0949803Z 
higress-wasmplugin-test (RUST)	UNKNOWN STEP	2026-09-21T12:25:26.0950013Z 	git config --global --add safe.directory /work
higress-wasmplugin-test (RUST)	UNKNOWN STEP	2026-09-21T12:25:26.0964657Z fatal: detected dubious ownership in repository at '/work'
higress-wasmplugin-test (RUST)	UNKNOWN STEP	2026-09-21T12:25:26.0965179Z To add an exception for this directory, call:
higress-wasmplugin-test (RUST)	UNKNOWN STEP	2026-09-21T12:25:26.0965446Z 
higress-wasmplugin-test (RUST)	UNKNOWN STEP	2026-09-21T12:25:26.0965596Z 	git config --global --add safe.directory /work
higress-wasmplugin-test (RUST)	UNKNOWN STEP	2026-09-21T12:25:26.1615904Z go: downloading go.uber.org/atomic v1.11.0
higress-wasmplugin-test (RUST)	UNKNOWN STEP	2026-09-21T12:25:26.1617237Z go: downloading k8s.io/apimachinery v0.34.1
higress-wasmplugin-test (RUST)	UNKNOWN STEP	2026-09-21T12:25:26.1643317Z go: downloading github.com/fsnotify/fsnotify v1.9.0
higress-wasmplugin-test (RUST)	UNKNOWN STEP	2026-09-21T12:25:26.1646115Z go: downloading github.com/grpc-ecosystem/go-grpc-prometheus v1.2.0
higress-wasmplugin-test (RUST)	UNKNOWN STEP	2026-09-21T12:25:26.2797030Z go: downloading github.com/higress-group/api v0.0.0-20260211054508-efc0fe428ccc
higress-wasmplugin-test (RUST)	UNKNOWN STEP	2026-09-21T12:25:26.4386656Z go: downloading k8s.io/api v0.34.1
higress-wasmplugin-test (RUST)	UNKNOWN STEP	2026-09-21T12:25:26.4387316Z go: downloading k8s.io/client-go v0.34.1
higress-wasmplugin-test (RUST)	UNKNOWN STEP	2026-09-21T12:25:26.4387748Z go: downloading github.com/google/cel-go v0.26.0
higress-wasmplugin-test (RUST)	UNKNOWN STEP	2026-09-21T12:25:26.4390671Z go: downloading github.com/hashicorp/go-multierror v1.1.1
higress-wasmplugin-test (RUST)	UNKNOWN STEP	2026-09-21T12:25:26.4664799Z go: downloading github.com/lestrrat-go/jwx v1.2.31
higress-wasmplugin-test (RUST)	UNKNOWN STEP	2026-09-21T12:25:26.5486913Z go: downloading github.com/gorilla/mux v1.8.1
higress-wasmplugin-test (RUST)	UNKNOWN STEP	2026-09-21T12:25:26.5884923Z go: downloading github.com/cpuguy83/go-md2man/v2 v2.0.7
higress-wasmplugin-test (RUST)	UNKNOWN STEP	2026-09-21T12:25:26.5885936Z go: downloading go.yaml.in/yaml/v3 v3.0.4
higress-wasmplugin-test (RUST)	UNKNOWN STEP	2026-09-21T12:25:26.6130526Z go: downloading github.com/golang/protobuf v1.5.4
higress-wasmplugin-test (RUST)	UNKNOWN STEP	2026-09-21T12:25:26.6566304Z go: downloading golang.org/x/time v0.15.0
higress-wasmplugin-test (RUST)	UNKNOWN STEP	2026-09-21T12:25:26.6614566Z go: downloading github.com/evanphx/json-patch/v5 v5.9.11
higress-wasmplugin-test (RUST)	UNKNOWN STEP	2026-09-21T12:25:26.6790745Z go: downloading gomodules.xyz/jsonpatch/v2 v2.5.0
higress-wasmplugin-test (RUST)	UNKNOWN STEP	2026-09-21T12:25:26.6993086Z go: downloading github.com/higress-group/client-go v0.0.0-20251013085901-09ed8dc4e748
higress-wasmplugin-test (RUST)	UNKNOWN STEP	2026-09-21T12:25:26.9099629Z go: downloading k8s.io/apiextensions-apiserver v0.34.1
higress-wasmplugin-test (RUST)	UNKNOWN STEP	2026-09-21T12:25:26.9957071Z go: downloading sigs.k8s.io/gateway-api-inference-extension v1.1.0
higress-wasmplugin-test (RUST)	UNKNOWN STEP	2026-09-21T12:25:26.9957854Z go: downloading sigs.k8s.io/gateway-api v1.6.0
higress-wasmplugin-test (RUST)	UNKNOWN STEP	2026-09-21T12:25:27.2017326Z go: downloading github.com/grpc-ecosystem/go-grpc-middleware v1.4.0
higress-wasmplugin-test (RUST)	UNKNOWN STEP	2026-09-21T12:25:27.2025359Z go: downloading k8s.io/apiserver v0.34.1
higress-wasmplugin-test (RUST)	UNKNOWN STEP	2026-09-21T12:25:27.2076928Z go: downloading github.com/higress-group/go-control-plane/envoy v0.0.0-20260808035359-140755b06167
higress-wasmplugin-test (RUST)	UNKNOWN STEP	2026-09-21T12:25:27.9922250Z go: downloading github.com/higress-group/go-control-plane v0.0.0-20260808035359-140755b06167
higress-wasmplugin-test (RUST)	UNKNOWN STEP	2026-09-21T12:25:28.0359020Z go: downloading github.com/cncf/xds/go v0.0.0-20251110193048-8bfbf64dc13e
higress-wasmplugin-test (RUST)	UNKNOWN STEP	2026-09-21T12:25:28.0362537Z go: downloading github.com/google/go-cmp v0.7.0
higress-wasmplugin-test (RUST)	UNKNOWN STEP	2026-09-21T12:25:28.0370322Z go: downloading github.com/hashicorp/golang-lru/v2 v2.0.7
higress-wasmplugin-test (RUST)	UNKNOWN STEP	2026-09-21T12:25:28.0621663Z go: downloading github.com/miekg/dns v1.1.72
higress-wasmplugin-test (RUST)	UNKNOWN STEP	2026-09-21T12:25:28.0743147Z go: downloading github.com/yl2chen/cidranger v1.0.2
higress-wasmplugin-test (RUST)	UNKNOWN STEP	2026-09-21T12:25:28.0803492Z go: downloading sigs.k8s.io/mcs-api v0.1.1-0.20240624222831-d7001fe1d21c
higress-wasmplugin-test (RUST)	UNKNOWN STEP	2026-09-21T12:25:28.0826021Z go: downloading github.com/higress-group/go-control-plane/contrib v0.0.0-20260808035359-140755b06167
higress-wasmplugin-test (RUST)	UNKNOWN STEP	2026-09-21T12:25:28.1085863Z go: downloading github.com/Masterminds/sprig/v3 v3.3.0
higress-wasmplugin-test (RUST)	UNKNOWN STEP	2026-09-21T12:25:28.1536647Z go: downloading github.com/Masterminds/semver/v3 v3.4.0
higress-wasmplugin-test (RUST)	UNKNOWN STEP	2026-09-21T12:25:28.1540860Z go: downloading k8s.io/utils v0.0.0-20260319190234-28399d86e0b5
higress-wasmplugin-test (RUST)	UNKNOWN STEP	2026-09-21T12:25:28.1601960Z go: downloading github.com/hashicorp/go-version v1.7.0
higress-wasmplugin-test (RUST)	UNKNOWN STEP	2026-09-21T12:25:28.1608546Z go: downloading github.com/openshift/api v0.0.0-20250507150912-7318813e48da
higress-wasmplugin-test (RUST)	UNKNOWN STEP	2026-09-21T12:25:28.1831598Z go: downloading github.com/prometheus/prometheus v0.307.1
higress-wasmplugin-test (RUST)	UNKNOWN STEP	2026-09-21T12:25:28.2055744Z go: downloading github.com/grpc-ecosystem/go-grpc-middleware/v2 v2.3.3
higress-wasmplugin-test (RUST)	UNKNOWN STEP	2026-09-21T12:25:28.2427569Z go: downloading github.com/go-jose/go-jose/v4 v4.1.0
higress-wasmplugin-test (RUST)	UNKNOWN STEP	2026-09-21T12:25:28.3098292Z go: downloading github.com/alecholmes/xfccparser v0.4.0
higress-wasmplugin-test (RUST)	UNKNOWN STEP	2026-09-21T12:25:28.3316234Z go: downloading github.com/coreos/go-oidc/v3 v3.14.1
higress-wasmplugin-test (RUST)	UNKNOWN STEP	2026-09-21T12:25:28.3594020Z go: downloading sigs.k8s.io/randfill v1.0.0
higress-wasmplugin-test (RUST)	UNKNOWN STEP	2026-09-21T12:25:28.3864357Z go: downloading github.com/hashicorp/errwrap v1.1.0
higress-wasmplugin-test (RUST)	UNKNOWN STEP	2026-09-21T12:25:28.4103223Z go: downloading github.com/lestrrat-go/backoff/v2 v2.0.8
higress-wasmplugin-test (RUST)	UNKNOWN STEP	2026-09-21T12:25:28.4388132Z go: downloading github.com/lestrrat-go/blackmagic v1.0.3
higress-wasmplugin-test (RUST)	UNKNOWN STEP	2026-09-21T12:25:28.4607222Z go: downloading github.com/lestrrat-go/httpcc v1.0.1
higress-wasmplugin-test (RUST)	UNKNOWN STEP	2026-09-21T12:25:28.4843059Z go: downloading github.com/lestrrat-go/iter v1.0.2
higress-wasmplugin-test (RUST)	UNKNOWN STEP	2026-09-21T12:25:28.5090689Z go: downloading github.com/lestrrat-go/option v1.0.1
higress-wasmplugin-test (RUST)	UNKNOWN STEP	2026-09-21T12:25:28.5298136Z go: downloading cel.dev/expr v0.25.1
higress-wasmplugin-test (RUST)	UNKNOWN STEP	2026-09-21T12:25:28.5842832Z go: downloading github.com/russross/blackfriday/v2 v2.1.0
higress-wasmplugin-test (RUST)	UNKNOWN STEP	2026-09-21T12:25:28.6283162Z go: downloading sigs.k8s.io/json v0.0.0-20250730193827-2d320260d730
higress-wasmplugin-test (RUST)	UNKNOWN STEP	2026-09-21T12:25:28.6298604Z go: downloading sigs.k8s.io/structured-merge-diff/v6 v6.4.0
higress-wasmplugin-test (RUST)	UNKNOWN STEP	2026-09-21T12:25:28.6360347Z go: downloading golang.org/x/oauth2 v0.36.0
higress-wasmplugin-test (RUST)	UNKNOWN STEP	2026-09-21T12:25:28.6610207Z go: downloading k8s.io/kube-openapi v0.0.0-20260501160325-927ab1f70cd6
higress-wasmplugin-test (RUST)	UNKNOWN STEP	2026-09-21T12:25:28.6806456Z go: downloading github.com/envoyproxy/protoc-gen-validate v1.3.0
higress-wasmplugin-test (RUST)	UNKNOWN STEP	2026-09-21T12:25:28.6923706Z go: downloading github.com/cenkalti/backoff/v4 v4.3.0
higress-wasmplugin-test (RUST)	UNKNOWN STEP	2026-09-21T12:25:28.7180569Z go: downloading dario.cat/mergo v1.0.2
higress-wasmplugin-test (RUST)	UNKNOWN STEP	2026-09-21T12:25:28.7370764Z go: downloading github.com/Masterminds/goutils v1.1.1
higress-wasmplugin-test (RUST)	UNKNOWN STEP	2026-09-21T12:25:28.7486861Z go: downloading github.com/huandu/xstrings v1.5.0
higress-wasmplugin-test (RUST)	UNKNOWN STEP	2026-09-21T12:25:28.7628971Z go: downloading github.com/mitchellh/copystructure v1.2.0
higress-wasmplugin-test (RUST)	UNKNOWN STEP	2026-09-21T12:25:28.7772379Z go: downloading github.com/shopspring/decimal v1.4.0
higress-wasmplugin-test (RUST)	UNKNOWN STEP	2026-09-21T12:25:28.7883193Z go: downloading github.com/spf13/cast v1.8.0
higress-wasmplugin-test (RUST)	UNKNOWN STEP	2026-09-21T12:25:28.8045136Z go: downloading golang.org/x/crypto v0.51.0
higress-wasmplugin-test (RUST)	UNKNOWN STEP	2026-09-21T12:25:28.8531435Z go: downloading github.com/moby/spdystream v0.5.1
higress-wasmplugin-test (RUST)	UNKNOWN STEP	2026-09-21T12:25:28.8532151Z go: downloading github.com/google/gnostic-models v0.7.1
higress-wasmplugin-test (RUST)	UNKNOWN STEP	2026-09-21T12:25:28.8788190Z go: downloading github.com/gregjones/httpcache v0.0.0-20190611155906-901d90724c79
higress-wasmplugin-test (RUST)	UNKNOWN STEP	2026-09-21T12:25:28.8932428Z go: downloading github.com/peterbourgon/diskv v2.0.1+incompatible
higress-wasmplugin-test (RUST)	UNKNOWN STEP	2026-09-21T12:25:28.9025205Z go: downloading gopkg.in/evanphx/json-patch.v4 v4.13.0
higress-wasmplugin-test (RUST)	UNKNOWN STEP	2026-09-21T12:25:28.9192659Z go: downloading golang.org/x/term v0.43.0
higress-wasmplugin-test (RUST)	UNKNOWN STEP	2026-09-21T12:25:28.9325608Z go: downloading github.com/gorilla/websocket v1.5.4-0.20250319132907-e064f32e3674
higress-wasmplugin-test (RUST)	UNKNOWN STEP	2026-09-21T12:25:28.9458667Z go: downloading github.com/ryanuber/go-glob v1.0.0
higress-wasmplugin-test (RUST)	UNKNOWN STEP	2026-09-21T12:25:28.9466153Z go: downloading github.com/alecthomas/participle/v2 v2.1.4
higress-wasmplugin-test (RUST)	UNKNOWN STEP	2026-09-21T12:25:28.9619975Z go: downloading gopkg.in/inf.v0 v0.9.1
higress-wasmplugin-test (RUST)	UNKNOWN STEP	2026-09-21T12:25:28.9664653Z go: downloading github.com/stoewer/go-strcase v1.3.0
higress-wasmplugin-test (RUST)	UNKNOWN STEP	2026-09-21T12:25:28.9769351Z go: downloading github.com/antlr4-go/antlr/v4 v4.13.1
higress-wasmplugin-test (RUST)	UNKNOWN STEP	2026-09-21T12:25:28.9791606Z go: downloading github.com/grafana/regexp v0.0.0-20250905093917-f7b3be9d1853
higress-wasmplugin-test (RUST)	UNKNOWN STEP	2026-09-21T12:25:28.9842454Z go: downloading github.com/fxamacker/cbor/v2 v2.9.1
higress-wasmplugin-test (RUST)	UNKNOWN STEP	2026-09-21T12:25:28.9940696Z go: downloading github.com/davecgh/go-spew v1.1.2-0.20180830191138-d8f796af33cc
higress-wasmplugin-test (RUST)	UNKNOWN STEP	2026-09-21T12:25:29.0119690Z go: downloading github.com/json-iterator/go v1.1.12
higress-wasmplugin-test (RUST)	UNKNOWN STEP	2026-09-21T12:25:29.0190705Z go: downloading github.com/mitchellh/reflectwalk v1.0.2
higress-wasmplugin-test (RUST)	UNKNOWN STEP	2026-09-21T12:25:29.0227517Z go: downloading github.com/go-openapi/jsonreference v0.21.5
higress-wasmplugin-test (RUST)	UNKNOWN STEP	2026-09-21T12:25:29.0251882Z go: downloading github.com/go-openapi/swag v0.26.0
higress-wasmplugin-test (RUST)	UNKNOWN STEP	2026-09-21T12:25:29.0411175Z go: downloading github.com/tetratelabs/wazero v1.9.0
higress-wasmplugin-test (RUST)	UNKNOWN STEP	2026-09-21T12:25:29.0519276Z go: downloading github.com/mxk/go-flowrate v0.0.0-20140419014527-cca7078d478f
higress-wasmplugin-test (RUST)	UNKNOWN STEP	2026-09-21T12:25:29.0551135Z go: downloading github.com/google/btree v1.1.3
higress-wasmplugin-test (RUST)	UNKNOWN STEP	2026-09-21T12:25:29.0577966Z go: downloading github.com/pmezard/go-difflib v1.0.1-0.20181226105442-5d4384ee4fb2
higress-wasmplugin-test (RUST)	UNKNOWN STEP	2026-09-21T12:25:29.0754072Z go: downloading gopkg.in/yaml.v3 v3.0.1
higress-wasmplugin-test (RUST)	UNKNOWN STEP	2026-09-21T12:25:29.0893082Z go: downloading golang.org/x/exp v0.0.0-20230713183714-613f0c0eb8a1
higress-wasmplugin-test (RUST)	UNKNOWN STEP	2026-09-21T12:25:29.0939667Z go: downloading github.com/x448/float16 v0.8.4
higress-wasmplugin-test (RUST)	UNKNOWN STEP	2026-09-21T12:25:29.1083939Z go: downloading github.com/go-openapi/jsonpointer v0.23.1
higress-wasmplugin-test (RUST)	UNKNOWN STEP	2026-09-21T12:25:29.1197897Z go: downloading github.com/modern-go/concurrent v0.0.0-20180306012644-bacd9c7ef1dd
higress-wasmplugin-test (RUST)	UNKNOWN STEP	2026-09-21T12:25:29.1355431Z go: downloading github.com/modern-go/reflect2 v1.0.3-0.20250322232337-35a7c28c31ee
higress-wasmplugin-test (RUST)	UNKNOWN STEP	2026-09-21T12:25:29.1437872Z go: downloading github.com/go-openapi/swag/cmdutils v0.26.0
higress-wasmplugin-test (RUST)	UNKNOWN STEP	2026-09-21T12:25:29.1610362Z go: downloading github.com/go-openapi/swag/conv v0.26.0
higress-wasmplugin-test (RUST)	UNKNOWN STEP	2026-09-21T12:25:29.1619985Z go: downloading github.com/go-openapi/swag/fileutils v0.26.0
higress-wasmplugin-test (RUST)	UNKNOWN STEP	2026-09-21T12:25:29.1671828Z go: downloading github.com/go-openapi/swag/jsonname v0.26.0
higress-wasmplugin-test (RUST)	UNKNOWN STEP	2026-09-21T12:25:29.1909298Z go: downloading github.com/go-openapi/swag/jsonutils v0.26.0
higress-wasmplugin-test (RUST)	UNKNOWN STEP	2026-09-21T12:25:29.1909676Z go: downloading github.com/go-openapi/swag/loading v0.26.0
higress-wasmplugin-test (RUST)	UNKNOWN STEP	2026-09-21T12:25:29.1911817Z go: downloading github.com/go-openapi/swag/mangling v0.26.0
higress-wasmplugin-test (RUST)	UNKNOWN STEP	2026-09-21T12:25:29.2156002Z go: downloading github.com/go-openapi/swag/netutils v0.26.0
higress-wasmplugin-test (RUST)	UNKNOWN STEP	2026-09-21T12:25:29.2200028Z go: downloading github.com/go-openapi/swag/stringutils v0.26.0
higress-wasmplugin-test (RUST)	UNKNOWN STEP	2026-09-21T12:25:29.2207065Z go: downloading github.com/go-openapi/swag/typeutils v0.26.0
higress-wasmplugin-test (RUST)	UNKNOWN STEP	2026-09-21T12:25:29.2369330Z go: downloading github.com/go-openapi/swag/yamlutils v0.26.0
higress-wasmplugin-test (RUST)	UNKNOWN STEP	2026-09-21T12:25:29.2440288Z go: downloading cloud.google.com/go/compute/metadata v0.8.4
higress-wasmplugin-test (RUST)	UNKNOWN STEP	2026-09-21T12:25:29.2442538Z go: downloading github.com/emicklei/go-restful/v3 v3.13.0
higress-wasmplugin-test (RUST)	UNKNOWN STEP	2026-09-21T12:25:29.2628811Z go: downloading cloud.google.com/go v0.120.0
higress-wasmplugin-test (RUST)	UNKNOWN STEP	2026-09-21T12:27:21.0384171Z 
higress-wasmplugin-test (RUST)	UNKNOWN STEP	2026-09-21T12:27:21.0384725Z real	1m54.941s
higress-wasmplugin-test (RUST)	UNKNOWN STEP	2026-09-21T12:27:21.0385059Z user	5m43.905s
higress-wasmplugin-test (RUST)	UNKNOWN STEP	2026-09-21T12:27:21.0385327Z sys	0m56.613s
higress-wasmplugin-test (RUST)	UNKNOWN STEP	2026-09-21T12:27:21.0477647Z TARGET_OUT=/work/out/linux_amd64 ISTIO_BIN=/bin GOOS_LOCAL=linux bin/retry.sh SSL_ERROR_SYSCALL bin/init.sh
higress-wasmplugin-test (RUST)	UNKNOWN STEP	2026-09-21T12:27:21.0674436Z Skipping envoy debug. Set DEBUG_IMAGE to download.
higress-wasmplugin-test (RUST)	UNKNOWN STEP	2026-09-21T12:27:21.0715087Z /work/out/linux_amd64/release /work
higress-wasmplugin-test (RUST)	UNKNOWN STEP	2026-09-21T12:27:21.0716317Z Downloading envoy: https://github.com/higress-group/proxy/releases/download/v2.2.4-test-envoy-1.36.10/envoy-symbol-amd64.tar.gz to /work/out/linux_amd64/release/envoy-1a53bf14a57976dd0f509752b748caf3b1125d54
higress-wasmplugin-test (RUST)	UNKNOWN STEP	2026-09-21T12:27:25.9840512Z 
higress-wasmplugin-test (RUST)	UNKNOWN STEP	2026-09-21T12:27:25.9841258Z real	0m4.912s
higress-wasmplugin-test (RUST)	UNKNOWN STEP	2026-09-21T12:27:25.9841577Z user	0m3.448s
higress-wasmplugin-test (RUST)	UNKNOWN STEP	2026-09-21T12:27:25.9841829Z sys	0m1.522s
higress-wasmplugin-test (RUST)	UNKNOWN STEP	2026-09-21T12:27:25.9868941Z Copying /work/out/linux_amd64/release/envoy-1a53bf14a57976dd0f509752b748caf3b1125d54 to /work/out/linux_amd64/release/envoy
higress-wasmplugin-test (RUST)	UNKNOWN STEP	2026-09-21T12:27:26.5647656Z /work
higress-wasmplugin-test (RUST)	UNKNOWN STEP	2026-09-21T12:27:26.5648191Z Copying /work/out/linux_amd64/release/envoy-1a53bf14a57976dd0f509752b748caf3b1125d54 to /work/out/linux_amd64/envoy
higress-wasmplugin-test (RUST)	UNKNOWN STEP	2026-09-21T12:27:29.4090060Z touch /work/out/linux_amd64/istio_is_init
higress-wasmplugin-test (RUST)	UNKNOWN STEP	2026-09-21T12:27:29.4116397Z TARGET_OUT=/work/out/linux_amd64 bin/build_ztunnel.sh
higress-wasmplugin-test (RUST)	UNKNOWN STEP	2026-09-21T12:27:29.5139883Z /work/out/linux_amd64/release /work
higress-wasmplugin-test (RUST)	UNKNOWN STEP	2026-09-21T12:27:29.5140901Z Downloading ztunnel: https://storage.googleapis.com/istio-build/ztunnel/ztunnel-75376478762decb918ea884603b2852b1568b015-amd64 to /work/out/linux_amd64/release/ztunnel-75376478762decb918ea884603b2852b1568b015
higress-wasmplugin-test (RUST)	UNKNOWN STEP	2026-09-21T12:27:29.9626547Z 
higress-wasmplugin-test (RUST)	UNKNOWN STEP	2026-09-21T12:27:29.9626927Z real	0m0.449s
higress-wasmplugin-test (RUST)	UNKNOWN STEP	2026-09-21T12:27:29.9627309Z user	0m0.048s
higress-wasmplugin-test (RUST)	UNKNOWN STEP	2026-09-21T12:27:29.9627474Z sys	0m0.033s
higress-wasmplugin-test (RUST)	UNKNOWN STEP	2026-09-21T12:27:29.9654962Z Copying /work/out/linux_amd64/release/ztunnel-75376478762decb918ea884603b2852b1568b015 to /work/out/linux_amd64/release/ztunnel
higress-wasmplugin-test (RUST)	UNKNOWN STEP	2026-09-21T12:27:30.0204511Z /work
higress-wasmplugin-test (RUST)	UNKNOWN STEP	2026-09-21T12:27:30.0205255Z Copying '/work/out/linux_amd64/release/ztunnel-75376478762decb918ea884603b2852b1568b015' to /work/out/linux_amd64/ztunnel
higress-wasmplugin-test (RUST)	UNKNOWN STEP	2026-09-21T12:27:30.0793002Z 2026-09-21T12:27:30.078814Z	info	Running command: tools/docker-copy.sh pilot/docker/Dockerfile.pilot tools/packaging/common/envoy_bootstrap.json tools/packaging/common/higress-pilot-start.sh /work/out/linux_amd64/pilot-discovery /work/out/linux_amd64/dockerx_build/build.docker.pilot
higress-wasmplugin-test (RUST)	UNKNOWN STEP	2026-09-21T12:27:30.6046020Z 2026-09-21T12:27:30.603905Z	info	make complete	runtime=2m4.666284207s
higress-wasmplugin-test (RUST)	UNKNOWN STEP	2026-09-21T12:27:30.6046726Z 2026-09-21T12:27:30.604054Z	info	Running command: docker buildx bake -f /work/out/linux_amd64/dockerx_build/docker-bake.json all
higress-wasmplugin-test (RUST)	UNKNOWN STEP	2026-09-21T12:27:31.5281370Z #0 building with "default" instance using docker driver
higress-wasmplugin-test (RUST)	UNKNOWN STEP	2026-09-21T12:27:31.5281614Z 
higress-wasmplugin-test (RUST)	UNKNOWN STEP	2026-09-21T12:27:31.5281799Z #1 [internal] load build definition from Dockerfile.pilot
higress-wasmplugin-test (RUST)	UNKNOWN STEP	2026-09-21T12:27:31.9424827Z #1 transferring dockerfile: 998B done
higress-wasmplugin-test (RUST)	UNKNOWN STEP	2026-09-21T12:27:31.9425121Z #1 DONE 0.5s
higress-wasmplugin-test (RUST)	UNKNOWN STEP	2026-09-21T12:27:32.0931598Z 
higress-wasmplugin-test (RUST)	UNKNOWN STEP	2026-09-21T12:27:32.0932251Z #2 [internal] load metadata for higress-registry.cn-hangzhou.cr.aliyuncs.com/higress/base:2023-07-20T20-50-43
higress-wasmplugin-test (RUST)	UNKNOWN STEP	2026-09-21T12:27:37.3101052Z #2 DONE 5.4s
higress-wasmplugin-test (RUST)	UNKNOWN STEP	2026-09-21T12:27:37.4596855Z 
higress-wasmplugin-test (RUST)	UNKNOWN STEP	2026-09-21T12:27:37.4597435Z #3 [internal] load .dockerignore
higress-wasmplugin-test (RUST)	UNKNOWN STEP	2026-09-21T12:27:37.9105812Z #3 transferring context: 2B done
higress-wasmplugin-test (RUST)	UNKNOWN STEP	2026-09-21T12:27:37.9106202Z #3 DONE 0.5s
higress-wasmplugin-test (RUST)	UNKNOWN STEP	2026-09-21T12:27:37.9106314Z 
higress-wasmplugin-test (RUST)	UNKNOWN STEP	2026-09-21T12:27:37.9106403Z #4 [internal] load build context
higress-wasmplugin-test (RUST)	UNKNOWN STEP	2026-09-21T12:27:37.9106607Z #4 DONE 0.0s
higress-wasmplugin-test (RUST)	UNKNOWN STEP	2026-09-21T12:27:37.9106705Z 
higress-wasmplugin-test (RUST)	UNKNOWN STEP	2026-09-21T12:27:37.9107362Z #5 [debug 1/1] FROM higress-registry.cn-hangzhou.cr.aliyuncs.com/higress/base:2023-07-20T20-50-43@sha256:043f4fd9072974da11e51736521eb7118cf159bf6872a1a00a90f1efe85764b6
higress-wasmplugin-test (RUST)	UNKNOWN STEP	2026-09-21T12:27:37.9108270Z #5 resolve higress-registry.cn-hangzhou.cr.aliyuncs.com/higress/base:2023-07-20T20-50-43@sha256:043f4fd9072974da11e51736521eb7118cf159bf6872a1a00a90f1efe85764b6
higress-wasmplugin-test (RUST)	UNKNOWN STEP	2026-09-21T12:27:38.0610175Z #5 resolve higress-registry.cn-hangzhou.cr.aliyuncs.com/higress/base:2023-07-20T20-50-43@sha256:043f4fd9072974da11e51736521eb7118cf159bf6872a1a00a90f1efe85764b6 0.1s done
higress-wasmplugin-test (RUST)	UNKNOWN STEP	2026-09-21T12:27:38.0610780Z #5 CACHED
higress-wasmplugin-test (RUST)	UNKNOWN STEP	2026-09-21T12:27:38.0610877Z 
higress-wasmplugin-test (RUST)	UNKNOWN STEP	2026-09-21T12:27:38.0610963Z #4 [internal] load build context
higress-wasmplugin-test (RUST)	UNKNOWN STEP	2026-09-21T12:27:38.4259231Z #4 transferring context: 113.56MB 0.3s done
higress-wasmplugin-test (RUST)	UNKNOWN STEP	2026-09-21T12:27:38.9982211Z #4 DONE 1.0s
higress-wasmplugin-test (RUST)	UNKNOWN STEP	2026-09-21T12:27:38.9982364Z 
higress-wasmplugin-test (RUST)	UNKNOWN STEP	2026-09-21T12:27:38.9982662Z #6 [stage-2 1/3] COPY amd64/pilot-discovery /usr/local/bin/pilot-discovery
higress-wasmplugin-test (RUST)	UNKNOWN STEP	2026-09-21T12:27:42.4059444Z #6 DONE 3.4s
higress-wasmplugin-test (RUST)	UNKNOWN STEP	2026-09-21T12:27:42.5297242Z 
higress-wasmplugin-test (RUST)	UNKNOWN STEP	2026-09-21T12:27:42.5297962Z #7 [stage-2 2/3] COPY higress-pilot-start.sh /usr/local/bin/higress-pilot-start.sh
higress-wasmplugin-test (RUST)	UNKNOWN STEP	2026-09-21T12:27:42.5298528Z #7 DONE 0.0s
higress-wasmplugin-test (RUST)	UNKNOWN STEP	2026-09-21T12:27:42.5298635Z 
higress-wasmplugin-test (RUST)	UNKNOWN STEP	2026-09-21T12:27:42.5298856Z #8 [stage-2 3/3] RUN chmod +x /usr/local/bin/higress-pilot-start.sh
higress-wasmplugin-test (RUST)	UNKNOWN STEP	2026-09-21T12:27:42.5299544Z #8 DONE 0.1s
higress-wasmplugin-test (RUST)	UNKNOWN STEP	2026-09-21T12:27:42.6812795Z 
higress-wasmplugin-test (RUST)	UNKNOWN STEP	2026-09-21T12:27:42.6813503Z #9 exporting to image
higress-wasmplugin-test (RUST)	UNKNOWN STEP	2026-09-21T12:27:42.6813863Z #9 exporting layers
higress-wasmplugin-test (RUST)	UNKNOWN STEP	2026-09-21T12:27:43.0237296Z #9 exporting layers 0.5s done
higress-wasmplugin-test (RUST)	UNKNOWN STEP	2026-09-21T12:27:43.0237958Z #9 writing image sha256:224033b9276b749be2b8001db61e599ee357b18f90e37f435f7436d0caa9b513 done
higress-wasmplugin-test (RUST)	UNKNOWN STEP	2026-09-21T12:27:43.0238961Z #9 naming to higress-registry.cn-hangzhou.cr.aliyuncs.com/higress/pilot:a42482341eb199b2c1553a560c81137ebad14441 done
higress-wasmplugin-test (RUST)	UNKNOWN STEP	2026-09-21T12:27:43.0239657Z #9 DONE 0.5s
higress-wasmplugin-test (RUST)	UNKNOWN STEP	2026-09-21T12:27:43.0274348Z 2026-09-21T12:27:43.027106Z	info	images complete	runtime=12.423151111s
higress-wasmplugin-test (RUST)	UNKNOWN STEP	2026-09-21T12:27:43.0275156Z 2026-09-21T12:27:43.027214Z	info	build complete	runtime=2m17.090509629s
higress-wasmplugin-test (RUST)	UNKNOWN STEP	2026-09-21T12:27:43.0677535Z make[1]: Leaving directory '/home/runner/work/higress/higress/external/istio'
higress-wasmplugin-test (RUST)	UNKNOWN STEP	2026-09-21T12:27:43.1119056Z tools/hack/kind-load-image.sh higress-registry.cn-hangzhou.cr.aliyuncs.com/higress/higress a42482341eb199b2c1553a560c81137ebad14441
higress-wasmplugin-test (RUST)	UNKNOWN STEP	2026-09-21T12:27:43.1460684Z Loading image higress-registry.cn-hangzhou.cr.aliyuncs.com/higress/higress:a42482341eb199b2c1553a560c81137ebad14441 to kind cluster higress...
higress-wasmplugin-test (RUST)	UNKNOWN STEP	2026-09-21T12:27:43.4085856Z Image: "" with ID "sha256:7d33afd2d7dbe9286722b4044674b46218d7df686a583dec82e4d74e1a3d69cb" not yet present on node "higress-control-plane", loading...
higress-wasmplugin-test (RUST)	UNKNOWN STEP	2026-09-21T12:27:49.9390660Z tools/hack/docker-pull-image.sh higress-registry.cn-hangzhou.cr.aliyuncs.com/higress/gateway 6fad1fa9aca8bc8a055a4c65d66a125c791cff10
higress-wasmplugin-test (RUST)	UNKNOWN STEP	2026-09-21T12:27:49.9418195Z Pulling image higress-registry.cn-hangzhou.cr.aliyuncs.com/higress/gateway:6fad1fa9aca8bc8a055a4c65d66a125c791cff10 to local ...
higress-wasmplugin-test (RUST)	UNKNOWN STEP	2026-09-21T12:27:53.7861210Z 6fad1fa9aca8bc8a055a4c65d66a125c791cff10: Pulling from higress/gateway
higress-wasmplugin-test (RUST)	UNKNOWN STEP	2026-09-21T12:27:53.7862041Z 3153aa388d02: Already exists
higress-wasmplugin-test (RUST)	UNKNOWN STEP	2026-09-21T12:27:53.7875195Z 54caf5b3a5e2: Already exists
higress-wasmplugin-test (RUST)	UNKNOWN STEP	2026-09-21T12:27:53.7889983Z 7b5da4110036: Already exists
higress-wasmplugin-test (RUST)	UNKNOWN STEP	2026-09-21T12:27:53.7902059Z 0cc32659cde8: Pulling fs layer
higress-wasmplugin-test (RUST)	UNKNOWN STEP	2026-09-21T12:27:53.7902561Z 5b7c092881de: Pulling fs layer
higress-wasmplugin-test (RUST)	UNKNOWN STEP	2026-09-21T12:27:53.7903130Z 606294ec275d: Pulling fs layer
higress-wasmplugin-test (RUST)	UNKNOWN STEP	2026-09-21T12:27:53.7903465Z fc09ba6f5202: Pulling fs layer
higress-wasmplugin-test (RUST)	UNKNOWN STEP	2026-09-21T12:27:53.7903763Z 44c0a4212730: Pulling fs layer
higress-wasmplugin-test (RUST)	UNKNOWN STEP	2026-09-21T12:27:53.7903995Z e9a2cd67e5e1: Pulling fs layer
higress-wasmplugin-test (RUST)	UNKNOWN STEP	2026-09-21T12:27:53.7904184Z 292a6d90a342: Pulling fs layer
higress-wasmplugin-test (RUST)	UNKNOWN STEP	2026-09-21T12:27:53.7904408Z 0576724877e6: Pulling fs layer
higress-wasmplugin-test (RUST)	UNKNOWN STEP	2026-09-21T12:27:53.7904714Z 93707a7fe8bd: Pulling fs layer
higress-wasmplugin-test (RUST)	UNKNOWN STEP	2026-09-21T12:27:53.7905032Z 42ae04c21a9c: Pulling fs layer
higress-wasmplugin-test (RUST)	UNKNOWN STEP	2026-09-21T12:27:53.7905347Z bb0ccb968da1: Pulling fs layer
higress-wasmplugin-test (RUST)	UNKNOWN STEP	2026-09-21T12:27:53.7905650Z 292a6d90a342: Waiting
higress-wasmplugin-test (RUST)	UNKNOWN STEP	2026-09-21T12:27:53.7905915Z 0576724877e6: Waiting
higress-wasmplugin-test (RUST)	UNKNOWN STEP	2026-09-21T12:27:53.7906163Z e9a2cd67e5e1: Waiting
higress-wasmplugin-test (RUST)	UNKNOWN STEP	2026-09-21T12:27:53.7906534Z 93707a7fe8bd: Waiting
higress-wasmplugin-test (RUST)	UNKNOWN STEP	2026-09-21T12:27:53.7906807Z fc09ba6f5202: Waiting
higress-wasmplugin-test (RUST)	UNKNOWN STEP	2026-09-21T12:27:53.7907189Z 42ae04c21a9c: Waiting
higress-wasmplugin-test (RUST)	UNKNOWN STEP	2026-09-21T12:27:53.7907383Z 44c0a4212730: Waiting
higress-wasmplugin-test (RUST)	UNKNOWN STEP	2026-09-21T12:27:53.7907541Z bb0ccb968da1: Waiting
higress-wasmplugin-test (RUST)	UNKNOWN STEP	2026-09-21T12:27:56.7902031Z 0cc32659cde8: Download complete
higress-wasmplugin-test (RUST)	UNKNOWN STEP	2026-09-21T12:27:57.1899533Z 5b7c092881de: Verifying Checksum
higress-wasmplugin-test (RUST)	UNKNOWN STEP	2026-09-21T12:27:57.1899935Z 5b7c092881de: Download complete
higress-wasmplugin-test (RUST)	UNKNOWN STEP	2026-09-21T12:27:57.8763871Z 0cc32659cde8: Pull complete
higress-wasmplugin-test (RUST)	UNKNOWN STEP	2026-09-21T12:27:57.8979542Z 5b7c092881de: Pull complete
higress-wasmplugin-test (RUST)	UNKNOWN STEP	2026-09-21T12:28:03.7076014Z 44c0a4212730: Verifying Checksum
higress-wasmplugin-test (RUST)	UNKNOWN STEP	2026-09-21T12:28:03.7076431Z 44c0a4212730: Download complete
higress-wasmplugin-test (RUST)	UNKNOWN STEP	2026-09-21T12:28:04.0828724Z fc09ba6f5202: Verifying Checksum
higress-wasmplugin-test (RUST)	UNKNOWN STEP	2026-09-21T12:28:04.0829035Z fc09ba6f5202: Download complete
higress-wasmplugin-test (RUST)	UNKNOWN STEP	2026-09-21T12:28:04.5574806Z 606294ec275d: Verifying Checksum
higress-wasmplugin-test (RUST)	UNKNOWN STEP	2026-09-21T12:28:04.5575291Z 606294ec275d: Download complete
higress-wasmplugin-test (RUST)	UNKNOWN STEP	2026-09-21T12:28:09.1548846Z 292a6d90a342: Verifying Checksum
higress-wasmplugin-test (RUST)	UNKNOWN STEP	2026-09-21T12:28:09.1549220Z 292a6d90a342: Download complete
higress-wasmplugin-test (RUST)	UNKNOWN STEP	2026-09-21T12:28:10.3339388Z 0576724877e6: Verifying Checksum
higress-wasmplugin-test (RUST)	UNKNOWN STEP	2026-09-21T12:28:10.3340014Z 0576724877e6: Download complete
higress-wasmplugin-test (RUST)	UNKNOWN STEP	2026-09-21T12:28:11.5038023Z 606294ec275d: Pull complete
higress-wasmplugin-test (RUST)	UNKNOWN STEP	2026-09-21T12:28:12.2375323Z fc09ba6f5202: Pull complete
higress-wasmplugin-test (RUST)	UNKNOWN STEP	2026-09-21T12:28:12.6065578Z 44c0a4212730: Pull complete
higress-wasmplugin-test (RUST)	UNKNOWN STEP	2026-09-21T12:28:13.2692452Z 93707a7fe8bd: Verifying Checksum
higress-wasmplugin-test (RUST)	UNKNOWN STEP	2026-09-21T12:28:13.2694363Z 93707a7fe8bd: Download complete
higress-wasmplugin-test (RUST)	UNKNOWN STEP	2026-09-21T12:28:13.6842068Z e9a2cd67e5e1: Verifying Checksum
higress-wasmplugin-test (RUST)	UNKNOWN STEP	2026-09-21T12:28:13.6842368Z e9a2cd67e5e1: Download complete
higress-wasmplugin-test (RUST)	UNKNOWN STEP	2026-09-21T12:28:15.2965629Z 42ae04c21a9c: Verifying Checksum
higress-wasmplugin-test (RUST)	UNKNOWN STEP	2026-09-21T12:28:15.2966045Z 42ae04c21a9c: Download complete
higress-wasmplugin-test (RUST)	UNKNOWN STEP	2026-09-21T12:28:16.1388082Z e9a2cd67e5e1: Pull complete
higress-wasmplugin-test (RUST)	UNKNOWN STEP	2026-09-21T12:28:16.2533730Z 292a6d90a342: Pull complete
higress-wasmplugin-test (RUST)	UNKNOWN STEP	2026-09-21T12:28:16.2651179Z 0576724877e6: Pull complete
higress-wasmplugin-test (RUST)	UNKNOWN STEP	2026-09-21T12:28:16.2735970Z 93707a7fe8bd: Pull complete
higress-wasmplugin-test (RUST)	UNKNOWN STEP	2026-09-21T12:28:16.9379906Z 42ae04c21a9c: Pull complete
higress-wasmplugin-test (RUST)	UNKNOWN STEP	2026-09-21T12:28:18.6273774Z bb0ccb968da1: Verifying Checksum
higress-wasmplugin-test (RUST)	UNKNOWN STEP	2026-09-21T12:28:18.6274189Z bb0ccb968da1: Download complete
higress-wasmplugin-test (RUST)	UNKNOWN STEP	2026-09-21T12:28:18.6361603Z bb0ccb968da1: Pull complete
higress-wasmplugin-test (RUST)	UNKNOWN STEP	2026-09-21T12:28:18.6392659Z Digest: sha256:9d5b5ded5e51793037dbc360dc3cb59cd09ebc0ce712a0c0ecf693852902127e
higress-wasmplugin-test (RUST)	UNKNOWN STEP	2026-09-21T12:28:18.6402053Z Status: Downloaded newer image for higress-registry.cn-hangzhou.cr.aliyuncs.com/higress/gateway:6fad1fa9aca8bc8a055a4c65d66a125c791cff10
higress-wasmplugin-test (RUST)	UNKNOWN STEP	2026-09-21T12:28:18.6409646Z higress-registry.cn-hangzhou.cr.aliyuncs.com/higress/gateway:6fad1fa9aca8bc8a055a4c65d66a125c791cff10
higress-wasmplugin-test (RUST)	UNKNOWN STEP	2026-09-21T12:28:18.6430806Z tools/hack/docker-pull-image.sh higress-registry.cn-hangzhou.cr.aliyuncs.com/higress/dubbo-provider-demo 0.0.3-x86
higress-wasmplugin-test (RUST)	UNKNOWN STEP	2026-09-21T12:28:18.6450181Z Pulling image higress-registry.cn-hangzhou.cr.aliyuncs.com/higress/dubbo-provider-demo:0.0.3-x86 to local ...
higress-wasmplugin-test (RUST)	UNKNOWN STEP	2026-09-21T12:28:30.0172372Z 0.0.3-x86: Pulling from higress/dubbo-provider-demo
higress-wasmplugin-test (RUST)	UNKNOWN STEP	2026-09-21T12:28:30.0172821Z 001c52e26ad5: Pulling fs layer
higress-wasmplugin-test (RUST)	UNKNOWN STEP	2026-09-21T12:28:30.0173108Z d9d4b9b6e964: Pulling fs layer
higress-wasmplugin-test (RUST)	UNKNOWN STEP	2026-09-21T12:28:30.0173381Z 2068746827ec: Pulling fs layer
higress-wasmplugin-test (RUST)	UNKNOWN STEP	2026-09-21T12:28:30.0173703Z 9daef329d350: Pulling fs layer
higress-wasmplugin-test (RUST)	UNKNOWN STEP	2026-09-21T12:28:30.0174017Z d85151f15b66: Pulling fs layer
higress-wasmplugin-test (RUST)	UNKNOWN STEP	2026-09-21T12:28:30.0174333Z 66223a710990: Pulling fs layer
higress-wasmplugin-test (RUST)	UNKNOWN STEP	2026-09-21T12:28:30.0174644Z db38d58ec8ab: Pulling fs layer
higress-wasmplugin-test (RUST)	UNKNOWN STEP	2026-09-21T12:28:30.0174976Z 86d946ce7e1b: Pulling fs layer
higress-wasmplugin-test (RUST)	UNKNOWN STEP	2026-09-21T12:28:30.0175285Z 34ebe0a5c706: Pulling fs layer
higress-wasmplugin-test (RUST)	UNKNOWN STEP	2026-09-21T12:28:30.0175591Z 9daef329d350: Waiting
higress-wasmplugin-test (RUST)	UNKNOWN STEP	2026-09-21T12:28:30.0175766Z 66223a710990: Waiting
higress-wasmplugin-test (RUST)	UNKNOWN STEP	2026-09-21T12:28:30.0176014Z db38d58ec8ab: Waiting
higress-wasmplugin-test (RUST)	UNKNOWN STEP	2026-09-21T12:28:30.0176213Z 86d946ce7e1b: Waiting
higress-wasmplugin-test (RUST)	UNKNOWN STEP	2026-09-21T12:28:30.0176397Z 34ebe0a5c706: Waiting
higress-wasmplugin-test (RUST)	UNKNOWN STEP	2026-09-21T12:28:30.0176560Z d85151f15b66: Waiting
higress-wasmplugin-test (RUST)	UNKNOWN STEP	2026-09-21T12:28:34.2845881Z d9d4b9b6e964: Verifying Checksum
higress-wasmplugin-test (RUST)	UNKNOWN STEP	2026-09-21T12:28:34.2846393Z d9d4b9b6e964: Download complete
higress-wasmplugin-test (RUST)	UNKNOWN STEP	2026-09-21T12:28:35.3535666Z 2068746827ec: Download complete
higress-wasmplugin-test (RUST)	UNKNOWN STEP	2026-09-21T12:28:36.4573730Z 001c52e26ad5: Verifying Checksum
higress-wasmplugin-test (RUST)	UNKNOWN STEP	2026-09-21T12:28:36.4577521Z 001c52e26ad5: Download complete
higress-wasmplugin-test (RUST)	UNKNOWN STEP	2026-09-21T12:28:37.8689114Z 001c52e26ad5: Pull complete
higress-wasmplugin-test (RUST)	UNKNOWN STEP	2026-09-21T12:28:38.4876879Z d85151f15b66: Download complete
higress-wasmplugin-test (RUST)	UNKNOWN STEP	2026-09-21T12:28:39.0656274Z d9d4b9b6e964: Pull complete
higress-wasmplugin-test (RUST)	UNKNOWN STEP	2026-09-21T12:28:39.3670282Z 2068746827ec: Pull complete
higress-wasmplugin-test (RUST)	UNKNOWN STEP	2026-09-21T12:28:40.0892036Z 66223a710990: Download complete
higress-wasmplugin-test (RUST)	UNKNOWN STEP	2026-09-21T12:28:40.9591388Z 9daef329d350: Verifying Checksum
higress-wasmplugin-test (RUST)	UNKNOWN STEP	2026-09-21T12:28:40.9591784Z 9daef329d350: Download complete
higress-wasmplugin-test (RUST)	UNKNOWN STEP	2026-09-21T12:28:43.2706296Z 9daef329d350: Pull complete
higress-wasmplugin-test (RUST)	UNKNOWN STEP	2026-09-21T12:28:43.4970718Z d85151f15b66: Pull complete
higress-wasmplugin-test (RUST)	UNKNOWN STEP	2026-09-21T12:28:43.5055847Z 66223a710990: Pull complete
higress-wasmplugin-test (RUST)	UNKNOWN STEP	2026-09-21T12:28:43.9030386Z 86d946ce7e1b: Verifying Checksum
higress-wasmplugin-test (RUST)	UNKNOWN STEP	2026-09-21T12:28:43.9030676Z 86d946ce7e1b: Download complete
higress-wasmplugin-test (RUST)	UNKNOWN STEP	2026-09-21T12:28:48.3380361Z 34ebe0a5c706: Verifying Checksum
higress-wasmplugin-test (RUST)	UNKNOWN STEP	2026-09-21T12:28:48.3380648Z 34ebe0a5c706: Download complete
higress-wasmplugin-test (RUST)	UNKNOWN STEP	2026-09-21T12:28:54.5756691Z db38d58ec8ab: Verifying Checksum
higress-wasmplugin-test (RUST)	UNKNOWN STEP	2026-09-21T12:28:54.5757760Z db38d58ec8ab: Download complete
higress-wasmplugin-test (RUST)	UNKNOWN STEP	2026-09-21T12:28:57.6301774Z db38d58ec8ab: Pull complete
higress-wasmplugin-test (RUST)	UNKNOWN STEP	2026-09-21T12:28:57.6412384Z 86d946ce7e1b: Pull complete
higress-wasmplugin-test (RUST)	UNKNOWN STEP	2026-09-21T12:28:57.9128728Z 34ebe0a5c706: Pull complete
higress-wasmplugin-test (RUST)	UNKNOWN STEP	2026-09-21T12:28:57.9157334Z Digest: sha256:20cfe40bc8792bd95a88930570e1e48973cf5197b6a42f67f926a0b9fc806187
higress-wasmplugin-test (RUST)	UNKNOWN STEP	2026-09-21T12:28:57.9167781Z Status: Downloaded newer image for higress-registry.cn-hangzhou.cr.aliyuncs.com/higress/dubbo-provider-demo:0.0.3-x86
higress-wasmplugin-test (RUST)	UNKNOWN STEP	2026-09-21T12:28:57.9175516Z higress-registry.cn-hangzhou.cr.aliyuncs.com/higress/dubbo-provider-demo:0.0.3-x86
higress-wasmplugin-test (RUST)	UNKNOWN STEP	2026-09-21T12:28:57.9196503Z tools/hack/docker-pull-image.sh higress-registry.cn-hangzhou.cr.aliyuncs.com/higress/nacos-standlone-rc3 1.0.0-RC3
higress-wasmplugin-test (RUST)	UNKNOWN STEP	2026-09-21T12:28:57.9216091Z Pulling image higress-registry.cn-hangzhou.cr.aliyuncs.com/higress/nacos-standlone-rc3:1.0.0-RC3 to local ...
higress-wasmplugin-test (RUST)	UNKNOWN STEP	2026-09-21T12:29:02.9203438Z Error response from daemon: Head "https://higress-registry.cn-hangzhou.cr.aliyuncs.com/v2/higress/nacos-standlone-rc3/manifests/1.0.0-RC3": Get "https://dockerauth.cn-hangzhou.aliyuncs.com/auth?scope=repository%3Ahigress%2Fnacos-standlone-rc3%3Apull&service=registry.aliyuncs.com%3Acn-hangzhou%3Achina%3Acri-r0xfyoxudmtseqq7": read tcp 10.1.1.145:54676->47.96.247.68:443: read: connection reset by peer
higress-wasmplugin-test (RUST)	UNKNOWN STEP	2026-09-21T12:29:02.9219700Z make: *** [Makefile.core.mk:557: kube-load-image] Error 1
higress-wasmplugin-test (RUST)	UNKNOWN STEP	2026-09-21T12:29:13.5772195Z ##[warning]Attempt 1 failed. Reason: Child_process exited with error code 2
higress-wasmplugin-test (RUST)	UNKNOWN STEP	2026-09-21T12:29:13.5773316Z ##[endgroup]
higress-wasmplugin-test (RUST)	UNKNOWN STEP	2026-09-21T12:29:13.5773597Z ##[group]Attempt 2
higress-wasmplugin-test (RUST)	UNKNOWN STEP	2026-09-21T12:29:13.7021746Z Makefile.core.mk:446: warning: overriding recipe for target 'build-test-pilot'
higress-wasmplugin-test (RUST)	UNKNOWN STEP	2026-09-21T12:29:13.7022361Z Makefile.core.mk:355: warning: ignoring old recipe for target 'build-test-pilot'
higress-wasmplugin-test (RUST)	UNKNOWN STEP	2026-09-21T12:29:13.7030862Z tools/bin/kind delete cluster --name higress
higress-wasmplugin-test (RUST)	UNKNOWN STEP	2026-09-21T12:29:13.7460208Z Deleting cluster "higress" ...
higress-wasmplugin-test (RUST)	UNKNOWN STEP	2026-09-21T12:29:14.4626076Z tools/hack/create-cluster.sh
higress-wasmplugin-test (RUST)	UNKNOWN STEP	2026-09-21T12:29:14.4909201Z v1.25.3
higress-wasmplugin-test (RUST)	UNKNOWN STEP	2026-09-21T12:29:14.4909467Z higress
higress-wasmplugin-test (RUST)	UNKNOWN STEP	2026-09-21T12:29:14.5629509Z Creating cluster "higress" ...
higress-wasmplugin-test (RUST)	UNKNOWN STEP	2026-09-21T12:29:14.5630224Z  • Ensuring node image (kindest/node:v1.25.3) 🖼  ...
higress-wasmplugin-test (RUST)	UNKNOWN STEP	2026-09-21T12:29:14.5881965Z  ✓ Ensuring node image (kindest/node:v1.25.3) 🖼
higress-wasmplugin-test (RUST)	UNKNOWN STEP	2026-09-21T12:29:14.5882317Z  • Preparing nodes 📦   ...
higress-wasmplugin-test (RUST)	UNKNOWN STEP	2026-09-21T12:29:17.9040574Z  ✓ Preparing nodes 📦 
higress-wasmplugin-test (RUST)	UNKNOWN STEP	2026-09-21T12:29:17.9350282Z  • Writing configuration 📜  ...
higress-wasmplugin-test (RUST)	UNKNOWN STEP	2026-09-21T12:29:18.1145245Z  ✓ Writing configuration 📜
higress-wasmplugin-test (RUST)	UNKNOWN STEP	2026-09-21T12:29:18.1146163Z  • Starting control-plane 🕹️  ...
higress-wasmplugin-test (RUST)	UNKNOWN STEP	2026-09-21T12:29:30.8189765Z  ✓ Starting control-plane 🕹️
higress-wasmplugin-test (RUST)	UNKNOWN STEP	2026-09-21T12:29:30.8190230Z  • Installing CNI 🔌  ...
higress-wasmplugin-test (RUST)	UNKNOWN STEP	2026-09-21T12:29:31.3942732Z  ✓ Installing CNI 🔌
higress-wasmplugin-test (RUST)	UNKNOWN STEP	2026-09-21T12:29:31.3943199Z  • Installing StorageClass 💾  ...
higress-wasmplugin-test (RUST)	UNKNOWN STEP	2026-09-21T12:29:31.9074076Z  ✓ Installing StorageClass 💾
higress-wasmplugin-test (RUST)	UNKNOWN STEP	2026-09-21T12:29:32.0666422Z Set kubectl context to "kind-higress"
higress-wasmplugin-test (RUST)	UNKNOWN STEP	2026-09-21T12:29:32.0666866Z You can now use your cluster with:
higress-wasmplugin-test (RUST)	UNKNOWN STEP	2026-09-21T12:29:32.0667026Z 
higress-wasmplugin-test (RUST)	UNKNOWN STEP	2026-09-21T12:29:32.0667313Z kubectl cluster-info --context kind-higress
higress-wasmplugin-test (RUST)	UNKNOWN STEP	2026-09-21T12:29:32.0667484Z 
higress-wasmplugin-test (RUST)	UNKNOWN STEP	2026-09-21T12:29:32.0667999Z Not sure what to do next? 😅  Check out https://kind.sigs.k8s.io/docs/user/quick-start/
higress-wasmplugin-test (RUST)	UNKNOWN STEP	2026-09-21T12:29:32.0681574Z rm -rf /home/runner/work/higress/higress/out/linux_amd64 /home/runner/work/higress/higress/out/linux_amd64
higress-wasmplugin-test (RUST)	UNKNOWN STEP	2026-09-21T12:29:32.0973735Z git submodule update --init
higress-wasmplugin-test (RUST)	UNKNOWN STEP	2026-09-21T12:29:32.1494704Z ./tools/hack/prebuild.sh
higress-wasmplugin-test (RUST)	UNKNOWN STEP	2026-09-21T12:29:32.8361365Z GOPROXY="https://proxy.golang.org,direct" GOOS=linux GOARCH=amd64 LDFLAGS='-X github.com/alibaba/higress/v2/pkg/cmd/lversion.higressVersion=v2.2.4 -X github.com/alibaba/higress/v2/pkg/cmd/lversion.gitCommitID=a42482341eb199b2c1553a560c81137ebad14441 -extldflags -static -s -w' tools/hack/gobuild.sh /home/runner/work/higress/higress/out/linux_amd64/ ./cmd/higress
higress-wasmplugin-test (RUST)	UNKNOWN STEP	2026-09-21T12:29:33.0672186Z 
higress-wasmplugin-test (RUST)	UNKNOWN STEP	2026-09-21T12:29:33.0673990Z istio.io/pkg/version.buildVersion=a42482341eb199b2c1553a560c81137ebad14441
higress-wasmplugin-test (RUST)	UNKNOWN STEP	2026-09-21T12:29:33.0674491Z 
higress-wasmplugin-test (RUST)	UNKNOWN STEP	2026-09-21T12:29:33.0674786Z istio.io/pkg/version.buildGitRevision=a42482341eb199b2c1553a560c81137ebad14441
higress-wasmplugin-test (RUST)	UNKNOWN STEP	2026-09-21T12:29:33.0675206Z 
higress-wasmplugin-test (RUST)	UNKNOWN STEP	2026-09-21T12:29:33.0675447Z istio.io/pkg/version.buildStatus=Clean
higress-wasmplugin-test (RUST)	UNKNOWN STEP	2026-09-21T12:29:33.0675837Z 
higress-wasmplugin-test (RUST)	UNKNOWN STEP	2026-09-21T12:29:33.0676042Z istio.io/pkg/version.buildTag=v2.2.4
higress-wasmplugin-test (RUST)	UNKNOWN STEP	2026-09-21T12:29:33.0676426Z 
higress-wasmplugin-test (RUST)	UNKNOWN STEP	2026-09-21T12:29:33.0676801Z istio.io/pkg/version.buildHub=higress-registry.cn-hangzhou.cr.aliyuncs.com/higress
higress-wasmplugin-test (RUST)	UNKNOWN STEP	2026-09-21T12:29:33.0677784Z ~/work/higress/higress ~/work/higress/higress
higress-wasmplugin-test (RUST)	UNKNOWN STEP	2026-09-21T12:29:41.7664305Z 
higress-wasmplugin-test (RUST)	UNKNOWN STEP	2026-09-21T12:29:41.7664715Z real	0m8.700s
higress-wasmplugin-test (RUST)	UNKNOWN STEP	2026-09-21T12:29:41.7664933Z user	0m4.085s
higress-wasmplugin-test (RUST)	UNKNOWN STEP	2026-09-21T12:29:41.7665098Z sys	0m1.758s
higress-wasmplugin-test (RUST)	UNKNOWN STEP	2026-09-21T12:29:41.7665266Z ~/work/higress/higress
higress-wasmplugin-test (RUST)	UNKNOWN STEP	2026-09-21T12:29:41.7693324Z GOPROXY="https://proxy.golang.org,direct" GOOS=linux GOARCH=amd64 LDFLAGS='-X github.com/alibaba/higress/v2/pkg/cmd/lversion.higressVersion=v2.2.4 -X github.com/alibaba/higress/v2/pkg/cmd/lversion.gitCommitID=a42482341eb199b2c1553a560c81137ebad14441 -extldflags -static -s -w' tools/hack/gobuild.sh ./out/linux_amd64/ ./cmd/higress
higress-wasmplugin-test (RUST)	UNKNOWN STEP	2026-09-21T12:29:41.9902254Z 
higress-wasmplugin-test (RUST)	UNKNOWN STEP	2026-09-21T12:29:41.9902949Z istio.io/pkg/version.buildVersion=a42482341eb199b2c1553a560c81137ebad14441
higress-wasmplugin-test (RUST)	UNKNOWN STEP	2026-09-21T12:29:41.9903683Z 
higress-wasmplugin-test (RUST)	UNKNOWN STEP	2026-09-21T12:29:41.9903974Z istio.io/pkg/version.buildGitRevision=a42482341eb199b2c1553a560c81137ebad14441
higress-wasmplugin-test (RUST)	UNKNOWN STEP	2026-09-21T12:29:41.9904357Z 
higress-wasmplugin-test (RUST)	UNKNOWN STEP	2026-09-21T12:29:41.9904497Z istio.io/pkg/version.buildStatus=Clean
higress-wasmplugin-test (RUST)	UNKNOWN STEP	2026-09-21T12:29:41.9904745Z 
higress-wasmplugin-test (RUST)	UNKNOWN STEP	2026-09-21T12:29:41.9905121Z istio.io/pkg/version.buildTag=v2.2.4
higress-wasmplugin-test (RUST)	UNKNOWN STEP	2026-09-21T12:29:41.9905348Z 
higress-wasmplugin-test (RUST)	UNKNOWN STEP	2026-09-21T12:29:41.9905700Z istio.io/pkg/version.buildHub=higress-registry.cn-hangzhou.cr.aliyuncs.com/higress
higress-wasmplugin-test (RUST)	UNKNOWN STEP	2026-09-21T12:29:41.9906291Z ~/work/higress/higress ~/work/higress/higress
higress-wasmplugin-test (RUST)	UNKNOWN STEP	2026-09-21T12:29:42.5306242Z 
higress-wasmplugin-test (RUST)	UNKNOWN STEP	2026-09-21T12:29:42.5306605Z real	0m0.540s
higress-wasmplugin-test (RUST)	UNKNOWN STEP	2026-09-21T12:29:42.5306822Z user	0m0.951s
higress-wasmplugin-test (RUST)	UNKNOWN STEP	2026-09-21T12:29:42.5306995Z sys	0m0.522s
higress-wasmplugin-test (RUST)	UNKNOWN STEP	2026-09-21T12:29:42.5307523Z ~/work/higress/higress
higress-wasmplugin-test (RUST)	UNKNOWN STEP	2026-09-21T12:29:42.5341319Z time (mkdir -p /home/runner/work/higress/higress/out/linux_amd64/docker_build/docker.higress && TARGET_ARCH=amd64 ./docker/docker-copy.sh docker/Dockerfile.higress /home/runner/work/higress/higress/out/linux_amd64/higress /home/runner/work/higress/higress/out/linux_amd64/docker_build/docker.higress && cd /home/runner/work/higress/higress/out/linux_amd64/docker_build/docker.higress  && docker build --build-arg BASE_VERSION=2023-07-20T20-50-43 --build-arg HUB=higress-registry.cn-hangzhou.cr.aliyuncs.com/higress --build-arg BASE_DISTRIBUTION= -t higress-registry.cn-hangzhou.cr.aliyuncs.com/higress/higress:a42482341eb199b2c1553a560c81137ebad14441 -f Dockerfile.higress . ); 
higress-wasmplugin-test (RUST)	UNKNOWN STEP	2026-09-21T12:29:42.6544831Z Dockerfile.higress
higress-wasmplugin-test (RUST)	UNKNOWN STEP	2026-09-21T12:29:42.6545143Z amd64
higress-wasmplugin-test (RUST)	UNKNOWN STEP	2026-09-21T12:29:42.9788270Z #0 building with "default" instance using docker driver
higress-wasmplugin-test (RUST)	UNKNOWN STEP	2026-09-21T12:29:42.9788632Z 
higress-wasmplugin-test (RUST)	UNKNOWN STEP	2026-09-21T12:29:42.9788835Z #1 [internal] load build definition from Dockerfile.higress
higress-wasmplugin-test (RUST)	UNKNOWN STEP	2026-09-21T12:29:42.9789133Z #1 transferring dockerfile: 688B done
higress-wasmplugin-test (RUST)	UNKNOWN STEP	2026-09-21T12:29:42.9789342Z #1 DONE 0.0s
higress-wasmplugin-test (RUST)	UNKNOWN STEP	2026-09-21T12:29:42.9789441Z 
higress-wasmplugin-test (RUST)	UNKNOWN STEP	2026-09-21T12:29:42.9789735Z #2 [internal] load metadata for higress-registry.cn-hangzhou.cr.aliyuncs.com/higress/base:2023-07-20T20-50-43-amd64
higress-wasmplugin-test (RUST)	UNKNOWN STEP	2026-09-21T12:29:46.2396798Z #2 DONE 3.4s
higress-wasmplugin-test (RUST)	UNKNOWN STEP	2026-09-21T12:29:46.3526232Z 
higress-wasmplugin-test (RUST)	UNKNOWN STEP	2026-09-21T12:29:46.3526985Z #3 [internal] load .dockerignore
higress-wasmplugin-test (RUST)	UNKNOWN STEP	2026-09-21T12:29:46.3527830Z #3 transferring context: 2B done
higress-wasmplugin-test (RUST)	UNKNOWN STEP	2026-09-21T12:29:46.3528409Z #3 DONE 0.0s
higress-wasmplugin-test (RUST)	UNKNOWN STEP	2026-09-21T12:29:46.3528539Z 
higress-wasmplugin-test (RUST)	UNKNOWN STEP	2026-09-21T12:29:46.3529165Z #4 [1/2] FROM higress-registry.cn-hangzhou.cr.aliyuncs.com/higress/base:2023-07-20T20-50-43-amd64@sha256:acab9dfbea20850ff641df718ae3c561d66c0b99f6144066ed314cd2ddfb6366
higress-wasmplugin-test (RUST)	UNKNOWN STEP	2026-09-21T12:29:46.3529804Z #4 DONE 0.0s
higress-wasmplugin-test (RUST)	UNKNOWN STEP	2026-09-21T12:29:46.3529899Z 
higress-wasmplugin-test (RUST)	UNKNOWN STEP	2026-09-21T12:29:46.3529991Z #5 [internal] load build context
higress-wasmplugin-test (RUST)	UNKNOWN STEP	2026-09-21T12:29:46.5849174Z #5 transferring context: 119.22MB 0.3s done
higress-wasmplugin-test (RUST)	UNKNOWN STEP	2026-09-21T12:29:46.5849520Z #5 DONE 0.3s
higress-wasmplugin-test (RUST)	UNKNOWN STEP	2026-09-21T12:29:46.5849632Z 
higress-wasmplugin-test (RUST)	UNKNOWN STEP	2026-09-21T12:29:46.5849750Z #6 [2/2] COPY amd64/higress /usr/local/bin/higress
higress-wasmplugin-test (RUST)	UNKNOWN STEP	2026-09-21T12:29:46.5849991Z #6 CACHED
higress-wasmplugin-test (RUST)	UNKNOWN STEP	2026-09-21T12:29:46.5850152Z 
higress-wasmplugin-test (RUST)	UNKNOWN STEP	2026-09-21T12:29:46.5850274Z #7 exporting to image
higress-wasmplugin-test (RUST)	UNKNOWN STEP	2026-09-21T12:29:46.5850550Z #7 exporting layers done
higress-wasmplugin-test (RUST)	UNKNOWN STEP	2026-09-21T12:29:46.5851096Z #7 writing image sha256:7d33afd2d7dbe9286722b4044674b46218d7df686a583dec82e4d74e1a3d69cb done
higress-wasmplugin-test (RUST)	UNKNOWN STEP	2026-09-21T12:29:46.5852106Z #7 naming to higress-registry.cn-hangzhou.cr.aliyuncs.com/higress/higress:a42482341eb199b2c1553a560c81137ebad14441 done
higress-wasmplugin-test (RUST)	UNKNOWN STEP	2026-09-21T12:29:46.5852786Z #7 DONE 0.0s
higress-wasmplugin-test (RUST)	UNKNOWN STEP	2026-09-21T12:29:46.5899642Z 
higress-wasmplugin-test (RUST)	UNKNOWN STEP	2026-09-21T12:29:46.5899906Z real	0m4.029s
higress-wasmplugin-test (RUST)	UNKNOWN STEP	2026-09-21T12:29:46.5900100Z user	0m0.281s
higress-wasmplugin-test (RUST)	UNKNOWN STEP	2026-09-21T12:29:46.5900287Z sys	0m0.302s
higress-wasmplugin-test (RUST)	UNKNOWN STEP	2026-09-21T12:29:46.5939538Z TARGET_ARCH=amd64 DOCKER_TARGETS='docker.pilot' IMG_URL='higress-registry.cn-hangzhou.cr.aliyuncs.com/higress/pilot:a42482341eb199b2c1553a560c81137ebad14441' ./tools/hack/build-istio-image.sh docker
higress-wasmplugin-test (RUST)	UNKNOWN STEP	2026-09-21T12:29:46.6284428Z rm: cannot remove 'out/linux_amd64/ztunnel': Permission denied
higress-wasmplugin-test (RUST)	UNKNOWN STEP	2026-09-21T12:29:46.6285077Z rm: cannot remove 'out/linux_amd64/docker-builder': Permission denied
higress-wasmplugin-test (RUST)	UNKNOWN STEP	2026-09-21T12:29:46.6285687Z rm: cannot remove 'out/linux_amd64/pilot-discovery': Permission denied
higress-wasmplugin-test (RUST)	UNKNOWN STEP	2026-09-21T12:29:46.6286432Z rm: cannot remove 'out/linux_amd64/dockerx_build/build.docker.pilot/Dockerfile.pilot': Permission denied
higress-wasmplugin-test (RUST)	UNKNOWN STEP	2026-09-21T12:29:46.6287700Z rm: cannot remove 'out/linux_amd64/dockerx_build/build.docker.pilot/amd64/pilot-discovery': Permission denied
higress-wasmplugin-test (RUST)	UNKNOWN STEP	2026-09-21T12:29:46.6288915Z rm: cannot remove 'out/linux_amd64/dockerx_build/build.docker.pilot/higress-pilot-start.sh': Permission denied
higress-wasmplugin-test (RUST)	UNKNOWN STEP	2026-09-21T12:29:46.6289810Z rm: cannot remove 'out/linux_amd64/dockerx_build/build.docker.pilot/envoy_bootstrap.json': Permission denied
higress-wasmplugin-test (RUST)	UNKNOWN STEP	2026-09-21T12:29:46.6290689Z rm: cannot remove 'out/linux_amd64/dockerx_build/docker-bake.json': Permission denied
higress-wasmplugin-test (RUST)	UNKNOWN STEP	2026-09-21T12:29:46.6291383Z rm: cannot remove 'out/linux_amd64/istio_is_init': Permission denied
higress-wasmplugin-test (RUST)	UNKNOWN STEP	2026-09-21T12:29:46.6291940Z rm: cannot remove 'out/linux_amd64/release/ztunnel': Permission denied
higress-wasmplugin-test (RUST)	UNKNOWN STEP	2026-09-21T12:29:46.6292703Z rm: cannot remove 'out/linux_amd64/release/ztunnel-75376478762decb918ea884603b2852b1568b015': Permission denied
higress-wasmplugin-test (RUST)	UNKNOWN STEP	2026-09-21T12:29:46.6293635Z rm: cannot remove 'out/linux_amd64/release/envoy-1a53bf14a57976dd0f509752b748caf3b1125d54': Permission denied
higress-wasmplugin-test (RUST)	UNKNOWN STEP	2026-09-21T12:29:46.6294365Z rm: cannot remove 'out/linux_amd64/release/docker': Permission denied
higress-wasmplugin-test (RUST)	UNKNOWN STEP	2026-09-21T12:29:46.6294906Z rm: cannot remove 'out/linux_amd64/logs': Permission denied
higress-wasmplugin-test (RUST)	UNKNOWN STEP	2026-09-21T12:29:46.6295412Z make: *** [Makefile.core.mk:446: build-test-pilot] Error 1
higress-wasmplugin-test (RUST)	UNKNOWN STEP	2026-09-21T12:29:57.6080736Z ##[endgroup]
higress-wasmplugin-test (RUST)	UNKNOWN STEP	2026-09-21T12:29:57.6087861Z ##[error]Final attempt failed. Child_process exited with error code 2
higress-wasmplugin-test (RUST)	UNKNOWN STEP	2026-09-21T12:29:57.6224998Z Node 20 is being deprecated. This workflow is running with Node 24 by default. If you need to temporarily use Node 20, you can set the ACTIONS_ALLOW_USE_UNSECURE_NODE_VERSION=true environment variable. For more information see: https://github.blog/changelog/2025-09-19-deprecation-of-node-20-on-github-actions-runners/
higress-wasmplugin-test (RUST)	UNKNOWN STEP	2026-09-21T12:29:57.6225926Z Post job cleanup.
higress-wasmplugin-test (RUST)	UNKNOWN STEP	2026-09-21T12:29:57.7869283Z [command]/usr/bin/git version
higress-wasmplugin-test (RUST)	UNKNOWN STEP	2026-09-21T12:29:57.7901481Z git version 2.55.0
higress-wasmplugin-test (RUST)	UNKNOWN STEP	2026-09-21T12:29:57.7930325Z Temporarily overriding HOME='/home/runner/work/_temp/93b622c2-9ec2-4b07-9cf5-f49400d658b2' before making global git config changes
higress-wasmplugin-test (RUST)	UNKNOWN STEP	2026-09-21T12:29:57.7931348Z Adding repository directory to the temporary git global config as a safe directory
higress-wasmplugin-test (RUST)	UNKNOWN STEP	2026-09-21T12:29:57.7935209Z [command]/usr/bin/git config --global --add safe.directory /home/runner/work/higress/higress
higress-wasmplugin-test (RUST)	UNKNOWN STEP	2026-09-21T12:29:57.7966546Z [command]/usr/bin/git config --local --name-only --get-regexp core\.sshCommand
higress-wasmplugin-test (RUST)	UNKNOWN STEP	2026-09-21T12:29:57.7996456Z [command]/usr/bin/git submodule foreach --recursive sh -c "git config --local --name-only --get-regexp 'core\.sshCommand' && git config --local --unset-all 'core.sshCommand' || :"
higress-wasmplugin-test (RUST)	UNKNOWN STEP	2026-09-21T12:29:57.8211719Z Entering 'envoy/envoy'
higress-wasmplugin-test (RUST)	UNKNOWN STEP	2026-09-21T12:29:57.8275342Z Entering 'envoy/go-control-plane'
higress-wasmplugin-test (RUST)	UNKNOWN STEP	2026-09-21T12:29:57.8322542Z Entering 'istio/api'
higress-wasmplugin-test (RUST)	UNKNOWN STEP	2026-09-21T12:29:57.8366198Z Entering 'istio/client-go'
higress-wasmplugin-test (RUST)	UNKNOWN STEP	2026-09-21T12:29:57.8409358Z Entering 'istio/istio'
higress-wasmplugin-test (RUST)	UNKNOWN STEP	2026-09-21T12:29:57.8462408Z Entering 'istio/pkg'
higress-wasmplugin-test (RUST)	UNKNOWN STEP	2026-09-21T12:29:57.8504721Z Entering 'istio/proxy'
higress-wasmplugin-test (RUST)	UNKNOWN STEP	2026-09-21T12:29:57.8561710Z [command]/usr/bin/git config --local --name-only --get-regexp http\.https\:\/\/github\.com\/\.extraheader
higress-wasmplugin-test (RUST)	UNKNOWN STEP	2026-09-21T12:29:57.8584337Z http.https://github.com/.extraheader
higress-wasmplugin-test (RUST)	UNKNOWN STEP	2026-09-21T12:29:57.8593400Z [command]/usr/bin/git config --local --unset-all http.https://github.com/.extraheader
higress-wasmplugin-test (RUST)	UNKNOWN STEP	2026-09-21T12:29:57.8623077Z [command]/usr/bin/git submodule foreach --recursive sh -c "git config --local --name-only --get-regexp 'http\.https\:\/\/github\.com\/\.extraheader' && git config --local --unset-all 'http.https://github.com/.extraheader' || :"
higress-wasmplugin-test (RUST)	UNKNOWN STEP	2026-09-21T12:29:57.8828750Z Entering 'envoy/envoy'
higress-wasmplugin-test (RUST)	UNKNOWN STEP	2026-09-21T12:29:57.8890576Z Entering 'envoy/go-control-plane'
higress-wasmplugin-test (RUST)	UNKNOWN STEP	2026-09-21T12:29:57.8937726Z Entering 'istio/api'
higress-wasmplugin-test (RUST)	UNKNOWN STEP	2026-09-21T12:29:57.8981241Z Entering 'istio/client-go'
higress-wasmplugin-test (RUST)	UNKNOWN STEP	2026-09-21T12:29:57.9025114Z Entering 'istio/istio'
higress-wasmplugin-test (RUST)	UNKNOWN STEP	2026-09-21T12:29:57.9076402Z Entering 'istio/pkg'
higress-wasmplugin-test (RUST)	UNKNOWN STEP	2026-09-21T12:29:57.9117853Z Entering 'istio/proxy'
higress-wasmplugin-test (RUST)	UNKNOWN STEP	2026-09-21T12:29:57.9173496Z [command]/usr/bin/git config --local --name-only --get-regexp ^includeIf\.gitdir:
higress-wasmplugin-test (RUST)	UNKNOWN STEP	2026-09-21T12:29:57.9202929Z [command]/usr/bin/git submodule foreach --recursive git config --local --show-origin --name-only --get-regexp remote.origin.url
higress-wasmplugin-test (RUST)	UNKNOWN STEP	2026-09-21T12:29:57.9422721Z Entering 'envoy/envoy'
higress-wasmplugin-test (RUST)	UNKNOWN STEP	2026-09-21T12:29:57.9439678Z file:/home/runner/work/higress/higress/.git/modules/envoy/envoy/config	remote.origin.url
higress-wasmplugin-test (RUST)	UNKNOWN STEP	2026-09-21T12:29:57.9477024Z Entering 'envoy/go-control-plane'
higress-wasmplugin-test (RUST)	UNKNOWN STEP	2026-09-21T12:29:57.9495896Z file:/home/runner/work/higress/higress/.git/modules/envoy/go-control-plane/config	remote.origin.url
higress-wasmplugin-test (RUST)	UNKNOWN STEP	2026-09-21T12:29:57.9518126Z Entering 'istio/api'
higress-wasmplugin-test (RUST)	UNKNOWN STEP	2026-09-21T12:29:57.9536169Z file:/home/runner/work/higress/higress/.git/modules/istio/api/config	remote.origin.url
higress-wasmplugin-test (RUST)	UNKNOWN STEP	2026-09-21T12:29:57.9554061Z Entering 'istio/client-go'
higress-wasmplugin-test (RUST)	UNKNOWN STEP	2026-09-21T12:29:57.9575742Z file:/home/runner/work/higress/higress/.git/modules/istio/client-go/config	remote.origin.url
higress-wasmplugin-test (RUST)	UNKNOWN STEP	2026-09-21T12:29:57.9594305Z Entering 'istio/istio'
higress-wasmplugin-test (RUST)	UNKNOWN STEP	2026-09-21T12:29:57.9613189Z file:/home/runner/work/higress/higress/.git/modules/istio/istio/config	remote.origin.url
higress-wasmplugin-test (RUST)	UNKNOWN STEP	2026-09-21T12:29:57.9640882Z Entering 'istio/pkg'
higress-wasmplugin-test (RUST)	UNKNOWN STEP	2026-09-21T12:29:57.9659262Z file:/home/runner/work/higress/higress/.git/modules/istio/pkg/config	remote.origin.url
higress-wasmplugin-test (RUST)	UNKNOWN STEP	2026-09-21T12:29:57.9677038Z Entering 'istio/proxy'
higress-wasmplugin-test (RUST)	UNKNOWN STEP	2026-09-21T12:29:57.9695168Z file:/home/runner/work/higress/higress/.git/modules/istio/proxy/config	remote.origin.url
higress-wasmplugin-test (RUST)	UNKNOWN STEP	2026-09-21T12:29:57.9726126Z [command]/usr/bin/git config --file /home/runner/work/higress/higress/.git/modules/envoy/envoy/config --name-only --get-regexp ^includeIf\.gitdir:
higress-wasmplugin-test (RUST)	UNKNOWN STEP	2026-09-21T12:29:57.9753524Z [command]/usr/bin/git config --file /home/runner/work/higress/higress/.git/modules/envoy/go-control-plane/config --name-only --get-regexp ^includeIf\.gitdir:
higress-wasmplugin-test (RUST)	UNKNOWN STEP	2026-09-21T12:29:57.9779010Z [command]/usr/bin/git config --file /home/runner/work/higress/higress/.git/modules/istio/api/config --name-only --get-regexp ^includeIf\.gitdir:
higress-wasmplugin-test (RUST)	UNKNOWN STEP	2026-09-21T12:29:57.9804229Z [command]/usr/bin/git config --file /home/runner/work/higress/higress/.git/modules/istio/client-go/config --name-only --get-regexp ^includeIf\.gitdir:
higress-wasmplugin-test (RUST)	UNKNOWN STEP	2026-09-21T12:29:57.9829979Z [command]/usr/bin/git config --file /home/runner/work/higress/higress/.git/modules/istio/istio/config --name-only --get-regexp ^includeIf\.gitdir:
higress-wasmplugin-test (RUST)	UNKNOWN STEP	2026-09-21T12:29:57.9856235Z [command]/usr/bin/git config --file /home/runner/work/higress/higress/.git/modules/istio/pkg/config --name-only --get-regexp ^includeIf\.gitdir:
higress-wasmplugin-test (RUST)	UNKNOWN STEP	2026-09-21T12:29:57.9881929Z [command]/usr/bin/git config --file /home/runner/work/higress/higress/.git/modules/istio/proxy/config --name-only --get-regexp ^includeIf\.gitdir:
higress-wasmplugin-test (RUST)	UNKNOWN STEP	2026-09-21T12:29:58.0055700Z Cleaning up orphan processes
higress-wasmplugin-test (RUST)	UNKNOWN STEP	2026-09-21T12:29:58.2758790Z ##[warning]Node.js 20 is deprecated. The following actions target Node.js 20 but are being forced to run on Node.js 24: actions-rs/toolchain@v1, actions/checkout@v4, actions/setup-go@v5, nick-fields/retry@v3. For more information see: https://github.blog/changelog/2025-09-19-deprecation-of-node-20-on-github-actions-runners/
